floor_rate,date,block_number,charged_static_floor_gas,charged_regular_gas_8279,incremental_data_gas_8279
96,2026-02-01,24358339,24094925.600177385,25194002.634901162,1099077.0347237804
96,2026-02-01,24359049,38227974.90925428,38658918.229974076,430943.3207197974
96,2026-02-01,24359168,45468741.705171876,45687623.33112821,218881.62595633688
96,2026-02-01,24359237,38118355.707512,38623653.15619514,505297.44868314377
96,2026-02-01,24359292,44200782.97758611,44463172.407994896,262389.4304087801
96,2026-02-01,24359376,35543741.393490225,36391087.9641709,847346.5706806749
96,2026-02-01,24359431,39415898.34489177,40010011.26389908,594112.9190073082
96,2026-02-01,24359513,24995102.502136063,25118916.693225294,123814.19108923269
96,2026-02-01,24359708,48312223.508559205,48721546.79751333,409323.2889541219
96,2026-02-01,24360149,49582785.54013454,50117365.85602488,534580.3158903458
96,2026-02-01,24360293,60458226.340627514,63250755.51220796,2792529.1715804525
96,2026-02-01,24360513,17858683.554157715,18191464.705979925,332781.15182220977
96,2026-02-01,24360618,50627419.26169362,51478872.73692518,851453.4752315583
96,2026-02-01,24361231,30982124.197656393,31451365.62178156,469241.4241251678
96,2026-02-01,24361240,30669993.07155474,31121272.63296201,451279.5614072717
96,2026-02-01,24361368,27919498.85591293,28365922.12126412,446423.2653511892
96,2026-02-01,24361485,29387474.36965131,29815106.45293723,427632.08328592294
96,2026-02-01,24361696,25983482.372198742,26288816.76759856,305334.3953998161
96,2026-02-01,24361707,25470956.188037764,26201236.10786048,730279.9198227151
96,2026-02-01,24361718,46031992.52566379,46794977.58962905,762985.063965247
96,2026-02-01,24361905,28413857.005275887,28739343.94074248,325486.93546659686
96,2026-02-01,24362053,65305079.838638075,66556934.89297127,1251855.0543331928
96,2026-02-01,24362061,40910298.40827096,41866726.10609195,956427.69782098
96,2026-02-01,24362129,18881240.452553194,19123562.12760537,242321.67505217792
96,2026-02-01,24362244,52602142.93964799,53236508.08078033,634365.1411323401
96,2026-02-01,24362542,40405277.47329639,41761433.43219768,1356155.9589012922
96,2026-02-01,24362603,34891555.67581079,35640916.922793865,749361.2469830778
96,2026-02-01,24362635,27132246.567128386,28373480.963632245,1241234.3965038615
96,2026-02-01,24362738,23390158.85307844,23787911.19409081,397752.3410123706
96,2026-02-01,24362825,4918489.90279422,4928456.151148579,9966.248354359355
96,2026-02-01,24363203,45049677.198552705,46074486.63492149,1024809.4363687849
96,2026-02-01,24363373,33073977.265053887,34553608.92034208,1479631.6552881966
96,2026-02-01,24363477,52869990.54007051,53454166.5173503,584175.9772797892
96,2026-02-01,24363559,49534415.11362315,50035360.39522252,500945.2815993673
96,2026-02-01,24363574,64574108.4791477,65623753.133052334,1049644.6539046338
96,2026-02-01,24363730,46570662.81090528,47432210.96827366,861548.1573683831
96,2026-02-01,24363763,60176680.00605969,60906136.47557614,729456.4695164434
96,2026-02-01,24363850,48911000.196097925,49623842.94432997,712842.7482320493
96,2026-02-01,24363863,50665386.02138097,52138120.84770794,1472734.8263269744
96,2026-02-01,24363923,8956551.472857805,9251735.2992036,295183.82634579594
96,2026-02-01,24364102,31570986.81429966,32720102.211045712,1149115.3967460517
96,2026-02-01,24364279,37776046.81056499,38553555.90704607,777509.0964810823
96,2026-02-01,24364284,44421047.82180898,45618136.838594384,1197089.0167854035
96,2026-02-01,24364632,17867624.9910609,18066034.11341295,198409.12235204907
96,2026-02-01,24365008,37623152.01704239,38356113.65794955,732961.6409071604
96,2026-02-01,24365033,37505521.59123014,39033196.090432644,1527674.4992025055
96,2026-02-01,24365184,89933449.87980181,89993853.36702155,60403.48721973029
96,2026-02-01,24365242,43176497.73057973,43412630.70522893,236132.97464920953
96,2026-02-01,24365322,31654364.42785509,31680794.171282902,26429.743427815352
96,2026-02-01,24365341,34394998.16164591,35024765.553546846,629767.3919009384
96,2026-02-02,24365504,21607252.870810248,21732450.19810168,125197.32729142973
96,2026-02-02,24365510,67537034.0191505,68759772.77806519,1222738.7589147016
96,2026-02-02,24365552,25901944.410939418,25974777.665818393,72833.25487897405
96,2026-02-02,24365732,24971386.67237808,24980074.570742253,8687.89836417092
96,2026-02-02,24365791,86664038.80869722,87541716.07633118,877677.2676339645
96,2026-02-02,24365827,89713621.32983394,92155662.28685462,2442040.957020677
96,2026-02-02,24366667,21573399.71271701,21749972.5911955,176572.87847849086
96,2026-02-02,24366707,37293872.80009346,37488801.9181028,194929.11800934776
96,2026-02-02,24367095,45501031.89796741,46345443.174522325,844411.2765549159
96,2026-02-02,24367419,92682659.67725483,93170341.809078,487682.13182316953
96,2026-02-02,24367689,50335813.522378795,51202978.78782386,867165.2654450645
96,2026-02-02,24367880,23906719.32475866,24223903.32475866,317184.0
96,2026-02-02,24367946,68291245.6264601,70772372.75564183,2481127.129181728
96,2026-02-02,24367950,83423773.02685894,84301753.47079289,877980.4439339403
96,2026-02-02,24368019,46399648.31673037,46861952.78692504,462304.4701946648
96,2026-02-02,24368036,80566453.41970216,83347259.92205948,2780806.502357322
96,2026-02-02,24368379,29878836.074101206,30132821.962647643,253985.8885464384
96,2026-02-02,24368429,34996110.045526065,35418550.426145434,422440.3806193707
96,2026-02-02,24368521,44831520.33832009,48373163.1006818,3541642.7623617025
96,2026-02-02,24368557,47954649.75696599,48733060.684383035,778410.927417047
96,2026-02-02,24368599,49647356.87693647,50395339.77513201,747982.8981955362
96,2026-02-02,24368617,10885108.63752276,11007442.219109047,122333.58158628532
96,2026-02-02,24368893,47466159.36629738,48471383.71908688,1005224.3527894996
96,2026-02-02,24368961,48408674.65119942,49204249.613147326,795574.9619479086
96,2026-02-02,24368983,30200874.16692186,30449800.155991737,248925.9890698772
96,2026-02-02,24369297,40887345.40563613,41199364.69464125,312019.2890051193
96,2026-02-02,24369399,60291973.58175491,60995146.640127525,703173.0583726169
96,2026-02-02,24369593,29644003.332816586,30363233.443167318,719230.1103507294
96,2026-02-02,24369710,44740747.0594323,45641203.38047552,900456.3210432247
96,2026-02-02,24369751,37507870.287297875,37802722.08104089,294851.79374301445
96,2026-02-02,24369846,12979162.76738973,12984154.76738973,4992.0
96,2026-02-02,24369922,52188953.826741986,53115359.9093279,926406.0825859203
96,2026-02-02,24369947,26359751.237650715,26886472.113887418,526720.8762367013
96,2026-02-02,24369984,15749043.901744511,15842011.446035787,92967.54429127707
96,2026-02-02,24370147,30197591.85779408,30630404.454945106,432812.5971510246
96,2026-02-02,24370949,38124909.756387584,38507086.88704776,382177.13066017727
96,2026-02-02,24370990,44526876.64326204,45269686.71752196,742810.0742599202
96,2026-02-02,24371042,49600152.84918506,50916316.76452294,1316163.9153378855
96,2026-02-02,24371045,30306363.044358645,31244057.786939006,937694.7425803638
96,2026-02-02,24371091,38497143.15943456,39012119.92031951,514976.7608849536
96,2026-02-02,24371489,41030019.5668689,41760370.90692184,730351.3400529395
96,2026-02-02,24371620,42388328.784872256,43129365.90873125,741037.123858996
96,2026-02-02,24371659,55227161.66530563,55977599.06176314,750437.3964575102
96,2026-02-02,24371791,31401734.983612463,31994792.61820463,593057.6345921687
96,2026-02-02,24371914,36041043.53722426,36627003.89558602,585960.3583617612
96,2026-02-02,24372073,41934478.60131776,43132897.11637677,1198418.5150590152
96,2026-02-02,24372093,28609559.651366763,28979975.488522083,370415.83715531987
96,2026-02-02,24372121,19102948.32117508,19226527.340428915,123579.01925383546
96,2026-02-02,24372140,44053335.895462275,44835669.62191621,782333.7264539395
96,2026-02-02,24372277,67623850.96409497,76059286.01692787,8435435.052832901
96,2026-02-03,24372659,42237261.82826023,42534234.72303207,296972.8947718417
96,2026-02-03,24372747,31041920.609827805,31509585.497590136,467664.8877623289
96,2026-02-03,24372917,63032962.117568515,63444691.63756505,411729.51999653276
96,2026-02-03,24372922,29206853.249295946,29279169.751729682,72316.50243373822
96,2026-02-03,24373026,64412506.69742676,65607851.91413301,1195345.216706247
96,2026-02-03,24373043,65388357.08635815,66073220.611955464,684863.5255973074
96,2026-02-03,24373048,26232529.726120643,26534555.103942238,302025.3778215926
96,2026-02-03,24373082,11051490.028872458,11431136.618657734,379646.589785275
96,2026-02-03,24373217,64457933.624579355,66011137.53735493,1553203.912775576
96,2026-02-03,24373282,36153239.288897574,37070037.2500849,916797.9611873229
96,2026-02-03,24373289,21269628.218059532,21419214.564966418,149586.34690688856
96,2026-02-03,24373487,39908874.9039254,40762612.3070412,853737.403115802
96,2026-02-03,24373617,47803951.55223367,48405153.12186485,601201.569631175
96,2026-02-03,24373768,1031040.353436882,1031040.353436882,0.0
96,2026-02-03,24373876,27465862.651796095,27945827.632403784,479964.98060768883
96,2026-02-03,24373984,28166487.34278287,28645142.28077157,478654.9379886989
96,2026-02-03,24374074,34205949.95061764,34522497.26761094,316547.3169932945
96,2026-02-03,24374088,68991518.6531648,70822316.01588562,1830797.3627208173
96,2026-02-03,24374156,16894276.35242047,16910737.2622703,16460.909849830037
96,2026-02-03,24374473,73277035.45045169,76251213.06545535,2974177.61500366
96,2026-02-03,24374702,22952818.598418266,23275114.20883804,322295.6104197714
96,2026-02-03,24374801,38004344.8361239,38495768.9908767,491424.15475279314
96,2026-02-03,24374815,30349838.95956169,31006366.935266845,656527.975705152
96,2026-02-03,24375188,36845311.747021556,37305777.674632296,460465.92761074053
96,2026-02-03,24375374,58975025.77537854,59084799.95290173,109774.17752318637
96,2026-02-03,24375413,30841188.66713795,31482703.339620754,641514.6724828024
96,2026-02-03,24375506,30868519.8427097,31123090.082987137,254570.24027743895
96,2026-02-03,24375536,33493464.134322308,34457303.97821952,963839.8438972097
96,2026-02-03,24375647,34038667.85139684,35427797.361664556,1389129.5102677192
96,2026-02-03,24375738,52430061.69414599,53290265.86894727,860204.1748012707
96,2026-02-03,24375814,34025409.32318235,34433483.190246195,408073.8670638404
96,2026-02-03,24375869,46020130.08415353,46512433.80953247,492303.72537893866
96,2026-02-03,24375894,36843902.88797554,37504278.97245437,660376.0844788335
96,2026-02-03,24376309,58981162.97486257,60528681.17584606,1547518.2009834936
96,2026-02-03,24376964,39613589.33647652,40074059.61920552,460470.2827289991
96,2026-02-03,24377017,37524496.29050174,37616611.47049921,92115.1799974679
96,2026-02-03,24377187,44172947.28852013,45631517.767429575,1458570.478909444
96,2026-02-03,24377338,33911385.08796519,34337859.53853503,426474.45056983375
96,2026-02-03,24377629,62654765.283906646,64394156.38271616,1739391.098809507
96,2026-02-03,24377789,21085931.45913965,21085931.45913965,0.0
96,2026-02-03,24378042,53405915.22149918,54534495.26768693,1128580.0461877524
96,2026-02-03,24378369,73585080.81475818,74424837.42339884,839756.6086406608
96,2026-02-03,24378455,31847486.380329385,32482842.8053707,635356.4250413175
96,2026-02-03,24378587,49946670.06996869,51363356.32322022,1416686.2532515293
96,2026-02-03,24378758,46320315.394710496,47082547.33861687,762231.943906373
96,2026-02-03,24378969,20246186.537910443,20617328.134748627,371141.5968381829
96,2026-02-03,24379074,37173359.26838425,37974957.37022644,801598.1018421936
96,2026-02-03,24379342,24500081.130257964,25052531.407816615,552450.2775586504
96,2026-02-03,24379373,35472245.40811878,35855280.477932945,383035.06981417135
96,2026-02-03,24379565,72547048.68987511,76611226.52874488,4064177.8388697663
96,2026-02-04,24379923,52648640.702937424,53535209.75955053,886569.0566131023
96,2026-02-04,24380366,52202252.25311044,53369697.28473764,1167445.0316272038
96,2026-02-04,24380451,70344654.6156221,71537169.612574,1192514.996951896
96,2026-02-04,24380590,28664991.883175608,29165440.905014277,500449.02183867
96,2026-02-04,24380731,20852510.83420351,21168430.43864514,315919.6044416276
96,2026-02-04,24380937,28789433.034354765,29167827.059580788,378394.02522602165
96,2026-02-04,24381089,61167565.89034266,62822987.83715188,1655421.946809225
96,2026-02-04,24381295,72204579.85700238,73100317.90140721,895738.0444048342
96,2026-02-04,24381581,25881049.370538678,25932935.320023436,51885.94948475674
96,2026-02-04,24381613,36761391.67281066,37375670.75471493,614279.0819042741
96,2026-02-04,24381682,54044563.09414244,54556625.06935812,512061.9752156803
96,2026-02-04,24381714,40208655.86372822,40796165.75742912,587509.8937009062
96,2026-02-04,24381834,33408099.42662704,33753336.309946746,345236.8833197082
96,2026-02-04,24382194,35207113.49438348,35939211.16684785,732097.6724643642
96,2026-02-04,24382260,21919187.39147268,22182534.941077385,263347.5496047064
96,2026-02-04,24382325,47782184.15066026,48694614.29721792,912430.1465576545
96,2026-02-04,24382366,33266408.014166642,34011179.215772845,744771.2016062036
96,2026-02-04,24382408,43327734.63119971,43945587.88336088,617853.2521611656
96,2026-02-04,24382419,34731290.596463375,35469000.36207712,737709.7656137396
96,2026-02-04,24382502,46592099.594447315,47770535.197098434,1178435.6026511188
96,2026-02-04,24382583,65774951.78147973,67447992.87323077,1673041.0917510397
96,2026-02-04,24382615,32907541.597098053,33536078.58295469,628536.9858566357
96,2026-02-04,24382788,18606343.693302464,19173679.868184324,567336.1748818597
96,2026-02-04,24382891,14046044.73939954,14093170.018197147,47125.278797608305
96,2026-02-04,24382958,29034707.331152286,29586138.254895724,551430.9237434389
96,2026-02-04,24383134,28603913.56569814,29259448.424050946,655534.8583528069
96,2026-02-04,24383419,33384431.522167914,33718294.08937094,333862.5672030329
96,2026-02-04,24383668,29116442.114860453,29469578.002230633,353135.8873701802
96,2026-02-04,24383981,38809142.57714836,39569772.664831534,760630.0876831757
96,2026-02-04,24384054,31346247.667900812,32380439.973140076,1034192.3052392643
96,2026-02-04,24384118,93456867.87992999,94816375.4274027,1359507.547472708
96,2026-02-04,24384270,25065180.972438525,25461428.198046565,396247.2256080408
96,2026-02-04,24384457,40829660.0566561,41527187.942396715,697527.8857406162
96,2026-02-04,24384836,73120344.56784727,75917405.85043702,2797061.2825897485
96,2026-02-04,24384855,14744534.52052794,14921842.248393308,177307.72786536772
96,2026-02-04,24384941,79108986.12209292,80748330.9934288,1639344.8713358894
96,2026-02-04,24385011,39998540.1582629,40958756.57864278,960216.4203798766
96,2026-02-04,24385080,38256487.97753213,38853483.34069809,596995.3631659584
96,2026-02-04,24385132,40651533.785286866,41864914.09718073,1213380.311893863
96,2026-02-04,24385337,71225735.21291406,71344766.77349496,119031.56058089668
96,2026-02-04,24385441,36013651.43910539,38184100.72276726,2170449.2836618708
96,2026-02-04,24385581,37221487.58286948,38893968.451172195,1672480.8683027169
96,2026-02-04,24385747,49120203.991597876,50532372.60901231,1412168.6174144354
96,2026-02-04,24386171,48078101.15676249,48601104.273359895,523003.116597405
96,2026-02-04,24386336,57723072.10677701,58749403.06644058,1026330.9596635668
96,2026-02-04,24386339,43855231.923667744,44457075.563567646,601843.639899902
96,2026-02-04,24386473,78931631.67687626,80610480.8139336,1678849.13705734
96,2026-02-04,24386669,64099759.69287646,67627754.00683412,3527994.31395766
96,2026-02-04,24386702,17845594.352383535,17845594.352383535,0.0
96,2026-02-04,24386714,11318466.654047266,11493856.465132562,175389.81108529615
96,2026-02-05,24387190,71272972.01420113,71816833.37599029,543861.3617891517
96,2026-02-05,24387202,32443970.911177747,32841068.453425612,397097.5422478635
96,2026-02-05,24387536,47272488.784560256,48306312.073161565,1033823.288601312
96,2026-02-05,24387610,38399159.17245727,38523958.4384018,124799.26594453449
96,2026-02-05,24387725,17385168.2669637,17405380.202547148,20211.93558344292
96,2026-02-05,24387888,54624996.163705565,55856143.42657694,1231147.2628713788
96,2026-02-05,24388034,32030039.59633527,32433076.572287142,403036.9759518731
96,2026-02-05,24388199,16031960.246155474,16208182.637040814,176222.3908853412
96,2026-02-05,24388275,40805230.799085245,41734070.45180572,928839.6527204759
96,2026-02-05,24388733,44233392.18481452,44549052.03908405,315659.85426952655
96,2026-02-05,24388738,75408923.06806163,76877451.84114575,1468528.773084123
96,2026-02-05,24388838,11584635.916010108,11784640.553285008,200004.63727490057
96,2026-02-05,24389027,10032418.740540238,10260259.32499714,227840.58445690112
96,2026-02-05,24389099,18709208.61591388,18724000.36084076,14791.744926881103
96,2026-02-05,24389111,24809880.48399916,24848425.36667281,38544.882673648885
96,2026-02-05,24389147,43959351.533206135,44426719.750987336,467368.21778120275
96,2026-02-05,24389273,42503777.147831865,43189634.8705333,685857.722701432
96,2026-02-05,24389288,81645103.66717073,83201315.34918149,1556211.6820107566
96,2026-02-05,24389379,31779443.90035993,32383641.282419913,604197.3820599823
96,2026-02-05,24389384,30341310.800600372,30609787.190186586,268476.38958621485
96,2026-02-05,24389535,26639464.810356893,27119741.29094225,480276.48058536
96,2026-02-05,24389683,35136580.239124745,36582142.55362208,1445562.314497333
96,2026-02-05,24390373,29303751.770091534,29863933.366719548,560181.5966280147
96,2026-02-05,24390375,34404984.17119434,34943112.32934202,538128.1581476828
96,2026-02-05,24390380,23811597.208048467,24024501.998129386,212904.79008092015
96,2026-02-05,24390385,22948893.514377557,23277775.7452236,328882.2308460461
96,2026-02-05,24390475,36996095.96680676,41568560.59659951,4572464.629792744
96,2026-02-05,24390795,58275463.42843623,59016388.5462882,740925.117851974
96,2026-02-05,24391176,20803288.92326331,21372681.267593406,569392.3443300945
96,2026-02-05,24391526,31687734.503774863,31765525.2099569,77790.7061820376
96,2026-02-05,24391957,49149259.01185718,49974167.87748603,824908.8656288467
96,2026-02-05,24391999,22004962.03950656,22611881.666178785,606919.6266722254
96,2026-02-05,24392002,44688303.19151108,45861274.813506566,1172971.6219954845
96,2026-02-05,24392100,28185150.06183114,28438427.471358653,253277.4095275135
96,2026-02-05,24392149,61417660.17025306,62843699.57097329,1426039.4007202277
96,2026-02-05,24392247,44485904.82636425,46312100.38452237,1826195.5581581267
96,2026-02-05,24392745,25725921.555554505,26033167.265038364,307245.70948385913
96,2026-02-05,24392879,45836041.31252933,47531313.32568661,1695272.0131572813
96,2026-02-05,24392883,23415436.893509928,23548186.541474655,132749.64796472687
96,2026-02-05,24393017,87727735.8923918,91107730.72969547,3379994.837303661
96,2026-02-05,24393122,36589425.8355071,38140665.28824583,1551239.4527387205
96,2026-02-05,24393134,9921958.779928278,10018267.870219283,96309.09029100483
96,2026-02-05,24393213,24578584.46602949,25047118.628678042,468534.1626485494
96,2026-02-05,24393280,32885343.301701564,33797139.77848798,911796.4767864189
96,2026-02-05,24393297,39778751.21053293,40518470.725216135,739719.5146832002
96,2026-02-05,24393369,22210425.52499398,22580648.839158636,370223.31416465767
96,2026-02-05,24393422,31854899.083787493,32293679.77815538,438780.6943678875
96,2026-02-05,24393544,32201217.426674936,32818833.925614655,617616.4989397186
96,2026-02-05,24393771,55048673.50004187,56682820.3627743,1634146.8627324218
96,2026-02-05,24393989,33146387.480954446,33598324.72413662,451937.24318217585
96,2026-02-06,24394275,26896068.36679727,27646631.532695882,750563.1658986133
96,2026-02-06,24394290,40035659.87396239,40357695.27595342,322035.40199102764
96,2026-02-06,24394345,36776940.1684972,37373358.36012821,596418.1916310084
96,2026-02-06,24394533,44754009.729929864,45420623.894725114,666614.1647952506
96,2026-02-06,24394659,57936430.8578679,58792797.96844886,856367.1105809639
96,2026-02-06,24394673,88944921.42865908,90374581.64793001,1429660.2192709295
96,2026-02-06,24394803,9903608.22165624,10222423.601653622,318815.3799973819
96,2026-02-06,24395233,10339457.959882872,10517404.51696825,177946.55708537748
96,2026-02-06,24395588,53506194.17064956,54569147.77655885,1062953.6059092938
96,2026-02-06,24395642,33595753.74970989,33976413.05119493,380659.30148504325
96,2026-02-06,24395796,22437771.46692943,22595113.591047484,157342.1241180561
96,2026-02-06,24396023,80666767.19554964,81559382.61685452,892615.4213048875
96,2026-02-06,24396187,21643222.002888996,21869860.783439055,226638.78055005858
96,2026-02-06,24396799,29230503.778480977,29646530.39210226,416026.61362128594
96,2026-02-06,24396992,47367734.65698279,48093780.557063594,726045.9000808026
96,2026-02-06,24397157,43505977.5023806,44212927.502023414,706949.9996428094
96,2026-02-06,24397199,32989617.0738563,33714283.60283452,724666.5289782198
96,2026-02-06,24397222,35164565.15586308,36104160.254169665,939595.0983065865
96,2026-02-06,24397303,59620276.47670015,61149900.35997539,1529623.883275241
96,2026-02-06,24397382,35853179.337112576,36820593.715460785,967414.3783482139
96,2026-02-06,24397554,39495312.22546295,40273528.04151153,778215.816048575
96,2026-02-06,24397684,43144756.249923296,43544478.41953573,399722.16961243545
96,2026-02-06,24397786,23292303.53961634,23963755.414504033,671451.8748876955
96,2026-02-06,24397815,32898567.18448014,33325988.779451072,427421.59497093264
96,2026-02-06,24397843,36393763.37806536,37360878.01202961,967114.6339642422
96,2026-02-06,24398021,58882383.88515414,59503711.53054872,621327.6453945795
96,2026-02-06,24398211,45256236.36566781,45879111.31978121,622874.9541133945
96,2026-02-06,24398288,32782739.421043318,33282991.885156985,500252.46411366557
96,2026-02-06,24398668,15452698.001761813,15594816.490654204,142118.48889239132
96,2026-02-06,24398698,75718529.5812821,77424627.64981602,1706098.0685339202
96,2026-02-06,24398758,46694662.90263063,48170210.8610403,1475547.9584096682
96,2026-02-06,24398791,40470232.18189254,40986168.94930119,515936.76740865246
96,2026-02-06,24398882,33201581.83720578,33682780.48252964,481198.64532386244
96,2026-02-06,24399083,46559260.018507406,47507221.90799291,947961.8894855019
96,2026-02-06,24399107,81928841.69999313,83446730.01319914,1517888.3132060023
96,2026-02-06,24399139,30586073.649771083,31043590.44570132,457516.7959302336
96,2026-02-06,24399238,63258737.94402385,63988297.831522934,729559.8874990888
96,2026-02-06,24399265,68004046.24693553,69035560.80310273,1031514.5561672025
96,2026-02-06,24399577,25324778.906301133,25530965.554237712,206186.64793657878
96,2026-02-06,24399705,39546203.55390633,40380232.38620747,834028.832301135
96,2026-02-06,24399914,39044991.53890415,39799217.31319345,754225.7742892975
96,2026-02-06,24400079,17301968.28805984,17483693.160468273,181724.8724084306
96,2026-02-06,24400196,49455807.90354422,50269783.961701594,813976.0581573778
96,2026-02-06,24400290,68058333.88197733,69516990.53562643,1458656.6536490903
96,2026-02-06,24400323,7179086.4181270385,7179086.4181270385,0.0
96,2026-02-06,24400406,37892319.776746355,38745100.28566919,852780.5089228421
96,2026-02-06,24400727,67297271.15655047,68178622.62929992,881351.4727494607
96,2026-02-06,24400890,21886579.451656427,22270150.516763646,383571.06510721816
96,2026-02-06,24401023,26759120.23034729,26772389.75700056,13269.526653269306
96,2026-02-06,24401135,13642291.008384164,13642291.008384164,0.0
96,2026-02-07,24401491,45948195.746875554,46414828.11119296,466632.3643174038
96,2026-02-07,24401520,33458084.376278777,33766329.20235272,308244.82607394276
96,2026-02-07,24401595,66108675.509932324,67454946.0543082,1346270.5443758732
96,2026-02-07,24401655,36055652.522947475,36919016.27989712,863363.7569496441
96,2026-02-07,24401692,30733251.698870216,31063206.15392704,329954.4550568253
96,2026-02-07,24401717,38256147.796077006,38812280.62363286,556132.8275558553
96,2026-02-07,24401790,37875581.05852794,38416437.06986776,540856.0113398192
96,2026-02-07,24402022,16860550.727295995,16915346.109826017,54795.38253002404
96,2026-02-07,24402044,70861245.48884958,71426038.44785802,564792.959008443
96,2026-02-07,24402091,69521176.91225375,70122100.80660869,600923.8943549442
96,2026-02-07,24402121,13961741.775119497,14071078.379161684,109336.60404218601
96,2026-02-07,24402167,39922340.254563816,40472113.44348701,549773.1889231972
96,2026-02-07,24402220,18944608.414871115,19297882.245455533,353273.83058441617
96,2026-02-07,24402398,32483330.818988726,32841654.17248845,358323.3534997234
96,2026-02-07,24402558,31594586.945620064,32144853.108374782,550266.1627547187
96,2026-02-07,24402561,50068113.746423915,50663276.64347638,595162.8970524685
96,2026-02-07,24402685,36901044.64361707,37327565.01833209,426520.37471501704
96,2026-02-07,24402845,42008271.613484636,42574434.185919575,566162.5724349403
96,2026-02-07,24403036,76477942.44396874,80412532.22112656,3934589.7771578124
96,2026-02-07,24403182,27884959.39662015,28600613.164918393,715653.7682982413
96,2026-02-07,24403257,67586051.7753437,69901118.23745526,2315066.4621115606
96,2026-02-07,24403258,9245607.045562573,9245607.045562573,0.0
96,2026-02-07,24403306,45491250.24237169,45544445.37001875,53195.127647058514
96,2026-02-07,24403800,56350543.72306782,59531341.18677981,3180797.46371199
96,2026-02-07,24403861,40274459.7099927,40596736.713532776,322277.0035400765
96,2026-02-07,24403896,40882199.641107716,41615382.587197445,733182.9460897278
96,2026-02-07,24404224,34455129.4659203,34986687.419801556,531557.9538812538
96,2026-02-07,24404938,36900558.99369051,37328989.87313979,428430.87944927556
96,2026-02-07,24405057,45448061.97701187,46954770.986586064,1506709.0095741986
96,2026-02-07,24405392,45814654.60602789,46412781.53607646,598126.9300485621
96,2026-02-07,24405615,49909830.85572173,50181785.744843446,271954.8891217183
96,2026-02-07,24405631,53716613.29772977,54366665.660601005,650052.3628712341
96,2026-02-07,24405795,41153975.50693003,42899663.45385579,1745687.9469257595
96,2026-02-07,24405934,43524762.16981931,44343220.01739264,818457.847573334
96,2026-02-07,24406045,24259452.211363673,24259452.211363673,0.0
96,2026-02-07,24406113,17985715.47283472,18558509.350683924,572793.877849202
96,2026-02-07,24406196,23291755.814390827,24074551.785085022,782795.9706941964
96,2026-02-07,24406504,32596810.974197913,33109234.538628463,512423.5644305501
96,2026-02-07,24406648,49384645.48512476,49826940.234157406,442294.7490326457
96,2026-02-07,24406844,79623129.92941922,81529288.19250087,1906158.263081655
96,2026-02-07,24406997,60456626.74222207,60998525.49649765,541898.7542755778
96,2026-02-07,24407003,44829750.85731521,45510502.433487706,680751.5761724904
96,2026-02-07,24407034,13442162.116025629,13710880.563647829,268718.4476222006
96,2026-02-07,24407311,33817139.635998085,34668802.75174134,851663.1157432611
96,2026-02-07,24407537,50585459.09684226,51163559.6047702,578100.5079279424
96,2026-02-07,24407622,25545710.696519703,25927331.47556195,381620.77904224733
96,2026-02-07,24407645,44570684.33550511,45667641.919376075,1096957.5838709637
96,2026-02-07,24407798,32352225.999914132,33130440.835017115,778214.83510298
96,2026-02-07,24408113,23148783.6818069,23403016.711070303,254233.0292634026
96,2026-02-07,24408205,53535025.384007595,55244917.74507954,1709892.361071945
96,2026-02-08,24408651,53169099.57183552,54576384.670785904,1407285.0989503888
96,2026-02-08,24408896,25922306.40279623,28147362.666409913,2225056.26361368
96,2026-02-08,24409097,79434613.21665569,81609816.69297336,2175203.47631768
96,2026-02-08,24409115,34885371.25951991,35557424.611604124,672053.3520842097
96,2026-02-08,24409209,63955739.317349255,64358040.15689618,402300.8395469249
96,2026-02-08,24409689,35372059.61025036,35767313.95174355,395254.34149318584
96,2026-02-08,24409860,30486390.421843592,30707056.456347007,220666.03450341296
96,2026-02-08,24409886,30303356.862422004,30899837.0817893,596480.2193672969
96,2026-02-08,24409930,30562966.43466297,31153406.419539336,590439.984876365
96,2026-02-08,24410079,10895074.934442112,11020896.380580498,125821.44613838498
96,2026-02-08,24410461,48056176.62627249,48539541.53024221,483364.9039697199
96,2026-02-08,24410585,23421951.498998214,23963208.047460195,541256.5484619793
96,2026-02-08,24410625,24601480.808694053,25341939.955350693,740459.1466566403
96,2026-02-08,24410629,35145754.89510269,35462972.19726486,317217.30216217594
96,2026-02-08,24410803,34362897.213217996,35174285.02583473,811387.8126167404
96,2026-02-08,24410934,90364608.08319205,92490921.89452833,2126313.811336279
96,2026-02-08,24411404,38045241.128882945,39021096.00772654,975854.8788435981
96,2026-02-08,24411621,14985585.180656442,15664956.983921904,679371.8032654612
96,2026-02-08,24411637,44226300.509995446,44741261.56282568,514961.0528302311
96,2026-02-08,24412000,59110883.124566056,61620974.23034227,2510091.105776213
96,2026-02-08,24412013,57581560.97144293,58720315.02782734,1138754.0563844072
96,2026-02-08,24412020,50955362.06017994,51548584.166720904,593222.1065409648
96,2026-02-08,24412125,37458210.29075755,39263353.23059696,1805142.9398394078
96,2026-02-08,24412383,32379924.88747607,32703530.64914213,323605.76166606
96,2026-02-08,24412440,41217145.422870144,41607939.70046757,390794.27759742795
96,2026-02-08,24412626,54392135.33444881,56356396.278831266,1964260.9443824575
96,2026-02-08,24412656,45132642.20821191,46994454.197027564,1861811.9888156443
96,2026-02-08,24412803,61425091.649045676,61855343.683668464,430252.0346227891
96,2026-02-08,24412974,26331646.17623741,26810177.180599738,478531.00436232454
96,2026-02-08,24413061,39359786.39598113,40411726.12608014,1051939.7300990087
96,2026-02-08,24413404,53646351.75812808,54743748.13008115,1097396.3719530636
96,2026-02-08,24413406,25993593.95962541,26484974.94779134,491380.9881659281
96,2026-02-08,24413451,24411152.194468148,25397857.331003305,986705.136535155
96,2026-02-08,24413479,46067961.56061792,47108969.857590176,1041008.2969722603
96,2026-02-08,24413534,19158901.341974713,19537190.171501935,378288.8295272226
96,2026-02-08,24413679,45851285.982077785,47381759.68811311,1530473.706035323
96,2026-02-08,24413702,36811675.84314769,38013211.73253153,1201535.8893838439
96,2026-02-08,24413713,48893870.5108421,49910533.030937195,1016662.5200950908
96,2026-02-08,24414015,41375759.72362605,42508818.8819473,1133059.1583212563
96,2026-02-08,24414505,21364704.55834643,21592356.91655948,227652.35821305143
96,2026-02-08,24414595,34489978.37936682,35167650.93801162,677672.5586447951
96,2026-02-08,24414771,26846598.391714245,27705143.062427003,858544.6707127565
96,2026-02-08,24414800,70340048.05887406,71132670.76461588,792622.7057418282
96,2026-02-08,24414951,38140923.238143004,39284011.372254506,1143088.134111503
96,2026-02-08,24415128,38324773.13257562,38926009.154227756,601236.0216521336
96,2026-02-08,24415270,41424114.43374024,42327527.36249432,903412.9287540792
96,2026-02-08,24415327,48288204.39436134,50160376.76992827,1872172.3755669277
96,2026-02-08,24415417,83732216.92606726,85728806.36083727,1996589.4347700006
96,2026-02-08,24415427,48237515.79200037,49061780.64740316,824264.855402786
96,2026-02-08,24415464,64508892.375534005,65956398.289248906,1447505.9137148985
96,2026-02-09,24415538,54311828.59499965,55065473.07491192,753644.4799122737
96,2026-02-09,24415692,24867965.337246973,25759728.356190283,891763.0189433107
96,2026-02-09,24415711,56942081.9634752,57823725.927783124,881643.9643079289
96,2026-02-09,24415910,14767679.43489254,15136274.547943283,368595.11305074254
96,2026-02-09,24415930,24194503.049658798,24518177.975351375,323674.92569257674
96,2026-02-09,24416182,31043437.5994535,32873779.48449863,1830341.8850451307
96,2026-02-09,24416299,95306204.83053644,96362815.36424594,1056610.5337094893
96,2026-02-09,24416417,9863699.075691488,9974061.480409581,110362.40471809462
96,2026-02-09,24416637,14011950.1278182,14230789.251632107,218839.12381390692
96,2026-02-09,24416669,16207050.061535161,17121027.23730263,913977.1757674696
96,2026-02-09,24416760,11484908.520032413,11790716.391456302,305807.871423888
96,2026-02-09,24416911,24444385.055384994,24612489.942866795,168104.88748179868
96,2026-02-09,24417102,45982939.11046429,46774618.87635951,791679.7658952227
96,2026-02-09,24417126,25712686.11973743,26412911.900672376,700225.7809349447
96,2026-02-09,24417481,35765357.2708282,36305118.78332349,539761.5124952847
96,2026-02-09,24417528,22416378.64870656,22764469.479241837,348090.8305352771
96,2026-02-09,24417610,58084934.099165596,58399651.56239127,314717.46322568273
96,2026-02-09,24417708,72993022.92595804,75213601.23821372,2220578.312255687
96,2026-02-09,24417711,26640288.231889836,27239011.564052157,598723.3321623201
96,2026-02-09,24417879,66500632.0361653,67854725.0638732,1354093.0277079053
96,2026-02-09,24418017,27211685.874488678,27338857.13421226,127171.25972358114
96,2026-02-09,24418361,33067331.74244855,34585525.684863605,1518193.942415056
96,2026-02-09,24418479,40572425.62794728,41624986.69272601,1052561.0647787298
96,2026-02-09,24418480,37977168.18837433,39631289.858441934,1654121.670067598
96,2026-02-09,24419070,49771639.95702727,52780387.14183417,3008747.1848069015
96,2026-02-09,24419084,44908437.07795415,46073347.87144401,1164910.7934898555
96,2026-02-09,24419172,41102154.55039541,42454704.90632845,1352550.355933039
96,2026-02-09,24419276,34936106.58539471,35634866.64934384,698760.0639491305
96,2026-02-09,24419522,32127589.139119096,33339272.6185726,1211683.4794535022
96,2026-02-09,24419541,19282022.794756398,19483716.860842325,201694.06608592984
96,2026-02-09,24419553,22948379.6821049,23468588.54096989,520208.8588649915
96,2026-02-09,24419716,35809267.14789413,37660470.77507034,1851203.6271762084
96,2026-02-09,24419876,14532715.863363722,14971065.155385513,438349.2920217896
96,2026-02-09,24419919,51435281.966730624,52628669.44673321,1193387.4800025823
96,2026-02-09,24420088,28809699.77662149,29809323.457026932,999623.6804054405
96,2026-02-09,24420141,14880277.752944063,15139394.964347338,259117.21140327596
96,2026-02-09,24420178,61575657.667487584,62404188.32495656,828530.657468976
96,2026-02-09,24420184,54782128.50262023,56554674.39477683,1772545.8921566033
96,2026-02-09,24420359,15900650.768425573,16346578.630808555,445927.8623829835
96,2026-02-09,24420501,75393293.7030886,79247467.11197951,3854173.408890913
96,2026-02-09,24420560,9741908.738524301,9926212.122912358,184303.38438805813
96,2026-02-09,24420734,43166142.840546,43834551.2259651,668408.3854190967
96,2026-02-09,24420763,78712042.63896717,80212259.64654626,1500217.007579085
96,2026-02-09,24421031,54386012.2777876,55975691.090593144,1589678.8128055406
96,2026-02-09,24421050,25820573.986602627,26469335.435272686,648761.4486700607
96,2026-02-09,24421499,19376987.196506053,19943224.773714714,566237.5772086629
96,2026-02-09,24421633,17022630.52356037,17866687.00534362,844056.4817832484
96,2026-02-09,24421796,34801930.579462014,35006209.61480874,204279.0353467205
96,2026-02-09,24421857,40911068.441207975,41779516.65267232,868448.2114643442
96,2026-02-09,24422606,22784554.826152205,23264209.841638297,479655.01548608963
96,2026-02-10,24422665,39789551.69728241,40309173.95694676,519622.25966435036
96,2026-02-10,24422981,7649509.36060252,7792741.36060252,143232.0
96,2026-02-10,24423021,16095442.73643464,16252587.813298548,157145.07686390675
96,2026-02-10,24423131,24301914.909057498,24977415.35783635,675500.4487788546
96,2026-02-10,24423222,12706399.756540213,12826272.040590195,119872.28404998197
96,2026-02-10,24423483,47601366.464191295,48049433.97075595,448067.5065646505
96,2026-02-10,24423607,35414379.131799944,38404786.91501283,2990407.7832128843
96,2026-02-10,24423846,36925240.0027614,37752838.31951837,827598.3167569672
96,2026-02-10,24424029,35493015.54521104,36708042.32304645,1215026.7778354168
96,2026-02-10,24424046,21146463.448381223,22050239.585761335,903776.1373801096
96,2026-02-10,24424186,46513244.86494097,47612040.99447076,1098796.1295297956
96,2026-02-10,24424516,30677392.89887179,31379555.431460917,702162.5325891277
96,2026-02-10,24424610,34722402.989163555,36767550.49288623,2045147.5037226742
96,2026-02-10,24424928,41402464.88427804,41646130.33093943,243665.44666139243
96,2026-02-10,24424991,40786808.91759936,42033639.54423419,1246830.62663483
96,2026-02-10,24425123,35356295.19307793,35675667.70989258,319372.5168146477
96,2026-02-10,24425403,25667627.31883409,26543993.56340776,876366.2445736706
96,2026-02-10,24425411,31358458.48103394,32251793.18151266,893334.7004787212
96,2026-02-10,24425626,31352031.866396707,32027071.51396923,675039.6475725257
96,2026-02-10,24425688,19580330.852282632,19897381.20577792,317050.35349528893
96,2026-02-10,24425726,19966560.152804147,21842505.457130782,1875945.304326637
96,2026-02-10,24425806,31239548.046806015,32051730.651269127,812182.6044631139
96,2026-02-10,24425829,26731440.848928757,27679133.393661402,947692.544732645
96,2026-02-10,24425833,70540471.29088262,72913092.40049143,2372621.109608816
96,2026-02-10,24425859,38729660.512074284,39665700.33272418,936039.8206498909
96,2026-02-10,24425931,54772199.28108627,55707207.03289163,935007.7518053541
96,2026-02-10,24426031,54603501.23785337,56386644.64975679,1783143.4119034144
96,2026-02-10,24426033,32933418.586333606,33793715.71611788,860297.1297842745
96,2026-02-10,24426421,29309185.864201374,30479154.911493875,1169969.047292501
96,2026-02-10,24426598,40168075.230360046,41250986.273433596,1082911.0430735454
96,2026-02-10,24426670,26119974.656458043,26503726.859866858,383752.203408816
96,2026-02-10,24426768,14610477.227372076,14986095.507257393,375618.2798853157
96,2026-02-10,24426846,83546150.54786533,85303379.56953114,1757229.021665809
96,2026-02-10,24426957,28141091.561604425,28392259.21018209,251167.6485776649
96,2026-02-10,24427402,22286200.489030994,23698119.777211912,1411919.2881809196
96,2026-02-10,24427418,35072244.72014383,35506138.788325325,433894.0681814983
96,2026-02-10,24427564,29947661.96511289,31197795.637627512,1250133.67251462
96,2026-02-10,24427710,11382330.5888552,11732383.098244263,350052.50938906235
96,2026-02-10,24427769,29530251.74313943,30573205.77729864,1042954.0341592105
96,2026-02-10,24427789,55790144.96514777,57078942.02708866,1288797.0619408875
96,2026-02-10,24428279,38334379.31095149,39233132.8043579,898753.4934064138
96,2026-02-10,24428340,33764007.12619098,35254086.23442542,1490079.1082344316
96,2026-02-10,24428393,57622613.19858793,58358944.99381232,736331.7952243875
96,2026-02-10,24428661,34200014.79103714,35108257.746891,908242.9558538581
96,2026-02-10,24428688,70715725.98290178,72455353.42764911,1739627.4447473171
96,2026-02-10,24428877,11311682.044417383,11710451.009564595,398768.96514721395
96,2026-02-10,24428925,22807599.23762814,23016018.752356064,208419.51472792347
96,2026-02-10,24428938,16917294.297860473,18146597.085644305,1229302.7877838318
96,2026-02-10,24429456,75331809.89939928,76216746.1612308,884936.2618315099
96,2026-02-10,24429667,32743812.098606743,33556077.68973692,812265.5911301756
96,2026-02-11,24429942,26298240.29860513,26760376.72298173,462136.42437659943
96,2026-02-11,24430077,24942121.653374147,25237636.101224788,295514.447850641
96,2026-02-11,24430099,25629090.91576748,25908871.696730312,279780.7809628305
96,2026-02-11,24430138,9147282.330984244,9371579.827928597,224297.49694435383
96,2026-02-11,24430191,21263880.40891345,21628611.76034062,364731.35142717033
96,2026-02-11,24430194,34343587.19381613,35872609.649188094,1529022.4553719664
96,2026-02-11,24430363,12799958.294278098,13136771.563796323,336813.26951822604
96,2026-02-11,24430383,52549572.97706359,53535235.17818301,985662.2011194193
96,2026-02-11,24430579,27318646.987984356,27648313.051846728,329666.0638623703
96,2026-02-11,24430612,19836204.991241258,20235118.124805573,398913.1335643156
96,2026-02-11,24430802,30053448.522859722,30725738.843002725,672290.3201430031
96,2026-02-11,24430811,11931616.838719051,12107521.173469614,175904.3347505615
96,2026-02-11,24430828,81602025.31670848,84478514.24230927,2876488.925600795
96,2026-02-11,24431058,17091486.286374625,18821687.34500706,1730201.0586324348
96,2026-02-11,24431178,58856564.72165802,60484397.13572118,1627832.4140631582
96,2026-02-11,24431185,28025975.893765263,29706673.574140385,1680697.6803751213
96,2026-02-11,24431326,41060791.76796262,42831104.22165808,1770312.4536954572
96,2026-02-11,24431492,20019807.215998303,20312502.435786072,292695.2197877709
96,2026-02-11,24431630,25966648.944904964,26673724.271586627,707075.3266816639
96,2026-02-11,24431680,86453453.22145608,87450389.08065836,996935.8592022823
96,2026-02-11,24431919,26082420.053055968,26633502.851608142,551082.7985521748
96,2026-02-11,24431977,41958352.92117613,43365530.82962254,1407177.9084464049
96,2026-02-11,24432378,26332158.85180316,26797218.779247705,465059.92744454107
96,2026-02-11,24432444,36022875.95900226,37579058.924304456,1556182.9653021956
96,2026-02-11,24432505,35119026.37854417,35794114.58563488,675088.2070907155
96,2026-02-11,24432623,12729418.645646768,12875769.94901013,146351.30336336244
96,2026-02-11,24432684,37008026.477571644,37510799.21243496,502772.7348633172
96,2026-02-11,24432697,16031178.404422529,16257214.401230954,226035.9968084262
96,2026-02-11,24432701,59135602.541145444,60824549.53950804,1688946.9983625934
96,2026-02-11,24432715,73019441.13988045,73890830.9802386,871389.8403581424
96,2026-02-11,24433206,49232351.1944853,50499399.8871459,1267048.6926606009
96,2026-02-11,24433564,26335540.23647771,26861230.98037073,525690.7438930178
96,2026-02-11,24433794,43854745.90274774,44360548.553365484,505802.65061774274
96,2026-02-11,24434305,80140932.5133688,81799972.07233804,1659039.5589692534
96,2026-02-11,24434367,14179849.214427631,14325707.653135402,145858.43870777087
96,2026-02-11,24434898,45940141.55794345,47660024.02281704,1719882.4648735859
96,2026-02-11,24434931,23678541.297366906,24282155.78929194,603614.4919250336
96,2026-02-11,24434947,38546269.91412618,39499129.13078431,952859.2166581266
96,2026-02-11,24435056,51283720.72863634,52665749.10129058,1382028.3726542443
96,2026-02-11,24435085,19561477.883212015,19817289.635740604,255811.75252859056
96,2026-02-11,24435219,17018295.178970184,17321452.83912837,303157.660158189
96,2026-02-11,24435474,44841284.123613216,46342313.39122776,1501029.2676145504
96,2026-02-11,24435518,70265296.69833495,71949679.73565288,1684383.0373179442
96,2026-02-11,24435668,22899953.815902237,23286654.827996064,386701.01209382934
96,2026-02-11,24435972,28290505.272561777,28786139.534610607,495634.2620488303
96,2026-02-11,24436270,38976266.04236537,39622675.5271979,646409.4848325248
96,2026-02-11,24436277,54604407.90308766,55588377.801628865,983969.8985412094
96,2026-02-11,24436566,34458785.74253231,35390725.13613765,931939.3936053355
96,2026-02-11,24436778,22347205.66857225,22347205.66857225,0.0
96,2026-02-11,24436819,25209061.347900435,25631033.928284936,421972.58038450044
96,2026-02-12,24437036,33581556.842586555,34477567.22522766,896010.3826411072
96,2026-02-12,24437044,18442802.879076205,18635816.690568592,193013.81149238575
96,2026-02-12,24437285,46209589.006633215,47051033.40293773,841444.3963045164
96,2026-02-12,24437337,39027449.31972944,40159912.15872538,1132462.8389959408
96,2026-02-12,24437381,23564545.812200442,23853091.450299866,288545.6380994264
96,2026-02-12,24437464,30928900.026547674,31013004.55237178,84104.5258241095
96,2026-02-12,24437558,62005413.31345004,63993111.991924584,1987698.67847455
96,2026-02-12,24437574,58014385.9745139,58826804.34158159,812418.3670676856
96,2026-02-12,24437671,34850852.95474357,35610802.87206064,759949.917317071
96,2026-02-12,24437904,29903374.765091795,30308521.03405444,405146.2689626424
96,2026-02-12,24438381,27206721.918770954,28720416.794962995,1513694.8761920412
96,2026-02-12,24438735,17781198.799164478,18060092.177506775,278893.37834229704
96,2026-02-12,24438836,21972443.61915401,22668881.543335896,696437.9241818844
96,2026-02-12,24438867,55743888.22243008,57463509.57961852,1719621.3571884437
96,2026-02-12,24438999,52311725.04830372,52460503.7433363,148778.69503257424
96,2026-02-12,24439078,54552677.82229567,55214763.767301,662085.9450053264
96,2026-02-12,24439441,25554759.15884615,25868524.84790403,313765.68905788043
96,2026-02-12,24439446,34692636.70646976,36222521.05287851,1529884.3464087418
96,2026-02-12,24439911,23785522.70720128,24848566.322541635,1063043.6153403576
96,2026-02-12,24439953,46282906.20525677,47886808.506186746,1603902.3009299736
96,2026-02-12,24440008,75154835.93220058,76321606.04994573,1166770.1177451422
96,2026-02-12,24440381,93180289.7443243,95242685.22191401,2062395.4775897083
96,2026-02-12,24440597,8250808.113282112,8302281.077252282,51472.9639701696
96,2026-02-12,24440629,54851443.497134134,56875653.64959646,2024210.1524623255
96,2026-02-12,24440746,33184025.344261825,35103953.29247957,1919927.948217742
96,2026-02-12,24440806,18732937.55643315,20292809.010443587,1559871.4540104356
96,2026-02-12,24440807,70307306.43103322,75293642.4693495,4986336.03831628
96,2026-02-12,24441143,43789161.09455868,45198957.672733575,1409796.5781749007
96,2026-02-12,24441311,46452991.16347802,48140858.661662735,1687867.4981847156
96,2026-02-12,24441361,27116577.913572636,27574613.6154778,458035.7019051657
96,2026-02-12,24441466,80699869.54374549,83880589.85937242,3180720.3156269444
96,2026-02-12,24441596,42465938.08437179,44569965.11685196,2104027.0324801737
96,2026-02-12,24442337,6326847.515712064,6326847.515712064,0.0
96,2026-02-12,24442494,30629248.646691237,31408102.44576674,778853.7990755041
96,2026-02-12,24442530,42678432.49504693,43566252.45016496,887819.9551180316
96,2026-02-12,24442812,55591290.41443451,57017218.37521741,1425927.960782899
96,2026-02-12,24442836,26886196.905137427,27512471.894508563,626274.9893711356
96,2026-02-12,24442990,40091925.80117342,40959369.69770547,867443.8965320507
96,2026-02-12,24442993,40352652.499390036,41170875.73957367,818223.2401836294
96,2026-02-12,24443017,54180063.68252809,55399390.293860696,1219326.6113325995
96,2026-02-12,24443073,44625142.13698914,45979006.551113866,1353864.4141247238
96,2026-02-12,24443288,9014320.870744502,9185576.208742604,171255.33799810027
96,2026-02-12,24443358,73920766.19927295,76152157.6682174,2231391.468944472
96,2026-02-12,24443372,42629615.1872622,43304578.795487486,674963.6082252918
96,2026-02-12,24443473,20556225.01023194,21228085.125320762,671860.1150888234
96,2026-02-12,24443513,57304939.02934485,57946418.31824679,641479.2889019429
96,2026-02-12,24443728,28376752.390836097,28706511.952838313,329759.562002215
96,2026-02-12,24443889,34652135.597460456,35158289.109141804,506153.5116813481
96,2026-02-12,24443946,44775093.040133,45819832.50052415,1044739.4603911516
96,2026-02-12,24444104,55275322.98446525,56133239.33768198,857916.3532167288
96,2026-02-13,24444179,42275399.747303225,42415816.02843826,140416.28113503757
96,2026-02-13,24444300,7297657.2527664,7450066.674068643,152409.4213022434
96,2026-02-13,24444328,22834978.089991964,24815813.062368795,1980834.9723768309
96,2026-02-13,24444365,16234671.960262774,16457248.204851389,222576.24458861543
96,2026-02-13,24444405,32303624.156382557,33407135.52506839,1103511.368685837
96,2026-02-13,24444436,20807292.990560934,21217920.200729225,410627.2101682895
96,2026-02-13,24444471,57379705.03461258,57829450.290983655,449745.2563710721
96,2026-02-13,24444560,53835279.24796767,54401870.19389838,566590.9459307119
96,2026-02-13,24444709,46735337.36320695,47835113.794487655,1099776.4312807017
96,2026-02-13,24444789,35170930.480839536,35450417.777045146,279487.2962056141
96,2026-02-13,24444828,37178287.00483866,37824484.45879504,646197.4539563811
96,2026-02-13,24444886,52551972.11033065,54265644.87689846,1713672.766567816
96,2026-02-13,24444946,6828515.360768562,7013567.319970719,185051.9592021562
96,2026-02-13,24445002,37427917.545656525,37965000.40237014,537082.856713617
96,2026-02-13,24445181,20188351.010357324,21242749.902014773,1054398.891657449
96,2026-02-13,24445387,27699176.952556934,28024015.723214917,324838.7706579807
96,2026-02-13,24445451,32861668.50467077,34074250.36662832,1212581.8619575526
96,2026-02-13,24445463,7697737.683078121,7787899.664626782,90161.98154866036
96,2026-02-13,24445968,61258000.788354374,61831654.664735034,573653.8763806582
96,2026-02-13,24445988,65436810.17981666,67225760.46489136,1788950.2850746943
96,2026-02-13,24446051,73043253.16220859,73252614.45573363,209361.29352504597
96,2026-02-13,24446103,50063219.23124686,50404879.670788236,341660.4395413765
96,2026-02-13,24446254,29069375.76871285,29642331.153089214,572955.3843763655
96,2026-02-13,24446361,32308616.402746048,33612652.40151535,1304035.9987693026
96,2026-02-13,24446414,14755749.118753908,14895960.928555422,140211.8098015137
96,2026-02-13,24446622,45930123.04628934,46765294.11361518,835171.0673258388
96,2026-02-13,24446768,84189492.55382268,84699762.59520851,510270.04138582665
96,2026-02-13,24447202,57415090.88159135,58288006.8598427,872915.9782513545
96,2026-02-13,24447347,37739177.00738768,39688909.13921187,1949732.1318241898
96,2026-02-13,24447404,58977791.36426658,60519260.41214412,1541469.0478775348
96,2026-02-13,24447611,16013276.0710455,16137276.112754509,124000.04170900925
96,2026-02-13,24447615,40205721.81375745,41409491.11708938,1203769.3033319353
96,2026-02-13,24448012,70652937.14747341,72593970.87529135,1941033.7278179345
96,2026-02-13,24448135,21305596.147175148,21432731.72736318,127135.58018803265
96,2026-02-13,24448618,25778925.28096152,25985623.473381545,206698.19242002477
96,2026-02-13,24448663,23885753.032211218,24008935.892230336,123182.86001911573
96,2026-02-13,24449028,71021047.7107255,72433674.12099193,1412626.4102664313
96,2026-02-13,24449135,32334543.379474986,32848406.196959503,513862.8174845177
96,2026-02-13,24449463,37541575.06155217,38573854.32011862,1032279.2585664508
96,2026-02-13,24449652,17771914.085838184,17796716.933401052,24802.84756286669
96,2026-02-13,24449754,72171254.95969096,74117982.60349877,1946727.643807817
96,2026-02-13,24449999,32381298.286064334,32891219.850286596,509921.56422226084
96,2026-02-13,24450221,24112432.59064896,26288453.992962275,2176021.402313314
96,2026-02-13,24450495,30807251.102626644,31450763.00873994,643511.9061132951
96,2026-02-13,24450510,41329831.36631946,41868369.09994769,538537.7336282246
96,2026-02-13,24450715,18652174.59948987,19161470.14390181,509295.54441193986
96,2026-02-13,24450978,55678196.06095734,56831351.69952788,1153155.638570543
96,2026-02-13,24450992,53549307.428755075,55869070.77917742,2319763.3504223395
96,2026-02-13,24451070,36230660.17129523,36997307.73728977,766647.5659945434
96,2026-02-13,24451125,48690486.736818954,49567413.54974785,876926.8129288942
96,2026-02-14,24451389,19779490.42130326,20998222.915022478,1218732.4937192178
96,2026-02-14,24451543,34897980.205316976,35253708.527949266,355728.3226322932
96,2026-02-14,24451576,69708691.72683464,71005248.0579756,1296556.3311409731
96,2026-02-14,24451756,43561805.90321683,43918803.68698929,356997.78377245844
96,2026-02-14,24451899,58336256.58726702,58937647.885161,601391.2978939757
96,2026-02-14,24452047,19096824.35535748,19356446.007271476,259621.6519139932
96,2026-02-14,24452267,12136027.020632999,12460510.772679215,324483.75204621704
96,2026-02-14,24452373,4101536.7717799414,4165027.541742582,63490.76996264036
96,2026-02-14,24452665,22051955.07189054,24382642.23550361,2330687.163613069
96,2026-02-14,24452676,33314425.315017365,33788113.22357516,473687.90855779254
96,2026-02-14,24452980,36070573.27144794,36080060.53489956,9487.263451618244
96,2026-02-14,24453056,21002955.837920148,22523464.4691372,1520508.6312170515
96,2026-02-14,24453280,39833313.02474775,40014085.311043344,180772.28629559025
96,2026-02-14,24453472,30343082.195294358,30663898.90783273,320816.712538375
96,2026-02-14,24453615,13857043.255126802,14206668.491338978,349625.23621217464
96,2026-02-14,24453714,12718265.820775649,12749268.189979643,31002.36920399418
96,2026-02-14,24453875,33446508.09969884,34015425.21832282,568917.1186239833
96,2026-02-14,24454016,31611115.799830746,31948515.00878329,337399.2089525417
96,2026-02-14,24454098,26797512.83229649,26966437.30963589,168924.47733939695
96,2026-02-14,24454518,15262612.945481123,15652241.40864734,389628.46316621546
96,2026-02-14,24454587,28054595.898915514,29168149.657174032,1113553.7582585202
96,2026-02-14,24454652,28679077.581773672,29976181.02080347,1297103.4390297956
96,2026-02-14,24454830,73810635.60231529,75796740.9626947,1986105.3603794165
96,2026-02-14,24455067,34912733.74620636,35484131.95842438,571398.2122180288
96,2026-02-14,24455176,30867213.203159787,31193306.79883766,326093.59567787405
96,2026-02-14,24455179,65570570.57803861,66773773.517347425,1203202.9393088191
96,2026-02-14,24455439,27627607.21915249,28118879.866861343,491272.6477088528
96,2026-02-14,24455447,62451918.42967022,64417278.33426574,1965359.9045955194
96,2026-02-14,24455510,29242117.37296594,29671954.06969118,429836.6967252433
96,2026-02-14,24455577,43163352.54075543,44449648.668853834,1286296.1280984038
96,2026-02-14,24455657,34255549.48229752,34864416.71890141,608867.2366038999
96,2026-02-14,24455936,44781075.77705321,46058284.8051184,1277209.0280651946
96,2026-02-14,24456416,12496007.426415112,12496007.426415112,0.0
96,2026-02-14,24456486,17921676.604531277,18292560.56553244,370883.96100116015
96,2026-02-14,24456488,56721959.65373259,56855756.096428245,133796.4426956551
96,2026-02-14,24456492,57762988.905633,58392460.30540661,629471.3997736094
96,2026-02-14,24456506,30041362.848062035,30274825.573106244,233462.725044208
96,2026-02-14,24456674,19926232.184245568,20109750.5675271,183518.3832815308
96,2026-02-14,24456777,46009709.595446974,48314965.82720696,2305256.231759989
96,2026-02-14,24457472,29109240.262058537,29642770.713914275,533530.4518557377
96,2026-02-14,24457496,48598647.58355332,51396045.35813591,2797397.774582591
96,2026-02-14,24457990,24981854.184856255,25224835.269744426,242981.08488817303
96,2026-02-14,24458117,62412442.645201735,63749599.73903034,1337157.093828609
96,2026-02-14,24458175,26763312.58939268,27739355.464116614,976042.874723936
96,2026-02-14,24458182,50515764.68982604,51743052.84446408,1227288.1546380396
96,2026-02-14,24458217,30262444.248151764,30362347.982294533,99903.73414276903
96,2026-02-14,24458247,29525525.825772796,30990774.42140838,1465248.595635583
96,2026-02-14,24458296,37353591.69935018,37551190.66975799,197598.9704078134
96,2026-02-14,24458325,41382761.44559814,41662358.26772634,279596.82212819974
96,2026-02-14,24458473,36605813.30070995,38002904.77364041,1397091.4729304658
96,2026-02-15,24458624,32141013.936186228,33155677.437301606,1014663.5011153768
96,2026-02-15,24458657,33973015.32678264,34977134.89438969,1004119.5676070547
96,2026-02-15,24459117,48223524.78592743,48893789.56517119,670264.7792437606
96,2026-02-15,24459565,29313218.744220678,30346409.905753404,1033191.1615327271
96,2026-02-15,24459802,22832517.41372803,24371773.766851675,1539256.3531236437
96,2026-02-15,24459909,17456963.235834263,18000206.844519045,543243.6086847835
96,2026-02-15,24460069,50036899.75821875,51199865.05165873,1162965.293439971
96,2026-02-15,24460097,61746727.25086008,64052677.31862115,2305950.0677610724
96,2026-02-15,24460169,37848300.813767456,39322357.670238934,1474056.8564714752
96,2026-02-15,24460182,55064871.77089825,55411122.06723611,346250.2963378575
96,2026-02-15,24460212,23063894.341312565,23153585.86187562,89691.52056305557
96,2026-02-15,24460214,7017832.325079845,7288083.577632663,270251.2525528172
96,2026-02-15,24460279,35297727.96723272,38372140.75379021,3074412.7865574867
96,2026-02-15,24460341,20517917.984196916,21338383.26673348,820465.282536563
96,2026-02-15,24460343,20066577.83318056,20698477.588664763,631899.7554842037
96,2026-02-15,24460424,42635355.87878553,43253988.90939445,618633.0306089196
96,2026-02-15,24460494,55003104.70992962,55795366.110350356,792261.400420735
96,2026-02-15,24460647,17340327.660939578,17372928.809686482,32601.14874690531
96,2026-02-15,24460726,26802927.094118375,27055870.352328792,252943.25821041642
96,2026-02-15,24461080,56536215.917554416,58957711.76054029,2421495.842985876
96,2026-02-15,24461135,54035060.18932377,54874190.42923361,839130.2399098459
96,2026-02-15,24461304,22228507.166700613,22820832.48122534,592325.3145247289
96,2026-02-15,24461964,40496177.631408826,41004262.11363617,508084.4822273492
96,2026-02-15,24461998,4560622.706193701,4649682.944192593,89060.23799889232
96,2026-02-15,24462040,13185440.270324932,13330476.326707395,145036.05638246337
96,2026-02-15,24462163,41832571.60758066,42381453.15611958,548881.5485389114
96,2026-02-15,24462214,36620518.987408616,37294830.86483595,674311.8774273338
96,2026-02-15,24462459,61291107.8554833,63004685.08193151,1713577.226448206
96,2026-02-15,24462521,36327911.13739326,36600173.66130747,272262.52391421015
96,2026-02-15,24462669,74068652.90071294,74873888.27681226,805235.376099329
96,2026-02-15,24462709,25320751.73090647,25800959.3910006,480207.66009412677
96,2026-02-15,24462815,31593171.944417793,31985283.592313547,392111.6478957502
96,2026-02-15,24463105,64264677.18992473,64808211.98504646,543534.7951217316
96,2026-02-15,24463256,25804285.921802487,26355936.467949953,551650.5461474672
96,2026-02-15,24463652,14399632.314387036,15111973.424530836,712341.1101437998
96,2026-02-15,24463769,19152958.160935767,19185967.26918893,33009.10825316439
96,2026-02-15,24464043,55907757.29665578,57545913.21138431,1638155.914728532
96,2026-02-15,24464113,11419927.727660742,11419927.727660742,0.0
96,2026-02-15,24464192,22505971.092732433,22959514.521112345,453543.42837991397
96,2026-02-15,24464273,33405512.546652347,34092489.605477646,686977.0588252955
96,2026-02-15,24464366,46678665.57015349,47584811.3763662,906145.8062127088
96,2026-02-15,24464387,35761068.43161141,37117444.796454675,1356376.3648432645
96,2026-02-15,24464424,11976234.04574131,12023389.614631226,47155.5688899145
96,2026-02-15,24464717,48287565.273250215,48448404.3169467,160839.04369648546
96,2026-02-15,24465025,33193316.199461523,33422063.268078893,228747.06861737143
96,2026-02-15,24465099,49115694.47199173,50573602.71974537,1457908.2477536295
96,2026-02-15,24465202,41836350.857031435,43309747.67064943,1473396.813617995
96,2026-02-15,24465254,48388378.227363646,49100971.3651853,712593.1378216504
96,2026-02-15,24465484,25079525.878946636,25079525.878946636,0.0
96,2026-02-15,24465605,54610020.40988121,54702261.15404958,92240.74416836977
96,2026-02-16,24465786,14785419.871774117,15327971.57371059,542551.7019364759
96,2026-02-16,24465974,40363420.29212875,40907052.4063076,543632.1141788531
96,2026-02-16,24465976,43742555.82008951,45254107.38233708,1511551.5622475666
96,2026-02-16,24466065,24074303.75906873,24498050.242525037,423746.4834563049
96,2026-02-16,24466170,31387547.09826169,32019061.17791357,631514.0796518797
96,2026-02-16,24466248,38109732.82012066,40127516.7126713,2017783.8925506363
96,2026-02-16,24466273,36851836.077117585,37387891.312459305,536055.2353417184
96,2026-02-16,24466379,27454078.530883174,27829867.579172067,375789.0482888919
96,2026-02-16,24466499,19217876.353312023,20268148.679124333,1050272.3258123107
96,2026-02-16,24466528,35787015.32344639,35792844.04342492,5828.719978524765
96,2026-02-16,24466559,14167051.941479241,14304357.695860477,137305.7543812358
96,2026-02-16,24466726,38560713.90067464,38619664.1010621,58950.200387453166
96,2026-02-16,24466929,11373213.767896475,11488338.758738758,115124.99084228344
96,2026-02-16,24466938,44534093.17686991,44720740.514177084,186647.33730717405
96,2026-02-16,24467037,19481951.006269135,19734774.026260886,252823.01999175336
96,2026-02-16,24467153,54290487.162828736,54958205.741212636,667718.5783838946
96,2026-02-16,24467424,42127072.0411284,42354842.86347928,227770.8223508815
96,2026-02-16,24467578,45992606.186132155,47155421.643284045,1162815.457151887
96,2026-02-16,24467724,31352359.800971832,32729196.09155843,1376836.2905865966
96,2026-02-16,24467908,25336416.946250666,25694828.881454896,358411.9352042275
96,2026-02-16,24468021,40375930.70096278,41211713.28979102,835782.5888282366
96,2026-02-16,24468050,14037821.800774079,14119961.652784236,82139.85201015639
96,2026-02-16,24468251,6863522.367829582,6907407.321870519,43884.95404093649
96,2026-02-16,24468296,29357633.887429312,30502131.470651593,1144497.5832222826
96,2026-02-16,24468316,20670295.90647426,21022698.092927746,352402.18645348883
96,2026-02-16,24468652,43938868.54647601,44504405.26187011,565536.7153940983
96,2026-02-16,24468787,55651988.77515907,56316709.65299285,664720.8778337813
96,2026-02-16,24468807,38090919.7731167,38748068.70231923,657148.9292025266
96,2026-02-16,24468811,32705861.865344673,34027444.96642309,1321583.1010784127
96,2026-02-16,24468964,31143040.130623724,31854260.13526234,711220.0046386147
96,2026-02-16,24469399,19721798.058351755,19789571.75490594,67773.69655418702
96,2026-02-16,24469773,31303684.401822116,32519964.158129167,1216279.7563070485
96,2026-02-16,24469896,57472603.82882499,59389377.44173527,1916773.6129102826
96,2026-02-16,24470194,54458962.62657725,55238450.85892289,779488.2323456446
96,2026-02-16,24470212,18951879.640225537,19217646.31971077,265766.6794852312
96,2026-02-16,24470343,14435653.152726809,14659642.978086185,223989.8253593763
96,2026-02-16,24470395,19747524.63070576,20067976.177099284,320451.54639352474
96,2026-02-16,24470465,46418469.51358634,46440252.29804202,21782.784455680434
96,2026-02-16,24470480,25433709.00639807,25837453.36554473,403744.3591466603
96,2026-02-16,24470907,34676203.04608308,35371921.63481859,695718.5887355192
96,2026-02-16,24471217,55187601.97553722,56045241.021643825,857639.0461066024
96,2026-02-16,24471243,29564195.067851663,31023325.66090651,1459130.5930548478
96,2026-02-16,24471534,56443468.76719491,56906795.69426134,463326.92706643743
96,2026-02-16,24471982,28799968.190037876,29467594.690144468,667626.50010659
96,2026-02-16,24472163,48310810.84668043,49257922.91504264,947112.0683622083
96,2026-02-16,24472291,10403977.629327212,10877640.301477917,473662.67215070437
96,2026-02-16,24472485,66041763.00142555,67491334.54308553,1449571.5416599764
96,2026-02-16,24472613,26480626.983123343,26772913.247509375,292286.2643860323
96,2026-02-16,24472719,35469100.61796026,35959173.93275023,490073.31478997134
96,2026-02-16,24472749,39592282.600403994,40758615.85141974,1166333.2510157444
96,2026-02-17,24472833,43921270.04365136,44892981.80379842,971711.7601470671
96,2026-02-17,24473065,27265145.296542555,28203813.504249915,938668.2077073616
96,2026-02-17,24473358,40480083.73186522,40862278.31412471,382194.5822594878
96,2026-02-17,24473485,69867752.181042,70822582.96783675,954830.7867947636
96,2026-02-17,24473820,14813126.150012294,14918953.518787086,105827.36877479276
96,2026-02-17,24473988,26175940.476602737,26799526.58817499,623586.1115722551
96,2026-02-17,24474063,14312990.662156966,14329337.414021106,16346.75186414089
96,2026-02-17,24474086,45990730.41446017,46309783.91183558,319053.4973754151
96,2026-02-17,24474244,12391064.736114606,12523620.726194542,132555.99007993544
96,2026-02-17,24474247,27132546.241270714,28219067.43691021,1086521.195639492
96,2026-02-17,24474332,28897189.694607515,31146013.10252871,2248823.407921194
96,2026-02-17,24474444,80999074.12273355,82568181.83188973,1569107.7091561866
96,2026-02-17,24474456,26633853.737196658,27025827.43201706,391973.69482040417
96,2026-02-17,24474485,72749000.90099405,73384758.18306756,635757.2820735227
96,2026-02-17,24474643,36886166.08304046,38484611.778106675,1598445.6950662108
96,2026-02-17,24475465,44420222.97837579,45341179.04941513,920956.0710393356
96,2026-02-17,24475510,48304096.361241594,48694362.46245746,390266.10121586814
96,2026-02-17,24475607,22425853.26787907,22973775.616663545,547922.3487844773
96,2026-02-17,24476500,35439052.57985722,36851521.265401535,1412468.6855443132
96,2026-02-17,24476625,77788124.40839027,78264855.09989306,476730.6915027924
96,2026-02-17,24476680,29431763.74118185,30102128.793197013,670365.0520151614
96,2026-02-17,24476851,74332379.03170773,75282496.50585102,950117.4741432809
96,2026-02-17,24477144,26072754.999893967,26511307.07591342,438552.0760194544
96,2026-02-17,24477208,79717394.84460914,82919439.89158869,3202045.046979546
96,2026-02-17,24477353,42896801.73437578,42896801.73437578,0.0
96,2026-02-17,24477581,55117480.892379634,55617198.179467656,499717.2870880182
96,2026-02-17,24477601,20331286.187493548,20420146.99263486,88860.8051413123
96,2026-02-17,24477653,42445520.23650026,43467329.970313,1021809.7338127365
96,2026-02-17,24477673,47488198.9976655,49067659.67095158,1579460.673286084
96,2026-02-17,24477904,59606970.63792212,59607289.55966427,318.9217421430403
96,2026-02-17,24477926,30657080.35399994,31858059.79209197,1200979.4380920324
96,2026-02-17,24477963,89028115.87142658,90736179.27817155,1708063.4067449684
96,2026-02-17,24478089,36345017.0440166,36592717.3051083,247700.26109169723
96,2026-02-17,24478138,80184297.28997804,82193256.7059539,2008959.4159758636
96,2026-02-17,24478189,17513967.558445703,17765841.7109287,251874.15248299597
96,2026-02-17,24478388,82318074.98173714,83215679.53248173,897604.5507445838
96,2026-02-17,24478412,56461205.86130535,57514854.4761926,1053648.614887253
96,2026-02-17,24478733,23610358.99349901,23714205.133906215,103846.14040720547
96,2026-02-17,24478815,29581592.47162158,30433994.80820581,852402.3365842315
96,2026-02-17,24478870,41186160.73017631,42698964.39947704,1512803.6693007357
96,2026-02-17,24478924,60748263.06659632,62404331.21061411,1656068.1440177877
96,2026-02-17,24479190,33277142.729874488,33735632.300453454,458489.5705789657
96,2026-02-17,24479270,41640085.25610292,44274795.79514892,2634710.5390459932
96,2026-02-17,24479331,38630182.3943852,39023600.700458154,393418.3060729495
96,2026-02-17,24479379,47087289.53622713,49297372.806294546,2210083.2700674157
96,2026-02-17,24479397,29797798.768219274,29993359.507250015,195560.73903074086
96,2026-02-17,24479432,34671051.08148843,35137375.01116975,466323.92968131206
96,2026-02-17,24479521,31870812.81766957,32330224.178026885,459411.3603573164
96,2026-02-17,24479593,27938970.23547324,28289708.339594886,350738.10412164486
96,2026-02-17,24479631,37461199.93923193,38762800.63617529,1301600.6969433592
96,2026-02-18,24480095,14436857.192478107,14510392.335136537,73535.1426584303
96,2026-02-18,24480117,22366145.725329455,22631132.374383587,264986.64905413345
96,2026-02-18,24480394,32842922.506913695,33230427.214413248,387504.70749955275
96,2026-02-18,24480784,15498855.453369347,15938030.000963297,439174.54759394977
96,2026-02-18,24480894,9195658.26004321,9252023.082634944,56364.82259173365
96,2026-02-18,24480908,26419374.704999287,26722637.34533886,303262.64033957396
96,2026-02-18,24481116,28042733.45901539,29147502.863563202,1104769.4045478133
96,2026-02-18,24481384,28166928.604689218,28598435.829280347,431507.2245911278
96,2026-02-18,24481397,20973052.646963403,21980715.03915045,1007662.392187049
96,2026-02-18,24481546,20541717.28703835,20939900.412539307,398183.12550095806
96,2026-02-18,24481580,9652852.171415083,9749844.045729479,96991.874314396
96,2026-02-18,24481592,21817075.568212017,21993843.440958593,176767.87274657388
96,2026-02-18,24481605,34929397.46418902,35293622.39841222,364224.9342231974
96,2026-02-18,24481679,16273238.662465062,16422501.384567007,149262.7221019442
96,2026-02-18,24481729,25515424.93165309,25779767.846187547,264342.91453445767
96,2026-02-18,24481733,49949686.807299614,50536784.101484075,587097.2941844622
96,2026-02-18,24481926,37789367.519415624,38270054.49886602,480686.9794503972
96,2026-02-18,24482087,22063519.941683106,22289355.833416842,225835.89173373303
96,2026-02-18,24482123,18298800.774398226,18576872.0654632,278071.291064974
96,2026-02-18,24482403,30308476.620903265,30705221.06470854,396744.4438052714
96,2026-02-18,24482449,48954116.712280214,49356055.46383323,401938.75155301066
96,2026-02-18,24482484,30868408.1078056,31266538.387360603,398130.27955500345
96,2026-02-18,24482828,32972589.12935424,33612537.475347236,639948.3459929962
96,2026-02-18,24483194,28533601.585926108,28783956.623161156,250355.03723504714
96,2026-02-18,24483211,48616079.97778924,49222447.63285477,606367.655065528
96,2026-02-18,24483328,85426970.80656333,87199855.55040321,1772884.7438398746
96,2026-02-18,24483531,9769854.622324668,10081145.43246452,311290.8101398526
96,2026-02-18,24484000,26984344.828801714,27356040.09176111,371695.262959393
96,2026-02-18,24484006,6778255.140143186,6857444.495471695,79189.35532850957
96,2026-02-18,24484062,57842007.36304384,59559773.83591105,1717766.4728672153
96,2026-02-18,24484282,52078975.4245617,52797323.31285016,718347.8882884637
96,2026-02-18,24484287,40006336.285622776,40848692.63926641,842356.3536436325
96,2026-02-18,24484408,68127365.52032676,69915576.86315988,1788211.3428331176
96,2026-02-18,24484502,52417295.15443378,52446120.454765685,28825.30033190071
96,2026-02-18,24484514,54751148.31375037,56667841.714184485,1916693.4004341175
96,2026-02-18,24484735,64846829.894557446,65998076.526115,1151246.631557557
96,2026-02-18,24485187,38276176.22576924,38981242.550358005,705066.324588771
96,2026-02-18,24485308,46664492.21036805,47819431.43685079,1154939.2264827397
96,2026-02-18,24485313,33828433.456635326,34502904.83456872,674471.3779333899
96,2026-02-18,24485320,61565513.85181014,64216831.87451647,2651318.0227063335
96,2026-02-18,24485606,34615915.98481328,35428343.10244693,812427.1176336511
96,2026-02-18,24485647,37144045.246019006,37934102.479001746,790057.2329827392
96,2026-02-18,24485766,44993766.113110475,45515631.77860264,521865.6654921651
96,2026-02-18,24485905,40915218.33819008,41823990.0859984,908771.7478083193
96,2026-02-18,24486045,27429559.18975887,28008699.630963292,579140.4412044217
96,2026-02-18,24486108,31600182.836698823,33432099.5086224,1831916.671923578
96,2026-02-18,24486158,35375490.12332116,36244778.26364939,869288.1403282317
96,2026-02-18,24486233,43319511.44680012,43769225.03869694,449713.5918968115
96,2026-02-18,24486246,28314420.996796645,29398316.807639208,1083895.810842562
96,2026-02-18,24486869,5912285.12265285,5989296.99723606,77011.87458320979
96,2026-02-19,24487407,34431198.74507113,35427749.40469126,996550.6596201272
96,2026-02-19,24487417,63565634.82786931,64660266.24014551,1094631.4122761986
96,2026-02-19,24487533,77456817.91017154,78408621.41040146,951803.5002299312
96,2026-02-19,24487612,26415609.34585436,26727288.981605075,311679.63575071585
96,2026-02-19,24487791,59646527.255719095,60376180.0734774,729652.8177583076
96,2026-02-19,24487972,38590496.107984856,40078334.845813766,1487838.7378289069
96,2026-02-19,24487997,43303997.75244974,45670717.83011585,2366720.077666106
96,2026-02-19,24488111,29911564.585773453,30071382.299055904,159817.71328245007
96,2026-02-19,24488164,29233851.010112703,29456070.90026767,222219.8901549715
96,2026-02-19,24488606,35682235.91692522,37530615.507997096,1848379.5910718716
96,2026-02-19,24488625,31993471.006150156,32400008.49931628,406537.4931661235
96,2026-02-19,24488626,42288361.32770915,42628001.348643005,339640.020933848
96,2026-02-19,24488716,40398683.42973902,42423734.41361095,2025050.983871927
96,2026-02-19,24488912,25724182.76228301,25980755.934449967,256573.17216695868
96,2026-02-19,24488952,10626381.133391298,10733380.467579978,106999.33418867917
96,2026-02-19,24489009,51511417.68998138,52052667.79966856,541250.1096871803
96,2026-02-19,24489297,4357017.366296368,4462644.966602899,105627.60030653216
96,2026-02-19,24489332,32225093.804999113,32736595.761095103,511501.9560959864
96,2026-02-19,24489438,40957903.05307254,41718816.53712802,760913.4840554756
96,2026-02-19,24489562,12265284.667274045,12373997.83200079,108713.16472674477
96,2026-02-19,24489638,58783948.16562519,59666380.23318467,882432.0675594801
96,2026-02-19,24489857,44352430.79974975,44399073.698563434,46642.89881368913
96,2026-02-19,24489880,27435878.912529286,27552344.41670185,116465.50417256332
96,2026-02-19,24489994,60517306.34698787,61723300.71310753,1205994.3661196574
96,2026-02-19,24490082,40797733.048059456,40911496.281646185,113763.23358672883
96,2026-02-19,24490161,10746760.03442635,10819148.21459797,72388.18017162007
96,2026-02-19,24490236,53957751.64997839,54914060.14519273,956308.4952143389
96,2026-02-19,24490269,24808860.993461788,25998409.42330903,1189548.4298472428
96,2026-02-19,24490337,35678894.82088515,36210414.53372855,531519.7128433904
96,2026-02-19,24490478,9121116.618405031,9252827.53535826,131710.91695322772
96,2026-02-19,24490519,61203798.65710056,63220611.56221569,2016812.9051151325
96,2026-02-19,24490656,44520414.294090174,46120971.59625422,1600557.3021640435
96,2026-02-19,24490666,37006946.32051575,37541904.18154126,534957.8610255064
96,2026-02-19,24491113,36067335.04646544,36590628.55564817,523293.50918273116
96,2026-02-19,24491123,30268354.175269116,30617438.372328985,349084.19705987116
96,2026-02-19,24491388,19558359.07467129,19704987.959051386,146628.8843800917
96,2026-02-19,24491666,35958066.60688134,36252344.77891935,294278.17203800933
96,2026-02-19,24491679,36353736.14177463,36907076.736021675,553340.5942470405
96,2026-02-19,24492006,47780762.61114177,48979852.95015905,1199090.3390172815
96,2026-02-19,24492040,39262778.34844314,39893544.7445147,630766.3960715497
96,2026-02-19,24492267,25411830.999327734,25745169.903144468,333338.9038167339
96,2026-02-19,24493213,26347572.041895952,26759923.876616254,412351.83472030156
96,2026-02-19,24493237,10411266.364544095,10634566.66885997,223300.30431587287
96,2026-02-19,24493284,14113792.642045444,14423126.40683434,309333.76478889625
96,2026-02-19,24493432,6102821.235920772,6286119.422274357,183298.18635358516
96,2026-02-19,24493447,35217086.46106208,36432114.10071366,1215027.6396515789
96,2026-02-19,24493478,48924039.218774624,49674125.03664197,750085.8178673439
96,2026-02-19,24493729,53967119.31092889,54596690.66281513,629571.3518862437
96,2026-02-19,24494017,23774577.184587393,24073488.75369042,298911.5691030288
96,2026-02-19,24494048,74942476.15976459,75590708.15162191,648231.9918573225
96,2026-02-20,24494348,18558373.136130814,18617670.57381638,59297.43768557075
96,2026-02-20,24495154,47428533.302619904,47794646.81574187,366113.5131219616
96,2026-02-20,24495164,21672450.946531586,21771067.570224576,98616.62369298942
96,2026-02-20,24495328,21385898.550276045,21760743.378172442,374844.8278963992
96,2026-02-20,24495419,42756164.261948355,42794768.883559324,38604.62161096634
96,2026-02-20,24495597,13360812.450212732,13716768.279299224,355955.82908649166
96,2026-02-20,24495653,23669256.78144257,24288580.253964294,619323.4725217243
96,2026-02-20,24495937,20062778.242483433,20340497.947777268,277719.7052938328
96,2026-02-20,24496128,23301019.41549563,23507822.963969283,206803.54847365114
96,2026-02-20,24496189,32975095.072168365,33226016.61740875,250921.54524038133
96,2026-02-20,24496273,45361873.22401671,45606364.785472974,244491.56145626865
96,2026-02-20,24496442,55315538.42581188,56436152.36168455,1120613.9358726763
96,2026-02-20,24496464,40834623.00317878,41848097.27944117,1013474.2762623818
96,2026-02-20,24496533,50569806.72574932,50850585.18175617,280778.4560068462
96,2026-02-20,24496536,21171616.033241652,21670345.346174482,498729.31293283205
96,2026-02-20,24496668,7542653.1029808875,7734684.543974899,192031.44099401118
96,2026-02-20,24497145,25307383.94545396,30270710.506406534,4963326.560952576
96,2026-02-20,24497168,19562268.907697283,19987251.924516227,424983.0168189446
96,2026-02-20,24497290,47677979.10438773,48858140.88053636,1180161.776148636
96,2026-02-20,24497435,35738147.26394027,36697374.177522674,959226.9135824103
96,2026-02-20,24497475,45686735.78230461,47631088.44560961,1944352.6633049936
96,2026-02-20,24497505,17518716.25739982,17831821.23158014,313104.9741803181
96,2026-02-20,24497675,29433231.867532764,30317236.957483947,884005.0899511841
96,2026-02-20,24497814,22794418.80814432,23217593.857175145,423175.04903082433
96,2026-02-20,24497902,50292048.18820243,51198286.27407767,906238.0858752346
96,2026-02-20,24498065,30511246.078028537,32570655.342690643,2059409.2646621035
96,2026-02-20,24498207,49053341.75708914,50045263.0743172,991921.3172280673
96,2026-02-20,24498565,47398983.86767173,48846087.37014114,1447103.502469415
96,2026-02-20,24498759,47782611.62412675,52991148.05429646,5208536.430169703
96,2026-02-20,24498812,28449041.9399781,34389573.79743111,5940531.85745301
96,2026-02-20,24498827,56551342.46984138,56551342.46984138,0.0
96,2026-02-20,24498933,14520478.63901676,14899090.439466437,378611.8004496773
96,2026-02-20,24498937,48080516.484769,49066314.06791579,985797.583146791
96,2026-02-20,24499275,50885897.88520469,51675118.881573856,789220.9963691698
96,2026-02-20,24499418,51289267.62891534,52237144.563644655,947876.934729314
96,2026-02-20,24499543,17668937.185890406,17999930.168938834,330992.983048428
96,2026-02-20,24499704,47729184.21707066,48608493.692172736,879309.4751020767
96,2026-02-20,24499923,22025528.32467012,22431692.71659472,406164.39192459476
96,2026-02-20,24499953,43986739.24632515,51163563.937895,7176824.691569846
96,2026-02-20,24499996,7866643.261988432,7876259.80769168,9616.545703248645
96,2026-02-20,24500054,48840328.65718578,50589693.259748496,1749364.6025627195
96,2026-02-20,24500198,40647961.92649549,41790378.55455889,1142416.6280633954
96,2026-02-20,24500387,27643246.641779058,28124280.40769269,481033.7659136311
96,2026-02-20,24500734,24019427.184726343,24657764.164701417,638336.9799750757
96,2026-02-20,24500799,26501283.441853855,26865685.73856911,364402.29671525274
96,2026-02-20,24500842,21919194.60534121,22151266.344283085,232071.7389418736
96,2026-02-20,24501027,44049760.71704847,44659128.41883593,609367.7017874582
96,2026-02-20,24501166,17089306.347072896,17410196.66936486,320890.3222919623
96,2026-02-20,24501366,20847148.11001455,21296854.52555602,449706.41554146947
96,2026-02-20,24501413,35012826.285121694,39800812.66146604,4787986.3763443455
96,2026-02-21,24501518,62013076.877151735,63176519.890036896,1163443.0128851656
96,2026-02-21,24501807,42730864.74146477,43066833.75166338,335969.010198607
96,2026-02-21,24502145,17601526.52043543,17864495.935723178,262969.41528774705
96,2026-02-21,24502205,52573433.01445759,55210701.79625393,2637268.781796338
96,2026-02-21,24502306,52163256.29262237,52760257.218737446,597000.9261150782
96,2026-02-21,24502313,31567216.950587455,32078778.66300426,511561.71241680236
96,2026-02-21,24502327,42245864.21327915,44149549.78644006,1903685.5731609073
96,2026-02-21,24502352,27108519.211589016,27459936.460765563,351417.24917654437
96,2026-02-21,24502472,4385126.619683542,4543958.660794638,158832.04111109578
96,2026-02-21,24502543,17819231.106166855,18035147.46860504,215916.3624381888
96,2026-02-21,24502561,28886482.7522494,31012413.096440796,2125930.3441913943
96,2026-02-21,24502565,14715479.544398561,14765925.859050278,50446.31465171644
96,2026-02-21,24502617,31033909.768902425,31606634.9017995,572725.1328970739
96,2026-02-21,24502646,21738720.317961283,22184862.076998632,446141.75903735077
96,2026-02-21,24502705,31136937.505539283,31882068.633182015,745131.1276427321
96,2026-02-21,24502781,18525719.21404323,18709203.71595867,183484.5019154388
96,2026-02-21,24503020,39745819.43427677,40727667.189103596,981847.7548268279
96,2026-02-21,24503060,36305385.74380737,36747317.118029594,441931.37422222696
96,2026-02-21,24503214,46775039.02740978,47037961.09008519,262922.06267541635
96,2026-02-21,24503346,22982652.502706565,23496317.25519189,513664.75248532614
96,2026-02-21,24503429,21416190.397872902,21669332.73048106,253142.3326081565
96,2026-02-21,24503639,13216655.223530464,13461466.610786034,244811.38725556998
96,2026-02-21,24503678,21613659.105797477,22250400.161019467,636741.0552219911
96,2026-02-21,24503740,25322382.86965377,26190966.702593576,868583.8329398062
96,2026-02-21,24503971,52515843.58641843,54072698.05741242,1556854.4709939968
96,2026-02-21,24504009,48269963.32566098,48798749.571146615,528786.2454856333
96,2026-02-21,24504035,18938597.74996503,19158385.340375144,219787.59041011412
96,2026-02-21,24504632,10696674.851466604,10802768.901815955,106094.05034935138
96,2026-02-21,24504930,17136822.461739812,17455158.389911555,318335.9281717431
96,2026-02-21,24504980,0.0,0.0,0.0
96,2026-02-21,24505113,50770717.19717965,51511505.6905909,740788.4934112533
96,2026-02-21,24505133,39769104.635584265,40696332.73764293,927228.1020586625
96,2026-02-21,24505142,21760089.54267207,22918467.38351815,1158377.8408460766
96,2026-02-21,24505607,21697095.078097288,22422404.43828105,725309.3601837667
96,2026-02-21,24505727,69652792.34657943,71013346.11239943,1360553.765819989
96,2026-02-21,24505884,42248235.229279295,43171617.33102541,923382.1017461113
96,2026-02-21,24506171,19509496.32125455,19626123.749993965,116627.42873941456
96,2026-02-21,24506378,39390656.218433104,40345122.288216844,954466.0697837394
96,2026-02-21,24506632,55801992.0098593,57025415.20380078,1223423.1939414833
96,2026-02-21,24506967,30157596.672417242,31282477.228967026,1124880.5565497824
96,2026-02-21,24507131,49331825.52418331,50907967.391297504,1576141.8671141963
96,2026-02-21,24507248,39382023.679449365,40271709.12333087,889685.4438814995
96,2026-02-21,24507361,45275690.19374516,47720203.39068496,2444513.196939806
96,2026-02-21,24507466,28840518.14961037,29895037.11532274,1054518.965712368
96,2026-02-21,24507531,17915978.441913668,18579066.049659282,663087.6077456134
96,2026-02-21,24507789,78310862.98870051,79537309.69640985,1226446.7077093464
96,2026-02-21,24508129,55337969.332768865,56120148.51534873,782179.182579864
96,2026-02-21,24508231,17382873.696652338,17856864.792228498,473991.0955761615
96,2026-02-21,24508304,37427977.638792366,38319873.510409765,891895.8716173939
96,2026-02-21,24508678,22403642.16749398,22649822.74477962,246180.57728564233
96,2026-02-22,24508708,41781551.83188377,43641938.285676636,1860386.4537928617
96,2026-02-22,24509223,18080146.701305423,18307245.383898936,227098.682593513
96,2026-02-22,24509312,31838196.61051614,32085207.771179922,247011.1606637821
96,2026-02-22,24509665,20083650.21714613,20175874.7761988,92224.55905267224
96,2026-02-22,24509776,19014131.41790491,19621689.207835022,607557.7899301132
96,2026-02-22,24509936,31666100.924148254,31940069.135303818,273968.211155564
96,2026-02-22,24509964,18672552.66815729,19205719.35137605,533166.683218759
96,2026-02-22,24510096,31509668.77644304,33187223.601424456,1677554.8249814159
96,2026-02-22,24510162,17345539.177580927,17694350.779297516,348811.60171658767
96,2026-02-22,24510212,21652788.894380096,21745688.512336213,92899.61795611904
96,2026-02-22,24510330,28856016.276632678,29496683.255473215,640666.9788405354
96,2026-02-22,24510505,29625173.752392467,30035733.185711548,410559.433319079
96,2026-02-22,24510562,20108367.090486094,20610634.74076487,502267.6502787771
96,2026-02-22,24510766,46009380.55606345,46961898.9549551,952518.3988916518
96,2026-02-22,24511007,60931184.950944744,62617397.65304869,1686212.7021039464
96,2026-02-22,24511366,10311042.95370054,10421455.397334484,110412.44363394367
96,2026-02-22,24511532,15185361.350982541,15280405.3397608,95043.98877825902
96,2026-02-22,24511900,35337433.003026165,36018525.89333523,681092.8903090619
96,2026-02-22,24512037,46992526.06359867,47183062.301669255,190536.23807058227
96,2026-02-22,24512143,37569169.18778889,37914162.26702391,344993.0792350269
96,2026-02-22,24512192,52030598.06180939,52127445.21875729,96847.15694789852
96,2026-02-22,24512364,17210381.18436706,17566095.076000612,355713.89163355104
96,2026-02-22,24512466,67810204.21573381,67959872.05664164,149667.84090783633
96,2026-02-22,24512503,63239591.836095855,64506697.609475575,1267105.7733797245
96,2026-02-22,24512521,46660856.86050095,47825541.1413898,1164684.2808888576
96,2026-02-22,24512673,6374699.333370731,6481591.194668602,106891.86129787075
96,2026-02-22,24512687,34855647.90458809,35430324.71033396,574676.805745875
96,2026-02-22,24512695,30342363.78653013,30706876.200788356,364512.4142582269
96,2026-02-22,24512772,72884003.86021239,73551226.97776775,667223.1175553732
96,2026-02-22,24512792,73372634.44948633,75034398.71456969,1661764.2650833644
96,2026-02-22,24512812,49305408.31005218,50494444.13830264,1189035.8282504594
96,2026-02-22,24512907,24101919.371539164,24452377.543323904,350458.17178473837
96,2026-02-22,24512954,26328852.704362758,26701484.632707793,372631.9283450363
96,2026-02-22,24513059,40411470.082607314,41678407.16922797,1266937.0866206533
96,2026-02-22,24513072,52505719.905799426,53039746.8694208,534026.9636213736
96,2026-02-22,24513286,38156296.27377312,38408667.93256151,252371.6587883923
96,2026-02-22,24513379,59053869.643566914,59700297.298728384,646427.6551614677
96,2026-02-22,24513381,36638756.17625587,37557386.43913015,918630.2628742796
96,2026-02-22,24513428,25827196.29135307,26343324.21449243,516127.92313936073
96,2026-02-22,24513610,31642133.992694966,32637094.735286105,994960.7425911403
96,2026-02-22,24513758,31273748.079597495,31997180.119999845,723432.0404023468
96,2026-02-22,24514113,19906457.01452578,20126518.24030924,220061.2257834596
96,2026-02-22,24514208,41465119.43226648,43341883.86692882,1876764.4346623404
96,2026-02-22,24514434,25428724.769264102,25874526.76863593,445801.9993718264
96,2026-02-22,24514695,29684695.212590877,29793750.96650689,109055.7539160125
96,2026-02-22,24514745,25565442.295492508,26211044.094618283,645601.7991257752
96,2026-02-22,24514801,24859252.265528608,25136411.74229648,277159.4767678744
96,2026-02-22,24514882,5678418.411972832,5703255.443185278,24837.031212446775
96,2026-02-22,24514942,67249187.24065232,68687828.13885051,1438640.8981981834
96,2026-02-22,24515211,32250989.387123767,32671021.208238076,420031.8211143086
96,2026-02-23,24515864,10852498.869877432,11043690.123480959,191191.2536035275
96,2026-02-23,24516358,30079611.83929936,30609478.86631228,529867.0270129244
96,2026-02-23,24516441,49513331.781023055,49980875.425837606,467543.64481454965
96,2026-02-23,24516598,25568740.814319987,25818194.826164413,249454.01184442826
96,2026-02-23,24516661,32413099.097380925,32605317.585062057,192218.48768113484
96,2026-02-23,24516685,45332220.95589932,46133254.883073784,801033.9271744576
96,2026-02-23,24516692,26104852.632384982,26254936.044534314,150083.41214933374
96,2026-02-23,24516777,46278130.44145945,46961083.36918417,682952.927724722
96,2026-02-23,24516851,50431960.905241914,50908840.35161441,476879.4463724906
96,2026-02-23,24516957,59979953.73983655,60488609.035175696,508655.2953391451
96,2026-02-23,24517033,56184083.26140701,56428248.65575833,244165.39435131918
96,2026-02-23,24517080,34943129.336092584,35293826.361054316,350697.0249617297
96,2026-02-23,24517335,26562954.843662877,27041465.10126068,478510.2575978045
96,2026-02-23,24517354,42159280.87875995,42688862.02780813,529581.1490481748
96,2026-02-23,24517471,48613385.86165052,49061747.61708621,448361.75543569156
96,2026-02-23,24517483,59526179.58076066,60823137.46886255,1296957.8881018949
96,2026-02-23,24517643,17497191.080679514,17836334.588309146,339143.5076296331
96,2026-02-23,24517900,8152450.393491118,8369018.00812442,216567.61463330252
96,2026-02-23,24518918,56728881.4458986,57935350.09964906,1206468.6537504566
96,2026-02-23,24519154,35284421.10790332,35663886.622102864,379465.5141995413
96,2026-02-23,24519177,34672782.853163674,35384371.4769484,711588.6237847245
96,2026-02-23,24519272,16242770.427900769,16394429.860607926,151659.43270715582
96,2026-02-23,24519369,48082989.698660225,48932919.80583289,849930.1071726672
96,2026-02-23,24519456,26477730.285228156,27134582.628831144,656852.3436029874
96,2026-02-23,24519605,74787150.4988923,75584154.7934893,797004.294596996
96,2026-02-23,24519677,33890649.89497339,34369289.284002185,478639.3890287945
96,2026-02-23,24519992,24997164.294266537,25542191.258027956,545026.9637614156
96,2026-02-23,24520375,23821404.536741853,24284703.82430282,463299.28756096715
96,2026-02-23,24520462,28220329.585447103,28815506.123155043,595176.53770794
96,2026-02-23,24520566,18422969.0699275,19364138.557016283,941169.487088782
96,2026-02-23,24520602,50585530.06917567,50591432.519123204,5902.449947536079
96,2026-02-23,24520688,25013419.830379803,25447508.728677597,434088.89829779416
96,2026-02-23,24520689,38644792.19625781,39145509.43401635,500717.2377585344
96,2026-02-23,24520968,8171328.908979156,8458107.858471457,286778.9494923011
96,2026-02-23,24521114,47893771.90396079,49482173.66151333,1588401.7575525385
96,2026-02-23,24521352,30364689.60648959,30703307.779086765,338618.1725971747
96,2026-02-23,24521383,40153079.07413117,44198830.00497439,4045750.9308432145
96,2026-02-23,24521400,47906092.347522505,48410209.75108393,504117.40356142865
96,2026-02-23,24521477,50376508.66955741,51240341.37131447,863832.7017570671
96,2026-02-23,24521589,69699056.20283057,71934180.46065934,2235124.2578287693
96,2026-02-23,24521600,76779361.78344426,77704234.1431011,924872.3596568359
96,2026-02-23,24521701,34044701.6274445,34467689.847440824,422988.2199963206
96,2026-02-23,24521847,29609643.99458832,30011645.367569894,402001.3729815723
96,2026-02-23,24522103,34865817.68369319,35622346.00789065,756528.3241974562
96,2026-02-23,24522137,18720140.490029216,19094860.533422623,374720.0433934088
96,2026-02-23,24522344,26388396.6409635,26405412.771656025,17016.13069252594
96,2026-02-23,24522379,6956600.524131245,7130795.084772978,174194.56064173346
96,2026-02-23,24522645,48355021.614746295,50089560.68743854,1734539.072692245
96,2026-02-23,24522672,44093449.15690435,44788684.18592071,695235.0290163606
96,2026-02-23,24522706,25929725.34664269,25978813.275007736,49087.92836504621
96,2026-02-24,24523054,77881605.5316733,82359025.39963153,4477419.86795823
96,2026-02-24,24523131,54655699.62528357,55307163.53622436,651463.910940792
96,2026-02-24,24523326,49179808.785613954,50684421.87302793,1504613.087413971
96,2026-02-24,24523340,50770854.2994776,51508765.174638346,737910.8751607442
96,2026-02-24,24523432,60253895.49794705,60314423.37003169,60527.87208463535
96,2026-02-24,24523649,60102233.592152335,63499816.95446381,3397583.362311476
96,2026-02-24,24523716,30125034.909283716,30268180.30362292,143145.39433920378
96,2026-02-24,24524160,31446097.421863277,31929611.673934154,483514.2520708794
96,2026-02-24,24524213,41483954.42597494,42111402.77895474,627448.3529797939
96,2026-02-24,24524322,8885320.04042009,10296001.034004828,1410680.993584737
96,2026-02-24,24524374,52893360.662673526,53750342.912158474,856982.2494849435
96,2026-02-24,24524585,31359211.163255617,31664792.889416844,305581.72616122814
96,2026-02-24,24524641,22229078.87944572,22532332.898780435,303254.019334714
96,2026-02-24,24524657,39295040.708075896,39792837.207169965,497796.4990940705
96,2026-02-24,24524852,66526772.94366382,67690308.38229534,1163535.4386315122
96,2026-02-24,24524864,45993993.15656115,46632870.4125155,638877.2559543463
96,2026-02-24,24524908,46603819.162486374,47029908.84547069,426089.6829843147
96,2026-02-24,24524916,39332635.93359346,40164709.011881955,832073.0782884958
96,2026-02-24,24525237,39696575.72043756,39696575.72043756,0.0
96,2026-02-24,24525309,62828500.49623669,64866210.89910208,2037710.4028653905
96,2026-02-24,24525319,50646810.232124045,50827980.64943426,181170.4173102124
96,2026-02-24,24525383,36755352.88539818,37711179.17590104,955826.2905028588
96,2026-02-24,24525566,28855913.88204921,29380275.08746582,524361.205416609
96,2026-02-24,24525655,74594241.80263472,76309948.4493531,1715706.6467183894
96,2026-02-24,24525823,50475518.41673404,51001287.22561772,525768.8088836839
96,2026-02-24,24525829,39317791.84972947,39752678.230475895,434886.38074642565
96,2026-02-24,24525948,31829307.65724846,32914766.286039297,1085458.6287908352
96,2026-02-24,24525983,62599701.75426216,63683445.460653454,1083743.7063912947
96,2026-02-24,24526064,47616304.34035759,48821497.76202826,1205193.4216706776
96,2026-02-24,24526240,25579445.58574845,25776882.204626497,197436.61887804678
96,2026-02-24,24526321,56716888.67870417,58106227.51882635,1389338.8401221824
96,2026-02-24,24526372,24050356.2309526,24289729.56027683,239373.32932423035
96,2026-02-24,24526583,69021883.04758027,72740593.49979514,3718710.452214867
96,2026-02-24,24526730,61973692.23742058,64054593.33553873,2080901.098118152
96,2026-02-24,24526734,44098932.320234604,46184355.24324163,2085422.9230070265
96,2026-02-24,24526868,34803393.0083871,35295155.2779766,491762.269589501
96,2026-02-24,24526942,41465442.78084159,42166643.80170222,701201.0208606292
96,2026-02-24,24527105,13698017.209203344,13812098.730331896,114081.52112855198
96,2026-02-24,24527247,69226818.49817649,70565677.10057381,1338858.6023973303
96,2026-02-24,24527493,45770586.550324865,46760590.71669586,990004.1663709942
96,2026-02-24,24527614,78723554.02390838,80438485.9059208,1714931.8820124303
96,2026-02-24,24528040,30391047.385106817,31437667.13660432,1046619.7514975036
96,2026-02-24,24528738,21956916.68543246,22364297.748900753,407381.06346829224
96,2026-02-24,24528776,46128439.133419834,46736015.61360409,607576.4801842548
96,2026-02-24,24529027,49612478.59809624,50766177.77553554,1153699.1774392982
96,2026-02-24,24529092,36996843.555993035,37642695.048825264,645851.492832224
96,2026-02-24,24529577,44864579.48057171,46172823.980276026,1308244.4997043172
96,2026-02-24,24529675,36217916.1558342,36391457.688792944,173541.53295874927
96,2026-02-24,24529815,28326418.67241142,28966764.953218114,640346.2808066912
96,2026-02-24,24529825,47219057.23084854,48614061.70183373,1395004.4709851923
96,2026-02-25,24531023,35247365.37798168,35841602.12260434,594236.7446226664
96,2026-02-25,24531044,49432542.623871185,49713050.80388344,280508.18001225573
96,2026-02-25,24531236,29526369.68166348,34217669.738592766,4691300.056929286
96,2026-02-25,24531255,53315119.17438257,53926893.45489818,611774.2805156144
96,2026-02-25,24531457,35991886.111483224,36641373.97287352,649487.8613902986
96,2026-02-25,24531486,44972469.74315355,45683815.702351674,711345.9591981256
96,2026-02-25,24531517,25583157.35532746,25602539.24973079,19381.89440332618
96,2026-02-25,24531784,18122889.499612827,18342804.18072637,219914.68111354375
96,2026-02-25,24531996,24307243.228596475,25204438.363064747,897195.1344682726
96,2026-02-25,24532040,39160211.090633,39484193.63628016,323982.5456471596
96,2026-02-25,24532071,28776484.619774308,29620512.489710905,844027.8699366001
96,2026-02-25,24532195,33254709.8189036,34414146.84294324,1159437.024039647
96,2026-02-25,24532544,33431605.7336744,33918770.70345317,487164.9697787729
96,2026-02-25,24532723,20921279.53557554,21726612.3443972,805332.8088216599
96,2026-02-25,24532727,38313427.43986991,39396162.25225086,1082734.8123809425
96,2026-02-25,24532909,27576565.438257817,28338137.02044171,761571.5821838927
96,2026-02-25,24533089,32714560.179714248,33753246.920964055,1038686.7412498061
96,2026-02-25,24533126,18695329.899277385,19122085.689450152,426755.79017276544
96,2026-02-25,24533545,64309534.27023145,66355709.01438798,2046174.7441565334
96,2026-02-25,24533611,30069623.566994,30676178.60851775,606555.041523752
96,2026-02-25,24533637,25880019.616851125,26873345.112320386,993325.4954692577
96,2026-02-25,24533654,35843168.780732684,37311929.272683725,1468760.491951047
96,2026-02-25,24533668,7745779.603516676,8150691.290968762,404911.6874520848
96,2026-02-25,24533862,23556643.000514664,23938557.893852293,381914.89333763067
96,2026-02-25,24533927,39267801.7337236,39645482.83890651,377681.1051829128
96,2026-02-25,24533989,17743387.551786993,17970445.676153604,227058.12436661078
96,2026-02-25,24533995,34474901.061534405,35305044.66144526,830143.5999108588
96,2026-02-25,24534107,35650917.57343004,36461828.38890336,810910.8154733159
96,2026-02-25,24534189,75293228.39268577,76340380.77788869,1047152.3852029151
96,2026-02-25,24534251,54605368.162746236,55788380.46311772,1183012.3003714879
96,2026-02-25,24534348,36908589.34844985,37482372.725117594,573783.3766677453
96,2026-02-25,24534423,74904426.44791482,77485246.96542718,2580820.517512353
96,2026-02-25,24534609,30901440.863276217,31810378.379874155,908937.5165979376
96,2026-02-25,24534624,97197458.23445992,98280607.0109581,1083148.7764981927
96,2026-02-25,24534678,41257657.223030224,42336467.40774195,1078810.1847117227
96,2026-02-25,24535066,53612655.95713384,54609278.4862585,996622.5291246579
96,2026-02-25,24535263,62205464.74925201,62868019.11708214,662554.3678301356
96,2026-02-25,24535282,47700683.661141805,48272018.507087685,571334.8459458791
96,2026-02-25,24535430,44051921.74919339,44749586.65566735,697664.9064739541
96,2026-02-25,24535575,30516578.899250865,31110176.05085626,593597.1516053932
96,2026-02-25,24535596,28031720.707120344,28379824.93825109,348104.23113074386
96,2026-02-25,24535680,52468926.507460184,53185957.27430013,717030.7668399394
96,2026-02-25,24535937,76158124.01251332,77911047.97146751,1752923.958954178
96,2026-02-25,24536385,22303926.408660308,22606831.98208059,302905.5734202799
96,2026-02-25,24536653,77161539.8870898,78371303.69430563,1209763.8072158212
96,2026-02-25,24536772,80798701.96298797,83191119.2738346,2392417.3108466147
96,2026-02-25,24536773,37949551.1444246,39103957.91728873,1154406.7728641238
96,2026-02-25,24537061,34891483.23573806,35694809.34776861,803326.1120305525
96,2026-02-25,24537188,68077328.76724958,69107194.90079562,1029866.1335460336
96,2026-02-25,24537293,12826985.468471415,12946888.435051829,119902.96658041369
96,2026-02-26,24537395,48255117.8483633,48813945.327827774,558827.4794644755
96,2026-02-26,24537646,30635695.617407624,30969954.19776465,334258.5803570255
96,2026-02-26,24537712,22614363.649475534,23119089.29877274,504725.64929720754
96,2026-02-26,24537927,35935105.87205991,36291553.540152244,356447.66809233534
96,2026-02-26,24537929,30984268.969890162,31527254.230122417,542985.260232254
96,2026-02-26,24538090,28381036.42785442,29061218.303372003,680181.8755175826
96,2026-02-26,24538203,35819144.91441331,37213924.895221524,1394779.9808082131
96,2026-02-26,24538241,32585244.89576953,33110904.70610132,525659.8103317919
96,2026-02-26,24538258,35586438.900308624,35803234.64226147,216795.74195284967
96,2026-02-26,24538302,31574309.039094847,32339963.537527885,765654.4984330401
96,2026-02-26,24538452,63336884.58232669,64545919.42890295,1209034.846576255
96,2026-02-26,24538845,41641045.21621877,41921783.34094632,280738.12472755177
96,2026-02-26,24538993,33918378.1828927,34797820.173138775,879441.9902460766
96,2026-02-26,24539073,47978161.90707042,49457662.52362425,1479500.6165538265
96,2026-02-26,24539100,32052161.579873815,33132347.162177395,1080185.5823035783
96,2026-02-26,24539276,54154219.58167461,55156636.730180606,1002417.14850599
96,2026-02-26,24539332,8230649.902817744,8322783.059074937,92133.15625719319
96,2026-02-26,24539597,66033141.70773542,68165824.5440027,2132682.836267279
96,2026-02-26,24539695,14433518.871909652,15050742.902823932,617224.0309142792
96,2026-02-26,24539885,35276722.78831738,36314512.1156627,1037789.3273453211
96,2026-02-26,24540137,16757385.343904437,17241893.78507401,484508.44116957136
96,2026-02-26,24540178,44168367.99972428,45960133.783084884,1791765.7833606112
96,2026-02-26,24540277,33290798.051751252,33495682.892739132,204884.8409878799
96,2026-02-26,24540486,27035755.325353432,27531191.655082908,495436.32972947514
96,2026-02-26,24540504,35289974.13570641,36081079.69795315,791105.5622467435
96,2026-02-26,24540598,20949489.537311707,21083992.992871832,134503.45556012623
96,2026-02-26,24540641,24545623.276855867,25002841.569437195,457218.29258132644
96,2026-02-26,24540988,54114116.993275516,55586274.35339463,1472157.360119107
96,2026-02-26,24541235,29877795.26133349,30286445.867903166,408650.60656967567
96,2026-02-26,24541271,31914130.71089796,32705519.312991627,791388.6020936646
96,2026-02-26,24541439,38849282.44183479,39854315.23595738,1005032.7941225818
96,2026-02-26,24541495,39620141.85977402,40425027.157932565,804885.2981585409
96,2026-02-26,24541793,69979058.97245675,70552584.93321715,573525.9607604031
96,2026-02-26,24541863,25026722.72074139,26175165.29300251,1148442.5722611174
96,2026-02-26,24541865,16490980.217867907,16913208.744596463,422228.52672855544
96,2026-02-26,24541892,14680609.976359237,16234417.558526302,1553807.5821670648
96,2026-02-26,24541948,87638173.32629316,89645928.91546826,2007755.5891750988
96,2026-02-26,24542269,47762987.769972496,48598714.45743015,835726.68745765
96,2026-02-26,24542379,91140238.00397445,92372932.45242946,1232694.4484550082
96,2026-02-26,24542400,18544862.460539997,19379826.885747537,834964.4252075412
96,2026-02-26,24542493,45629946.814267285,46443073.786585145,813126.9723178601
96,2026-02-26,24542693,64683319.653559215,66038228.898620754,1354909.2450615417
96,2026-02-26,24543616,45403493.001122266,46294088.53033283,890595.5292105658
96,2026-02-26,24543623,54542129.566992395,55636650.0704696,1094520.5034772058
96,2026-02-26,24543712,17511827.54886099,18175229.261759523,663401.7128985313
96,2026-02-26,24543868,42702098.66815586,44544199.902058356,1842101.2339025035
96,2026-02-26,24544130,33164930.2870862,33512013.389249142,347083.1021629439
96,2026-02-26,24544362,7475808.863517201,7524887.06035816,49078.19684095944
96,2026-02-26,24544429,41087785.85789753,43312915.644687116,2225129.786789587
96,2026-02-26,24544488,31120481.29276197,31507339.226165105,386857.93340313353
96,2026-02-27,24544667,32018020.794499587,32681819.56460002,663798.7701004334
96,2026-02-27,24544712,27174713.494403355,27455338.476900082,280624.98249672895
96,2026-02-27,24544724,36499981.382451326,37331901.386075564,831920.0036242366
96,2026-02-27,24544781,26343795.78962213,26587893.99381906,244098.20419692862
96,2026-02-27,24544976,38374455.41451898,38749125.30637927,374669.89186029066
96,2026-02-27,24544990,58979730.27399301,61743767.221506484,2764036.9475134765
96,2026-02-27,24545383,31522445.335500885,31978880.617715225,456435.2822143405
96,2026-02-27,24545526,41851163.91256784,44016346.311440974,2165182.3988731354
96,2026-02-27,24545660,35189116.80153211,38017569.59974183,2828452.798209717
96,2026-02-27,24545704,74057967.14517103,76173648.73835786,2115681.593186819
96,2026-02-27,24545759,87772095.10492681,90081231.74229524,2309136.6373684234
96,2026-02-27,24545787,34963010.86361185,35169289.78424529,206278.9206334408
96,2026-02-27,24545824,65486175.29587265,66610411.75003053,1124236.4541578866
96,2026-02-27,24545847,37936754.20822916,39246587.596855074,1309833.388625911
96,2026-02-27,24545894,49197069.46057817,54694235.35111991,5497165.890541737
96,2026-02-27,24546197,42449045.664494894,42945353.19364214,496307.52914724324
96,2026-02-27,24546575,23064175.0170087,23731514.298067223,667339.2810585233
96,2026-02-27,24546616,35302549.436705366,36043411.63429744,740862.1975920708
96,2026-02-27,24547123,39957273.13381058,40647420.02822303,690146.894412452
96,2026-02-27,24547157,56753745.70126309,59315212.98152747,2561467.280264375
96,2026-02-27,24547296,24096271.157744057,24919366.29813753,823095.1403934716
96,2026-02-27,24547325,9708067.726095263,9708067.726095263,0.0
96,2026-02-27,24547413,81848347.14175203,85245191.73038366,3396844.588631631
96,2026-02-27,24547444,83992346.44614038,86406021.6972289,2413675.251088516
96,2026-02-27,24547448,47912369.77806501,48089860.68127078,177490.90320576864
96,2026-02-27,24547527,34019949.62008325,34430791.97013296,410842.35004971264
96,2026-02-27,24547543,53551381.08070748,55463339.58820489,1911958.5074974042
96,2026-02-27,24548110,32172497.51341543,32725852.825250234,553355.311834803
96,2026-02-27,24548326,16279580.970931197,16557378.319859223,277797.34892802685
96,2026-02-27,24548467,73907349.79323915,76656286.54438993,2748936.7511507883
96,2026-02-27,24549024,23127677.237065002,23267155.80786573,139478.57080072776
96,2026-02-27,24549091,30892900.620496374,31444114.265656576,551213.6451601989
96,2026-02-27,24549181,24384662.59666258,25454611.392900173,1069948.7962375928
96,2026-02-27,24549324,22082177.69473734,22461398.37663539,379220.6818980533
96,2026-02-27,24549369,49815193.33037278,52684443.42207656,2869250.0917037814
96,2026-02-27,24549437,34429157.57711929,35218983.89451311,789826.3173938113
96,2026-02-27,24549495,28581662.310237493,29068156.402623422,486494.09238592815
96,2026-02-27,24549497,51386824.015154354,53168556.33674009,1781732.321585732
96,2026-02-27,24549706,22541612.56928803,24178750.05307116,1637137.4837831291
96,2026-02-27,24549897,11794124.685379893,11866318.991511587,72194.30613169548
96,2026-02-27,24550194,25121278.873802178,26330195.486000758,1208916.6121985782
96,2026-02-27,24550220,40782439.27359647,41762695.48503904,980256.2114425608
96,2026-02-27,24550445,70637818.75843993,71247848.25493373,610029.4964938031
96,2026-02-27,24550494,20838276.506105334,21062750.26482058,224473.75871524465
96,2026-02-27,24550511,34723159.98504418,36586117.35342644,1862957.3683822607
96,2026-02-27,24550552,53583647.739006914,54919632.411021255,1335984.6720143415
96,2026-02-27,24550752,33010568.62867766,33798281.69844577,787713.0697681099
96,2026-02-27,24551301,54025466.04841723,54393324.50835629,367858.4599390542
96,2026-02-27,24551428,54400416.860582344,57781645.455988586,3381228.595406244
96,2026-02-27,24551519,36999068.58662778,37941871.43491548,942802.8482877034
96,2026-02-28,24551773,29230559.54549834,29400371.075376406,169811.52987806243
96,2026-02-28,24552044,3885152.631075424,3887658.049520313,2505.418444888288
96,2026-02-28,24552395,42050501.099388465,44003639.92709466,1953138.8277061991
96,2026-02-28,24552472,32841964.762329046,32948541.250100948,106576.48777190509
96,2026-02-28,24552570,43653682.14566843,45445673.413172364,1791991.2675039312
96,2026-02-28,24552685,59278543.95549899,60169687.44787224,891143.4923732493
96,2026-02-28,24552730,22891456.251408566,24302903.643875822,1411447.3924672573
96,2026-02-28,24552827,71347743.0908906,73084684.60106774,1736941.5101771357
96,2026-02-28,24553009,19198055.199563257,19720073.396130353,522018.19656709593
96,2026-02-28,24553175,13184311.24601608,13515921.29133267,331610.04531659075
96,2026-02-28,24553239,28278109.266759697,28495629.30225812,217520.03549842184
96,2026-02-28,24553247,36597621.38305963,37226811.94648068,629190.5634210493
96,2026-02-28,24553274,50476086.50951803,51417479.80349757,941393.293979538
96,2026-02-28,24553471,79318712.97095919,80764777.10707323,1446064.1361140534
96,2026-02-28,24553510,38100462.212851636,38628395.647230536,527933.4343789021
96,2026-02-28,24553533,27630672.998288665,27930731.992010497,300058.9937218338
96,2026-02-28,24554003,81415480.78508164,83313908.44384617,1898427.6587645253
96,2026-02-28,24554060,40111907.91883222,40671034.736933626,559126.8181014049
96,2026-02-28,24554275,32170344.974442426,32778884.770917855,608539.7964754264
96,2026-02-28,24554381,38479025.705859855,40526802.17468433,2047776.4688244823
96,2026-02-28,24554455,25349079.83181208,26144991.161856122,795911.3300440435
96,2026-02-28,24554480,35281473.26599527,36323481.928481594,1042008.6624863187
96,2026-02-28,24554590,41106572.19515693,41548336.56280835,441764.36765141855
96,2026-02-28,24554910,35340597.54799998,36661954.84823127,1321357.3002312947
96,2026-02-28,24554950,36915342.65844788,39206702.52521837,2291359.8667704933
96,2026-02-28,24555194,37746983.037976086,37864617.181524165,117634.14354807828
96,2026-02-28,24555311,49962837.82033948,50948170.63241638,985332.8120769043
96,2026-02-28,24555390,26547576.95609788,26639030.581580933,91453.62548305493
96,2026-02-28,24555410,33876477.37278378,35530403.06002407,1653925.6872402867
96,2026-02-28,24555694,15710985.388508508,16566187.151790386,855201.7632818782
96,2026-02-28,24555846,91409902.94611314,91945376.477112,535473.53099886
96,2026-02-28,24555848,71883989.17532703,75217614.15571083,3333624.9803837854
96,2026-02-28,24555970,25201017.055506587,25775408.777863815,574391.7223572305
96,2026-02-28,24556436,53447126.83009646,55450925.52477414,2003798.6946776786
96,2026-02-28,24556483,51374861.147166915,53618992.80654255,2244131.6593756382
96,2026-02-28,24556898,65173478.75052863,66441550.88151555,1268072.1309869164
96,2026-02-28,24557158,33755324.64090164,34726738.2781011,971413.6371994655
96,2026-02-28,24557255,35889427.8871378,36539866.43268273,650438.5455449299
96,2026-02-28,24557492,40038971.28680515,41447062.13126154,1408090.8444563884
96,2026-02-28,24557734,46873634.52614486,47856279.31040817,982644.784263303
96,2026-02-28,24557819,36963722.67050716,37605090.719376385,641368.0488692189
96,2026-02-28,24557854,26578611.2885057,26811440.165825035,232828.8773193363
96,2026-02-28,24557909,64670496.261153,65546116.56799351,875620.3068405105
96,2026-02-28,24558284,56734465.19631962,60428451.1261477,3693985.9298280803
96,2026-02-28,24558321,22097491.422138754,22302435.235346973,204943.81320821604
96,2026-02-28,24558463,50019882.304137126,54693078.5775644,4673196.273427278
96,2026-02-28,24558510,72884924.23021752,77764319.81512873,4879395.584911213
96,2026-02-28,24558570,76730566.28056754,79924868.38904193,3194302.108474392
96,2026-02-28,24558577,22996796.311751172,23185644.59808236,188848.28633118607
96,2026-02-28,24558813,34051936.92368737,35054343.667623594,1002406.7439362264
96,2026-03-01,24558872,77945801.75835615,80907733.7395859,2961931.981229761
96,2026-03-01,24559277,34594325.52093097,35478986.3774273,884660.8564963324
96,2026-03-01,24559435,81120037.33925696,84108789.89400335,2988752.5547463917
96,2026-03-01,24559571,45917049.94918233,46531466.55105802,614416.6018756892
96,2026-03-01,24559671,26636097.61479886,27293396.777790666,657299.1629918076
96,2026-03-01,24559706,47349519.86744434,48076263.088003226,726743.2205588842
96,2026-03-01,24559822,16087675.534273146,16424313.14852698,336637.6142538338
96,2026-03-01,24559992,46851812.85279225,47337145.75366767,485332.900875418
96,2026-03-01,24560015,34132184.773168325,34287553.98132678,155369.20815845538
96,2026-03-01,24560041,61780387.10762121,64513992.16512078,2733605.0574995736
96,2026-03-01,24560190,70531496.62474261,72996111.39131775,2464614.766575137
96,2026-03-01,24560433,36231851.458058774,36989451.405151494,757599.9470927182
96,2026-03-01,24560471,13906224.348308256,14706972.564507207,800748.2161989504
96,2026-03-01,24560610,43233951.11264803,44000168.16290085,766217.0502528136
96,2026-03-01,24560621,29989344.80870785,30707987.405178167,718642.596470318
96,2026-03-01,24560762,21550431.462437395,22245500.016539108,695068.5541017166
96,2026-03-01,24560832,50370911.387393646,51003443.94372329,632532.5563296472
96,2026-03-01,24561098,41280814.58650444,42760989.57183307,1480174.9853286291
96,2026-03-01,24561475,25670489.424022216,26754173.758766618,1083684.3347444024
96,2026-03-01,24561505,62542896.429858886,63023569.231815815,480672.8019569279
96,2026-03-01,24561513,73369866.30238149,73551224.8676025,181358.5652210093
96,2026-03-01,24561646,28648817.47468409,29521386.541830014,872569.0671459251
96,2026-03-01,24561668,36623450.356377676,37479952.07274903,856501.7163713573
96,2026-03-01,24561842,27915730.752723377,28432801.846673846,517071.0939504692
96,2026-03-01,24562009,29636483.248302124,30503616.62160482,867133.3733026928
96,2026-03-01,24562035,21013618.879684895,21351937.324801672,338318.4451167773
96,2026-03-01,24562162,69845744.44577011,70973008.63809834,1127264.1923282256
96,2026-03-01,24562189,30237249.870601654,31258693.980349578,1021444.1097479262
96,2026-03-01,24562845,77773759.18948133,77793707.52921215,19948.339730809093
96,2026-03-01,24563070,39140065.45661381,39339437.02654977,199371.56993596177
96,2026-03-01,24563111,28672021.43883553,30190922.74947869,1518901.3106431605
96,2026-03-01,24563255,14249414.621320644,14369860.783269946,120446.16194930248
96,2026-03-01,24563541,35326725.35060199,37332388.98093686,2005663.630334874
96,2026-03-01,24563600,12051132.331980528,12226919.63574821,175787.30376768077
96,2026-03-01,24563611,72120337.01391147,74347695.88313462,2227358.869223156
96,2026-03-01,24563793,35293806.98652429,35920774.9397622,626967.9532379006
96,2026-03-01,24563811,74244634.07588765,78437028.03766587,4192393.9617782263
96,2026-03-01,24563958,83997132.56114808,86337946.44628717,2340813.8851390914
96,2026-03-01,24564043,81090141.09194854,83090467.51897249,2000326.427023953
96,2026-03-01,24564081,42059490.67963532,43980325.59163113,1920834.9119958102
96,2026-03-01,24564116,24439120.48448963,24886320.13077099,447199.6462813579
96,2026-03-01,24564188,46944161.70559381,49920931.35386232,2976769.648268516
96,2026-03-01,24564341,38770234.13665779,39463385.857170805,693151.7205130198
96,2026-03-01,24564523,74611270.7409105,75340949.25148593,729678.510575439
96,2026-03-01,24564892,64679420.46852631,65642873.78510247,963453.3165761612
96,2026-03-01,24565058,44337043.71975562,45260166.33132237,923122.6115667595
96,2026-03-01,24565255,29046967.298545334,29665243.235795982,618275.9372506465
96,2026-03-01,24565469,27502304.87749152,28265251.250033252,762946.3725417303
96,2026-03-01,24565540,43142358.284930624,44659429.71138944,1517071.4264588105
96,2026-03-01,24565559,44298771.93254705,46113604.922572345,1814832.990025296
96,2026-03-02,24566258,13493102.524167074,13577498.809613781,84396.28544670675
96,2026-03-02,24566270,70619325.64041446,71455885.92064792,836560.2802334634
96,2026-03-02,24566316,15275725.215786912,16988095.26231448,1712370.0465275683
96,2026-03-02,24566617,54320581.25336637,55429390.883174255,1108809.6298078848
96,2026-03-02,24566876,27425635.181086883,27950352.718460917,524717.537374037
96,2026-03-02,24566930,6201118.603179684,6681306.193438834,480187.5902591498
96,2026-03-02,24567040,52082966.53643734,53263984.22127417,1181017.6848368305
96,2026-03-02,24567045,32258818.53968715,33045999.60556544,787181.0658782907
96,2026-03-02,24567360,26914987.51486198,27130942.992725722,215955.47786374687
96,2026-03-02,24567561,66899602.13394378,67911714.03368643,1012111.8997426478
96,2026-03-02,24567628,20145847.189167053,20330926.069978658,185078.88081160633
96,2026-03-02,24567673,26774507.615039553,27471770.439763673,697262.824724119
96,2026-03-02,24567865,38386064.63312213,39843626.82267318,1457562.189551044
96,2026-03-02,24568040,33916105.44295595,34116203.55383051,200098.11087456445
96,2026-03-02,24568120,29222273.170237016,29769507.57038702,547234.4001500041
96,2026-03-02,24568151,66846995.360081546,67189462.82701862,342467.466937068
96,2026-03-02,24568227,72372860.17111334,74585436.19162183,2212576.0205084947
96,2026-03-02,24568494,15637916.272038305,16010871.121981544,372954.8499432388
96,2026-03-02,24569293,40169187.33838589,41180721.16251491,1011533.8241290211
96,2026-03-02,24569667,34155575.91313563,34733829.478006706,578253.5648710696
96,2026-03-02,24569837,36784422.30739852,37518604.478225805,734182.1708272849
96,2026-03-02,24569875,31808319.89147322,32697654.918532837,889335.0270596171
96,2026-03-02,24570219,33871527.29887711,34588232.1807091,716704.8818319888
96,2026-03-02,24570403,63028842.84577195,65439189.71663182,2410346.8708598725
96,2026-03-02,24570448,29232753.464849938,29369190.914089203,136437.44923926453
96,2026-03-02,24570475,26056691.491346553,26646910.229021322,590218.7376747695
96,2026-03-02,24570592,34712366.51406105,34838121.79660544,125755.28254438868
96,2026-03-02,24570727,36521086.29945644,37049787.640248865,528701.340792428
96,2026-03-02,24570947,37418386.45189389,38251507.53462472,833121.0827308343
96,2026-03-02,24570972,17611009.688500766,18382642.229155365,771632.5406545978
96,2026-03-02,24571399,16619689.946288804,16751599.450211357,131909.50392255338
96,2026-03-02,24571404,40201766.14791122,41299355.67217083,1097589.5242596148
96,2026-03-02,24571440,67593846.2944637,69465122.50816412,1871276.213700429
96,2026-03-02,24571491,56448396.52918737,58412965.53888054,1964569.0096931772
96,2026-03-02,24571645,69957092.2812375,73345413.3232873,3388321.042049797
96,2026-03-02,24571840,16842583.117098402,16984050.82579146,141467.70869305776
96,2026-03-02,24571852,22297503.613115117,23050470.326732244,752966.7136171272
96,2026-03-02,24571903,26229743.387281675,27173527.930489905,943784.5432082283
96,2026-03-02,24571916,21345261.614623103,22051554.25551663,706292.6408935252
96,2026-03-02,24572296,35308486.70811879,36426667.99331205,1118181.2851932659
96,2026-03-02,24572446,29316113.477234576,30226353.739110526,910240.261875948
96,2026-03-02,24572494,12644652.921949895,14118337.817230638,1473684.895280743
96,2026-03-02,24572688,34970005.647416435,36226780.42857965,1256774.781163219
96,2026-03-02,24572787,26783768.58554138,27038600.830742333,254832.2452009533
96,2026-03-02,24572793,68845108.58458412,70758718.4518821,1913609.8672979742
96,2026-03-02,24572811,48528365.064785734,49661015.21341472,1132650.1486289913
96,2026-03-02,24572854,21606085.50327968,22631279.86205338,1025194.3587737004
96,2026-03-02,24572932,33363372.744373586,33592028.02231055,228655.27793696313
96,2026-03-02,24572950,55983016.81359708,57771030.85327491,1788014.039677831
96,2026-03-02,24573121,9854549.066330737,9931487.522473205,76938.45614246953
96,2026-03-03,24573208,63495798.586075045,64312753.359081514,816954.7730064647
96,2026-03-03,24573454,12457936.498459069,12613386.281571312,155449.78311224206
96,2026-03-03,24573509,21407538.778049566,21608595.076028943,201056.2979793779
96,2026-03-03,24573540,50741672.17957171,52519495.19357667,1777823.014004956
96,2026-03-03,24573611,35806550.013516195,35870198.013516195,63648.0
96,2026-03-03,24573747,62300712.34964167,63904116.637256905,1603404.28761523
96,2026-03-03,24574037,44614177.68249691,44971556.877093,357379.19459608925
96,2026-03-03,24574095,59502177.62098545,60716281.95670515,1214104.3357197056
96,2026-03-03,24574232,20105583.83885158,20573023.0219777,467439.1831261234
96,2026-03-03,24574394,41340065.86355544,42403171.18310727,1063105.3195518334
96,2026-03-03,24574756,40708312.282871924,40802507.76802379,94195.48515186287
96,2026-03-03,24574983,15397363.230124786,15415567.35421298,18204.124088193304
96,2026-03-03,24575387,37937612.23632753,39341084.517546564,1403472.2812190338
96,2026-03-03,24575436,54128648.06998352,55497620.52645916,1368972.4564756367
96,2026-03-03,24575555,28537967.67403683,28992557.226575177,454589.55253834545
96,2026-03-03,24575672,76293692.7937345,76779952.81110127,486260.01736675744
96,2026-03-03,24575760,48848489.82798601,50018631.509184584,1170141.6811985758
96,2026-03-03,24576107,60886209.43458221,62084131.37259836,1197921.9380161432
96,2026-03-03,24576276,42930847.19113663,45013669.78072376,2082822.5895871297
96,2026-03-03,24576616,35554379.430544615,36265136.854918055,710757.4243734416
96,2026-03-03,24576620,21797738.051378004,22458238.789483026,660500.738105024
96,2026-03-03,24577041,60404267.466827415,60780759.15946714,376491.6926397301
96,2026-03-03,24577155,26236965.1495739,27998049.185064085,1761084.0354901855
96,2026-03-03,24577158,62966249.068636484,65358052.28366733,2391803.215030853
96,2026-03-03,24577482,11783027.136511134,12017728.18567422,234701.04916308552
96,2026-03-03,24577489,35627585.516875304,35977110.90193912,349525.3850638115
96,2026-03-03,24577641,50569929.13807226,53288553.06956794,2718623.9314956777
96,2026-03-03,24577751,35649652.37913218,36695456.58310968,1045804.2039774959
96,2026-03-03,24577909,52052200.01516038,55503270.77186932,3451070.7567089396
96,2026-03-03,24578009,49842039.738653906,50855770.47257367,1013730.7339197614
96,2026-03-03,24578153,77870896.52068216,79761926.03577577,1891029.5150936139
96,2026-03-03,24578493,28030282.635656822,28296502.37247507,266219.73681824794
96,2026-03-03,24578669,73751428.16781548,77489479.86021715,3738051.6924016695
96,2026-03-03,24578707,32444744.78517113,34465380.82461812,2020636.0394469937
96,2026-03-03,24578897,60791586.853819594,61947717.16182565,1156130.3080060547
96,2026-03-03,24578951,44746582.96886687,45866066.70971817,1119483.740851302
96,2026-03-03,24579083,67199266.389291,69472344.29612009,2273077.9068290833
96,2026-03-03,24579130,27525656.197194744,27731598.675066415,205942.4778716708
96,2026-03-03,24579188,21736773.91553626,22319352.505023856,582578.5894875999
96,2026-03-03,24579284,0.0,0.0,0.0
96,2026-03-03,24579320,43308196.807353064,44257618.53913858,949421.7317855124
96,2026-03-03,24579326,66447728.97464019,71370464.16212764,4922735.1874874495
96,2026-03-03,24579351,34790251.939332604,37151602.856034346,2361350.9167017443
96,2026-03-03,24579356,68099450.88844144,70181045.5006443,2081594.6122028546
96,2026-03-03,24579539,36218483.03739625,38494051.55706147,2275568.519665218
96,2026-03-03,24579855,60049293.36703348,61752201.2093491,1702907.8423156198
96,2026-03-03,24579864,23099888.182146728,23553431.59804109,453543.41589436436
96,2026-03-03,24580116,42918932.90310318,44533280.55490248,1614347.6517992965
96,2026-03-03,24580320,13589630.604476094,13691719.670452988,102089.06597689302
96,2026-03-03,24580332,87950135.04222307,91384329.65707253,3434194.6148494584
96,2026-03-04,24580381,36675727.69766911,37450120.0597521,774392.3620829892
96,2026-03-04,24580400,41310542.180486366,43053782.885687366,1743240.7052010018
96,2026-03-04,24580499,37278601.05259095,39362312.58803355,2083711.5354426005
96,2026-03-04,24580573,21109268.569065806,21556100.954802103,446832.3857362999
96,2026-03-04,24580609,75890743.52913816,77031005.24002847,1140261.710890304
96,2026-03-04,24580630,48201174.36352797,51243211.558485635,3042037.1949576703
96,2026-03-04,24580636,55729217.46654578,56597531.32406015,868313.8575143642
96,2026-03-04,24580758,48458717.52991082,48792545.003749214,333827.4738383913
96,2026-03-04,24580981,18321973.64548902,18614958.70226924,292985.0567802244
96,2026-03-04,24581012,27409624.270052794,27876192.679917745,466568.4098649486
96,2026-03-04,24581019,50015791.747679345,50822277.18372391,806485.436044563
96,2026-03-04,24581085,36238224.77670628,36542333.70521659,304108.92851031106
96,2026-03-04,24581152,18425364.359028384,18559574.250716962,134209.8916885784
96,2026-03-04,24581470,51273784.99711089,52178271.74931293,904486.7522020468
96,2026-03-04,24581557,33305752.46930064,34074102.03870263,768349.5694019913
96,2026-03-04,24582074,66044958.6289388,66595674.47367965,550715.8447408408
96,2026-03-04,24582303,21660897.647532485,22392885.228023056,731987.5804905712
96,2026-03-04,24582337,15959892.438448029,15992870.215974845,32977.777526816586
96,2026-03-04,24582358,8246370.372841566,8264942.114372462,18571.741530896514
96,2026-03-04,24582507,33530021.982836727,33927398.543605685,397376.5607689558
96,2026-03-04,24582633,5069337.680163996,5190823.525330357,121485.84516636099
96,2026-03-04,24582754,20952738.203907304,20971938.203907304,19200.0
96,2026-03-04,24583196,45546471.6251304,46284088.154776126,737616.5296457272
96,2026-03-04,24583495,27164081.499410518,27676211.492316935,512129.99290641776
96,2026-03-04,24583888,16152381.340792574,16204450.077179631,52068.73638705842
96,2026-03-04,24583906,34819022.361111425,35368358.14835983,549335.7872484021
96,2026-03-04,24583912,31820120.156382963,32265012.954970468,444892.7985875019
96,2026-03-04,24584389,36816403.13350964,37498361.93186867,681958.7983590348
96,2026-03-04,24584482,29622569.69395806,30247710.228433326,625140.5344752653
96,2026-03-04,24584600,50910161.45685747,51401316.14999415,491154.6931366773
96,2026-03-04,24584652,38095674.67107717,38691211.60637453,595536.9352973653
96,2026-03-04,24584833,34398957.81936978,34922366.95192329,523409.13255350926
96,2026-03-04,24585103,66659407.27126932,69951039.37141876,3291632.1001494383
96,2026-03-04,24585429,26414053.153168675,26837085.284114823,423032.1309461489
96,2026-03-04,24585431,24460558.66886262,24802800.00650171,342241.33763908833
96,2026-03-04,24585449,54075846.91085578,58179963.032099694,4104116.121243916
96,2026-03-04,24585454,30021295.684769835,31038391.39878982,1017095.7140199842
96,2026-03-04,24585872,51876983.96423909,53007420.75468619,1130436.790447097
96,2026-03-04,24585978,81061273.51357073,82387632.74828069,1326359.2347099667
96,2026-03-04,24585990,31719537.459557585,32659632.164871234,940094.7053136479
96,2026-03-04,24586074,42956142.40209917,43725030.69935403,768888.2972548575
96,2026-03-04,24586094,69459018.15740296,70696024.57831533,1237006.4209123661
96,2026-03-04,24586275,38247116.93295432,39830871.041792214,1583754.1088378902
96,2026-03-04,24586296,31655079.96682534,33086980.97186732,1431901.0050419795
96,2026-03-04,24586358,46766149.216433175,47675704.97182979,909555.7553966187
96,2026-03-04,24586516,27057418.32035496,27359989.82628566,302571.5059306999
96,2026-03-04,24586531,53049970.167063214,55041984.86460645,1992014.697543233
96,2026-03-04,24586933,62923547.443742745,63607039.997472696,683492.5537299517
96,2026-03-04,24587109,61567172.903163046,65262185.057564504,3695012.1544014546
96,2026-03-04,24587296,46259613.46603716,49215258.65493824,2955645.188901075
96,2026-03-05,24587558,60688407.9199069,61587138.718923345,898730.7990164459
96,2026-03-05,24587577,15793425.772597453,16095371.265928037,301945.493330586
96,2026-03-05,24588096,71465931.66413404,71973792.12628664,507860.46215259796
96,2026-03-05,24588221,50110916.01632805,50706728.4382287,595812.4219006421
96,2026-03-05,24588430,55331790.9264829,59517764.907719135,4185973.981236231
96,2026-03-05,24588706,23154576.512783736,23911671.434889626,757094.9221058919
96,2026-03-05,24588780,26152019.461718496,26629303.9609379,477284.4992194024
96,2026-03-05,24588830,37220219.83366311,39092473.16931937,1872253.3356562534
96,2026-03-05,24589042,45152869.84960107,46367421.62575214,1214551.7761510788
96,2026-03-05,24589137,59784957.38201465,61662482.83379229,1877525.4517776435
96,2026-03-05,24589214,45569442.27404401,47130605.54416989,1561163.270125887
96,2026-03-05,24589244,35124432.02399427,35575650.24656155,451218.2225672869
96,2026-03-05,24589303,22068109.041367017,22341624.552105688,273515.5107386724
96,2026-03-05,24589544,37792215.408762,38562520.11283667,770304.7040746697
96,2026-03-05,24589662,42764942.7496588,43460280.32944068,695337.5797818884
96,2026-03-05,24589687,52602176.3372708,53721958.941620566,1119782.6043497701
96,2026-03-05,24589732,32707439.41376245,33322780.521020252,615341.1072578017
96,2026-03-05,24589802,36185484.37848205,37032938.600066215,847454.2215841602
96,2026-03-05,24589833,36045555.274710596,36629172.95076506,583617.6760544567
96,2026-03-05,24589925,38916579.51076613,39316568.217857055,399988.70709091536
96,2026-03-05,24590428,33036150.706556644,33765371.76530421,729221.0587475647
96,2026-03-05,24590704,89147170.02601671,91073210.22423239,1926040.1982156793
96,2026-03-05,24590763,14060267.136680054,14104202.926830513,43935.790150460554
96,2026-03-05,24590811,31023249.889905125,31226456.184898324,203206.29499319935
96,2026-03-05,24591057,32509004.743307233,33129169.865614716,620165.1223074838
96,2026-03-05,24591182,30315243.863022905,30917857.68998707,602613.8269641655
96,2026-03-05,24591205,19416968.68393096,19554507.410698764,137538.72676780337
96,2026-03-05,24591245,32087401.42653,32931137.374449976,843735.9479199749
96,2026-03-05,24591276,60252129.25483176,61934882.89944532,1682753.6446135554
96,2026-03-05,24591777,22512239.549737915,23143643.89099298,631404.3412550637
96,2026-03-05,24591928,31028958.633153047,32126833.06162713,1097874.4284740852
96,2026-03-05,24591990,29315876.597456384,29819140.98581036,503264.38835397456
96,2026-03-05,24592092,68437625.9637538,69603529.73805507,1165903.774301254
96,2026-03-05,24592093,38196511.227234155,39659830.12738908,1463318.9001549308
96,2026-03-05,24592319,57754552.27831047,60067615.022199005,2313062.7438885397
96,2026-03-05,24592374,24959456.32740495,25366080.65652909,406624.329124138
96,2026-03-05,24592596,49069569.497184105,52630120.7381789,3560551.2409947994
96,2026-03-05,24592721,41298342.58986647,41967660.48123348,669317.891367018
96,2026-03-05,24593003,26825081.95459651,27334796.82931364,509714.87471712864
96,2026-03-05,24593354,16950597.684137102,17212196.601734478,261598.9175973733
96,2026-03-05,24593392,66879910.07291661,67516906.33503701,636996.2621203894
96,2026-03-05,24593764,25211084.159663834,25564680.474540673,353596.3148768389
96,2026-03-05,24593819,73720447.85987133,74332537.68489909,612089.8250277665
96,2026-03-05,24593829,44839060.11394065,46033278.80103467,1194218.6870940137
96,2026-03-05,24593941,40103928.32572877,40655924.97674352,551996.6510147487
96,2026-03-05,24593947,35556419.38193402,36142704.419518776,586285.0375847522
96,2026-03-05,24593958,35945113.99668062,36966449.79507435,1021335.7983937379
96,2026-03-05,24594131,23992948.528618544,24213981.119521607,221032.59090306418
96,2026-03-05,24594152,27336524.495242022,28175169.246056423,838644.7508144011
96,2026-03-05,24594353,64500880.048333965,66099949.13016851,1599069.0818345419
96,2026-03-06,24595020,34290011.3454059,34562972.32776568,272960.98235978396
96,2026-03-06,24595255,72003919.78106269,72715370.38708359,711450.6060208959
96,2026-03-06,24595516,7887654.942441957,8150747.238517688,263092.29607573076
96,2026-03-06,24595616,46692057.0188444,47110563.81584083,418506.79699642834
96,2026-03-06,24595674,39586678.97878194,39816701.820181206,230022.84139926557
96,2026-03-06,24595875,68632426.56491636,69788749.77400038,1156323.2090840193
96,2026-03-06,24596156,77850204.66356832,78081960.92927752,231756.26570921318
96,2026-03-06,24596195,48585406.505153045,49090191.52638596,504785.0212329193
96,2026-03-06,24596249,44490008.05773456,45252868.511978135,762860.4542435765
96,2026-03-06,24596291,56968440.48856833,58718008.7041842,1749568.215615869
96,2026-03-06,24596343,51821876.215013675,53676392.328202486,1854516.113188814
96,2026-03-06,24596400,20571430.897861738,20656700.843538146,85269.94567640906
96,2026-03-06,24596577,25858497.378407124,26073653.892111894,215156.5137047671
96,2026-03-06,24596712,77769333.72349304,79497526.82147707,1728193.0979840287
96,2026-03-06,24596944,45545886.939246565,45705386.254302464,159499.31505589667
96,2026-03-06,24596989,12717489.882886011,12830001.882886011,112512.0
96,2026-03-06,24597063,30437963.947125416,30930806.553669628,492842.60654420964
96,2026-03-06,24597133,31231447.743289314,31752919.542147588,521471.7988582729
96,2026-03-06,24597192,85473318.93398893,89771711.21850608,4298392.284517156
96,2026-03-06,24597954,61628026.79928613,63779958.989670694,2151932.190384564
96,2026-03-06,24597962,59563519.48608775,61239782.287251316,1676262.801163569
96,2026-03-06,24597965,31210878.59529356,34029413.16160913,2818534.5663155657
96,2026-03-06,24598199,29608547.039011005,30782252.07319272,1173705.0341817127
96,2026-03-06,24598365,52460042.203974314,53844029.87530674,1383987.6713324303
96,2026-03-06,24598389,36048892.64967119,37491529.83105161,1442637.18138042
96,2026-03-06,24598467,23199041.652822047,23498943.573569395,299901.92074734514
96,2026-03-06,24598512,25784369.012872163,26028393.49023811,244024.47736595123
96,2026-03-06,24598635,35546279.275798514,36782386.07084465,1236106.7950461414
96,2026-03-06,24598655,42302463.13554532,44737483.93564051,2435020.800095186
96,2026-03-06,24598830,9773158.753221761,10213718.572714664,440559.8194929034
96,2026-03-06,24599170,57569738.47819345,57754360.828897625,184622.35070417525
96,2026-03-06,24599261,16441280.008230193,16600532.018414674,159252.01018448273
96,2026-03-06,24599560,45863653.27618662,46357035.66055539,493382.3843687673
96,2026-03-06,24599586,69137707.3960131,70323520.47124714,1185813.0752340453
96,2026-03-06,24599631,56038152.32851572,57087758.36351004,1049606.0349943172
96,2026-03-06,24599731,34083703.61174258,34486103.75471172,402400.14296913706
96,2026-03-06,24599825,34554680.18406373,35128116.97382931,573436.7897655738
96,2026-03-06,24599831,31299925.150681004,31913164.637970433,613239.4872894301
96,2026-03-06,24600176,22182431.4208986,22569053.12504678,386621.70414817997
96,2026-03-06,24600190,20077166.647965007,20272399.509207085,195232.86124207918
96,2026-03-06,24600227,22516742.517939437,22786482.919846356,269740.4019069183
96,2026-03-06,24600453,35038146.32312486,35779607.85017717,741461.5270523068
96,2026-03-06,24600667,26361164.5256299,26690572.847606912,329408.3219770107
96,2026-03-06,24600695,56763372.74908668,58017138.27456274,1253765.5254760599
96,2026-03-06,24600988,20689832.428296864,20997804.375445515,307971.9471486512
96,2026-03-06,24601169,35655060.33779245,36458847.59774816,803787.2599557133
96,2026-03-06,24601179,12785289.835723303,13076618.138054203,291328.3023309013
96,2026-03-06,24601222,23801474.53307523,24176792.086257275,375317.55318204616
96,2026-03-06,24601464,11234559.153860416,11475670.715902444,241111.56204202882
96,2026-03-06,24601708,43658106.86579332,44107729.412247255,449622.5464539432
96,2026-03-07,24601884,17932318.993822344,18405129.68678621,472810.69296386663
96,2026-03-07,24601933,16810633.647402365,17613373.02741342,802739.3800110536
96,2026-03-07,24601951,24411789.040504202,25776568.900987618,1364779.8604834168
96,2026-03-07,24602068,31130433.354447775,31761104.24382666,630670.8893788849
96,2026-03-07,24602165,46431228.42131046,46933759.03924599,502530.61793553
96,2026-03-07,24602255,48174253.98876327,48682036.50001335,507782.5112500847
96,2026-03-07,24602444,30160412.592976157,30595183.161671188,434770.56869503134
96,2026-03-07,24602454,31106104.875960436,35057292.71243601,3951187.8364755795
96,2026-03-07,24602494,21138193.868916202,21744867.383948334,606673.5150321315
96,2026-03-07,24602522,49371393.38817102,50319118.405380264,947725.0172092478
96,2026-03-07,24602603,48984661.889026426,50144318.195928425,1159656.3069019988
96,2026-03-07,24602731,54605253.55932073,55241668.276028425,636414.7167076943
96,2026-03-07,24602813,21728148.895352922,21989830.538717717,261681.64336479595
96,2026-03-07,24602969,30365989.315294415,31027393.080046866,661403.7647524519
96,2026-03-07,24603010,67005815.08434072,67521533.98173933,515718.8973986133
96,2026-03-07,24603017,57143172.46377486,57488027.12059427,344854.65681940824
96,2026-03-07,24604149,22954307.53311985,23376328.47753394,422020.9444140896
96,2026-03-07,24604224,39207795.932523444,39735930.844570935,528134.9120474838
96,2026-03-07,24604367,55950076.49229014,56501059.869558804,550983.3772686683
96,2026-03-07,24604432,43822725.10316246,44386845.64163393,564120.5384714685
96,2026-03-07,24604766,50156453.68035739,50515377.691278785,358924.0109213919
96,2026-03-07,24605027,32471997.84583036,34896798.87181772,2424801.025987364
96,2026-03-07,24605134,9634019.880108636,9814828.091576535,180808.2114678991
96,2026-03-07,24605142,45048832.59503921,46212537.32045982,1163704.7254206077
96,2026-03-07,24605648,44686642.29975076,45191575.22472365,504932.9249728919
96,2026-03-07,24605733,62580951.54873894,63394313.73120296,813362.1824640142
96,2026-03-07,24606035,23476529.441069756,23833948.939645585,357419.4985758273
96,2026-03-07,24606205,19942129.330963984,20180996.862664063,238867.5317000796
96,2026-03-07,24606434,60019796.61639833,60541159.962152615,521363.3457542931
96,2026-03-07,24606500,43322415.870630965,43839665.557062246,517249.6864312785
96,2026-03-07,24606514,32047938.486845974,32379176.58381983,331238.09697386017
96,2026-03-07,24606681,12660925.61847658,12956790.33481706,295864.71634047944
96,2026-03-07,24606802,23869735.318592157,24571258.655054677,701523.336462521
96,2026-03-07,24607013,44180227.50489642,45932044.567333445,1751817.0624370328
96,2026-03-07,24607220,31720005.2825947,31967508.097781673,247502.81518697622
96,2026-03-07,24607227,38402844.5148016,39719444.50006134,1316599.9852597439
96,2026-03-07,24607285,23939753.6925246,25169713.689171243,1229959.9966466418
96,2026-03-07,24607375,38087390.73052637,39064908.28547711,977517.5549507353
96,2026-03-07,24607376,47804040.53821449,48609729.83040985,805689.2921953617
96,2026-03-07,24607480,28756809.158565924,29220171.220626865,463362.0620609427
96,2026-03-07,24607522,28200766.981928736,28935825.662799917,735058.6808711792
96,2026-03-07,24607711,28774952.87441696,29430402.75267219,655449.8782552334
96,2026-03-07,24607891,53993711.13594494,55110538.03211521,1116826.8961702706
96,2026-03-07,24608145,31875048.28030872,32274550.53047207,399502.2501633505
96,2026-03-07,24608325,32406834.15001882,33132880.945312668,726046.795293851
96,2026-03-07,24608444,37525961.544278264,39217566.03628619,1691604.492007926
96,2026-03-07,24608584,35756870.45842035,36013080.64916685,256210.19074650196
96,2026-03-07,24608623,43739269.35089987,44102110.1847299,362840.83383002446
96,2026-03-07,24608819,23390963.466490835,24712304.311448198,1321340.8449573617
96,2026-03-07,24609010,43021893.65176431,43377111.72374181,355218.0719774989
96,2026-03-08,24609060,16925009.99300466,17219004.818709858,293994.82570519706
96,2026-03-08,24609071,24074742.207664125,24550274.25794409,475532.0502799631
96,2026-03-08,24609187,36413414.72471937,36989417.639275685,576002.9145563145
96,2026-03-08,24609684,61155544.12281023,61605247.924745314,449703.80193508527
96,2026-03-08,24609737,28792489.487094283,29262568.542963535,470079.05586925085
96,2026-03-08,24609776,38092047.192954674,38676450.415752046,584403.2227973727
96,2026-03-08,24610007,26362104.80475544,27048132.252387036,686027.447631595
96,2026-03-08,24610024,37406851.89668044,37837032.10833872,430180.2116582887
96,2026-03-08,24610295,22150065.5524026,22944399.02486645,794333.4724638492
96,2026-03-08,24610298,52351697.40877479,52899549.52662151,547852.1178467203
96,2026-03-08,24610486,96144781.28346246,96210261.70649646,65480.42303399643
96,2026-03-08,24610586,4635161.825664281,4999802.788241799,364640.9625775184
96,2026-03-08,24610600,36183870.14888861,36638526.39841749,454656.2495288831
96,2026-03-08,24610633,38015000.30136719,39151571.03285778,1136570.7314905913
96,2026-03-08,24610769,42610593.08931293,43561678.33596512,951085.2466521859
96,2026-03-08,24610996,33437271.457769897,33770527.9572585,333256.4994886072
96,2026-03-08,24611355,11737473.085893242,11956112.726887466,218639.64099422446
96,2026-03-08,24611403,17797723.32874585,18252396.486807164,454673.15806131373
96,2026-03-08,24611659,17144912.245978497,17144912.245978497,0.0
96,2026-03-08,24612092,18768839.435566552,18857065.89501584,88226.45944928839
96,2026-03-08,24612126,21622371.897610817,21893346.029439278,270974.1318284593
96,2026-03-08,24612140,46700727.07686315,49280501.891347595,2579774.814484443
96,2026-03-08,24612267,20387944.966874544,20728379.92843669,340434.9615621456
96,2026-03-08,24612274,28191113.186303113,28537814.88981257,346701.7035094561
96,2026-03-08,24612299,81600701.45073402,81942867.4369295,342165.98619548045
96,2026-03-08,24612352,38192778.615533054,38661937.08448981,469158.4689567557
96,2026-03-08,24612698,62511633.020581745,62891629.172028005,379996.15144625574
96,2026-03-08,24612779,22804403.472367205,23321387.970698304,516984.49833109666
96,2026-03-08,24613013,19348473.350476604,19673314.857709974,324841.50723337196
96,2026-03-08,24613016,35227800.80826127,35582411.241472386,354610.4332111227
96,2026-03-08,24613035,21859493.51371137,22143910.51538092,284417.0016695485
96,2026-03-08,24613542,53902279.86609083,55615403.40754646,1713123.5414556402
96,2026-03-08,24613596,28596527.169441916,29255339.50315329,658812.3337113722
96,2026-03-08,24613741,20951452.12231226,21008245.859188426,56793.736876164694
96,2026-03-08,24613784,32540441.942511484,33422885.523086958,882443.5805754741
96,2026-03-08,24613828,15629824.144617941,15817197.50022368,187373.35560573783
96,2026-03-08,24614047,30875915.42942379,31269259.746867247,393344.31744345557
96,2026-03-08,24614144,41313838.02499366,42194548.55893944,880710.5339457818
96,2026-03-08,24614325,47231124.174917884,47978877.3784224,747753.2035045174
96,2026-03-08,24614521,34220776.02335863,34742113.842201,521337.8188423707
96,2026-03-08,24614522,3446526.8962822203,3703439.212696016,256912.31641379552
96,2026-03-08,24614550,17346113.156634215,17793314.093791176,447200.93715695874
96,2026-03-08,24614662,9028794.088017233,9111898.385186117,83104.29716888415
96,2026-03-08,24614874,68243372.80958554,69142757.66189387,899384.852308337
96,2026-03-08,24614923,33016735.665737767,33724453.89939033,707718.2336525667
96,2026-03-08,24615086,30541463.824312996,30762896.991552677,221433.16723968097
96,2026-03-08,24615206,57189855.17044826,57826999.775544815,637144.6050965545
96,2026-03-08,24615412,26082362.42444973,26773600.64614364,691238.22169391
96,2026-03-08,24615689,53517415.185185894,54545991.532299794,1028576.3471138942
96,2026-03-08,24615770,46048607.794713214,47239206.25205289,1190598.4573396759
96,2026-03-09,24616319,79428179.14302272,80889630.0848246,1461450.9418018921
96,2026-03-09,24616503,25280057.231085185,25979883.823725723,699826.5926405357
96,2026-03-09,24616588,36470598.64624949,37034065.043428496,563466.397179011
96,2026-03-09,24616736,32046849.72893396,32393390.395960107,346540.6670261465
96,2026-03-09,24616769,25364668.65161772,25771052.81963686,406384.16801913804
96,2026-03-09,24617334,27036232.904080454,27487760.308675632,451527.4045951789
96,2026-03-09,24617578,12579601.159496594,12913659.361964326,334058.20246773254
96,2026-03-09,24617604,8706907.260798018,8870172.765239066,163265.50444104554
96,2026-03-09,24617877,23477260.11120698,24023970.437832996,546710.3266260186
96,2026-03-09,24618085,57415964.2546017,57953090.34868442,537126.0940827216
96,2026-03-09,24618343,21881288.26346881,22025511.904380057,144223.6409112499
96,2026-03-09,24618661,47637244.23555805,48283729.39375443,646485.1581963848
96,2026-03-09,24618799,23767407.538196534,24123234.345121518,355826.80692498636
96,2026-03-09,24618842,49064904.0227911,49646090.22808828,581186.2052971835
96,2026-03-09,24619038,68572514.57089019,69804517.82683675,1232003.2559465657
96,2026-03-09,24619199,33415175.922429312,33719192.50656847,304016.58413915674
96,2026-03-09,24619236,54302967.66246833,54632823.61068561,329855.9482172763
96,2026-03-09,24619329,51512748.32073407,52144267.34790745,631519.0271733818
96,2026-03-09,24619380,14919545.343542712,15237637.831469152,318092.4879264391
96,2026-03-09,24619463,28273000.133815706,28439255.650268946,166255.51645324228
96,2026-03-09,24619663,10180052.185340889,10317410.363423867,137358.17808297853
96,2026-03-09,24619720,61140192.536008105,62135225.560479425,995033.0244713244
96,2026-03-09,24619824,74462094.50067067,75288948.82438214,826854.323711466
96,2026-03-09,24619883,17979546.447567593,18060317.450408876,80771.00284128508
96,2026-03-09,24619926,29933855.056660883,30406077.595913146,472222.5392522639
96,2026-03-09,24620101,27306535.16340445,27736577.984676678,430042.82127222844
96,2026-03-09,24620186,31741691.216825694,32498247.758894376,756556.5420686839
96,2026-03-09,24620303,24490339.222146314,24724092.27429486,233753.05214854394
96,2026-03-09,24620527,47153141.28270591,47745276.957457796,592135.6747518838
96,2026-03-09,24620995,32100701.501362626,32587763.051306505,487061.5499438807
96,2026-03-09,24621306,46361586.67985101,47195747.54651065,834160.8666596427
96,2026-03-09,24621369,37641691.07831325,40651767.025742516,3010075.947429265
96,2026-03-09,24621511,30883831.056409553,31251388.515832063,367557.45942250954
96,2026-03-09,24621532,35324559.34119808,37619771.73904968,2295212.3978516017
96,2026-03-09,24621740,53789068.14002376,56788218.94072497,2999150.800701213
96,2026-03-09,24621821,39099610.68232516,39402212.717824794,302602.03549963376
96,2026-03-09,24621874,25050075.92793743,25475835.626770616,425759.69883318397
96,2026-03-09,24621898,26184473.950741906,26747700.2236262,563226.2728842964
96,2026-03-09,24621957,40294186.02679075,41197003.09949729,902817.0727065365
96,2026-03-09,24622023,71229131.70925984,72348975.71250618,1119844.0032463344
96,2026-03-09,24622069,40021566.01647135,41988012.37758851,1966446.361117164
96,2026-03-09,24622111,33729066.13482606,35287439.52380089,1558373.3889748317
96,2026-03-09,24622113,56131357.641547315,57157968.8074826,1026611.1659352863
96,2026-03-09,24622139,35807743.27043975,36208395.11476392,400651.8443241713
96,2026-03-09,24622317,38019575.26945547,38496554.89128874,476979.6218332779
96,2026-03-09,24622369,47801670.26327224,49954020.14364922,2152349.880376984
96,2026-03-09,24622554,36731428.22866887,38152651.17264756,1421222.943978689
96,2026-03-09,24622828,37326043.54863947,38071576.14718251,745532.598543047
96,2026-03-09,24623156,72896989.97180516,73588160.07014097,691170.0983358037
96,2026-03-09,24623217,28963368.05842826,29409047.969635308,445679.91120704386
96,2026-03-10,24623502,41110070.83652643,41572913.03958045,462842.2030540174
96,2026-03-10,24623842,46733807.23210296,46781807.23210296,48000.0
96,2026-03-10,24624006,24310547.56534048,24572874.73724069,262327.17190020846
96,2026-03-10,24624218,25121040.76831158,25478244.21011818,357203.4418065994
96,2026-03-10,24624287,30838991.07469959,30961246.23665586,122255.1619562712
96,2026-03-10,24624372,46991343.210608885,48677086.04111336,1685742.8305044784
96,2026-03-10,24624723,16206832.054703731,16470552.872953344,263720.8182496136
96,2026-03-10,24624793,29235689.286406267,29318141.599945206,82452.31353893837
96,2026-03-10,24624909,65034521.89557276,65595337.099288836,560815.2037160812
96,2026-03-10,24624954,60516315.531024836,61469279.78129338,952964.2502685413
96,2026-03-10,24625004,62389078.436667114,63553886.651457086,1164808.2147899764
96,2026-03-10,24625400,36226158.57057944,36823266.22980438,597107.6592249429
96,2026-03-10,24625678,33642431.2802663,34506875.90008345,864444.6198171562
96,2026-03-10,24625921,34533015.513885744,35572550.88980637,1039535.375920621
96,2026-03-10,24626029,55703307.179915175,57927574.107523695,2224266.9276085156
96,2026-03-10,24626086,27251755.726788882,28016224.930177838,764469.2033889559
96,2026-03-10,24626229,35134575.25518558,35735027.71042789,600452.4552423053
96,2026-03-10,24626309,29680824.06683623,30351226.60609046,670402.5392542278
96,2026-03-10,24626340,43909154.643503256,44937896.17948591,1028741.5359826521
96,2026-03-10,24626527,28321506.731398836,28550473.868657213,228967.1372583761
96,2026-03-10,24626614,65095297.747874446,65769228.651166685,673930.9032922453
96,2026-03-10,24626789,54559882.24100082,55787441.134067595,1227558.8930667709
96,2026-03-10,24626810,20354430.455776166,20514360.048939362,159929.5931631976
96,2026-03-10,24626863,36397415.3999351,36685011.84844351,287596.4485084062
96,2026-03-10,24626894,39275117.52894831,39874055.197812535,598937.6688642261
96,2026-03-10,24627038,13415795.537830114,13463409.73801943,47614.200189314215
96,2026-03-10,24627236,30848013.01732444,31536924.23208155,688911.2147571087
96,2026-03-10,24627414,20708489.218023345,20863339.231969755,154850.0139464115
96,2026-03-10,24627563,28541434.387291107,28759279.23236396,217844.84507285443
96,2026-03-10,24627634,41504965.48746177,42914567.73655638,1409602.2490946099
96,2026-03-10,24627865,20467083.466562465,20703058.40842837,235974.94186590944
96,2026-03-10,24627937,41907001.84073223,42891865.32593492,984863.4852026816
96,2026-03-10,24628089,33949820.3006399,34410622.10934986,460801.8087099658
96,2026-03-10,24628111,60563021.93838566,62060092.44028842,1497070.5019027588
96,2026-03-10,24628222,35328719.81542429,36024274.42159908,695554.6061747901
96,2026-03-10,24628374,28045802.69755374,28214356.527837962,168553.8302842212
96,2026-03-10,24628641,32761152.437609494,33910129.134207375,1148976.6965978774
96,2026-03-10,24628825,14021194.033798384,14306807.913592173,285613.87979378836
96,2026-03-10,24629006,25781588.521740675,26557231.610666644,775643.0889259693
96,2026-03-10,24629106,52178708.43432254,54285688.59285007,2106980.158527525
96,2026-03-10,24629275,30886269.740302812,33174551.957518913,2288282.2172161015
96,2026-03-10,24629318,25807758.577086728,26531395.581474118,723637.0043873918
96,2026-03-10,24629434,38052116.386291325,38556697.74530694,504581.3590156174
96,2026-03-10,24629468,26499150.082532693,27107865.053867646,608714.9713349519
96,2026-03-10,24629491,28590785.88605192,29252096.86074194,661310.9746900202
96,2026-03-10,24629624,30147604.343462832,31191530.816374425,1043926.4729115911
96,2026-03-10,24629838,80494379.28875153,80713251.73840454,218872.44965302176
96,2026-03-10,24629959,28292020.34569432,29598908.166361727,1306887.820667409
96,2026-03-10,24630402,38768148.8156073,40676198.961030446,1908050.145423142
96,2026-03-10,24630503,23307117.904319607,24129450.893492766,822332.98917316
96,2026-03-11,24630544,36870789.16613038,37666931.28171229,796142.1155819121
96,2026-03-11,24630616,36917379.558109604,37769738.91147646,852359.3533668537
96,2026-03-11,24630718,29704352.157093775,30194827.116689447,490474.95959567465
96,2026-03-11,24630883,38958497.64092192,39905878.341770515,947380.7008485938
96,2026-03-11,24630980,39521319.87837008,40667271.82677805,1145951.9484079722
96,2026-03-11,24631486,72172447.07916978,73929994.9982767,1757547.919106913
96,2026-03-11,24631537,35379403.61531999,36326563.32746951,947159.7121495194
96,2026-03-11,24631596,26640566.900802877,27118206.42482089,477639.5240180143
96,2026-03-11,24631607,29522211.343578357,30545210.1802335,1022998.8366551446
96,2026-03-11,24632080,34645555.085963614,35649158.91552607,1003603.8295624576
96,2026-03-11,24632162,17659372.45194966,17971219.906504627,311847.45455496595
96,2026-03-11,24632414,44226994.7647516,45641764.902894296,1414770.1381426977
96,2026-03-11,24632455,59437843.073546335,61471842.563809514,2033999.490263181
96,2026-03-11,24632572,5231688.533347141,5559476.682986033,327788.1496388928
96,2026-03-11,24632633,48531725.79934181,49369775.52293078,838049.7235889653
96,2026-03-11,24632685,32659910.87628025,34193749.739208706,1533838.862928455
96,2026-03-11,24632690,35083429.136751354,35582159.65270203,498730.5159506829
96,2026-03-11,24632736,40225096.2882351,41478081.59193426,1252985.3036991612
96,2026-03-11,24632737,44502034.04003288,45366099.721596226,864065.6815633455
96,2026-03-11,24632977,7761211.5930888355,7761211.5930888355,0.0
96,2026-03-11,24633009,33733361.43292765,34618931.71668871,885570.2837610547
96,2026-03-11,24633084,17653244.11273714,17992810.177867413,339566.0651302707
96,2026-03-11,24633379,17836558.336544767,18672741.006817553,836182.6702727893
96,2026-03-11,24633426,50846823.03316923,51946391.84547699,1099568.812307762
96,2026-03-11,24633543,22034686.6976865,22446295.250066873,411608.5523803709
96,2026-03-11,24633703,40118022.05670155,42388530.116324276,2270508.0596227306
96,2026-03-11,24633854,48917711.412798494,49940964.33660097,1023252.9238024736
96,2026-03-11,24634310,22754332.03045701,23778666.81695652,1024334.7864995113
96,2026-03-11,24634811,49035265.220804945,50405927.835120596,1370662.6143156542
96,2026-03-11,24634818,41488207.27139554,42075889.531006366,587682.2596108232
96,2026-03-11,24634975,26061399.683285613,26505740.78398135,444341.1006957351
96,2026-03-11,24634986,67655642.21038145,68518122.2737489,862480.0633674474
96,2026-03-11,24634996,39126691.18354038,39318680.63552498,191989.45198459926
96,2026-03-11,24635019,24080301.988978177,24624291.69033865,543989.7013604727
96,2026-03-11,24635200,31638626.22717794,32174428.43971708,535802.2125391383
96,2026-03-11,24635355,16368039.883314716,17287546.900301736,919507.0169870206
96,2026-03-11,24635372,52290183.95256401,56955632.3954792,4665448.442915196
96,2026-03-11,24635498,9102635.39689872,9148118.714936307,45483.31803758655
96,2026-03-11,24635644,41851498.80282695,44335643.88648321,2484145.0836562645
96,2026-03-11,24635759,24424473.968160782,24556137.929482926,131663.9613221442
96,2026-03-11,24635854,8877517.971549032,9064619.43683848,187101.4652894474
96,2026-03-11,24636012,82877470.92087896,86409926.95584784,3532456.0349688744
96,2026-03-11,24636040,56540246.23304293,60019692.49731078,3479446.264267846
96,2026-03-11,24636100,45315539.058180526,46448084.833836496,1132545.775655968
96,2026-03-11,24636124,61229197.37599669,66653972.96438885,5424775.588392161
96,2026-03-11,24636222,31450029.216552302,32134609.670430195,684580.453877895
96,2026-03-11,24636455,72733662.88573635,75590922.24358754,2857259.3578511863
96,2026-03-11,24637194,52786425.12347765,54066516.76867761,1280091.6451999513
96,2026-03-11,24637452,28127702.565609135,28241142.778593652,113440.2129845171
96,2026-03-11,24637618,25473310.116668724,27105446.530096255,1632136.4134275338
96,2026-03-12,24637696,39721372.66674817,40555468.087592795,834095.4208446227
96,2026-03-12,24637724,75909253.78323525,77362127.80927166,1452874.0260364136
96,2026-03-12,24638113,26724121.80853903,27243520.402009074,519398.5934700447
96,2026-03-12,24638524,19540255.795087222,21138625.47429852,1598369.679211299
96,2026-03-12,24638593,43248296.89792305,44419703.88531003,1171406.9873869838
96,2026-03-12,24638648,44084948.05017496,45255074.27318509,1170126.2230101281
96,2026-03-12,24638842,49819693.26478922,50190838.56624358,371145.30145435326
96,2026-03-12,24638892,47952543.56457368,49259939.735415325,1307396.1708416352
96,2026-03-12,24639031,63310492.822452866,65101488.63048125,1790995.8080283836
96,2026-03-12,24639151,19081365.745969545,19448153.31659582,366787.5706262747
96,2026-03-12,24639154,17906281.903976575,18140512.448483802,234230.54450722685
96,2026-03-12,24639202,19586120.841159645,19712765.336708482,126644.49554883568
96,2026-03-12,24639353,29614761.327698454,30277583.053242862,662821.7255444091
96,2026-03-12,24639380,28341729.56025623,29518280.658471543,1176551.0982153132
96,2026-03-12,24639631,41684084.61373474,43057663.72657251,1373579.112837781
96,2026-03-12,24639694,25027825.975997727,25895740.251292694,867914.2752949651
96,2026-03-12,24639822,28002580.137565367,28959574.478891186,956994.3413258188
96,2026-03-12,24639878,20492041.657348853,21450374.211107526,958332.553758673
96,2026-03-12,24639891,53144831.03289165,55074535.515993305,1929704.4831016494
96,2026-03-12,24640131,30829379.243948903,30949900.817203846,120521.5732549433
96,2026-03-12,24640424,44956529.763871945,47436705.12465154,2480175.360779587
96,2026-03-12,24640551,70062404.02823336,71881536.62327771,1819132.5950443363
96,2026-03-12,24640584,53259587.76640855,54257456.7936756,997869.0272670536
96,2026-03-12,24640664,28870876.687982652,29703294.073851142,832417.3858684914
96,2026-03-12,24640669,70040699.10134174,75061008.4213381,5020309.31999636
96,2026-03-12,24640992,44461617.31375198,46188188.22454435,1726570.9107923661
96,2026-03-12,24641185,26751460.999272957,27191621.1419225,440160.1426495388
96,2026-03-12,24641221,19656756.545901805,20119860.545901805,463104.0
96,2026-03-12,24641343,61118738.124856226,65784651.20500464,4665913.080148413
96,2026-03-12,24641556,42900835.83004174,44044369.57988088,1143533.7498391427
96,2026-03-12,24642229,13992590.562663557,14280500.0493789,287909.4867153413
96,2026-03-12,24642394,41444759.74729716,42961169.65052057,1516409.903223409
96,2026-03-12,24642490,75020419.04827368,78372141.81197241,3351722.7636987185
96,2026-03-12,24642627,10831594.493156057,11527863.144062094,696268.6509060375
96,2026-03-12,24642660,69432172.89895646,72023353.85133457,2591180.952378119
96,2026-03-12,24642696,38716698.1283521,40264898.1425986,1548200.0142464982
96,2026-03-12,24642878,27557200.179805897,28887547.256914943,1330347.0771090458
96,2026-03-12,24642895,8793255.034979893,8820377.875026304,27122.84004641068
96,2026-03-12,24643082,72542563.29235591,74116580.13545886,1574016.8431029445
96,2026-03-12,24643256,28340773.018371314,28672401.201494597,331628.1831232827
96,2026-03-12,24643330,37073183.29480103,37723698.448420994,650515.1536199695
96,2026-03-12,24643748,33540462.589671943,35192183.87579701,1651721.2861250672
96,2026-03-12,24643802,39976472.84400646,40941843.64490468,965370.8008982241
96,2026-03-12,24644020,33436508.10004108,33863985.12396845,427477.02392736846
96,2026-03-12,24644096,42075068.462473646,43075955.50394443,1000887.04147078
96,2026-03-12,24644412,37367662.34379001,38171482.15637984,803819.8125898344
96,2026-03-12,24644576,38352125.479555026,39154210.960111946,802085.4805569245
96,2026-03-12,24644645,38572393.93195959,38857709.52347678,285315.591517186
96,2026-03-12,24644667,34611718.821559645,35432185.35740702,820466.5358473767
96,2026-03-12,24644802,42463027.17112811,43275743.9454836,812716.7743554882
96,2026-03-13,24644823,26773370.182579834,27420420.195231054,647050.0126512197
96,2026-03-13,24644993,25762127.926940616,26036270.41762531,274142.4906846931
96,2026-03-13,24645104,9569976.539757088,9608425.907203758,38449.36744667005
96,2026-03-13,24645112,30157668.322847515,30416965.235631112,259296.91278359757
96,2026-03-13,24645124,47563477.16739703,48161646.84212941,598169.674732386
96,2026-03-13,24645162,41651158.517885424,43425203.984879054,1774045.4669936285
96,2026-03-13,24645201,33405379.43212879,34188859.21208049,783479.7799517027
96,2026-03-13,24645246,18989695.356523007,19373517.43157583,383822.07505282544
96,2026-03-13,24645600,55194162.68228658,55497958.67477595,303795.9924893667
96,2026-03-13,24645694,32384289.49445514,32818096.9995864,433807.5051312608
96,2026-03-13,24646015,63504399.687481046,65532571.560064405,2028171.8725833555
96,2026-03-13,24646210,17583965.83701377,18184904.24831908,600938.411305306
96,2026-03-13,24646332,23723267.926122412,23928274.473885544,205006.54776312847
96,2026-03-13,24646358,39947520.50088613,40400783.290496744,453262.7896106132
96,2026-03-13,24646651,35255255.818720125,36916748.54073485,1661492.722014726
96,2026-03-13,24646673,44463208.55792751,45068174.546787895,604965.9888603796
96,2026-03-13,24646752,55685022.55976083,55807623.55099412,122600.9912332857
96,2026-03-13,24646870,38883086.156748064,40112425.642849885,1229339.4861018246
96,2026-03-13,24646993,63753274.97758886,64959304.47275496,1206029.4951661024
96,2026-03-13,24647048,29715781.91522051,30805894.53700373,1090112.621783219
96,2026-03-13,24647080,10824836.020093367,10824836.020093367,0.0
96,2026-03-13,24647171,33284615.870022915,34002720.38548322,718104.515460304
96,2026-03-13,24647214,6982274.580550661,7094601.568674881,112326.98812421977
96,2026-03-13,24647220,69298670.89537747,70397122.40390776,1098451.5085302882
96,2026-03-13,24647624,27798381.61787629,28575864.90093997,777483.2830636811
96,2026-03-13,24647642,45312341.21964367,46203840.646272734,891499.4266290662
96,2026-03-13,24647707,24064619.764534272,24953121.61554208,888501.8510078081
96,2026-03-13,24647862,36332468.60319901,36785903.75263779,453435.1494387778
96,2026-03-13,24648267,36771682.51298731,37763160.79182204,991478.2788347305
96,2026-03-13,24648976,36797640.547059074,37843403.28479356,1045762.7377344932
96,2026-03-13,24649026,43057389.48054302,43533322.921488084,475933.4409450625
96,2026-03-13,24649101,18377251.587841228,18551467.378839977,174215.79099874862
96,2026-03-13,24649202,37245531.00240852,37647529.64758326,401998.6451747427
96,2026-03-13,24649225,36930409.926184654,37606319.652812846,675909.7266281897
96,2026-03-13,24649237,75934781.08800423,78996160.26473603,3061379.1767317937
96,2026-03-13,24649286,36959086.11665124,37048826.344036855,89740.2273856193
96,2026-03-13,24649456,57641945.01470435,59840565.363080814,2198620.348376471
96,2026-03-13,24649532,37810944.3301051,38680080.95218361,869136.6220785113
96,2026-03-13,24649624,28206445.71333359,28906047.258951798,699601.5456182047
96,2026-03-13,24649644,25569577.591433223,27239254.27751969,1669676.686086468
96,2026-03-13,24649673,44323902.42018506,45517333.556302086,1193431.136117025
96,2026-03-13,24649907,35420789.03645237,36521214.6485976,1100425.6121452309
96,2026-03-13,24650582,30959419.891144726,32300621.872196414,1341201.9810516883
96,2026-03-13,24650770,67506006.42680441,68751446.03820173,1245439.6113973274
96,2026-03-13,24650883,9775691.557684772,9899441.720936699,123750.16325192747
96,2026-03-13,24651110,25855791.827859998,26927908.98625725,1072117.1583972543
96,2026-03-13,24651360,48799750.37372043,51723814.27326745,2924063.8995470176
96,2026-03-13,24651506,45275869.199621364,46708816.2126189,1432947.0129975355
96,2026-03-13,24651596,42476566.34248139,43437399.75135872,960833.4088773282
96,2026-03-13,24651667,25686424.59389913,26383861.30552767,697436.7116285402
96,2026-03-14,24652090,49534465.970290944,51928018.67618137,2393552.7058904194
96,2026-03-14,24652183,28208078.551859025,28932511.437795814,724432.8859367886
96,2026-03-14,24652362,33686578.00949854,37231988.559173405,3545410.5496748704
96,2026-03-14,24652657,76301349.56675148,78451447.20196538,2150097.6352139013
96,2026-03-14,24652937,11923741.651150513,12342970.344607947,419228.69345743454
96,2026-03-14,24652970,25278735.242855847,26017514.134778034,738778.8919221848
96,2026-03-14,24653107,17117661.606004972,17896363.778306838,778702.1723018659
96,2026-03-14,24653261,21986328.14604961,22973512.740232635,987184.5941830272
96,2026-03-14,24653374,42623558.611186214,43665730.37373876,1042171.7625525462
96,2026-03-14,24653478,29460484.919725645,30780063.14221693,1319578.2224912813
96,2026-03-14,24653616,45187897.69952548,45671936.56399725,484038.86447176326
96,2026-03-14,24653703,15555242.8289944,16103409.833689509,548167.0046951082
96,2026-03-14,24654010,37822857.94082141,38981750.00383819,1158892.0630167753
96,2026-03-14,24654118,8044716.141706188,8082161.411936816,37445.27023062727
96,2026-03-14,24654576,61704675.381670654,63846877.26025927,2142201.8785886182
96,2026-03-14,24654577,27680504.084093966,29471985.64471943,1791481.5606254656
96,2026-03-14,24654712,36157899.39277873,37137512.959411174,979613.5666324402
96,2026-03-14,24654864,28742141.98629549,29336824.318665516,594682.3323700255
96,2026-03-14,24655146,47602309.588000365,48140036.52248945,537726.9344890836
96,2026-03-14,24655224,83008401.0651615,83659034.75877282,650633.6936113315
96,2026-03-14,24655366,28696164.200851575,29249711.00632362,553546.8054720465
96,2026-03-14,24655634,30659093.148343332,31565501.053623963,906407.9052806312
96,2026-03-14,24655815,46399078.31736388,47122615.27288565,723536.9555217719
96,2026-03-14,24655828,40114767.608520925,41314227.945662975,1199460.3371420456
96,2026-03-14,24655970,24051908.632821504,24818963.20567845,767054.5728569467
96,2026-03-14,24656030,20853344.213945504,21505699.235057928,652355.021112424
96,2026-03-14,24656039,18874299.24077962,19885119.328393277,1010820.0876136583
96,2026-03-14,24656100,28983713.104595825,30832344.45830243,1848631.3537066078
96,2026-03-14,24656194,67138233.30046302,70055942.21622875,2917708.915765732
96,2026-03-14,24656213,34649552.54541021,36581437.0164448,1931884.471034594
96,2026-03-14,24656253,22822372.874225415,23248515.91988659,426143.0456611741
96,2026-03-14,24656349,48951121.37997868,49650830.47676885,699709.0967901696
96,2026-03-14,24656475,39286190.34964406,41301700.28653269,2015509.9368886338
96,2026-03-14,24656523,23702790.726814616,23988045.9945084,285255.2676937825
96,2026-03-14,24656545,25155704.647692244,26342188.03043623,1186483.3827439863
96,2026-03-14,24656564,32025779.806825332,33374493.36297547,1348713.5561501386
96,2026-03-14,24656665,25022920.30077283,25356430.711296014,333510.4105231817
96,2026-03-14,24656716,51057264.85478231,52356916.95103888,1299652.0962565667
96,2026-03-14,24656911,34800025.93496603,35932230.33831207,1132204.4033460366
96,2026-03-14,24657011,22379801.68415777,23242636.245684393,862834.5615266219
96,2026-03-14,24657241,23905416.03428662,24393994.675110012,488578.6408233943
96,2026-03-14,24657264,16371415.160270618,16775849.951116035,404434.7908454165
96,2026-03-14,24657359,26797682.065036047,27617817.74829182,820135.6832557737
96,2026-03-14,24657538,56632466.9387846,57711509.794844836,1079042.8560602383
96,2026-03-14,24657563,40961668.085138485,42538221.21678593,1576553.131647445
96,2026-03-14,24657709,44847808.27842376,48074129.96770905,3226321.689285298
96,2026-03-14,24658137,63835322.229599975,65092672.56898641,1257350.3393864287
96,2026-03-14,24658182,33967624.61249529,35177765.35442143,1210140.7419261425
96,2026-03-14,24658830,39487896.863545634,40590194.88641331,1102298.0228676798
96,2026-03-14,24658862,39151833.09445156,40094907.38516057,943074.2907090159
96,2026-03-15,24659311,60684479.59933133,62274620.796164125,1590141.196832793
96,2026-03-15,24659696,33850807.47309825,34476433.34955554,625625.8764572875
96,2026-03-15,24659934,19803559.07032507,20575897.135796197,772338.0654711265
96,2026-03-15,24659952,42146913.81026405,43861903.129179,1714989.3189149469
96,2026-03-15,24659953,27166080.503630005,27821180.946400564,655100.4427705585
96,2026-03-15,24660148,26973091.579146754,27901644.31347588,928552.7343291256
96,2026-03-15,24660227,17583502.93751959,18589536.70414752,1006033.7666279316
96,2026-03-15,24660306,52607217.31421248,53702368.976739995,1095151.6625275163
96,2026-03-15,24660494,26658773.173710328,27888738.10604186,1229964.9323315306
96,2026-03-15,24660694,28868458.732219823,29895712.070677347,1027253.3384575234
96,2026-03-15,24660830,34490785.68400937,36142007.76749368,1651222.0834843046
96,2026-03-15,24660912,51721518.19631072,52390880.58128289,669362.3849721684
96,2026-03-15,24660936,51024506.32968648,53142780.374364786,2118274.044678307
96,2026-03-15,24660998,62956894.483106054,63526123.96421062,569229.4811045643
96,2026-03-15,24661095,50048623.41649168,51545557.35325814,1496933.9367664587
96,2026-03-15,24661179,90145731.62043677,90594206.33121133,448474.71077455656
96,2026-03-15,24661188,34316555.49391182,35476118.28003666,1159562.78612484
96,2026-03-15,24661547,40776713.132253245,42634420.224480696,1857707.0922274576
96,2026-03-15,24661569,21615484.214151133,22422260.183510594,806775.9693594639
96,2026-03-15,24661866,35271263.92120972,35967583.21432519,696319.2931154735
96,2026-03-15,24662050,19937325.97626904,20868937.87503716,931611.8987681188
96,2026-03-15,24662120,45831071.157897614,46891333.52774357,1060262.3698459547
96,2026-03-15,24662161,67907068.51382074,69344875.00840572,1437806.4945849727
96,2026-03-15,24662168,29209504.180021994,29848055.0837427,638550.9037207068
96,2026-03-15,24662261,55129649.82974151,57165935.987672225,2036286.1579307178
96,2026-03-15,24662294,23165611.355235144,24121863.98439656,956252.6291614111
96,2026-03-15,24662391,46011867.41968746,48017506.7353463,2005639.3156588431
96,2026-03-15,24662748,22113135.045941435,22463167.279385865,350032.2334444301
96,2026-03-15,24662852,33840607.950292975,34988018.93547207,1147410.9851790965
96,2026-03-15,24662921,23762840.143746678,24499592.745420124,736752.6016734467
96,2026-03-15,24663003,45481759.96605576,47116100.074512094,1634340.1084563367
96,2026-03-15,24663357,24150603.128301878,25216960.622092064,1066357.4937901902
96,2026-03-15,24663401,30502819.225236606,32708467.285271496,2205648.060034891
96,2026-03-15,24663615,47715720.54714725,49392128.470680065,1676407.9235328173
96,2026-03-15,24663755,42237707.28495328,44667783.808023594,2430076.523070312
96,2026-03-15,24663980,53011151.79005263,55251369.35267954,2240217.5626269123
96,2026-03-15,24664142,52858003.71676005,55494427.810147084,2636424.0933870375
96,2026-03-15,24664511,51975594.985282846,52444189.63272765,468594.6474448026
96,2026-03-15,24665024,36536456.586533874,38304909.498548776,1768452.912014905
96,2026-03-15,24665031,45776174.94191095,47200449.823256515,1424274.8813455626
96,2026-03-15,24665039,44504428.33679238,45872036.12710253,1367607.7903101533
96,2026-03-15,24665043,30916398.274949044,32057076.124604333,1140677.8496552878
96,2026-03-15,24665100,69698182.18607603,71576772.99591154,1878590.8098355187
96,2026-03-15,24665800,70027921.67850168,71019629.16950546,991707.4910037747
96,2026-03-15,24665836,34142867.92121762,34882089.72954421,739221.8083265837
96,2026-03-15,24665922,18959596.165176716,19508080.605620787,548484.4404440745
96,2026-03-15,24666030,54669358.03646601,56856019.018814206,2186660.982348195
96,2026-03-15,24666083,21507358.283190425,21617222.91161248,109864.62842205417
96,2026-03-15,24666301,26122508.89682598,26987918.562220678,865409.6653946966
96,2026-03-15,24666323,12810995.196912676,12948437.403680554,137442.2067678778
96,2026-03-16,24666499,60463890.68273935,62783687.17739835,2319796.4946589973
96,2026-03-16,24666509,20384438.31812153,20663310.745899167,278872.4277776354
96,2026-03-16,24666533,9003893.265457092,9309233.80062886,305340.5351717681
96,2026-03-16,24666635,21759422.06815267,22344629.62712638,585207.5589737121
96,2026-03-16,24666753,45679731.29834975,49353666.608463444,3673935.3101136885
96,2026-03-16,24666952,23597552.961039416,24087465.9447801,489912.9837406861
96,2026-03-16,24667057,40660187.107820205,41478279.6041712,818092.4963509913
96,2026-03-16,24667249,29287032.60456854,29843993.141329832,556960.5367612921
96,2026-03-16,24667252,29535816.320775717,30490546.65750507,954730.3367293531
96,2026-03-16,24667407,81282202.84260991,81350171.68938293,67968.84677301176
96,2026-03-16,24667510,45526190.76921041,47174322.89355539,1648132.1243449715
96,2026-03-16,24667566,49851534.02918029,50207963.913963206,356429.88478292234
96,2026-03-16,24667576,11513605.737585982,11517113.286795115,3507.549209132805
96,2026-03-16,24667613,84350317.871237,86057537.64726716,1707219.77603016
96,2026-03-16,24667685,32535595.558452923,32933923.411085173,398327.85263225355
96,2026-03-16,24667935,24632043.985457085,26005217.582875263,1373173.5974181797
96,2026-03-16,24668120,34920499.29262945,35582600.078637905,662100.7860084563
96,2026-03-16,24668512,39384810.201119855,40261734.78034424,876924.5792243887
96,2026-03-16,24668686,33476042.4531346,33563638.21383583,87595.76070122421
96,2026-03-16,24669017,58194565.62255026,59512984.55972822,1318418.9371779622
96,2026-03-16,24669050,24590285.559639893,25275519.95988366,685234.4002437677
96,2026-03-16,24669258,77381041.67503329,80481790.76578549,3100749.090752204
96,2026-03-16,24669432,41055996.53604813,41902230.28874601,846233.7526978784
96,2026-03-16,24669553,47981960.17839905,49235825.02670318,1253864.8483041276
96,2026-03-16,24669606,48988723.18062409,49593508.38446179,604785.2038377033
96,2026-03-16,24669616,13718929.499096029,14308079.323656961,589149.8245609326
96,2026-03-16,24669652,39690085.651358634,42107083.667070694,2416998.015712062
96,2026-03-16,24669669,34894005.80720522,36260206.49629925,1366200.6890940303
96,2026-03-16,24669743,32210067.713558983,32816127.427341964,606059.7137829816
96,2026-03-16,24669774,65121579.45359363,65978047.345041886,856467.8914482587
96,2026-03-16,24669819,32348193.913366545,32913646.84992929,565452.9365627491
96,2026-03-16,24669907,33204695.182278067,34272018.92414515,1067323.741867084
96,2026-03-16,24670079,17244381.570880897,17669023.29409407,424641.72321317386
96,2026-03-16,24670202,63236966.073913164,63841546.15828282,604580.0843696535
96,2026-03-16,24670546,32025527.054304782,32758370.03965019,732842.9853454087
96,2026-03-16,24670760,41581408.34906265,43690491.59918089,2109083.250118238
96,2026-03-16,24671035,32508292.25089952,33667915.352852866,1159623.1019533435
96,2026-03-16,24671407,70322440.52104263,73210333.5925206,2887893.0714779682
96,2026-03-16,24671529,20517147.29438382,20954440.361089125,437293.0667053064
96,2026-03-16,24671542,62398398.71221117,63988182.95566926,1589784.243458099
96,2026-03-16,24671837,63417155.222537704,65182843.15065693,1765687.9281192226
96,2026-03-16,24672034,30641155.530883405,31485988.12014093,844832.5892575242
96,2026-03-16,24672123,38122027.75752902,40144587.849900514,2022560.0923714973
96,2026-03-16,24672435,36414316.315201476,37302756.36759933,888440.0523978518
96,2026-03-16,24672452,66775803.89306881,71966749.12708417,5190945.234015349
96,2026-03-16,24672471,42608016.16427612,43103874.92781238,495858.76353625645
96,2026-03-16,24672558,36850024.98482953,37577245.60607079,727220.6212412551
96,2026-03-16,24672745,71053788.89948787,72307600.72537096,1253811.8258830933
96,2026-03-16,24673245,76420690.90003203,79579253.40668625,3158562.506654217
96,2026-03-16,24673307,19462890.591845676,20387779.05133031,924888.45948463
96,2026-03-17,24673680,42112260.31230244,42925758.28586189,813497.9735594487
96,2026-03-17,24673803,41444013.764791906,41795462.20836971,351448.4435778041
96,2026-03-17,24673969,33529120.101221677,33584736.73225686,55616.63103518041
96,2026-03-17,24674108,31598141.70590468,33316111.612853214,1717969.906948533
96,2026-03-17,24674263,26774091.581390265,27130760.737151977,356669.155761712
96,2026-03-17,24674282,15356968.946543504,15358360.478471147,1391.5319276427108
96,2026-03-17,24674478,53995274.21775925,56729373.022152185,2734098.8043929376
96,2026-03-17,24674814,71689325.23375225,74461880.73204911,2772555.4982968657
96,2026-03-17,24674996,11822122.947476143,11825194.947476143,3072.0
96,2026-03-17,24675009,35917126.322935,37047829.36416761,1130703.0412326127
96,2026-03-17,24675308,18752521.671519063,19169488.2769125,416966.6053934356
96,2026-03-17,24675448,11502250.74522379,11709994.74522379,207744.0
96,2026-03-17,24675518,26369036.758126114,26907785.526967544,538748.7688414316
96,2026-03-17,24675601,12689461.638645977,12836533.638645977,147072.0
96,2026-03-17,24675763,36198017.28404925,37552560.742721446,1354543.458672193
96,2026-03-17,24675809,41586941.692369774,43495076.352418765,1908134.6600489898
96,2026-03-17,24675852,38354399.07702981,39018970.920157194,664571.843127385
96,2026-03-17,24675886,25214149.086726174,25295604.2689939,81455.18226772458
96,2026-03-17,24676047,64378480.37134558,66051672.73205966,1673192.3607140798
96,2026-03-17,24676116,41323356.58669059,42064551.915836155,741195.3291455718
96,2026-03-17,24676489,18531559.41037883,19347328.663518704,815769.253139877
96,2026-03-17,24676752,13893869.31530418,13934573.31530418,40704.0
96,2026-03-17,24676925,39268471.33109874,40600386.33626062,1331915.0051618745
96,2026-03-17,24677094,34989186.38785652,35464866.117785126,475679.7299286051
96,2026-03-17,24677111,41069517.35162383,42228840.8653505,1159323.5137266628
96,2026-03-17,24677233,56938165.375729665,57887502.10099902,949336.7252693499
96,2026-03-17,24677897,16722587.022271916,17405353.689522997,682766.6672510797
96,2026-03-17,24678081,28287026.816743672,29061048.740863316,774021.9241196455
96,2026-03-17,24678355,70568432.71952681,71787770.986998,1219338.2674711933
96,2026-03-17,24678432,26305955.139195498,26535508.21978131,229553.08058580878
96,2026-03-17,24678458,22888283.802230783,23872662.80785815,984379.005627368
96,2026-03-17,24678551,37643544.30019949,38356025.480872534,712481.1806730443
96,2026-03-17,24678553,48117669.76771021,55447182.04597259,7329512.278262386
96,2026-03-17,24678624,36074358.938673206,37074808.491553046,1000449.5528798429
96,2026-03-17,24678667,12472306.506919727,12574017.031080827,101710.52416110078
96,2026-03-17,24678879,28678708.22189869,29043438.53853067,364730.3166319805
96,2026-03-17,24678989,36177687.86457396,36774811.26300511,597123.3984311419
96,2026-03-17,24679029,40805505.98658379,41373593.43055157,568087.4439677845
96,2026-03-17,24679139,32725882.603458915,32885186.060970936,159303.45751202092
96,2026-03-17,24679144,72752614.14179033,75000986.45582002,2248372.314029687
96,2026-03-17,24679226,33809390.56741561,35411107.43892577,1601716.8715101643
96,2026-03-17,24679377,47860651.77311432,50077897.156586334,2217245.3834720035
96,2026-03-17,24679543,28023873.280777898,28391412.774675824,367539.49389792606
96,2026-03-17,24679554,40718210.63921183,41494022.234735705,775811.5955238704
96,2026-03-17,24679783,53866258.987499274,56541573.635459274,2675314.647959996
96,2026-03-17,24679804,22725069.81417053,23582686.761103928,857616.9469333991
96,2026-03-17,24679859,71822167.259869,74996476.57503372,3174309.3151647355
96,2026-03-17,24679965,46937159.10611722,47790212.450880595,853053.3447633797
96,2026-03-17,24680003,43595411.15251366,45275783.7256146,1680372.5731009345
96,2026-03-17,24680467,71530510.9417695,73692491.12360983,2161980.1818403355
96,2026-03-18,24680723,31405795.961181283,33020197.116591975,1614401.155410693
96,2026-03-18,24680748,36113974.74142176,36840509.58380794,726534.8423861831
96,2026-03-18,24681006,21010038.116425544,21865802.656041607,855764.5396160632
96,2026-03-18,24681271,40041034.22745971,42386728.92791975,2345694.700460047
96,2026-03-18,24681636,37857779.863235235,38361640.77736653,503860.9141312935
96,2026-03-18,24681827,26131010.567380823,26906276.865469284,775266.2980884623
96,2026-03-18,24681969,30840044.526965514,33088134.015920818,2248089.4889553045
96,2026-03-18,24682016,64990165.45451076,67768770.40997411,2778604.955463346
96,2026-03-18,24682155,39406578.24258963,41084859.059654616,1678280.817064982
96,2026-03-18,24682188,39086059.93606389,41086983.944290854,2000924.0082269611
96,2026-03-18,24682276,41809206.165326715,42324471.73677774,515265.5714510219
96,2026-03-18,24682623,29813947.368475758,31014427.577905133,1200480.2094293728
96,2026-03-18,24682772,64603799.59705775,66406543.088333614,1802743.4912758605
96,2026-03-18,24682825,20452522.357600864,21194752.576865666,742230.2192647981
96,2026-03-18,24683144,36137188.4792639,37317566.040674396,1180377.561410497
96,2026-03-18,24683217,41490257.154970825,43903534.48335281,2413277.3283819854
96,2026-03-18,24683501,29017595.23859417,29695626.330078892,678031.0914847206
96,2026-03-18,24683870,34725503.07104661,35115215.63248459,389712.5614379845
96,2026-03-18,24683996,19633351.64240825,20850147.618697338,1216795.976289087
96,2026-03-18,24684053,64255859.45670465,67737846.90095574,3481987.444251082
96,2026-03-18,24684095,43977515.99440949,44186110.832028545,208594.83761905372
96,2026-03-18,24684154,20685987.799082324,20865277.039695926,179289.2406136045
96,2026-03-18,24684432,28086345.742858123,28853978.849205393,767633.1063472697
96,2026-03-18,24684529,82075973.34153508,83715642.74853855,1639669.4070034719
96,2026-03-18,24684648,70904021.76269102,73273960.12450127,2369938.3618102474
96,2026-03-18,24684985,47766147.29045037,48464166.61448437,698019.3240340007
96,2026-03-18,24684989,30780794.057574652,31587583.198720664,806789.1411460112
96,2026-03-18,24685299,29509357.77361199,30759131.88836026,1249774.1147482698
96,2026-03-18,24685422,52767923.788964465,54829350.87857006,2061427.0896055924
96,2026-03-18,24685471,17903418.92690923,19175279.066688497,1271860.1397792657
96,2026-03-18,24685620,80250092.34076008,82609567.45097983,2359475.110219751
96,2026-03-18,24685673,32294720.684540603,33216946.460264307,922225.775723705
96,2026-03-18,24685682,46502357.75452464,47429918.39872772,927560.644203088
96,2026-03-18,24685825,37501633.65776455,37958966.35406966,457332.69630510814
96,2026-03-18,24685971,57457413.51366223,59457111.51934581,1999698.0056835888
96,2026-03-18,24685987,24776817.638125863,25949984.786463846,1173167.148337983
96,2026-03-18,24686017,27736689.23167448,28305685.13518767,568995.9035131868
96,2026-03-18,24686141,13916179.03333622,14361079.752325285,444900.7189890656
96,2026-03-18,24686277,63201438.45541978,64544702.14435786,1343263.6889380803
96,2026-03-18,24686322,53697517.09746871,55777515.436743304,2079998.3392745901
96,2026-03-18,24686331,21779812.78732489,22006148.60321964,226335.8158947504
96,2026-03-18,24686350,54935128.28165339,58267812.234738745,3332683.9530853517
96,2026-03-18,24686393,24492589.876990046,26472398.386132054,1979808.5091420063
96,2026-03-18,24686395,61329712.32313555,63332611.92630364,2002899.6031680896
96,2026-03-18,24686562,12371301.319427777,12594326.851782376,223025.5323545998
96,2026-03-18,24687405,10342236.020799067,11600679.435091488,1258443.4142924226
96,2026-03-18,24687443,10861249.106262611,11428179.92594986,566930.8196872504
96,2026-03-18,24687481,27528310.167738087,28170044.932820857,641734.7650827696
96,2026-03-18,24687521,20087181.49520917,20562686.047349222,475504.5521400537
96,2026-03-18,24687732,27899546.20965366,28341964.52202342,442418.3123697634
96,2026-03-19,24688085,10239055.420327887,10814641.297093648,575585.8767657614
96,2026-03-19,24688117,28046252.52789258,29316144.593954094,1269892.0660615142
96,2026-03-19,24688370,52939315.01850787,54300831.350816935,1361516.3323090677
96,2026-03-19,24688425,35358728.518308766,36521438.46661328,1162709.9483045097
96,2026-03-19,24688497,64784867.35325175,66709081.97774124,1924214.6244894916
96,2026-03-19,24688530,12198690.783371562,12594049.70614296,395358.9227713986
96,2026-03-19,24688576,29680106.511913788,30390327.523090817,710221.0111770275
96,2026-03-19,24688871,77114926.96618545,80034888.32398498,2919961.35779952
96,2026-03-19,24688899,55502818.20591789,56700210.5371905,1197392.3312726095
96,2026-03-19,24689594,13457310.274227148,13590292.699236693,132982.42500954497
96,2026-03-19,24689708,37201997.837138526,38611904.567389175,1409906.7302506487
96,2026-03-19,24690201,38507389.182433665,39823548.18768747,1316159.005253805
96,2026-03-19,24690261,16592734.253191205,17294094.724422093,701360.4712308898
96,2026-03-19,24690332,35227564.77675517,35974830.04282041,747265.2660652391
96,2026-03-19,24690469,29541626.59425388,29806019.620543364,264393.0262894867
96,2026-03-19,24690587,42019879.305202626,45016820.823677614,2996941.5184749863
96,2026-03-19,24690858,69286564.1542886,73251309.64394999,3964745.4896613834
96,2026-03-19,24691076,35551097.97689371,37183161.65706943,1632063.6801757156
96,2026-03-19,24691214,32767641.08458467,33976620.862204686,1208979.7776200206
96,2026-03-19,24691361,41891688.68730881,43424005.5779587,1532316.890649894
96,2026-03-19,24691502,39407812.36469428,40870069.38788597,1462257.023191695
96,2026-03-19,24691571,8073414.347143184,8086215.652409478,12801.305266294046
96,2026-03-19,24691594,33327984.115310933,35187168.18427046,1859184.0689595228
96,2026-03-19,24691696,40564006.643365845,41169932.04199595,605925.3986301068
96,2026-03-19,24691775,84703498.6331935,86252337.00507113,1548838.3718776442
96,2026-03-19,24691848,77213155.31533267,80225264.87933864,3012109.5640059705
96,2026-03-19,24691869,38574577.46307314,39693574.179828994,1118996.716755851
96,2026-03-19,24691898,65083845.163915545,66659199.78244147,1575354.6185259265
96,2026-03-19,24692013,32783503.78915764,34566620.536116116,1783116.7469584749
96,2026-03-19,24692301,37592931.63337226,39522958.64652492,1930027.0131526566
96,2026-03-19,24692304,20151166.0912993,20275893.677617922,124727.5863186222
96,2026-03-19,24692331,56871357.847298935,58031615.433458894,1160257.5861599538
96,2026-03-19,24692383,26667758.63794628,27023227.20011705,355468.5621707685
96,2026-03-19,24692447,33517962.46368269,35016228.16284887,1498265.6991661813
96,2026-03-19,24692697,36346036.44809457,38379651.62007649,2033615.1719819186
96,2026-03-19,24692758,65081391.76277145,67015126.46608318,1933734.7033117225
96,2026-03-19,24693233,9810416.321846407,10100691.448662259,290275.12681585195
96,2026-03-19,24693391,14527177.482043196,14720421.286684372,193243.80464117645
96,2026-03-19,24693496,68078330.58584903,72551763.01080033,4473432.424951292
96,2026-03-19,24693614,88099461.33904089,90743826.63760906,2644365.298568164
96,2026-03-19,24693630,67139561.66423291,69448716.21937865,2309154.555145748
96,2026-03-19,24693685,26175325.101538848,28272381.537957247,2097056.4364183976
96,2026-03-19,24693803,39612469.7122584,41776498.92721167,2164029.214953269
96,2026-03-19,24693874,30002460.464575026,31805219.6123009,1802759.1477258727
96,2026-03-19,24693896,67238741.49219152,71070751.4245937,3832009.932402184
96,2026-03-19,24693983,17966563.31094803,18136419.40765169,169856.09670366085
96,2026-03-19,24694005,39303389.22761304,41737351.63359332,2433962.405980281
96,2026-03-19,24694281,72415029.22386569,74757739.90197408,2342710.678108398
96,2026-03-19,24694349,45733076.332739666,47446813.62865033,1713737.2959106674
96,2026-03-19,24694748,33149407.75546025,35576813.15115394,2427405.395693686
96,2026-03-20,24695148,68263050.42957614,70954426.20240784,2691375.772831691
96,2026-03-20,24695440,41379178.71219782,41659954.08907415,280775.376876337
96,2026-03-20,24695672,48571191.35420463,50220089.243156515,1648897.8889518827
96,2026-03-20,24696130,84605052.45221372,88078522.83541071,3473470.383197
96,2026-03-20,24696144,59989829.944500014,62653726.93386539,2663896.9893653775
96,2026-03-20,24696156,45545545.01842605,48111887.626071274,2566342.6076452215
96,2026-03-20,24696217,20356395.56303549,20500863.933448356,144468.37041286431
96,2026-03-20,24696474,41495998.37018001,42917511.319227315,1421512.9490473093
96,2026-03-20,24696512,27602053.468168236,28518131.33477083,916077.866602591
96,2026-03-20,24696546,36771260.01411102,39389074.45686756,2617814.4427565383
96,2026-03-20,24696577,11630052.492896704,11797691.477986597,167638.98508989185
96,2026-03-20,24696747,49383216.83013202,51948727.38669304,2565510.5565610155
96,2026-03-20,24696765,56850759.81392205,59806798.71854965,2956038.9046276025
96,2026-03-20,24696796,12986282.872311385,13080893.905805476,94611.0334940906
96,2026-03-20,24696832,54833292.72333078,56243822.46720611,1410529.7438753336
96,2026-03-20,24696844,49144689.650000565,51103976.34849483,1959286.6984942642
96,2026-03-20,24696862,50128581.86654345,52978608.33111646,2850026.4645730057
96,2026-03-20,24697346,32294778.876593173,34443880.772592746,2149101.895999574
96,2026-03-20,24697590,41205554.3016076,43980100.164870396,2774545.863262796
96,2026-03-20,24697656,38395894.39800283,41264643.43397818,2868749.035975342
96,2026-03-20,24697744,75893372.02077515,78826038.27802676,2932666.2572516156
96,2026-03-20,24697922,9991468.079376083,9991468.079376083,0.0
96,2026-03-20,24698036,72221615.53466372,74712865.85798445,2491250.323320726
96,2026-03-20,24698280,47944156.53944573,50376481.99984833,2432325.4604025995
96,2026-03-20,24698316,24739062.794113275,27028703.420795955,2289640.6266826806
96,2026-03-20,24698632,24921836.934042502,25898301.29453948,976464.3604969806
96,2026-03-20,24698682,40988555.41112495,43533550.009652406,2544994.598527454
96,2026-03-20,24698694,52486745.80827717,55077964.52266785,2591218.7143906835
96,2026-03-20,24698864,19830677.423524003,20480779.346596517,650101.9230725135
96,2026-03-20,24698956,34946139.55511298,36548965.24203241,1602825.6869194296
96,2026-03-20,24699022,39160175.639369205,41059352.88454864,1899177.2451794364
96,2026-03-20,24699136,85361397.35865414,87913850.60308914,2552453.2444350054
96,2026-03-20,24699143,11048069.516617008,11795834.299716014,747764.7830990064
96,2026-03-20,24699170,20764777.71309872,21656945.74092065,892168.0278219316
96,2026-03-20,24699314,40148684.81556107,41089661.02458378,940976.2090227114
96,2026-03-20,24699658,20074382.446260467,20765042.165739834,690659.7194793671
96,2026-03-20,24699724,49092518.07507301,50487915.41425008,1395397.3391770748
96,2026-03-20,24699972,12979020.407798424,13667992.874809587,688972.4670111624
96,2026-03-20,24700280,19819617.67986776,20737940.13075275,918322.4508849903
96,2026-03-20,24700879,21270114.235388037,22144256.935319796,874142.6999317612
96,2026-03-20,24701023,47833259.42603536,50891451.67991995,3058192.2538845907
96,2026-03-20,24701404,50755521.08507024,53025355.06343668,2269833.9783664425
96,2026-03-20,24701521,49620304.585684,52547312.026764214,2927007.441080215
96,2026-03-20,24701647,65083254.3603673,68500476.5077611,3417222.1473938106
96,2026-03-20,24701779,49674514.97296261,51798551.75271803,2124036.779755423
96,2026-03-20,24701789,22753726.36682099,23715516.315053556,961789.9482325644
96,2026-03-20,24701924,7260274.921163363,7704648.632616294,444373.71145293047
96,2026-03-20,24702057,16233093.530068409,16608646.291750005,375552.761681597
96,2026-03-20,24702095,58856590.59307458,62152802.58691722,3296211.9938426428
96,2026-03-20,24702108,53540391.27256352,54889938.076317355,1349546.8037538386
96,2026-03-21,24702200,31509884.742638554,32826919.72343474,1317034.9807961865
96,2026-03-21,24702366,28917381.73664928,29484898.70930797,567516.9726586882
96,2026-03-21,24702443,22030204.52937419,22584641.873994723,554437.3446205328
96,2026-03-21,24702532,41578363.116568975,42806680.01131831,1228316.894749337
96,2026-03-21,24702625,35650491.1928528,37087539.72567157,1437048.5328187607
96,2026-03-21,24702972,28302500.164064053,29257613.174321815,955113.0102577622
96,2026-03-21,24703332,33669062.45185802,36338717.97869253,2669655.526834508
96,2026-03-21,24703594,30910778.311279397,31936870.14098158,1026091.829702184
96,2026-03-21,24703624,35753611.78612721,35822257.210262105,68645.42413489688
96,2026-03-21,24703715,42268712.75001717,43060136.30292682,791423.5529096487
96,2026-03-21,24703962,57363744.91244929,58992270.855355464,1628525.9429061778
96,2026-03-21,24704163,35457248.647941895,36576394.20180183,1119145.5538599375
96,2026-03-21,24704183,47375846.6589807,49307009.44524695,1931162.7862662587
96,2026-03-21,24704218,45159099.582725205,46432339.74374115,1273240.1610159457
96,2026-03-21,24704330,23502827.011074428,24560980.555928312,1058153.5448538852
96,2026-03-21,24704398,41630214.33613348,43509020.00222095,1878805.6660874689
96,2026-03-21,24704486,33096871.793122187,34075459.48036177,978587.6872395774
96,2026-03-21,24704628,32848982.67051749,34469985.96967604,1621003.2991585522
96,2026-03-21,24704894,46733442.58294797,47340619.32030497,607176.7373569966
96,2026-03-21,24705016,54491013.62789126,56046831.79869809,1555818.17080683
96,2026-03-21,24705227,17116025.449186344,18714830.559091873,1598805.109905531
96,2026-03-21,24705265,37559002.31268625,38686900.147453204,1127897.834766952
96,2026-03-21,24705317,21869463.736448124,22230802.976240557,361339.23979243427
96,2026-03-21,24705587,44340563.26014284,46062733.28286783,1722170.0227249863
96,2026-03-21,24705604,30413198.985493936,30908639.81453072,495440.8290367832
96,2026-03-21,24705613,52419327.92531292,53716751.4865876,1297423.5612746768
96,2026-03-21,24705748,53331090.87673541,55108456.17126772,1777365.2945323107
96,2026-03-21,24705886,33456576.54989135,34961431.91117268,1504855.3612813281
96,2026-03-21,24705902,83985199.61171107,87936117.73113997,3950918.1194289066
96,2026-03-21,24706136,47567807.433788374,48980804.462630086,1412997.0288417148
96,2026-03-21,24706140,32918887.556037664,34050563.828224555,1131676.2721868865
96,2026-03-21,24706162,27928485.106944807,29149723.4232556,1221238.3163107925
96,2026-03-21,24706243,29057819.06089587,29637447.307667296,579628.2467714227
96,2026-03-21,24706327,20608699.13795998,21199811.861227255,591112.7232672755
96,2026-03-21,24706438,16244085.05060915,16327960.453321321,83875.40271217105
96,2026-03-21,24706756,51538854.435709916,53379473.00371869,1840618.5680087751
96,2026-03-21,24706924,66523726.31858464,69550688.9464479,3026962.627863248
96,2026-03-21,24706976,68844936.84751162,75379036.81333366,6534099.965822034
96,2026-03-21,24707040,30547080.466094054,32510084.60390708,1963004.1378130247
96,2026-03-21,24707716,37895774.74893318,39199338.24374836,1303563.4948151775
96,2026-03-21,24708133,40276193.97425356,41007786.1492602,731592.1750066382
96,2026-03-21,24708166,17222928.840215523,17720465.99727507,497537.157059545
96,2026-03-21,24708303,37503858.70920022,39007014.65488242,1503155.945682202
96,2026-03-21,24708408,19512431.20304039,21141859.429893333,1629428.2268529416
96,2026-03-21,24708864,49208936.53126121,49614072.97438495,405136.44312373933
96,2026-03-21,24708885,43062673.29888608,44325502.057423435,1262828.7585373512
96,2026-03-21,24708945,29272723.47091977,30095603.539337862,822880.0684180907
96,2026-03-21,24709021,7660470.517811647,8406302.649116753,745832.1313051062
96,2026-03-21,24709111,15987705.330781246,16717189.786025316,729484.4552440688
96,2026-03-21,24709324,54207391.21829066,54929399.719792336,722008.501501682
96,2026-03-22,24709614,31886825.722429074,33136361.625412144,1249535.9029830687
96,2026-03-22,24709646,68752906.5177029,70299649.58935617,1546743.071653268
96,2026-03-22,24709844,24274529.586242378,25050832.16224428,776302.5760019027
96,2026-03-22,24709889,42142879.7891329,43586430.55033379,1443550.7612008934
96,2026-03-22,24709957,33372426.871099014,34147989.616825536,775562.7457265235
96,2026-03-22,24710300,10238095.184829013,10242480.802170362,4385.61734135032
96,2026-03-22,24710330,31342323.137729954,32347876.957043417,1005553.8193134633
96,2026-03-22,24710445,43709201.923179165,44260265.51471515,551063.5915359905
96,2026-03-22,24710465,61865667.14998829,62192030.715330295,326363.56534200365
96,2026-03-22,24710881,62044718.02623722,62657620.909699686,612902.8834624693
96,2026-03-22,24710922,58259309.090317376,59142282.3372091,882973.2468917182
96,2026-03-22,24710975,16177034.003414948,16426634.647418782,249600.6440038343
96,2026-03-22,24711098,70782356.44515887,71127144.27178094,344787.8266220805
96,2026-03-22,24711146,60117149.82095574,62011820.28487646,1894670.4639207195
96,2026-03-22,24711168,82385291.23075946,83773285.98249787,1387994.7517384086
96,2026-03-22,24711408,76312589.87251039,79837172.23593602,3524582.363425638
96,2026-03-22,24711446,64786669.52291068,66280478.595600925,1493809.07269025
96,2026-03-22,24711611,43015849.748556904,43578691.97543766,562842.2268807597
96,2026-03-22,24711627,55093755.23579047,55916258.48483873,822503.2490482639
96,2026-03-22,24711668,30628519.50271292,31038481.269808885,409961.76709596324
96,2026-03-22,24711966,34382246.5686231,34626746.24556977,244499.67694666798
96,2026-03-22,24712570,37774038.94857867,38678659.223032266,904620.274453593
96,2026-03-22,24712598,34598860.25020895,35176272.334526934,577412.084317983
96,2026-03-22,24712743,78096224.3329563,79032481.48214579,936257.149189487
96,2026-03-22,24713002,55242367.39644623,56673989.103177115,1431621.7067308885
96,2026-03-22,24713010,31199515.73179988,32127636.013849366,928120.282049488
96,2026-03-22,24713046,43596833.24094023,44691340.96885866,1094507.7279184281
96,2026-03-22,24713171,16710901.328413913,17493620.274494953,782718.9460810397
96,2026-03-22,24713176,49960772.2444975,51787504.688571684,1826732.444074187
96,2026-03-22,24713337,44031078.433351,46122877.16738468,2091798.7340336707
96,2026-03-22,24713560,50424867.81493799,51880115.06620455,1455247.2512665587
96,2026-03-22,24714062,43953488.37175989,45492463.66123681,1538975.2894769176
96,2026-03-22,24714198,56646599.18604098,58591664.027556196,1945064.841515212
96,2026-03-22,24714532,31064092.04113605,32690006.855164535,1625914.8140284866
96,2026-03-22,24714552,51213705.7600556,53307176.61094468,2093470.8508890786
96,2026-03-22,24714972,9234510.06698771,10266768.852054233,1032258.7850665225
96,2026-03-22,24715000,55389496.68690154,57162665.47304667,1773168.786145124
96,2026-03-22,24715206,55919920.21374274,58898772.09300923,2978851.879266492
96,2026-03-22,24715243,37207935.676691756,38876767.60118118,1668831.92448943
96,2026-03-22,24715328,31317443.14902833,32669898.174243737,1352455.0252154071
96,2026-03-22,24715546,49251608.7972334,51606147.80864169,2354539.011408287
96,2026-03-22,24715550,49525439.60583092,50749123.99907296,1223684.3932420374
96,2026-03-22,24715594,46454659.77304974,47253528.46739394,798868.6943442016
96,2026-03-22,24715645,26567885.167368144,27133812.767869268,565927.6005011237
96,2026-03-22,24715849,27779337.31848727,28615193.27064128,835855.9521540046
96,2026-03-22,24715965,28975624.115806706,30568416.741332587,1592792.625525882
96,2026-03-22,24716005,13595458.025357233,13613717.68183586,18259.656478627265
96,2026-03-22,24716028,39460399.775782645,40416786.73207792,956386.9562952715
96,2026-03-22,24716392,35320513.22207121,37259826.17927996,1939312.957208755
96,2026-03-22,24716458,55439879.49854671,59779223.63004286,4339344.131496153
96,2026-03-23,24716549,40114058.745961696,42607572.718080744,2493513.9721190445
96,2026-03-23,24716584,87365335.386882,94060409.52606453,6695074.139182524
96,2026-03-23,24716716,54039307.53773914,54830199.67507286,790892.1373337188
96,2026-03-23,24716928,55789671.74239485,58050860.93726467,2261189.1948698247
96,2026-03-23,24717028,16404935.949059648,16504513.942894038,99577.99383438998
96,2026-03-23,24717123,36516341.4019924,38421273.27111244,1904931.8691200367
96,2026-03-23,24717279,70381705.83646259,72658417.76845904,2276711.9319964405
96,2026-03-23,24717412,56632693.72453146,57970791.05552354,1338097.3309920798
96,2026-03-23,24717498,25178140.32463628,25733868.986076053,555728.6614397721
96,2026-03-23,24717516,46144985.96868823,48146076.24945665,2001090.2807684194
96,2026-03-23,24717601,44121778.32231995,44485749.188390486,363970.86607053684
96,2026-03-23,24717887,31222319.61484753,31855293.89860273,632974.2837552001
96,2026-03-23,24717891,7984792.154224602,8084589.614629188,99797.46040458608
96,2026-03-23,24717978,54802092.033115566,55766808.34123118,964716.308115622
96,2026-03-23,24717992,39849715.850360855,40736520.2895234,886804.4391625463
96,2026-03-23,24718272,53573542.14578733,55102596.86765033,1529054.7218630025
96,2026-03-23,24718369,48767481.43620398,50213578.97513887,1446097.5389348941
96,2026-03-23,24718371,56108368.17638299,58168277.93156146,2059909.7551784746
96,2026-03-23,24718418,12471713.028523818,12673850.390638039,202137.3621142207
96,2026-03-23,24718668,47264338.10799078,48182237.18641699,917899.0784262114
96,2026-03-23,24718707,51574438.5612454,52821835.27523751,1247396.7139921107
96,2026-03-23,24718842,33988048.76206486,34477425.684295714,489376.92223085265
96,2026-03-23,24719237,55337630.41936751,57853223.75302975,2515593.333662244
96,2026-03-23,24719315,45888571.6569108,46560914.953301735,672343.2963909279
96,2026-03-23,24719317,20409100.175630387,20895326.682017133,486226.5063867462
96,2026-03-23,24719457,29246483.965710644,30396078.498896822,1149594.5331861787
96,2026-03-23,24719478,54243224.024730146,55487005.30545881,1243781.2807286608
96,2026-03-23,24719637,41750649.41765121,42383852.98400021,633203.5663489974
96,2026-03-23,24719761,15386290.475442214,15579019.124971695,192728.6495294827
96,2026-03-23,24719983,52604454.91314369,53616474.10786772,1012019.1947240294
96,2026-03-23,24720051,26509569.29942294,27027720.936100136,518151.63667719904
96,2026-03-23,24720078,84920398.79842883,89241588.4280759,4321189.629647057
96,2026-03-23,24720125,56372642.95901172,57621903.73796676,1249260.778955041
96,2026-03-23,24720494,63391008.48351866,65731549.869352,2340541.385833338
96,2026-03-23,24720554,12346829.606499678,12430966.417289464,84136.81078978625
96,2026-03-23,24720746,41592379.70243825,42593629.94725045,1001250.2448121973
96,2026-03-23,24720810,43420199.62351818,45242081.89706639,1821882.2735482105
96,2026-03-23,24721167,57118147.89079919,60540134.46070028,3421986.5699010924
96,2026-03-23,24721248,83711552.92458728,86481200.55535327,2769647.630765994
96,2026-03-23,24721348,57644202.98583127,58838796.66014459,1194593.6743133252
96,2026-03-23,24721807,51665897.20136795,52565304.563907504,899407.3625395503
96,2026-03-23,24722118,71051695.73137388,73326253.13755515,2274557.4061812866
96,2026-03-23,24722179,6083599.043628219,6139011.453969434,55412.41034121567
96,2026-03-23,24722216,35411504.21802388,36075650.87921152,664146.6611876392
96,2026-03-23,24722648,12379955.776283354,12485008.048478184,105052.27219483198
96,2026-03-23,24722690,35366921.27098429,36894520.90604834,1527599.6350640506
96,2026-03-23,24722822,30116946.827933084,31105719.100813888,988772.2728808023
96,2026-03-23,24723119,48662175.63276192,50261244.97601677,1599069.3432548528
96,2026-03-23,24723170,34115717.633902974,34264054.416390724,148336.78248775523
96,2026-03-23,24723174,25048692.588570107,25524397.589497935,475705.00092783145
96,2026-03-24,24723663,77746653.28955503,80245887.33513203,2499234.045576999
96,2026-03-24,24724043,30722078.027208168,33590394.198607884,2868316.171399714
96,2026-03-24,24724247,41667133.36999196,42558619.710224405,891486.3402324473
96,2026-03-24,24724428,27858215.80118114,30397096.171935756,2538880.370754616
96,2026-03-24,24724479,32129327.162063506,33236139.924126327,1106812.7620628232
96,2026-03-24,24724632,43763011.74605277,44926978.90901254,1163967.1629597682
96,2026-03-24,24724679,66572307.349204175,67816134.33812563,1243826.98892146
96,2026-03-24,24724812,40830313.88502837,41612201.5454874,781887.6604590266
96,2026-03-24,24724924,26815902.524599005,28150222.839445062,1334320.3148460593
96,2026-03-24,24725319,54202959.456571415,56020408.03578656,1817448.5792151496
96,2026-03-24,24725405,36023743.028206244,37550696.34956277,1526953.32135653
96,2026-03-24,24725459,36322686.735759936,37066405.92193489,743719.1861749564
96,2026-03-24,24725468,12512601.442465313,12559612.175641682,47010.733176369904
96,2026-03-24,24725547,30717848.9216044,31628717.498383623,910868.5767792218
96,2026-03-24,24725643,44240393.07774562,45680308.109516315,1439915.0317707045
96,2026-03-24,24725721,3270099.961492926,3271060.4637800083,960.502287081923
96,2026-03-24,24725807,24299435.486288432,24299435.486288432,0.0
96,2026-03-24,24725829,11737707.418321595,11856538.899498139,118831.48117654328
96,2026-03-24,24726199,27711589.94956499,28404075.490333125,692485.5407681385
96,2026-03-24,24726423,56125228.32376356,59550824.58091938,3425596.257155825
96,2026-03-24,24726708,30671083.77907257,31452949.012974884,781865.233902315
96,2026-03-24,24726719,36987714.85908051,37801023.33524919,813308.4761686866
96,2026-03-24,24726876,29099978.057669193,30150783.840557903,1050805.7828887114
96,2026-03-24,24727119,69478254.28748731,71762513.4549548,2284259.1674674964
96,2026-03-24,24727919,82105637.46597524,83834625.81783727,1728988.35186202
96,2026-03-24,24728098,20161554.669252526,20700921.96095906,539367.291706531
96,2026-03-24,24728212,50296750.72743203,54315146.367148,4018395.6397159747
96,2026-03-24,24728285,35812491.91447168,38413922.70688341,2601430.7924117297
96,2026-03-24,24728328,39773692.389722176,41269146.190433204,1495453.8007110262
96,2026-03-24,24728458,23609258.352057695,24191857.132749304,582598.7806916089
96,2026-03-24,24728471,70598518.51229961,71737269.93304211,1138751.4207424987
96,2026-03-24,24728795,45166822.599483654,47637633.14882063,2470810.549336975
96,2026-03-24,24728837,29381435.580011785,30517971.049667954,1136535.4696561678
96,2026-03-24,24729008,19010564.97357161,20283766.758355867,1273201.784784256
96,2026-03-24,24729034,28600882.663839187,29719803.671309955,1118921.0074707684
96,2026-03-24,24729134,47628935.81866771,49222332.9128813,1593397.094213587
96,2026-03-24,24729344,44077288.465786695,46390402.26411622,2313113.798329525
96,2026-03-24,24729435,32395296.042652607,33715623.98588577,1320327.943233167
96,2026-03-24,24729576,74205271.44225651,78797965.9462469,4592694.503990388
96,2026-03-24,24729960,42942468.831817895,44631041.12197587,1688572.2901579768
96,2026-03-24,24729988,20971074.941788193,21175893.655737214,204818.7139490223
96,2026-03-24,24730179,31409210.870565463,32734362.481004104,1325151.6104386388
96,2026-03-24,24730274,38422516.95629142,40088563.50081348,1666046.5445220524
96,2026-03-24,24730395,71000035.6744379,73557734.4866845,2557698.8122466058
96,2026-03-24,24730465,23166977.907221228,23987296.18873004,820318.2815088113
96,2026-03-24,24730472,26837364.780314017,28375225.748557433,1537860.9682434183
96,2026-03-24,24730524,41101070.54104766,43235109.287346885,2134038.7462992184
96,2026-03-24,24730574,27757985.335386075,27887055.523333438,129070.18794736093
96,2026-03-24,24730681,22899894.84639499,22976262.089133658,76367.24273866441
96,2026-03-24,24730733,15879615.272677451,16554571.096330058,674955.8236526067
96,2026-03-25,24731123,19349067.04502408,19656171.6487739,307104.6037498229
96,2026-03-25,24731220,35815057.29864657,36943882.36140613,1128825.062759564
96,2026-03-25,24731409,21364760.811055996,21824846.799593274,460085.9885372778
96,2026-03-25,24731619,95457310.61587432,96528498.15480512,1071187.538930809
96,2026-03-25,24731719,31537562.097174425,32181222.888782118,643660.7916076942
96,2026-03-25,24732013,24740944.89287457,26142074.238779616,1401129.34590505
96,2026-03-25,24732082,42304057.50959599,44805389.0239253,2501331.514329306
96,2026-03-25,24732197,46477413.87836528,48504626.81845615,2027212.9400908716
96,2026-03-25,24732283,47835814.46981226,49966572.898409516,2130758.4285972533
96,2026-03-25,24732288,15338573.914318256,16374424.211109987,1035850.2967917298
96,2026-03-25,24732473,18125414.4027866,18753165.82666391,627751.423877309
96,2026-03-25,24732754,17199380.536250006,17355620.24792497,156239.71167496225
96,2026-03-25,24732763,24514701.288217194,25098878.703127366,584177.414910173
96,2026-03-25,24732880,29279628.21864977,30411505.044270113,1131876.8256203406
96,2026-03-25,24732902,49001894.16944425,50533392.06666959,1531497.8972253425
96,2026-03-25,24733012,41614341.263998106,43763631.99272241,2149290.7287243027
96,2026-03-25,24733303,20294711.449826717,21482145.53832806,1187434.0885013426
96,2026-03-25,24733474,27119156.06374195,30459139.878147952,3339983.8144060047
96,2026-03-25,24733531,21899123.39347571,23708416.094421975,1809292.7009462612
96,2026-03-25,24733649,48325640.01581956,50662823.924943924,2337183.909124363
96,2026-03-25,24733867,46332807.88375311,48199946.53882714,1867138.655074031
96,2026-03-25,24734107,64769041.546998076,70015984.05446234,5246942.507464263
96,2026-03-25,24734162,44545350.1483188,45181223.191570476,635873.0432516803
96,2026-03-25,24734209,82407780.3622799,86147386.4932419,3739606.1309619974
96,2026-03-25,24734212,33123662.45559865,33236538.147476424,112875.69187777468
96,2026-03-25,24734315,51462231.38571367,53459430.289843895,1997198.9041302286
96,2026-03-25,24734520,24018926.79240156,24018926.79240156,0.0
96,2026-03-25,24734542,48163953.693628095,50640560.38270889,2476606.6890807943
96,2026-03-25,24734649,18758208.47650524,19958780.28262571,1200571.8061204697
96,2026-03-25,24734685,22101942.970808666,23349059.645757947,1247116.6749492802
96,2026-03-25,24734826,35469267.55462579,38279238.435215734,2809970.8805899457
96,2026-03-25,24734848,24117775.047621157,25294441.55347519,1176666.505854033
96,2026-03-25,24735038,56450143.43468196,59106312.581171654,2656169.146489699
96,2026-03-25,24735233,33915213.43905945,36011576.30905126,2096362.869991807
96,2026-03-25,24735245,53819627.01872864,57074664.37450412,3255037.3557754764
96,2026-03-25,24735411,62251376.28002177,64114729.59417699,1863353.3141552247
96,2026-03-25,24735487,32770165.799369674,33787458.346047476,1017292.5466778019
96,2026-03-25,24735495,36858564.93860672,37720244.05028672,861679.1116800017
96,2026-03-25,24735521,62380118.49823693,64599374.73537066,2219256.2371337265
96,2026-03-25,24735522,23093721.178827297,23545066.02347936,451344.8446520632
96,2026-03-25,24735801,16943448.45659325,17252565.651359234,309117.19476598327
96,2026-03-25,24735964,35597711.94974719,36479474.00143848,881762.0516912899
96,2026-03-25,24736011,67330820.54343417,75411399.49384424,8080578.950410077
96,2026-03-25,24736241,28931891.0415047,30378924.39818071,1447033.3566760074
96,2026-03-25,24736359,34388889.427341364,35364532.46472947,975643.037388113
96,2026-03-25,24736547,36676201.39841459,38584533.028440304,1908331.630025721
96,2026-03-25,24736598,28150311.972051002,28769626.937980928,619314.9659299233
96,2026-03-25,24736862,36204420.83077075,37595245.96060879,1390825.1298380322
96,2026-03-25,24736920,9946331.885913996,10520547.894674068,574216.0087600735
96,2026-03-25,24737503,33174759.26204165,34137968.847954474,963209.5859128245
96,2026-03-26,24738056,28535315.285966255,29103075.333818074,567760.047851819
96,2026-03-26,24738585,58191500.72462742,62324551.34912103,4133050.6244936055
96,2026-03-26,24738725,71760571.00994918,73292250.23821408,1531679.2282649085
96,2026-03-26,24738773,23273836.711635992,23455375.82124178,181539.10960579122
96,2026-03-26,24738776,78653992.3319254,81198809.95867169,2544817.6267462866
96,2026-03-26,24738840,37728520.97676581,39952554.41375143,2224033.4369856175
96,2026-03-26,24738945,47698859.78457486,48131686.53885182,432826.7542769548
96,2026-03-26,24739088,28154246.173432913,29651731.03877345,1497484.8653405388
96,2026-03-26,24739307,28258028.05375102,30051091.015934467,1793062.9621834462
96,2026-03-26,24739897,24637302.253442675,24942476.540147934,305174.28670525923
96,2026-03-26,24740038,24336225.499863863,25313093.95699909,976868.4571352267
96,2026-03-26,24740139,39188549.1479679,40290491.26550473,1101942.1175368354
96,2026-03-26,24740155,29888474.55202998,31541030.45955201,1652555.9075220306
96,2026-03-26,24740282,35427283.600836694,36603325.798764415,1176042.197927721
96,2026-03-26,24740461,69911950.77928457,73900940.29923218,3988989.5199476266
96,2026-03-26,24740537,41116541.07548529,43298436.66010658,2181895.5846212897
96,2026-03-26,24740554,45710692.10134867,47382152.83341197,1671460.7320633011
96,2026-03-26,24740731,24890638.26954763,26128245.1169417,1237606.8473940706
96,2026-03-26,24740984,49010057.49189272,51422484.94250197,2412427.4506092533
96,2026-03-26,24741040,59087188.948231295,61343650.96178865,2256462.0135573545
96,2026-03-26,24741145,27512792.752563465,28290702.401977092,777909.6494136234
96,2026-03-26,24741280,28861228.509418488,29893861.01785021,1032632.508431722
96,2026-03-26,24741526,40546449.4079697,42073175.15824159,1526725.7502718915
96,2026-03-26,24741579,45816051.54652158,49825299.45110886,4009247.9045872767
96,2026-03-26,24741968,49769925.58083421,53261428.23245959,3491502.651625383
96,2026-03-26,24742613,52852858.37921726,55470253.2815388,2617394.9023215394
96,2026-03-26,24742693,38833082.58081822,40249135.178394966,1416052.597576744
96,2026-03-26,24742761,46537041.06984961,48679212.22782794,2142171.1579783284
96,2026-03-26,24742769,46463234.53890889,47460978.91500865,997744.3760997602
96,2026-03-26,24742828,32996345.0830204,33796041.60486636,799696.5218459647
96,2026-03-26,24742942,45660405.39195621,46558170.73215667,897765.3402004571
96,2026-03-26,24742943,38873689.14925831,39844963.32636732,971274.1771090116
96,2026-03-26,24743065,48387219.9979807,50268512.02155533,1881292.0235746226
96,2026-03-26,24743109,48827467.48536356,50034474.21530934,1207006.7299457802
96,2026-03-26,24743269,37125689.43022001,37822777.30872163,697087.8785016203
96,2026-03-26,24743727,57179281.85079502,60818143.05347149,3638861.202676463
96,2026-03-26,24743826,30206116.986827433,30763602.884492457,557485.8976650267
96,2026-03-26,24743933,53997020.595684975,56632945.25586716,2635924.66018218
96,2026-03-26,24744051,16955783.59990239,16968112.786706377,12329.186803987599
96,2026-03-26,24744176,42674023.00387833,44209216.37600307,1535193.3721247416
96,2026-03-26,24744197,33131722.555283252,34655939.73410724,1524217.1788239866
96,2026-03-26,24744202,62936094.465259895,67841736.60128762,4905642.136027712
96,2026-03-26,24744292,42849944.07065086,44518758.82291122,1668814.7522603634
96,2026-03-26,24744616,22661753.806683168,23912341.30584221,1250587.4991590423
96,2026-03-26,24744687,32329971.979228973,34215871.992250964,1885900.013021991
96,2026-03-26,24744796,24607507.61749602,26088878.190378875,1481370.5728828546
96,2026-03-26,24744833,51523422.28232573,52802786.37613304,1279364.0938073057
96,2026-03-26,24744965,19131242.33314948,19477216.77930241,345974.4461529298
96,2026-03-26,24744991,45698475.77102813,47382725.87183326,1684250.100805125
96,2026-03-26,24745130,26616686.02395757,27868079.41420821,1251393.3902506423
96,2026-03-27,24745281,66142279.201243915,67442365.55622357,1300086.3549796543
96,2026-03-27,24745290,43225541.61767167,44556184.73827925,1330643.120607586
96,2026-03-27,24745402,69609450.61842325,71164215.9315542,1554765.313130947
96,2026-03-27,24745609,66037910.27020196,67853006.97945254,1815096.7092505677
96,2026-03-27,24745759,30866158.10595494,31758035.598767105,891877.4928121633
96,2026-03-27,24745905,14207387.686376916,15571202.29689325,1363814.6105163333
96,2026-03-27,24746106,26601686.151447847,28146551.942006666,1544865.7905588192
96,2026-03-27,24746468,40230212.0273899,42228058.7920814,1997846.7646915019
96,2026-03-27,24746946,59205963.49543492,61221522.53505098,2015559.0396160663
96,2026-03-27,24747107,76645101.38073245,78277769.05868298,1632667.6779505243
96,2026-03-27,24747223,4408401.4185816115,4426115.324244504,17713.905662891862
96,2026-03-27,24747294,29914114.095696922,30485928.507664286,571814.4119673625
96,2026-03-27,24747736,39593332.71873636,41304068.19766602,1710735.4789296663
96,2026-03-27,24747882,55535424.27019658,56405633.64380159,870209.3736050185
96,2026-03-27,24748077,16508689.762942368,16568273.257502235,59583.49455986792
96,2026-03-27,24748106,40286843.429523826,40757843.349276334,470999.9197525056
96,2026-03-27,24748201,27692561.780204892,28484311.74880792,791749.9686030266
96,2026-03-27,24748359,50363303.20289203,50363303.20289203,0.0
96,2026-03-27,24748498,26168134.53100386,26528617.766323432,360483.23531957145
96,2026-03-27,24748998,36373381.64094127,37703068.64295988,1329687.0020186058
96,2026-03-27,24749077,30957050.836659,32514130.962800995,1557080.1261419945
96,2026-03-27,24749188,71131307.52180594,72960254.11756946,1828946.595763519
96,2026-03-27,24749497,51339755.29828033,52960009.71930563,1620254.4210252946
96,2026-03-27,24749595,24982632.171367757,25975121.005848963,992488.8344812056
96,2026-03-27,24749676,43924284.555960365,44587660.59696098,663376.0410006146
96,2026-03-27,24749777,43396986.556648254,44725602.74308058,1328616.1864323216
96,2026-03-27,24749796,63705792.082991764,65296524.45389852,1590732.3709067544
96,2026-03-27,24750088,23375799.108468287,24937865.204375926,1562066.0959076404
96,2026-03-27,24750151,25011506.63531336,25340523.52093552,329016.88562216196
96,2026-03-27,24750188,24354162.203742154,26018776.033847366,1664613.8301052118
96,2026-03-27,24750228,68458948.25198664,73854479.0392517,5395530.787265058
96,2026-03-27,24750320,60759042.89416851,63163184.62522923,2404141.7310607177
96,2026-03-27,24750350,27848157.825114146,28638996.011211153,790838.1860970042
96,2026-03-27,24750374,28001368.803755246,29461345.62889888,1459976.8251436346
96,2026-03-27,24750405,43723151.17106321,44965627.838295765,1242476.6672325642
96,2026-03-27,24750499,26418889.782279596,27574137.79035506,1155248.0080754636
96,2026-03-27,24750662,25233106.464234374,27243441.31047877,2010334.8462443938
96,2026-03-27,24750747,44039051.852597564,45609961.45903189,1570909.6064343266
96,2026-03-27,24750791,41725553.37748327,42099660.43111185,374107.0536285834
96,2026-03-27,24750870,22882351.80031641,23931234.586794745,1048882.7864783355
96,2026-03-27,24751060,28230614.378915794,28622137.995871022,391523.61695522955
96,2026-03-27,24751270,27436480.88892195,28066190.41293577,629709.5240138209
96,2026-03-27,24751399,9335794.779099967,9949888.08479476,614093.305694792
96,2026-03-27,24751443,1954920.454585454,1954920.454585454,0.0
96,2026-03-27,24751770,14124596.921371672,14227927.796683911,103330.87531223817
96,2026-03-27,24751856,42362939.06372758,45211379.72214943,2848440.6584218536
96,2026-03-27,24752007,37798477.437027805,41187529.83310722,3389052.3960794155
96,2026-03-27,24752118,49343903.66837086,53519454.36240343,4175550.6940325727
96,2026-03-27,24752170,65428833.47592851,67641373.3076788,2212539.8317502937
96,2026-03-27,24752227,74157709.43751732,79272076.0271704,5114366.589653089
96,2026-03-28,24752472,48502745.451977775,51920571.12400898,3417825.672031209
96,2026-03-28,24752546,37004309.25483919,37887475.41153731,883166.1566981256
96,2026-03-28,24752562,36391398.34024507,41315659.5927962,4924261.252551129
96,2026-03-28,24752902,59098191.11602956,61192002.46074542,2093811.3447158549
96,2026-03-28,24752980,20770153.480804496,21226070.333733622,455916.8529291265
96,2026-03-28,24753508,43298235.81328277,44154264.22609883,856028.4128160594
96,2026-03-28,24753563,23622882.98824466,24058956.33989607,436073.3516514097
96,2026-03-28,24753612,17123837.551037017,18411333.904769305,1287496.3537322865
96,2026-03-28,24753740,40798993.194636755,43127697.5064736,2328704.311836843
96,2026-03-28,24753930,34827921.39973211,36017524.150285535,1189602.7505534228
96,2026-03-28,24754016,56657052.16352368,58667794.263550654,2010742.1000269707
96,2026-03-28,24754153,26258440.14501926,27200504.80460879,942064.6595895281
96,2026-03-28,24754204,73101417.0836341,75170084.13308436,2068667.0494502655
96,2026-03-28,24754365,45077821.46956003,47235289.30513729,2157467.835577262
96,2026-03-28,24754409,43469675.77383153,45325642.75453,1855966.980698466
96,2026-03-28,24754484,45454808.29654568,47504360.64939783,2049552.3528521524
96,2026-03-28,24754565,30981814.664667893,32914493.805135194,1932679.1404672978
96,2026-03-28,24755010,63557875.43613058,66208825.875514515,2650950.439383928
96,2026-03-28,24755137,44124850.136728786,46115149.485863514,1990299.3491347288
96,2026-03-28,24755217,31666332.410025924,32850395.015600108,1184062.6055741822
96,2026-03-28,24755232,34545797.723619565,35494001.407417834,948203.6837982634
96,2026-03-28,24755348,52333913.86971812,57001536.23696615,4667622.367248033
96,2026-03-28,24755422,33808573.45475988,35642690.763306014,1834117.308546133
96,2026-03-28,24755784,30691134.665677987,33267870.127907068,2576735.462229079
96,2026-03-28,24755791,39359969.31418394,41640258.8834662,2280289.569282255
96,2026-03-28,24756187,37453968.897678874,40022285.59503594,2568316.697357064
96,2026-03-28,24756259,46046299.62026242,48222120.99027976,2175821.370017333
96,2026-03-28,24756265,33621317.055027455,35072936.53142503,1451619.4763975695
96,2026-03-28,24756285,13451754.253031187,14406972.901159158,955218.648127972
96,2026-03-28,24756366,19159252.824042432,19869645.864957634,710393.0409152012
96,2026-03-28,24756382,19223686.525042914,19326134.84487415,102448.31983123592
96,2026-03-28,24756556,10708238.121405791,10795695.146456722,87457.02505093021
96,2026-03-28,24756790,38192807.98507281,40481548.804809496,2288740.819736695
96,2026-03-28,24756934,11689221.541245647,11771966.880251681,82745.33900603393
96,2026-03-28,24757002,63684149.46261777,66883691.42699041,3199541.964372645
96,2026-03-28,24757034,35244260.58650223,36496698.06198407,1252437.475481835
96,2026-03-28,24757450,33801394.620640114,34814834.96751886,1013440.3468787472
96,2026-03-28,24757787,19375587.31161771,21792165.802380517,2416578.490762806
96,2026-03-28,24758052,79146447.02972019,79811938.98055382,665491.9508336323
96,2026-03-28,24758289,71677791.24104689,75368131.73432796,3690340.4932810734
96,2026-03-28,24758345,51269942.713180274,53338382.80735284,2068440.0941725594
96,2026-03-28,24758352,50232278.95398695,54495529.10642075,4263250.152433796
96,2026-03-28,24758420,79331196.75377522,79872634.81959428,541438.0658190525
96,2026-03-28,24758532,52467960.616808824,54077974.378575765,1610013.7617669397
96,2026-03-28,24758540,14716868.672860632,15303172.35949092,586303.686630288
96,2026-03-28,24758702,31030545.812432773,33296072.222912233,2265526.4104794604
96,2026-03-28,24758845,80011547.53653665,84438028.65068148,4426481.114144832
96,2026-03-28,24759139,19915794.513986874,20836120.271542583,920325.7575557067
96,2026-03-28,24759199,68121607.36401281,71802999.77765803,3681392.413645218
96,2026-03-28,24759442,49228233.731530614,50604835.70590613,1376601.9743755152
96,2026-03-29,24759722,43399572.53859436,44578830.431614615,1179257.8930202567
96,2026-03-29,24759811,10274133.412829557,12179499.79908286,1905366.386253303
96,2026-03-29,24760018,56711842.65893325,58927896.725712076,2216054.066778824
96,2026-03-29,24760175,45257330.16082322,46704026.42696994,1446696.2661467139
96,2026-03-29,24760247,70954038.50047256,72272239.46661183,1318200.9661392728
96,2026-03-29,24760251,33460270.072412,34240145.42558205,779875.3531700496
96,2026-03-29,24760353,26942314.054960463,27778157.42402031,835843.3690598437
96,2026-03-29,24760373,16365611.116556495,17072718.978651397,707107.8620949021
96,2026-03-29,24760423,78639055.33580405,80025430.02606511,1386374.690261075
96,2026-03-29,24760477,57918493.87692529,59225810.74876684,1307316.8718415524
96,2026-03-29,24760512,40505899.59209352,41449217.44074768,943317.8486541598
96,2026-03-29,24760782,70283904.34254955,71278174.96548387,994270.6229343357
96,2026-03-29,24761053,875035.679266255,875035.679266255,0.0
96,2026-03-29,24761806,30801918.166177485,31162875.055823565,360956.8896460796
96,2026-03-29,24761814,31539136.64165747,32371457.423658885,832320.7820014125
96,2026-03-29,24761819,65342319.46354232,65862565.57604223,520246.11249990546
96,2026-03-29,24761825,43672794.77819683,43961541.42587413,288746.6476773064
96,2026-03-29,24761832,15575556.331930557,15655011.61073389,79455.27880333361
96,2026-03-29,24761848,17846518.25985896,17945953.239218708,99434.97935975334
96,2026-03-29,24762008,73324398.61781608,74503978.88248834,1179580.264672264
96,2026-03-29,24762101,17745107.096689936,17898510.46915788,153403.37246794152
96,2026-03-29,24762439,72592167.59682775,75194697.55776143,2602529.9609336806
96,2026-03-29,24762470,12911280.99149612,13111363.716994748,200082.72549862787
96,2026-03-29,24762773,31034939.637660988,31925046.754050188,890107.1163892031
96,2026-03-29,24763026,48566246.3901333,51852003.57446127,3285757.184327966
96,2026-03-29,24763676,17977099.354471616,18304386.110294297,327286.7558226814
96,2026-03-29,24763775,70956275.92352812,72849798.83557326,1893522.9120451312
96,2026-03-29,24763789,72100204.81041878,75534345.92808194,3434141.1176631656
96,2026-03-29,24763850,26545825.034480214,28686686.414295312,2140861.379815097
96,2026-03-29,24763857,23091039.124538552,24417189.453503698,1326150.3289651466
96,2026-03-29,24763962,22931760.30598065,23527475.85026311,595715.544282464
96,2026-03-29,24764019,13229294.557853138,13442982.03930943,213687.48145629338
96,2026-03-29,24764225,60644434.00920582,63895475.894417144,3251041.885211324
96,2026-03-29,24764307,43837918.66490278,45109032.410490304,1271113.7455875205
96,2026-03-29,24764398,70760356.99246071,75718566.4540138,4958209.461553086
96,2026-03-29,24764411,33856281.734435275,34860490.93973988,1004209.2053046081
96,2026-03-29,24764442,64526165.859293774,68317745.14572991,3791579.2864361363
96,2026-03-29,24764478,20173788.3971648,20845743.46051528,671955.0633504819
96,2026-03-29,24764912,52687291.96481317,56834608.21416021,4147316.249347042
96,2026-03-29,24765092,15660622.004714245,15666766.004714245,6144.0
96,2026-03-29,24765145,36605383.13749163,38320137.386777386,1714754.2492857568
96,2026-03-29,24765223,21289098.819598284,21934395.397857707,645296.5782594207
96,2026-03-29,24765554,22895512.647551097,25824995.025287595,2929482.3777365005
96,2026-03-29,24765688,43253854.86182907,45491104.693364464,2237249.8315353943
96,2026-03-29,24765828,22605506.567109425,23208378.456294037,602871.8891846118
96,2026-03-29,24766015,15258721.315892534,15377916.510039356,119195.19414682135
96,2026-03-29,24766359,27217174.371441256,27240598.371441256,23424.0
96,2026-03-29,24766378,26413315.41436342,26745264.25977245,331948.84540902876
96,2026-03-29,24766433,34783587.30272553,35429407.565329865,645820.2626043314
96,2026-03-29,24766560,38372936.1920558,38690990.46792024,318054.27586444153
96,2026-03-30,24766768,25971650.006044425,26476326.550187625,504676.54414319864
96,2026-03-30,24766893,8085533.223001982,8436509.223001983,350976.0
96,2026-03-30,24767397,39661012.548255906,41192594.36225369,1531581.8139977804
96,2026-03-30,24767470,60336105.723318085,62018983.81751255,1682878.0941944658
96,2026-03-30,24767493,23595959.701350406,23984052.188986193,388092.48763578804
96,2026-03-30,24767645,53427591.751469634,55324470.96103515,1896879.209565514
96,2026-03-30,24767725,33530078.76174822,34087255.75862347,557176.9968752541
96,2026-03-30,24767774,25135791.982531387,25513078.342091925,377286.35956053826
96,2026-03-30,24767912,36772830.66088699,38395576.663409196,1622746.0025222048
96,2026-03-30,24767980,50187596.73998135,50844315.28741703,656718.5474356768
96,2026-03-30,24768008,32066446.740580346,33420183.05967535,1353736.3190950064
96,2026-03-30,24768246,42752574.78126468,43519404.62982291,766829.8485582315
96,2026-03-30,24768403,42199855.91718752,44150477.33667706,1950621.419489544
96,2026-03-30,24768510,19963426.054434728,20888372.52661306,924946.4721783325
96,2026-03-30,24769044,81680651.50823615,85207405.68817113,3526754.1799349813
96,2026-03-30,24769163,7089996.555189321,7755427.200359562,665430.6451702418
96,2026-03-30,24769383,21234486.119814184,22016244.8667351,781758.7469209175
96,2026-03-30,24769398,65407056.87188372,66899705.436659135,1492648.5647754145
96,2026-03-30,24769970,37322838.06169548,38680614.63936239,1357776.577666908
96,2026-03-30,24770448,29148582.128829475,30120814.42831367,972232.2994841932
96,2026-03-30,24770574,1895147.0039232173,1895147.0039232173,0.0
96,2026-03-30,24770583,72392031.61493352,74614140.20721522,2222108.5922817066
96,2026-03-30,24770655,48565555.31524536,49468087.767008625,902532.4517632687
96,2026-03-30,24770675,35331528.25745833,37145079.57366993,1813551.3162116099
96,2026-03-30,24770875,67329416.46818809,70498518.82146804,3169102.35327994
96,2026-03-30,24770910,40880896.92395671,41743472.31625926,862575.3923025447
96,2026-03-30,24770943,38785503.00264262,41106986.93678598,2321483.934143366
96,2026-03-30,24771092,41241120.19404182,42038096.56397474,796976.3699329188
96,2026-03-30,24771096,12245462.546968587,12314691.88623319,69229.33926460345
96,2026-03-30,24771127,31859917.792518824,34275182.382257015,2415264.589738188
96,2026-03-30,24771186,54416054.429039255,56754167.30173079,2338112.8726915317
96,2026-03-30,24771276,28139122.49806187,29917387.450598445,1778264.9525365755
96,2026-03-30,24771445,68419958.44241507,71390426.34917313,2970467.906758061
96,2026-03-30,24771639,48615636.2261402,50730852.884100005,2115216.6579598035
96,2026-03-30,24771746,24926211.94549314,25678082.69412202,751870.7486288839
96,2026-03-30,24771828,21973204.909202147,23111849.193270177,1138644.284068028
96,2026-03-30,24771836,25401546.938981112,26139654.576110743,738107.6371296324
96,2026-03-30,24772277,58852432.11907031,61347435.93794219,2495003.818871887
96,2026-03-30,24772302,7834292.650442088,7834292.650442088,0.0
96,2026-03-30,24772400,32777577.098813307,33831747.4864972,1054170.387683893
96,2026-03-30,24772443,65107416.30272638,68950212.03483564,3842795.7321092556
96,2026-03-30,24772494,33520534.896794792,34443110.557347536,922575.6605527423
96,2026-03-30,24772710,43291491.69191912,44590267.50859921,1298775.8166800921
96,2026-03-30,24772795,30822883.07523678,32075958.87171319,1253075.7964764135
96,2026-03-30,24772817,24321590.168792192,25217662.82801299,896072.6592208018
96,2026-03-30,24772882,10192493.040216556,10959450.715686088,766957.6754695321
96,2026-03-30,24773146,20959214.599951416,21672458.458926916,713243.8589754985
96,2026-03-30,24773175,21887662.2791965,22528444.89727365,640782.6180771489
96,2026-03-30,24773255,13610330.315415785,14389512.28346547,779181.9680496849
96,2026-03-30,24773325,27160648.844177455,28060829.65027543,900180.8060979765
96,2026-03-31,24773902,36324161.097670995,36982406.89658489,658245.7989138943
96,2026-03-31,24774025,23433416.957567215,24678142.219069898,1244725.2615026853
96,2026-03-31,24774031,39805097.3192811,42986619.086032346,3181521.7667512475
96,2026-03-31,24774078,33809870.735338755,36872562.343835436,3062691.608496686
96,2026-03-31,24774331,51165419.93757045,51195131.91543506,29711.97786460584
96,2026-03-31,24774365,32361594.750476822,32789998.695571978,428403.9450951535
96,2026-03-31,24774548,37832536.12141978,39135849.0391419,1303312.9177221237
96,2026-03-31,24774604,15553348.68816897,16196342.415232709,642993.7270637379
96,2026-03-31,24774637,19217277.7594723,20073950.82079479,856673.0613224905
96,2026-03-31,24774786,27898449.002868365,30571490.367944155,2673041.3650757917
96,2026-03-31,24774936,22111098.255351406,22478590.184772883,367491.9294214764
96,2026-03-31,24775054,34951050.56187131,38649641.49712104,3698590.9352497347
96,2026-03-31,24775082,39485208.473049186,41380503.19388027,1895294.7208310824
96,2026-03-31,24775087,25657003.479020786,26240080.62014286,583077.1411220721
96,2026-03-31,24775151,63142407.75087764,64233164.70045599,1090756.9495783497
96,2026-03-31,24775290,49838199.01799664,51919132.73555055,2080933.7175539087
96,2026-03-31,24775442,12269257.474999223,12660510.901760481,391253.4267612587
96,2026-03-31,24775827,50254622.28107676,52899394.31376542,2644772.0326886647
96,2026-03-31,24775872,26797026.157258652,27567081.195255637,770055.0379969843
96,2026-03-31,24775966,44247408.197594255,46213350.747746885,1965942.5501526303
96,2026-03-31,24775980,47160052.63154822,54354534.77740687,7194482.145858657
96,2026-03-31,24776058,37571849.14302284,39191170.52589508,1619321.382872239
96,2026-03-31,24776090,14048505.286400003,15068571.535348676,1020066.248948674
96,2026-03-31,24776164,47386781.97526466,49786433.3388116,2399651.3635469354
96,2026-03-31,24776674,30889297.860541537,31975902.038772102,1086604.178230565
96,2026-03-31,24776782,34141644.64049576,35410701.51570437,1269056.875208614
96,2026-03-31,24776799,30812924.67640721,31948357.14276486,1135432.4663576467
96,2026-03-31,24776880,45987600.868742526,47284411.57866998,1296810.709927454
96,2026-03-31,24776951,27106490.597899694,28177012.29809534,1070521.700195649
96,2026-03-31,24776971,36330676.93810994,37657143.87768399,1326466.93957405
96,2026-03-31,24777313,52550107.58213507,56074988.5787713,3524880.9966362324
96,2026-03-31,24777373,31223100.49561264,32516273.988007814,1293173.4923951728
96,2026-03-31,24777377,25772225.430913616,26838673.534328207,1066448.1034145926
96,2026-03-31,24778094,27099562.638981543,28453806.555892535,1354243.9169109922
96,2026-03-31,24778294,44385178.97217303,45783996.27515887,1398817.3029858333
96,2026-03-31,24778616,25043912.474997252,26756613.968004767,1712701.4930075118
96,2026-03-31,24778731,17796747.396562804,18395082.102473915,598334.7059111114
96,2026-03-31,24778799,17752059.309502397,18029531.054318417,277471.74481601873
96,2026-03-31,24778876,67663165.35394222,69556537.23891671,1893371.884974482
96,2026-03-31,24778973,48193385.52663786,51017346.5095702,2823960.982932345
96,2026-03-31,24779493,33881617.08907915,35152094.788302,1270477.6992228488
96,2026-03-31,24779637,43988374.019858055,45273990.30662664,1285616.2867685824
96,2026-03-31,24779734,41586574.4134624,42653852.882924944,1067278.4694625451
96,2026-03-31,24779865,79801535.71587694,81003520.36447747,1201984.648600536
96,2026-03-31,24780120,33503243.277011164,34600009.29374218,1096766.0167310166
96,2026-03-31,24780367,50999665.29286181,52729412.90989653,1729747.617034721
96,2026-03-31,24780447,13668337.926260592,13966327.182249123,297989.25598853047
96,2026-03-31,24780482,46290647.02780527,47842410.90761394,1551763.8798086725
96,2026-03-31,24780536,23388929.21741221,24204949.311680958,816020.0942687457
96,2026-03-31,24780879,33846510.41937281,38019201.4459497,4172691.026576896
96,2026-04-01,24781056,28797682.532306556,32584687.144068155,3787004.6117615975
96,2026-04-01,24781109,30139024.496560574,31619320.296131942,1480295.7995713665
96,2026-04-01,24781334,9692664.283528741,9692664.283528741,0.0
96,2026-04-01,24781592,10189616.054768816,10256163.77422218,66547.71945336368
96,2026-04-01,24781774,15536807.013462178,15677470.76202666,140663.74856448016
96,2026-04-01,24781852,49577605.744306386,50414795.8084108,837190.0641044141
96,2026-04-01,24781987,41114388.222490035,42734898.10804229,1620509.8855522596
96,2026-04-01,24782320,27917355.742906358,28591904.45637661,674548.7134702519
96,2026-04-01,24782341,39818737.558262244,41142592.9755846,1323855.4173223516
96,2026-04-01,24782353,88863463.90166444,93072317.66448201,4208853.762817573
96,2026-04-01,24782553,71141711.2914594,73103455.20652542,1961743.9150660236
96,2026-04-01,24782792,29701188.543498907,30530551.01526299,829362.4717640819
96,2026-04-01,24782838,41860193.05875817,43088896.375861645,1228703.317103474
96,2026-04-01,24782916,23970990.003129397,24936402.19846398,965412.1953345828
96,2026-04-01,24783066,37718595.596508175,38933051.480156794,1214455.8836486195
96,2026-04-01,24783241,24561787.879992846,25842482.009770248,1280694.129777403
96,2026-04-01,24783405,26982740.94689846,27816178.404317807,833437.4574193454
96,2026-04-01,24783511,67288930.04796582,69530421.53125575,2241491.4832899286
96,2026-04-01,24783682,82168530.18918586,84611025.53929244,2442495.3501065862
96,2026-04-01,24783852,34640048.05527801,36034600.98324696,1394552.9279689458
96,2026-04-01,24783886,14683558.344435355,15909583.543127848,1226025.198692494
96,2026-04-01,24783889,67608016.58472662,69940417.86960553,2332401.2848789124
96,2026-04-01,24783933,49272417.85887193,51386854.120648995,2114436.2617770643
96,2026-04-01,24783983,28158269.642858937,29293494.128706384,1135224.4858474494
96,2026-04-01,24784119,47321110.63574396,48009055.62297058,687944.987226618
96,2026-04-01,24784149,57040249.56586752,59550209.96646659,2509960.4005990704
96,2026-04-01,24784738,34184507.178634346,34991864.28605075,807357.1074164058
96,2026-04-01,24784850,27397248.53615775,28343547.053276323,946298.517118573
96,2026-04-01,24784970,48468274.312780276,49944922.53367529,1476648.2208950145
96,2026-04-01,24785048,27658052.94977071,28311843.51919229,653790.5694215803
96,2026-04-01,24785063,59232449.278920636,60121887.83936241,889438.5604417793
96,2026-04-01,24785088,33145286.185674965,35273314.953391984,2128028.7677170187
96,2026-04-01,24785118,32158324.57675132,32244003.202637546,85678.62588622457
96,2026-04-01,24785344,39284451.65687766,40106085.32182263,821633.6649449676
96,2026-04-01,24785428,31236026.517359957,32433815.305108048,1197788.7877480884
96,2026-04-01,24785454,41533704.29663205,45295775.17237741,3762070.8757453565
96,2026-04-01,24785561,17152730.225484993,17666074.669702154,513344.4442171593
96,2026-04-01,24785621,33542614.62857364,34703188.07713553,1160573.4485618914
96,2026-04-01,24785660,56086827.15495139,57813855.9029952,1727028.7480438016
96,2026-04-01,24785818,38849081.83310005,39838749.16773495,989667.3346348942
96,2026-04-01,24785820,38057941.10183829,38753982.21840356,696041.1165652769
96,2026-04-01,24785826,15351268.191958752,16403799.168349272,1052530.9763905199
96,2026-04-01,24785900,48341760.55465869,49154682.81644386,812922.2617851724
96,2026-04-01,24785982,25689588.89328805,25749954.002419084,60365.109131032135
96,2026-04-01,24786349,39486679.494145215,42680801.25196542,3194121.757820201
96,2026-04-01,24786691,30857075.058528226,32597560.8658792,1740485.8073509755
96,2026-04-01,24786727,18459094.92951839,18769159.782176547,310064.8526581555
96,2026-04-01,24786997,36611479.299982145,37104802.44602539,493323.14604323864
96,2026-04-01,24787868,16686765.752462227,16880921.385993224,194155.63353099636
96,2026-04-01,24788016,31326652.18430322,35274735.05656482,3948082.8722616
96,2026-04-02,24788568,21062260.900117785,21076838.621906053,14577.721788269962
96,2026-04-02,24788617,24620768.500347536,25946235.915611316,1325467.4152637802
96,2026-04-02,24788715,22272822.43701993,22587673.96746581,314851.5304458798
96,2026-04-02,24788760,46984927.88140114,47938507.957570106,953580.0761689714
96,2026-04-02,24788775,20195797.512565427,20982699.441513468,786901.9289480415
96,2026-04-02,24788776,26827183.897280898,26899853.923788067,72670.02650716985
96,2026-04-02,24788801,67695741.36388595,70577324.62885265,2881583.2649667035
96,2026-04-02,24789297,15499160.656314172,16143257.638506241,644096.9821920703
96,2026-04-02,24789386,5838922.89687791,6045336.555415732,206413.65853782182
96,2026-04-02,24789434,23759627.335838497,24280143.09611999,520515.76028149185
96,2026-04-02,24789637,8298297.365108755,8389874.148283398,91576.78317464131
96,2026-04-02,24789809,51790331.41762767,53348009.50428563,1557678.0866579616
96,2026-04-02,24790192,41675788.25993253,44243545.46144141,2567757.201508874
96,2026-04-02,24790295,49041264.05525844,51262960.425422095,2221696.370163658
96,2026-04-02,24790364,23506113.96589276,24357427.54310969,851313.5772169319
96,2026-04-02,24790706,23214902.780199803,24886521.44452812,1671618.664328318
96,2026-04-02,24790835,34118396.275996685,34849756.677160285,731360.4011635997
96,2026-04-02,24791014,33819436.73755161,34632700.331341125,813263.5937895185
96,2026-04-02,24791469,34940364.021877564,35768685.24055794,828321.2186803775
96,2026-04-02,24791638,58583854.498273075,61589258.951349005,3005404.453075929
96,2026-04-02,24791682,19308216.596079677,20608054.614386212,1299838.0183065345
96,2026-04-02,24791881,20563678.107683305,21504986.0726683,941307.9649849943
96,2026-04-02,24792031,26845163.750994142,27221390.62231853,376226.871324386
96,2026-04-02,24792045,27387533.247308195,27961525.176054172,573991.928745977
96,2026-04-02,24792123,33904046.10576057,37589339.35489747,3685293.249136904
96,2026-04-02,24792190,19888924.642512232,20592686.791120306,703762.1486080729
96,2026-04-02,24792238,23692030.78606259,24296789.913158786,604759.1270961929
96,2026-04-02,24792525,33915272.71478518,34277301.76645426,362029.05166907795
96,2026-04-02,24792532,63780264.97171259,66744272.43871521,2964007.46700262
96,2026-04-02,24792744,28499863.709771004,29166596.0098395,666732.3000684963
96,2026-04-02,24792879,37010435.70858389,37912127.8808753,901692.1722914056
96,2026-04-02,24792918,12562441.317181237,13201963.875955595,639522.5587743566
96,2026-04-02,24793066,31182183.3349676,33489401.436735414,2307218.1017678124
96,2026-04-02,24793210,35648156.171647936,36518375.06079923,870218.889151298
96,2026-04-02,24793211,17849022.060829658,18557542.75808946,708520.6972598021
96,2026-04-02,24793482,50996555.799909115,52704441.52522645,1707885.725317341
96,2026-04-02,24793560,51160655.090508096,52794478.58699607,1633823.4964879784
96,2026-04-02,24793849,27754678.25192097,28374979.999633785,620301.7477128168
96,2026-04-02,24793852,65478516.63528665,69381110.06107162,3902593.4257849604
96,2026-04-02,24793975,25322826.55196352,27659565.502875917,2336738.9509123964
96,2026-04-02,24794288,21989558.232209772,23389657.02922461,1400098.7970148423
96,2026-04-02,24794394,58748263.86177164,63286241.632761195,4537977.770989549
96,2026-04-02,24794613,49163194.43809931,50702350.791621,1539156.3535216872
96,2026-04-02,24794680,51888010.05773931,53044886.08711613,1156876.0293768204
96,2026-04-02,24794684,41008765.4491781,41619806.39989958,611040.9507214839
96,2026-04-02,24794726,57407442.30991143,58656378.278233774,1248935.968322345
96,2026-04-02,24794787,26393951.125114612,27223381.87027502,829430.7451604088
96,2026-04-02,24794806,25904133.485741194,26218352.86916257,314219.38342137716
96,2026-04-02,24794990,28861264.305866856,30197782.23384177,1336517.9279749133
96,2026-04-02,24795288,67765263.59390463,68834227.1389029,1068963.5449982798
96,2026-04-03,24795493,26792958.226278666,27841120.486045353,1048162.259766687
96,2026-04-03,24795528,2764363.837505516,2764363.837505516,0.0
96,2026-04-03,24795698,36057156.619258806,36964808.18931944,907651.5700606322
96,2026-04-03,24795867,16980905.522492982,16995030.431738403,14124.909245418909
96,2026-04-03,24795987,25503444.051977664,25876033.201028198,372589.1490505356
96,2026-04-03,24796265,28493219.034927357,29119149.34747207,625930.3125447134
96,2026-04-03,24796303,14363547.159872526,14435308.972275065,71761.81240253831
96,2026-04-03,24796402,37119886.84466833,38491747.05588595,1371860.2112176218
96,2026-04-03,24796856,14635463.217265032,14891870.262627853,256407.04536282085
96,2026-04-03,24797740,16703605.833495941,17310100.33542837,606494.5019324267
96,2026-04-03,24797747,34991775.51094537,36395302.24700703,1403526.7360616636
96,2026-04-03,24797761,23038671.459037397,23603122.644304227,564451.1852668284
96,2026-04-03,24797829,39010291.02775002,41513895.97613561,2503604.9483855926
96,2026-04-03,24797896,42143469.28592894,44663944.0350247,2520474.7490957594
96,2026-04-03,24797941,45402899.90512575,46955927.45846481,1553027.5533390609
96,2026-04-03,24797965,16921051.790570214,18163672.56014505,1242620.769574836
96,2026-04-03,24798145,23504555.157428365,23843609.539205756,339054.38177739386
96,2026-04-03,24798210,67307901.98315202,67379000.81124073,71098.82808872151
96,2026-04-03,24798257,41215951.603046104,42937505.03318923,1721553.430143125
96,2026-04-03,24798258,19052287.986646373,19147676.112471007,95388.1258246343
96,2026-04-03,24798531,39564559.755395934,40794385.01882849,1229825.2634325519
96,2026-04-03,24798584,41019029.0983555,42239496.26328215,1220467.1649266537
96,2026-04-03,24798599,39733316.9661991,42407613.18465959,2674296.2184604867
96,2026-04-03,24798635,40772810.91117967,42162602.28443011,1389791.3732504384
96,2026-04-03,24798645,23686446.422800224,24756071.923733585,1069625.5009333605
96,2026-04-03,24798655,51919725.19041732,53346458.98673597,1426733.7963186468
96,2026-04-03,24798789,69022524.18414493,72699805.96466671,3677281.7805217733
96,2026-04-03,24798813,69548619.35690998,72723055.03092097,3174435.6740109795
96,2026-04-03,24798937,30764410.36136601,31665551.79865632,901141.4372903089
96,2026-04-03,24799010,23701975.87596926,24123662.30181512,421686.4258458587
96,2026-04-03,24799026,54786191.82690487,58805687.82247441,4019495.9955695444
96,2026-04-03,24799225,31774668.9181015,32376851.036153935,602182.1180524349
96,2026-04-03,24799401,28384922.27033488,29122520.722039785,737598.4517049044
96,2026-04-03,24799433,22898474.43146975,24309329.646731533,1410855.2152617823
96,2026-04-03,24799653,23973369.19444165,24791852.345059063,818483.150617413
96,2026-04-03,24799809,1702359.6616970422,1713868.878017397,11509.216320354928
96,2026-04-03,24799973,7769459.580428235,7769459.580428235,0.0
96,2026-04-03,24800152,25676702.577932723,26235858.675764833,559156.0978321116
96,2026-04-03,24800411,30559962.87381479,32018197.236038536,1458234.3622237435
96,2026-04-03,24800603,73302434.96361329,75597004.5357849,2294569.57217161
96,2026-04-03,24800936,29915614.15760186,30900579.674786385,984965.5171845261
96,2026-04-03,24801062,40901118.29297595,41878563.60106377,977445.3080878245
96,2026-04-03,24801351,30271970.32275153,31073760.25296397,801789.9302124414
96,2026-04-03,24801353,22220225.26850444,23028038.876216456,807813.6077120149
96,2026-04-03,24801384,62381923.02838936,64225583.066116214,1843660.0377268554
96,2026-04-03,24801944,27636082.432654973,28428310.94881489,792228.5161599163
96,2026-04-03,24802058,42662974.42517549,43112831.32368673,449856.89851123845
96,2026-04-03,24802171,22101605.557382464,22993347.77695093,891742.2195684646
96,2026-04-03,24802495,26083101.144888863,26771601.518929437,688500.3740405731
96,2026-04-03,24802522,70540775.81039445,71107690.05993651,566914.2495420631
96,2026-04-04,24802787,16867029.732743993,17332346.866857544,465317.13411354896
96,2026-04-04,24802943,14003846.433383118,14518124.516528036,514278.0831449182
96,2026-04-04,24803291,51160070.26539139,51691549.02887683,531478.7634854474
96,2026-04-04,24803424,15261309.37513156,15427603.076000327,166293.70086876774
96,2026-04-04,24803568,41653989.72995741,43758859.75109518,2104870.021137773
96,2026-04-04,24803645,19558761.11898906,19691353.384766933,132592.265777871
96,2026-04-04,24803656,34021026.9673409,34495288.97934706,474262.0120061552
96,2026-04-04,24803806,20474383.96481825,20817115.511255577,342731.54643732705
96,2026-04-04,24804176,24593968.262411296,25339910.444666415,745942.18225512
96,2026-04-04,24804298,79711505.01074116,82721518.30553761,3010013.2947964584
96,2026-04-04,24804388,69929896.26640368,71218638.91536163,1288742.6489579522
96,2026-04-04,24804407,14993872.167054735,15422791.620530784,428919.4534760491
96,2026-04-04,24804430,27550860.547206946,28806583.94788076,1255723.4006738157
96,2026-04-04,24805031,14937865.54120631,15236678.29647964,298812.7552733317
96,2026-04-04,24805107,2915435.9216358275,2915445.788933527,9.867297699223855
96,2026-04-04,24805132,31068121.931575824,32278246.469211172,1210124.5376353494
96,2026-04-04,24805213,25516269.93277558,26104401.99068491,588132.0579093299
96,2026-04-04,24805259,36191549.56864065,38412016.71765097,2220467.1490103183
96,2026-04-04,24805267,32822775.92679916,33473703.554457307,650927.6276581485
96,2026-04-04,24805780,39958618.666976206,41529221.34634109,1570602.6793648847
96,2026-04-04,24805781,61983278.45274932,64711612.522449665,2728334.069700344
96,2026-04-04,24806025,42610501.2826098,44328720.57755978,1718219.2949499805
96,2026-04-04,24806073,26460076.53296818,27436896.95972489,976820.4267567085
96,2026-04-04,24806136,79578406.6612814,84334132.97518381,4755726.313902409
96,2026-04-04,24806207,41656877.25875562,44239151.98876713,2582274.7300115186
96,2026-04-04,24806499,75227930.50177364,78021464.39005879,2793533.8882851433
96,2026-04-04,24806585,12011108.448842358,12601106.562682768,589998.1138404097
96,2026-04-04,24806873,71708625.35906121,74897990.5412817,3189365.1822204837
96,2026-04-04,24806885,22558004.42064786,23105840.35530858,547835.9346607191
96,2026-04-04,24806992,19452644.16079962,20269799.740380697,817155.579581078
96,2026-04-04,24807117,53401241.084699064,53954360.89190248,553119.8072034115
96,2026-04-04,24807137,28286909.70358073,30450652.391790558,2163742.688209825
96,2026-04-04,24807177,80118719.18975542,82090972.68847908,1972253.4987236627
96,2026-04-04,24807228,22981191.226882283,23592154.474972937,610963.2480906566
96,2026-04-04,24807367,21968967.929646682,22805551.288898215,836583.3592515353
96,2026-04-04,24807385,48144433.8428951,51740375.78761883,3595941.9447237346
96,2026-04-04,24807519,21216322.326834053,21913204.28941086,696881.9625768061
96,2026-04-04,24807628,51043290.451799795,52512883.94203241,1469593.4902326202
96,2026-04-04,24807678,21808483.026784185,22893622.741779584,1085139.714995402
96,2026-04-04,24807731,35274727.98946232,36277948.13081283,1003220.1413505039
96,2026-04-04,24807997,36015677.83483542,37819151.97976408,1803474.144928666
96,2026-04-04,24808004,23857406.96572279,24764588.407878753,907181.4421559582
96,2026-04-04,24808474,67155745.47716422,68059016.73978004,903271.2626158175
96,2026-04-04,24808524,30349584.30045366,31357389.421081707,1007805.1206280492
96,2026-04-04,24808970,20733997.360967897,21624840.309553083,890842.9485851874
96,2026-04-04,24809178,62516255.44498084,64088055.83057116,1571800.3855903174
96,2026-04-04,24809328,48219246.6902995,49257119.666485995,1037872.9761864906
96,2026-04-04,24809376,37005717.33820652,40136495.79211721,3130778.453910685
96,2026-04-04,24809458,33179085.68424218,34185523.5979215,1006437.9136793166
96,2026-04-04,24809716,12788993.461654253,13539339.398239069,750345.9365848157
96,2026-04-05,24809934,22812476.601057377,24407704.602342404,1595228.0012850272
96,2026-04-05,24810023,17171910.805018015,17835616.062252775,663705.2572347573
96,2026-04-05,24810137,18298133.825584035,19144469.363542654,846335.5379586176
96,2026-04-05,24810357,60992761.457442746,62611992.65763841,1619231.2001956576
96,2026-04-05,24810559,59621046.40409453,61197687.94805452,1576641.5439599848
96,2026-04-05,24810830,63340135.18828881,64937866.678539746,1597731.4902509358
96,2026-04-05,24810844,41884145.358964905,43015545.04173996,1131399.682775062
96,2026-04-05,24810866,53477245.15043293,54884102.394615784,1406857.2441828563
96,2026-04-05,24810952,41738508.8601988,42614632.867800735,876124.0076019288
96,2026-04-05,24810979,24941463.728237268,26343078.781915016,1401615.0536777494
96,2026-04-05,24811096,28953590.545330398,30029507.6343055,1075917.0889751008
96,2026-04-05,24811120,16786569.461396877,17749372.13240572,962802.6710088456
96,2026-04-05,24811144,5218987.1516527,5391095.429743974,172108.27809127324
96,2026-04-05,24811263,11301406.975130191,12092305.188090134,790898.2129599432
96,2026-04-05,24811268,20142034.28524991,20940139.709230196,798105.4239802869
96,2026-04-05,24811752,29894830.35466581,30878876.945444524,984046.5907787161
96,2026-04-05,24811906,29262102.461943626,30666314.711671825,1404212.2497281984
96,2026-04-05,24811987,31618031.35133442,32466982.881206762,848951.5298723405
96,2026-04-05,24812177,21646550.090999722,22206799.38039479,560249.2893950671
96,2026-04-05,24812190,31808130.505562183,34038206.043919444,2230075.538357261
96,2026-04-05,24812260,51718132.65432527,53347356.649621926,1629223.9952966562
96,2026-04-05,24812451,73543211.86926584,75459650.85633987,1916438.9870740215
96,2026-04-05,24812591,18295744.211787567,18971300.713593412,675556.501805845
96,2026-04-05,24812964,37262546.75117329,38304729.32261782,1042182.5714445327
96,2026-04-05,24812977,36737250.838134915,38309839.9801675,1572589.1420325828
96,2026-04-05,24813178,27212425.875107642,28765437.033495657,1553011.1583880142
96,2026-04-05,24813182,40862205.32509575,42610647.73696302,1748442.4118672654
96,2026-04-05,24813263,26255995.487306006,27445649.69116926,1189654.2038632522
96,2026-04-05,24813322,61824186.701992415,63964316.04650782,2140129.344515409
96,2026-04-05,24813540,45424029.55011573,46691724.698933125,1267695.1488173984
96,2026-04-05,24813613,60243953.39500992,61017486.94135287,773533.5463429507
96,2026-04-05,24813624,41514020.79409241,42127748.662253775,613727.8681613664
96,2026-04-05,24813946,11977728.28734895,12169971.789791148,192243.50244219776
96,2026-04-05,24814345,14541327.133240284,14888681.710908242,347354.57766795665
96,2026-04-05,24814354,40993601.574402004,42051353.4578641,1057751.8834620938
96,2026-04-05,24814416,56199520.56687357,58115964.644291624,1916444.0774180572
96,2026-04-05,24814451,33006223.966924217,34166334.38594633,1160110.4190221159
96,2026-04-05,24814582,36617693.73118093,37914941.26934297,1297247.5381620391
96,2026-04-05,24814830,11001847.355399303,11507412.074200042,505564.71880073834
96,2026-04-05,24814961,20739774.318211664,21796462.19634568,1056687.8781340173
96,2026-04-05,24815044,73544631.35893379,75038317.88811016,1493686.5291763765
96,2026-04-05,24815117,31726561.513061408,32960984.328376267,1234422.8153148599
96,2026-04-05,24815172,26493429.774881665,27034826.440304186,541396.6654225216
96,2026-04-05,24815655,42027991.16149016,43767965.123582564,1739973.962092403
96,2026-04-05,24815671,74463557.32103316,75305888.75420551,842331.4331723535
96,2026-04-05,24815735,23949448.267121892,25063290.154142786,1113841.8870208955
96,2026-04-05,24815744,17372673.20564196,18254348.963915072,881675.7582731151
96,2026-04-05,24816005,36307974.97614631,39924486.351144075,3616511.3749977653
96,2026-04-05,24816051,18839368.835253097,20547046.61204223,1707677.7767891297
96,2026-04-05,24816684,92001740.03005053,92572803.54114126,571063.5110907317
96,2026-04-06,24817002,72301299.65634161,72874989.83485675,573690.1785151294
96,2026-04-06,24817375,4049532.233202383,4091388.233202383,41856.0
96,2026-04-06,24817406,10116226.746479725,10235144.444739187,118917.6982594626
96,2026-04-06,24817502,34126582.164568074,34558865.095949315,432282.93138123734
96,2026-04-06,24817674,15176792.701927187,16056753.631168978,879960.9292417903
96,2026-04-06,24817762,41624034.24049212,42523027.76306129,898993.5225691709
96,2026-04-06,24817784,38552574.187370434,39233852.406254396,681278.2188839561
96,2026-04-06,24817991,25180131.342918284,25955754.615286477,775623.2723681931
96,2026-04-06,24817996,80158256.79175897,82152652.18884623,1994395.3970872632
96,2026-04-06,24818039,53442763.75052332,53973080.494325586,530316.743802269
96,2026-04-06,24818055,71578397.33716427,73834860.75354466,2256463.4163803877
96,2026-04-06,24818322,10744086.235152727,10997323.884993788,253237.64984106107
96,2026-04-06,24818566,13745225.37919042,14590877.534148034,845652.1549576132
96,2026-04-06,24818756,84831001.97866887,86443061.74637441,1612059.7677055474
96,2026-04-06,24819006,45376121.34192606,45798388.19625228,422266.8543262162
96,2026-04-06,24819234,22394229.577375673,23462816.034035373,1068586.4566596977
96,2026-04-06,24819298,36862136.02506559,38407180.199077055,1545044.174011462
96,2026-04-06,24819302,83349904.91294986,84220289.00030956,870384.0873597084
96,2026-04-06,24819412,30427925.783344414,31285266.85699233,857341.0736479196
96,2026-04-06,24819565,29796595.99618756,30455802.732956327,659206.736768769
96,2026-04-06,24819591,31882982.877244443,32465340.689622086,582357.8123776425
96,2026-04-06,24819612,30919205.210348874,32063349.734686278,1144144.5243374002
96,2026-04-06,24819797,82046669.9451273,84513932.85760266,2467262.912475373
96,2026-04-06,24819912,60510348.61891678,62971106.91450563,2460758.295588855
96,2026-04-06,24819948,33681634.384646595,34775047.01450166,1093412.6298550607
96,2026-04-06,24820433,77115374.9599412,84570839.78122583,7455464.821284642
96,2026-04-06,24820668,35435666.601171464,37245427.64577487,1809761.0446034037
96,2026-04-06,24821393,27514281.2993722,28599645.210779328,1085363.911407127
96,2026-04-06,24821588,4384587.991599456,4401244.973260813,16656.98166135706
96,2026-04-06,24821612,41953963.36787084,42439536.22308597,485572.8552151319
96,2026-04-06,24821778,41613446.02591566,43108278.307335384,1494832.2814197277
96,2026-04-06,24821831,55320268.069797345,58088537.91585623,2768269.8460588846
96,2026-04-06,24821834,17675581.341640424,17905729.711695306,230148.3700548822
96,2026-04-06,24821844,59131803.25630384,60967218.899655245,1835415.643351408
96,2026-04-06,24821866,36277388.88248608,38350717.92559475,2073329.0431086605
96,2026-04-06,24822269,44855969.4877889,46152448.205001205,1296478.717212301
96,2026-04-06,24822396,47989466.37074204,49719288.64398296,1729822.273240922
96,2026-04-06,24822497,28505451.289985064,28958637.520825036,453186.230839973
96,2026-04-06,24822592,35811011.0804448,36486306.24928819,675295.1688433822
96,2026-04-06,24822758,29616376.229116384,30254721.165300924,638344.9361845397
96,2026-04-06,24822915,43713394.76630869,45136609.955742545,1423215.189433859
96,2026-04-06,24822943,40341370.88616213,41542344.63539324,1200973.7492311073
96,2026-04-06,24823039,17864335.567092013,18801047.619954262,936712.05286225
96,2026-04-06,24823154,44425294.351553984,45794451.56813671,1369157.2165827162
96,2026-04-06,24823428,2645638.926134711,2645638.926134711,0.0
96,2026-04-06,24823450,14781877.071345823,15391236.191885507,609359.1205396825
96,2026-04-06,24823466,47911785.79906536,50895348.82285586,2983563.0237905043
96,2026-04-06,24823748,43737051.54336421,44001903.786433965,264852.24306974636
96,2026-04-06,24823755,62367400.72324171,63306394.50925524,938993.7860135289
96,2026-04-06,24823881,80107208.62284794,81972654.05069624,1865445.4278482874
96,2026-04-07,24824084,50262321.05798755,50677144.671586774,414823.61359922466
96,2026-04-07,24824182,52925866.624341555,55940914.12393089,3015047.4995893384
96,2026-04-07,24824229,27215304.20441886,27974809.788653035,759505.5842341759
96,2026-04-07,24824320,76397521.79289314,78536911.25816801,2139389.465274861
96,2026-04-07,24824339,13117640.258281901,13670060.916532807,552420.6582509056
96,2026-04-07,24824923,17578873.735778548,19121318.542097583,1542444.8063190356
96,2026-04-07,24825052,48467694.13816649,49607061.45192484,1139367.3137583518
96,2026-04-07,24825109,42575916.311909676,44470864.67449737,1894948.362587695
96,2026-04-07,24825273,46179017.194890514,46883088.91513327,704071.720242753
96,2026-04-07,24825506,48340485.66362718,50516471.66363505,2175986.0000078785
96,2026-04-07,24825593,1912262.451998682,1923712.2027632927,11449.750764610842
96,2026-04-07,24825603,58479949.87899652,59479487.164673425,999537.2856769003
96,2026-04-07,24825754,42049002.6576263,43431604.592203364,1382601.934577062
96,2026-04-07,24825962,22279397.063680496,22816292.51882833,536895.4551478338
96,2026-04-07,24826194,54103975.10640212,55162188.82361627,1058213.717214156
96,2026-04-07,24826545,40108640.47111072,41714740.30266356,1606099.8315528424
96,2026-04-07,24826560,30592904.077322103,31555620.433148317,962716.3558262169
96,2026-04-07,24826827,51421529.342879415,52102073.239783965,680543.8969045517
96,2026-04-07,24827170,52441885.91583022,53979782.5458502,1537896.6300199823
96,2026-04-07,24827182,23059999.388256595,24496011.936876994,1436012.5486203996
96,2026-04-07,24827344,78361137.25152844,82537163.87653212,4176026.6250036843
96,2026-04-07,24827410,70844933.12019876,71313339.50442362,468406.38422486646
96,2026-04-07,24827423,57418221.2051554,60240830.0859655,2822608.880810097
96,2026-04-07,24827580,36414010.910644524,37147064.44861039,733053.5379658629
96,2026-04-07,24827763,67464850.22721991,70381085.43119413,2916235.203974219
96,2026-04-07,24827849,45120165.901671246,48715897.37264484,3595731.4709735997
96,2026-04-07,24828201,26480911.33463155,27103065.326948605,622153.9923170565
96,2026-04-07,24828417,24746456.945160616,26507680.110725954,1761223.1655653403
96,2026-04-07,24828470,33645903.72666365,35638624.19482671,1992720.4681630572
96,2026-04-07,24828590,37417537.87092874,39636906.45906515,2219368.5881364075
96,2026-04-07,24828788,13983329.104304722,14606123.520947574,622794.4166428531
96,2026-04-07,24829024,39442644.10804148,41596595.33180092,2153951.2237594477
96,2026-04-07,24829032,45771312.73700347,47804068.67298695,2032755.9359834753
96,2026-04-07,24829141,31545516.509930022,32862023.38993904,1316506.880009018
96,2026-04-07,24829277,17247276.39780366,17439422.997618392,192146.59981473294
96,2026-04-07,24829602,31704222.307323694,32822424.285379905,1118201.9780562106
96,2026-04-07,24829623,74295773.58492108,75803005.18200324,1507231.5970821604
96,2026-04-07,24829786,63847183.83618363,66844921.409576386,2997737.5733927586
96,2026-04-07,24829944,61214163.305822596,63900795.8449339,2686632.539111307
96,2026-04-07,24829964,26104941.39706329,26634705.680825043,529764.2837617563
96,2026-04-07,24830298,50952849.52460072,52063771.59511976,1110922.070519044
96,2026-04-07,24830423,55330275.0345466,55370614.225875616,40339.191329019406
96,2026-04-07,24830475,36542188.842284836,37918746.86031435,1376558.0180295112
96,2026-04-07,24830769,44355111.719931416,44895902.66077599,540790.9408445676
96,2026-04-07,24830966,92130015.6527223,94143316.04407746,2013300.391355153
96,2026-04-07,24830997,34437166.63322923,35152093.38197437,714926.7487451332
96,2026-04-07,24831102,89397825.61588168,91010459.18068266,1612633.5648009763
96,2026-04-07,24831124,35398269.5517113,36358548.45362307,960278.9019117779
96,2026-04-07,24831179,25494168.338889237,26411520.333473116,917351.9945838782
96,2026-04-07,24831200,32320019.94475782,32911308.239492685,591288.2947348652
96,2026-04-08,24831380,37422849.96506418,39364498.79136794,1941648.8263037563
96,2026-04-08,24831539,69243447.11121811,70950563.2141591,1707116.1029409913
96,2026-04-08,24831649,46462292.1003375,47614777.04103866,1152484.9407011678
96,2026-04-08,24831708,32953499.85600649,34161358.59192085,1207858.7359143614
96,2026-04-08,24831969,54771479.92184304,57845382.635093234,3073902.7132501965
96,2026-04-08,24832025,23771328.232933883,24403350.10277626,632021.8698423785
96,2026-04-08,24832040,38724528.095730685,40789944.69406451,2065416.598333833
96,2026-04-08,24832150,32463513.49936701,34351502.65410429,1887989.154737279
96,2026-04-08,24832155,41165939.87235704,43670290.92584171,2504351.0534846694
96,2026-04-08,24832181,44973615.15801301,47724642.741993785,2751027.5839807717
96,2026-04-08,24832234,47299069.019355975,48910343.610778056,1611274.5914220784
96,2026-04-08,24832289,19119333.764317926,20504207.429758392,1384873.6654404663
96,2026-04-08,24832581,38004933.5531544,38524203.980837144,519270.4276827371
96,2026-04-08,24832768,53675716.0568598,54369683.193263784,693967.1364039831
96,2026-04-08,24832772,32786201.141448215,33636198.58002995,849997.4385817327
96,2026-04-08,24832852,43196078.545117676,44757608.41853216,1561529.8734144887
96,2026-04-08,24833003,34175337.731881104,35758924.96298579,1583587.2311046903
96,2026-04-08,24833119,33330135.943935536,34557842.07963711,1227706.1357015728
96,2026-04-08,24833120,20213662.9867099,21231682.03051745,1018019.0438075527
96,2026-04-08,24833271,24435734.862062197,25095465.980482105,659731.1184199096
96,2026-04-08,24833609,43531235.377254955,44705886.38390529,1174651.0066503393
96,2026-04-08,24833934,25592758.909761615,27844968.912341215,2252210.0025795978
96,2026-04-08,24833949,44000065.527482,45460068.60130279,1460003.0738207859
96,2026-04-08,24834118,67289093.5062638,69425422.74415407,2136329.2378902663
96,2026-04-08,24834168,11700406.12297749,12058984.705284737,358578.5823072465
96,2026-04-08,24834573,65059495.975231655,66441540.015899055,1382044.0406674016
96,2026-04-08,24834758,53381356.09551375,57566747.15641425,4185391.0609004903
96,2026-04-08,24834947,18581050.659387924,20203815.17831758,1622764.5189296554
96,2026-04-08,24834962,66086985.59517526,68435065.88224171,2348080.2870664536
96,2026-04-08,24835114,43691452.20614165,46394903.64426248,2703451.438120824
96,2026-04-08,24835223,52239531.81448888,54539615.76923931,2300083.95475042
96,2026-04-08,24835501,30920784.512304,31843663.33361364,922878.821309641
96,2026-04-08,24835909,33409507.143179707,34633202.29133658,1223695.148156871
96,2026-04-08,24836151,27306727.14790969,27778026.71720432,471299.5692946324
96,2026-04-08,24836188,16017320.612851938,16805193.200865205,787872.5880132664
96,2026-04-08,24836276,38366037.72081431,39524252.236561224,1158214.5157469136
96,2026-04-08,24836284,24945439.60509593,27904633.760901295,2959194.155805362
96,2026-04-08,24836588,56000871.92100729,60000219.79132555,3999347.870318259
96,2026-04-08,24836640,69889360.71567239,71972041.80666125,2082681.0909888495
96,2026-04-08,24836816,39275642.30339115,41522900.04789812,2247257.7445069673
96,2026-04-08,24836826,60682031.54443885,66695631.28821041,6013599.743771563
96,2026-04-08,24836944,83977698.09987314,92280471.82462044,8302773.7247473085
96,2026-04-08,24836984,30981244.70192048,32096516.144962627,1115271.4430421484
96,2026-04-08,24837578,35697181.080935635,35821268.91871429,124087.8377786561
96,2026-04-08,24837674,16481731.992043983,17550155.47695202,1068423.4849080383
96,2026-04-08,24837732,6060838.79008489,6666799.63526152,605960.8451766302
96,2026-04-08,24837884,31627695.515700314,32959526.009126168,1331830.4934258526
96,2026-04-08,24838042,48294948.792147644,51968020.90727731,3673072.115129666
96,2026-04-08,24838122,41364694.501995735,42299257.29424294,934562.79224721
96,2026-04-08,24838297,30814421.03806894,31936540.658165615,1122119.6200966763
96,2026-04-09,24838690,19083342.492335,20088719.504626423,1005377.0122914233
96,2026-04-09,24839167,43727985.32154253,45165334.81809598,1437349.4965534504
96,2026-04-09,24839513,63440890.917190365,65144123.36246127,1703232.4452709057
96,2026-04-09,24839623,26224051.91335662,27029849.284720358,805797.3713637382
96,2026-04-09,24839894,42745406.990269005,44401113.38469744,1655706.3944284366
96,2026-04-09,24839968,46142598.690699935,47612901.632627584,1470302.9419276486
96,2026-04-09,24840203,30063500.66418915,31233406.09625597,1169905.4320668185
96,2026-04-09,24840291,33701512.69129435,34586571.47610495,885058.7848106029
96,2026-04-09,24840299,19974157.05198535,20674217.00877776,700059.956792409
96,2026-04-09,24840358,73746797.00855586,75799592.92591937,2052795.917363518
96,2026-04-09,24840380,1620850.4896305113,1623922.4896305113,3072.0
96,2026-04-09,24840704,45521896.41783698,46572143.31381829,1050246.895981313
96,2026-04-09,24841049,42139554.2519206,42917753.47716394,778199.2252433335
96,2026-04-09,24841166,78825858.3059072,83189875.01101819,4364016.705110982
96,2026-04-09,24841206,13039936.005503053,13144063.349041514,104127.34353846105
96,2026-04-09,24841439,68515601.6405951,71391468.22441092,2875866.583815817
96,2026-04-09,24841474,36230816.516789705,37394410.608721234,1163594.091931529
96,2026-04-09,24841709,65089603.23968585,66300773.30332529,1211170.0636394413
96,2026-04-09,24841718,38157780.17830009,39624075.829498485,1466295.6511983948
96,2026-04-09,24841863,26811805.882929776,27621409.690834492,809603.8079047179
96,2026-04-09,24842236,28181868.2888111,28929153.681216273,747285.3924051767
96,2026-04-09,24842344,27786788.324613076,28501502.406319663,714714.0817065879
96,2026-04-09,24842424,30600367.682390984,31470909.18147729,870541.4990863056
96,2026-04-09,24842435,41341495.73105045,42874119.75143081,1532624.0203803638
96,2026-04-09,24842538,30802728.23203857,31229763.22362559,427034.99158701784
96,2026-04-09,24842541,30561379.825049825,30890811.412254762,329431.5872049397
96,2026-04-09,24842550,35229715.77292022,36526026.92271541,1296311.1497951949
96,2026-04-09,24842609,60279943.86092035,62532886.12291277,2252942.2619924275
96,2026-04-09,24842847,85998305.43909837,87910547.95307569,1912242.513977307
96,2026-04-09,24843156,71535346.34000213,73130908.0883656,1595561.7483634686
96,2026-04-09,24843164,11082562.885407778,11137575.012357343,55012.12694956636
96,2026-04-09,24843322,69950699.01883173,72642095.37168103,2691396.352849306
96,2026-04-09,24843346,16496500.477988664,16715158.682072783,218658.20408411953
96,2026-04-09,24843376,47537201.14538468,48363936.79454444,826735.6491597717
96,2026-04-09,24843641,38937691.611507915,40921308.10097283,1983616.4894649144
96,2026-04-09,24843727,8093371.19696431,8568904.567278018,475533.3703137089
96,2026-04-09,24843779,56000247.03519696,58627619.88343285,2627372.8482358865
96,2026-04-09,24843806,69635179.58662333,71567393.60376363,1932214.0171402986
96,2026-04-09,24843931,78900871.85260563,81205978.60097115,2305106.748365522
96,2026-04-09,24843980,52451150.259392686,52941139.21814605,489988.9587533631
96,2026-04-09,24843983,68664369.8283267,71090109.05589259,2425739.2275658837
96,2026-04-09,24844042,31455738.60679659,32246932.83886163,791194.2320650406
96,2026-04-09,24844199,29231699.20170512,30339912.924307432,1108213.7226023101
96,2026-04-09,24844568,28194548.614166066,30033779.86184437,1839231.247678302
96,2026-04-09,24844736,32080383.371126898,34036410.63357314,1956027.2624462405
96,2026-04-09,24844766,20796335.20504418,21499665.997090574,703330.7920463913
96,2026-04-09,24844982,50983354.71627778,51719989.74952147,736635.0332436904
96,2026-04-09,24844999,45428707.89888592,45818851.12977694,390143.23089101794
96,2026-04-09,24845192,36402569.6584855,38341006.01069419,1938436.352208694
96,2026-04-09,24845463,50767248.76129112,53267435.86798766,2500187.1066965484
96,2026-04-10,24845635,65519181.70169097,68033470.84411813,2514289.142427167
96,2026-04-10,24845662,60531634.87246658,62548748.73544374,2017113.8629771604
96,2026-04-10,24845664,31189856.208547644,32694967.237154122,1505111.028606476
96,2026-04-10,24846024,78014913.27998035,80354874.37806855,2339961.0980882146
96,2026-04-10,24846105,53984334.80535744,56938079.397694595,2953744.592337147
96,2026-04-10,24846197,54134107.816752866,56797650.96126958,2663543.144516716
96,2026-04-10,24846212,23447592.39740657,23493421.333365932,45828.93595936316
96,2026-04-10,24846225,29797442.47157177,30266025.91040327,468583.4388314992
96,2026-04-10,24846295,16521020.128502393,17844112.163290836,1323092.034788445
96,2026-04-10,24846386,23963165.169480935,24642430.168930784,679264.9994498495
96,2026-04-10,24846509,5594277.878917838,5651536.7229297105,57258.84401187228
96,2026-04-10,24846517,45446258.72863046,45963278.72035077,517019.9917203081
96,2026-04-10,24846786,42220819.51941772,43439487.005135715,1218667.4857179995
96,2026-04-10,24846793,32436481.96014221,34078639.89324485,1642157.9331026375
96,2026-04-10,24846972,49829181.57045763,50333151.967212334,503970.39675470337
96,2026-04-10,24847059,40945564.154644236,41705544.38769483,759980.2330505926
96,2026-04-10,24847109,39351133.58329775,41960368.91207979,2609235.3287820364
96,2026-04-10,24847293,25143076.458030626,26000376.429452397,857299.9714217705
96,2026-04-10,24847562,38120392.76743628,40176176.19680831,2055783.4293720264
96,2026-04-10,24847629,39804865.01366926,40930101.765178986,1125236.751509727
96,2026-04-10,24847649,46052171.735815614,46861081.90601289,808910.1701972742
96,2026-04-10,24847678,39867102.50469941,40610615.62523419,743513.1205347746
96,2026-04-10,24847759,37090368.09436389,38848920.20049471,1758552.1061308142
96,2026-04-10,24847779,46948513.45359781,49880267.28523969,2931753.8316418873
96,2026-04-10,24848086,14894779.084642252,15008406.708293753,113627.62365150059
96,2026-04-10,24848222,50092219.89047434,52584374.78284472,2492154.892370379
96,2026-04-10,24848372,23582439.703182746,24628937.37115451,1046497.6679717606
96,2026-04-10,24848555,74281274.28094378,79401110.4335802,5119836.152636425
96,2026-04-10,24848674,30873672.745747652,32923936.5927728,2050263.8470251472
96,2026-04-10,24848937,23445912.88076263,24188825.999277882,742913.1185152511
96,2026-04-10,24849039,50642866.835464865,53316285.460069895,2673418.624605024
96,2026-04-10,24849113,30188244.381180894,31919991.486039113,1731747.1048582187
96,2026-04-10,24849271,37634442.418344334,39504692.415856056,1870249.9975117226
96,2026-04-10,24849451,15249815.557451067,16414569.355651986,1164753.79820092
96,2026-04-10,24849611,8443900.871006148,9470765.240189262,1026864.3691831137
96,2026-04-10,24849664,80002406.75206093,83913031.4789788,3910624.726917868
96,2026-04-10,24849691,29623545.84145316,30260945.83175534,637399.9903021815
96,2026-04-10,24849948,29913941.68037949,30963315.297948066,1049373.6175685772
96,2026-04-10,24849985,46203990.700404935,48501499.80083135,2297509.100426417
96,2026-04-10,24850019,25068933.96407126,25647935.88591023,579001.9218389741
96,2026-04-10,24850096,79035443.04940578,81355131.54781596,2319688.498410184
96,2026-04-10,24850107,32062941.380682178,33464518.258426975,1401576.877744795
96,2026-04-10,24850808,37157675.85971949,40003485.92945811,2845810.0697386134
96,2026-04-10,24850995,50070818.23892719,53538655.59888538,3467837.359958187
96,2026-04-10,24851306,29976569.07632434,30829413.890865266,852844.8145409271
96,2026-04-10,24851796,11998105.448520664,13504560.919094373,1506455.4705737086
96,2026-04-10,24851893,20189515.329536375,21250987.77059671,1061472.441060335
96,2026-04-10,24852457,55355657.98667147,56498345.26805323,1142687.2813817596
96,2026-04-10,24852528,37251988.34161583,38125969.445588194,873981.1039723572
96,2026-04-10,24852619,22800456.272817448,23340124.854230255,539668.581412805
96,2026-04-11,24852919,33698017.82043963,35726887.47270064,2028869.65226101
96,2026-04-11,24852970,33669620.71062666,34109282.55677127,439661.8461446097
96,2026-04-11,24853056,47786650.62243096,49051322.80182246,1264672.1793915054
96,2026-04-11,24853169,58731146.792524524,61327233.96293273,2596087.1704082047
96,2026-04-11,24853179,39959271.34420544,41271129.97988373,1311858.6356782874
96,2026-04-11,24853291,28889629.270640247,30957150.21091827,2067520.9402780226
96,2026-04-11,24853367,33617471.099637955,34172237.46260998,554766.3629720246
96,2026-04-11,24853458,75522705.99835688,77491146.4811224,1968440.4827655274
96,2026-04-11,24853492,20406696.593131933,21918072.32864835,1511375.7355164185
96,2026-04-11,24853675,13867011.810365316,14770157.888163581,903146.0777982642
96,2026-04-11,24853680,56563924.93878819,58214602.42428768,1650677.48549949
96,2026-04-11,24853724,13112480.728245553,13225907.68393936,113426.95569380771
96,2026-04-11,24853772,40881466.27282802,41527512.083670184,646045.8108421642
96,2026-04-11,24853931,7528728.059416238,7567365.896229934,38637.83681369596
96,2026-04-11,24853959,29690419.16452938,30361941.484507848,671522.3199784695
96,2026-04-11,24854141,29354703.982281588,30857408.18233863,1502704.2000570414
96,2026-04-11,24854414,44913239.74253806,45806923.312086396,893683.5695483445
96,2026-04-11,24854834,79335920.10429633,82035635.79581945,2699715.691523123
96,2026-04-11,24855134,42723910.00787309,45017064.82191616,2293154.8140430744
96,2026-04-11,24855217,32608712.98190205,35323309.87410475,2714596.8922027047
96,2026-04-11,24855415,40386161.64066581,43893677.97122537,3507516.3305595717
96,2026-04-11,24855510,27709818.07767339,29340286.31695736,1630468.239283966
96,2026-04-11,24855917,28104362.457035515,29675605.540623896,1571243.0835883801
96,2026-04-11,24855923,68438160.60544616,70398685.91378686,1960525.308340698
96,2026-04-11,24855974,43495720.16820242,44555521.82531267,1059801.6571102475
96,2026-04-11,24855987,29594101.592958182,30274548.321886502,680446.7289283191
96,2026-04-11,24856192,34028618.79545177,35347066.89528566,1318448.0998338908
96,2026-04-11,24856199,40248843.94949946,42307547.97875087,2058704.0292514097
96,2026-04-11,24856210,11009709.957685594,11119514.458804563,109804.50111896775
96,2026-04-11,24856230,68407422.29617774,68698419.79781851,290997.5016407643
96,2026-04-11,24856449,30889075.283017684,31527931.667762853,638856.3847451669
96,2026-04-11,24856480,41549166.914046675,42412699.407917984,863532.4938713129
96,2026-04-11,24856542,61267188.25750627,63121303.38551258,1854115.1280063076
96,2026-04-11,24856583,76167291.9975271,78278389.28439489,2111097.286867803
96,2026-04-11,24856756,100613260.47591013,104361063.31555663,3747802.8396465043
96,2026-04-11,24856812,55172491.61028736,56915261.382951014,1742769.7726636555
96,2026-04-11,24856833,30472256.13004324,31184201.886912026,711945.7568687854
96,2026-04-11,24857086,15064581.893852675,15489508.403660545,424926.5098078694
96,2026-04-11,24857390,37605982.123147994,38156915.48938824,550933.3662402498
96,2026-04-11,24857603,35462317.331574015,37047105.235199995,1584787.9036259756
96,2026-04-11,24857697,43488821.61364731,45045849.16367048,1557027.550023167
96,2026-04-11,24858099,39192961.03246965,41889037.74389152,2696076.711421863
96,2026-04-11,24858280,45130880.06549815,46265295.375915326,1134415.3104171702
96,2026-04-11,24858318,10509654.669835536,10792035.727519969,282381.05768443306
96,2026-04-11,24858336,55920698.43225905,56473590.24641296,552891.8141539139
96,2026-04-11,24858634,41343486.263588905,42312968.85995608,969482.5963671731
96,2026-04-11,24859244,36929904.919768855,37713778.63586055,783873.716091695
96,2026-04-11,24859519,38746638.89402056,39836581.19843807,1089942.3044175133
96,2026-04-11,24859619,45858571.83059309,47814232.58830142,1955660.7577083297
96,2026-04-11,24859755,28255949.232096072,29864339.17816198,1608389.9460659053
96,2026-04-12,24860201,58791123.24449889,59451713.38576101,660590.1412621147
96,2026-04-12,24860493,14082866.879767124,14224025.805097291,141158.92533016816
96,2026-04-12,24860821,62648823.45131275,63467259.551195286,818436.0998825383
96,2026-04-12,24861444,48728927.62659924,49528628.21524978,799700.5886505377
96,2026-04-12,24861514,32950113.200541873,33374254.85578462,424141.6552427461
96,2026-04-12,24861593,31451960.673160743,33066748.758794043,1614788.0856333016
96,2026-04-12,24861602,43862209.84750114,46171370.77848948,2309160.9309883416
96,2026-04-12,24861629,29203322.8483789,30380312.313743755,1176989.4653648527
96,2026-04-12,24861720,22444291.235929277,23458886.067625336,1014594.8316960572
96,2026-04-12,24861755,28828209.32574913,29498340.896858662,670131.5711095341
96,2026-04-12,24861858,39876591.72982859,40537271.674863905,660679.9450353157
96,2026-04-12,24861875,54736007.43662698,56210274.98374733,1474267.5471203518
96,2026-04-12,24861989,37845985.46446972,40091698.41969427,2245712.955224542
96,2026-04-12,24861997,40174187.1218283,41044298.497166514,870111.3753382157
96,2026-04-12,24862014,27699899.862519965,28135141.11265452,435241.25013455376
96,2026-04-12,24862313,37665223.28983593,38265553.24626596,600329.9564300302
96,2026-04-12,24862319,28790049.655247536,29166066.501630463,376016.8463829245
96,2026-04-12,24862345,16273154.520077184,16557794.440966435,284639.92088924954
96,2026-04-12,24862346,35644233.45607314,36183225.5859105,538992.1298373553
96,2026-04-12,24862489,44172571.10973255,45524058.53797484,1351487.428242285
96,2026-04-12,24862709,44306667.908731446,44732200.72118712,425532.8124556778
96,2026-04-12,24862940,23296370.848765615,23954852.53565302,658481.6868874091
96,2026-04-12,24862942,41587214.53997424,42524243.16794657,937028.6279723267
96,2026-04-12,24863092,20383420.571724974,20726663.325753573,343242.75402859953
96,2026-04-12,24863315,24910573.286450647,25395828.111170374,485254.8247197278
96,2026-04-12,24863401,45821442.31444833,46542189.4858542,720747.1714058742
96,2026-04-12,24863557,78186607.15977535,81684968.22013387,3498361.060358524
96,2026-04-12,24863722,38192067.61358605,40707709.05331319,2515641.4397271336
96,2026-04-12,24863798,19970613.34715043,20073506.22097816,102892.87382772916
96,2026-04-12,24864017,36955082.44494674,37421863.83650026,466781.39155351516
96,2026-04-12,24864065,43244373.227033794,44061639.33463733,817266.1076035314
96,2026-04-12,24864111,15790229.581463017,16071155.655796658,280926.074333642
96,2026-04-12,24864134,76994639.52563606,77189631.67399798,194992.1483619159
96,2026-04-12,24864325,38797423.96694073,39441609.20929304,644185.2423523085
96,2026-04-12,24864433,48160939.82525744,49836288.808906235,1675348.983648797
96,2026-04-12,24864481,33181572.069938708,34661448.20063374,1479876.1306950357
96,2026-04-12,24864576,24481836.515194923,25572006.32428926,1090169.8090943336
96,2026-04-12,24864610,70362242.61461556,72562433.00514874,2200190.390533179
96,2026-04-12,24864917,30539341.22894889,31356706.966523997,817365.7375751047
96,2026-04-12,24864959,47247712.33560346,48456724.30977223,1209011.9741687665
96,2026-04-12,24865544,63311532.894156836,64717914.90823804,1406382.0140812001
96,2026-04-12,24865563,27527839.156624984,28025867.081700698,498027.9250757132
96,2026-04-12,24865763,29075705.78071474,31727427.95512323,2651722.174408495
96,2026-04-12,24865952,41089856.012839355,42566196.7800948,1476340.7672554494
96,2026-04-12,24866116,15513461.036708253,17078399.04511126,1564938.0084030093
96,2026-04-12,24866646,55067474.574377105,57219061.02855001,2151586.454172903
96,2026-04-12,24866710,43102198.615922764,44774543.38166817,1672344.765745407
96,2026-04-12,24866723,32902569.213020068,33547777.93096564,645208.7179455713
96,2026-04-12,24866780,5398956.383855837,5440707.090653563,41750.70679772628
96,2026-04-12,24866993,26794862.50321081,27408586.24736391,613723.7441531038
96,2026-04-13,24867215,22560563.835950706,23087467.88191568,526904.0459649771
96,2026-04-13,24867649,12682065.051268803,13207404.14950764,525339.0982388377
96,2026-04-13,24867662,52342759.57559732,53353314.79896558,1010555.2233682546
96,2026-04-13,24867765,16226860.263303332,16933770.348073818,706910.0847704869
96,2026-04-13,24867986,28746749.802684564,29577396.105333403,830646.3026488373
96,2026-04-13,24868117,2022324.3827972864,2022324.3827972864,0.0
96,2026-04-13,24868248,32213479.69598106,32657127.775451336,443648.07947027974
96,2026-04-13,24868399,39243608.629560895,39653894.392013684,410285.7624527852
96,2026-04-13,24868495,56382401.63115778,62439799.450613864,6057397.819456091
96,2026-04-13,24868497,60946853.944563985,67135140.40937026,6188286.464806278
96,2026-04-13,24868535,23866073.013838712,24297836.94941943,431763.93558071996
96,2026-04-13,24868587,12100311.326764967,13033255.618486095,932944.2917211277
96,2026-04-13,24868641,3575547.5588324727,3577852.896154537,2305.337322064326
96,2026-04-13,24868720,27173676.368842974,27328125.57474325,154449.20590027352
96,2026-04-13,24869521,18604164.362019043,18976670.626136284,372506.2641172423
96,2026-04-13,24869547,29823746.375183444,30360581.113202013,536834.7380185657
96,2026-04-13,24869918,38563678.90854025,39064732.48680654,501053.5782662856
96,2026-04-13,24870160,36810121.47098376,37521331.22532204,711209.7543382801
96,2026-04-13,24870519,25422080.648308378,26095737.12984235,673656.4815339734
96,2026-04-13,24870681,14035185.56241237,14521309.78541774,486124.22300537035
96,2026-04-13,24870684,34420435.769382454,35140814.64627707,720378.8768946157
96,2026-04-13,24870705,42336723.89521385,44047047.68018404,1710323.7849701855
96,2026-04-13,24870813,35816048.13026998,37223110.94836697,1407062.8180969935
96,2026-04-13,24870930,49741514.89627391,51296083.15600262,1554568.2597287104
96,2026-04-13,24871100,53448425.44161378,55386279.54587653,1937854.104262758
96,2026-04-13,24871163,33528275.147691287,33953805.946217254,425530.7985259655
96,2026-04-13,24871257,21978553.851429727,22222659.66461657,244105.8131868441
96,2026-04-13,24871281,36958038.78980283,37515257.08288684,557218.2930840153
96,2026-04-13,24871390,34944974.59430469,35476844.491610445,531869.8973057575
96,2026-04-13,24871775,27946197.630655304,28896218.28363234,950020.6529770369
96,2026-04-13,24871881,38706767.355276145,40505150.9149161,1798383.5596399514
96,2026-04-13,24871937,21434249.489050254,21830416.753532115,396167.26448186097
96,2026-04-13,24871951,25490233.339566726,26146473.149333436,656239.809766711
96,2026-04-13,24871990,57985366.13700287,59721261.56759459,1735895.4305917167
96,2026-04-13,24872120,30298985.319336526,30863566.823763505,564581.5044269776
96,2026-04-13,24872131,28488180.437368795,28786550.623067603,298370.1856988067
96,2026-04-13,24872148,65951941.52764732,67159068.34873302,1207126.8210856982
96,2026-04-13,24872299,25488190.863834653,26602106.424094316,1113915.560259663
96,2026-04-13,24872537,15742415.427995523,15902922.909551786,160507.48155626436
96,2026-04-13,24872654,34328267.19731096,35990581.24478246,1662314.0474715026
96,2026-04-13,24872697,31521741.675991338,32178147.71939801,656406.0434066707
96,2026-04-13,24872858,30712148.062139254,32160006.910916265,1447858.848777013
96,2026-04-13,24872884,17488313.415325593,17503926.661374547,15613.246048950168
96,2026-04-13,24873407,44221110.57540548,45330699.86329207,1109589.2878865905
96,2026-04-13,24873590,49886636.57469951,51242414.288865924,1355777.7141664135
96,2026-04-13,24873602,33320938.404683005,33682848.929598145,361910.52491514175
96,2026-04-13,24873755,38869660.333346315,39592278.74084113,722618.4074948191
96,2026-04-13,24873847,43287534.15095555,43864108.44877505,576574.2978195002
96,2026-04-13,24874216,28414617.014475796,28939481.186741326,524864.1722655299
96,2026-04-13,24874270,60936227.522460595,61910676.83278525,974449.3103246556
96,2026-04-14,24874568,15209775.105493883,15843525.399276184,633750.293782302
96,2026-04-14,24874873,45217392.69355509,45429527.276363246,212134.58280815877
96,2026-04-14,24874909,26906216.936399586,27911747.28104055,1005530.3446409629
96,2026-04-14,24874986,14440414.9538422,14615917.922464019,175502.9686218183
96,2026-04-14,24875020,12001562.041791374,12411704.740522986,410142.6987316138
96,2026-04-14,24875209,50815023.01713668,52171043.364251,1356020.347114326
96,2026-04-14,24875501,61275655.12516107,62160609.885769695,884954.7606086284
96,2026-04-14,24875702,29554299.56649023,30136720.45820965,582420.8917194197
96,2026-04-14,24876065,33325646.46611943,34237735.44744456,912088.981325131
96,2026-04-14,24876096,56594296.125193514,56880690.31613611,286394.1909425965
96,2026-04-14,24876116,28353900.410589002,28810752.53632378,456852.12573477713
96,2026-04-14,24876351,49814098.63361034,51818608.11333272,2004509.4797223764
96,2026-04-14,24876444,90970723.39792433,94765215.05484058,3794491.656916244
96,2026-04-14,24876490,19923632.599122576,20479369.89557362,555737.2964510452
96,2026-04-14,24876556,36349237.611329705,36963970.9236504,614733.3123206913
96,2026-04-14,24876620,46277481.29940528,46723405.652762584,445924.35335730744
96,2026-04-14,24876888,31596662.707341827,32789222.434810013,1192559.7274681835
96,2026-04-14,24876995,70511530.85647406,71462146.51003574,950615.6535616873
96,2026-04-14,24877382,45250017.17471447,46404189.893546194,1154172.7188317243
96,2026-04-14,24877761,38003199.21656303,39771392.422114626,1768193.2055515964
96,2026-04-14,24877897,48509159.36943083,49637521.919534445,1128362.5501036101
96,2026-04-14,24878090,35566924.576924995,36614400.66018381,1047476.0832588178
96,2026-04-14,24878276,36819056.12497946,37320048.84173546,500992.7167560046
96,2026-04-14,24878630,40091803.18045904,40978384.10025972,886580.9198006861
96,2026-04-14,24878641,29947128.77136738,30265450.355140395,318321.58377301594
96,2026-04-14,24879223,43247847.77774616,43891368.99451958,643521.2167734104
96,2026-04-14,24879312,31078160.98761785,32602757.79631427,1524596.8086964174
96,2026-04-14,24879326,41014744.40830662,42065866.71586703,1051122.307560406
96,2026-04-14,24879483,13714014.36142489,13942646.154407006,228631.79298211535
96,2026-04-14,24879676,35915255.742551506,36755372.855452515,840117.1129010072
96,2026-04-14,24880092,51730284.2097952,53321064.031895645,1590779.8221004433
96,2026-04-14,24880104,50314481.810655616,52165959.237283505,1851477.4266278883
96,2026-04-14,24880112,88755784.97378151,90097842.1414341,1342057.167652587
96,2026-04-14,24880139,11857229.971779823,11907862.98219185,50633.01041202631
96,2026-04-14,24880329,43547037.368228845,45224500.425813176,1677463.057584333
96,2026-04-14,24880342,33062758.855779827,34036129.21314601,973370.3573661827
96,2026-04-14,24880584,45802034.26761901,47050781.87876093,1248747.6111419233
96,2026-04-14,24880910,66179585.561732545,68380214.79306856,2200629.2313360157
96,2026-04-14,24880963,46754955.06099406,47671201.60699991,916246.5460058474
96,2026-04-14,24881030,34895257.112354524,35519752.13945339,624495.027098866
96,2026-04-14,24881196,50352863.4113523,50763094.66042023,410231.2490679347
96,2026-04-14,24881240,74617615.32193139,75200277.0014703,582661.6795389057
96,2026-04-14,24881242,31433116.403945304,31647874.405637145,214758.00169184155
96,2026-04-14,24881298,30979540.322790656,31466677.912595853,487137.58980519365
96,2026-04-14,24881301,38513914.891876444,39277302.234456316,763387.3425798687
96,2026-04-14,24881313,28183211.468279183,29074983.15198363,891771.683704447
96,2026-04-14,24881328,48838753.521093704,49022403.50360309,183649.98250939514
96,2026-04-14,24881463,26015430.707311228,28241558.046855066,2226127.3395438395
96,2026-04-14,24881467,19375248.76079442,19511906.69717281,136657.93637838968
96,2026-04-14,24881473,62745531.63984342,63533022.71680472,787491.0769612993
96,2026-04-15,24881502,39206197.744152755,40256531.570585415,1050333.8264326642
96,2026-04-15,24881777,39189593.6317998,41102121.803275935,1912528.1714761378
96,2026-04-15,24881793,38196806.2345022,39945804.77332952,1748998.5388273203
96,2026-04-15,24881845,51096647.619403385,52986417.506391376,1889769.8869879928
96,2026-04-15,24881876,62405826.08024673,64882464.26209405,2476638.1818473144
96,2026-04-15,24881911,53499472.3052771,53920286.44550768,420814.14023058274
96,2026-04-15,24881988,74882797.78816278,75276337.05020078,393539.262037989
96,2026-04-15,24882159,75215713.9085312,76295268.58499569,1079554.6764644731
96,2026-04-15,24882171,11669785.111345377,11785135.02727321,115349.91592783197
96,2026-04-15,24883085,63960176.0915642,64498963.183337145,538787.0917729399
96,2026-04-15,24883139,51389057.04964709,52624560.6610797,1235503.6114326054
96,2026-04-15,24883150,39922172.4693802,40724118.95862542,801946.4892452197
96,2026-04-15,24883171,44673804.56224181,45640581.67272862,966777.1104868148
96,2026-04-15,24883260,74292317.48576112,80901978.65553313,6609661.169772011
96,2026-04-15,24883452,56979413.11792727,58782269.320680775,1802856.2027535145
96,2026-04-15,24883496,38746575.34472092,39859565.00373947,1112989.659018541
96,2026-04-15,24883511,51234429.37357471,51653026.78801844,418597.41444373486
96,2026-04-15,24883762,42745415.85149958,43590911.89449194,845496.0429923593
96,2026-04-15,24884171,45299582.28805449,46206420.08190622,906837.7938517334
96,2026-04-15,24884646,53487480.27850637,54367024.81997139,879544.541465025
96,2026-04-15,24884668,9175306.317627702,9206426.76926308,31120.451635377613
96,2026-04-15,24884683,44811956.885481924,46866422.99581985,2054466.1103379254
96,2026-04-15,24884717,57666366.15065515,66583892.65030509,8917526.499649944
96,2026-04-15,24884793,20531772.575586498,20761418.485632304,229645.91004580463
96,2026-04-15,24884971,28335578.556782264,29135854.819461487,800276.2626792241
96,2026-04-15,24885061,33839911.99786096,35734468.27550448,1894556.277643516
96,2026-04-15,24885201,28598890.46700322,29588080.26829447,989189.8012912497
96,2026-04-15,24885215,44853054.9353912,45947794.59741378,1094739.6620225771
96,2026-04-15,24885302,39600907.74286338,40776555.960676566,1175648.2178131838
96,2026-04-15,24885638,37287380.95356058,38154703.589736566,867322.636175983
96,2026-04-15,24885675,48978938.54769056,51217231.50756872,2238292.9598781527
96,2026-04-15,24885732,48800051.40411518,49568728.43078307,768677.0266678896
96,2026-04-15,24885758,57270674.97947884,57826180.439739026,555505.4602601854
96,2026-04-15,24885942,35694305.83829714,36491201.46070992,796895.622412778
96,2026-04-15,24885996,30997078.327118322,31944275.828774583,947197.5016562595
96,2026-04-15,24886023,21016666.654382795,22084931.537875257,1068264.8834924598
96,2026-04-15,24886207,16163346.857747445,16406965.360564308,243618.502816864
96,2026-04-15,24886426,72447115.4436916,74712986.65953606,2265871.2158444705
96,2026-04-15,24886727,37791080.55310357,38716814.42130891,925733.8682053454
96,2026-04-15,24886996,32829776.969742186,34206921.26330255,1377144.2935603647
96,2026-04-15,24887090,42029213.64872358,43459897.319065854,1430683.6703422745
96,2026-04-15,24887266,37520749.061265096,41008431.57787764,3487682.516612539
96,2026-04-15,24887389,32167151.9333416,33307821.78996353,1140669.856621927
96,2026-04-15,24887390,7022383.826757477,7098294.915854608,75911.0890971306
96,2026-04-15,24887578,37266603.227559686,37651521.84026215,384918.61270246503
96,2026-04-15,24887724,17513127.90215675,17788099.21123087,274971.3090741177
96,2026-04-15,24887996,31651361.257256404,32715334.749417603,1063973.4921612001
96,2026-04-15,24888179,78877286.09775461,79630434.70294572,753148.6051911066
96,2026-04-15,24888356,19519888.171606332,19739494.175179113,219606.0035727802
96,2026-04-15,24888358,25675396.58085571,26766939.3840735,1091542.8032177938
96,2026-04-16,24888777,73609299.79061128,75011344.87679332,1402045.086182042
96,2026-04-16,24888951,47223419.92342866,49209422.573120266,1986002.649691606
96,2026-04-16,24889058,89580532.38449167,90539533.82727295,959001.4427812838
96,2026-04-16,24889214,53567714.7007897,54757981.504609615,1190266.803819915
96,2026-04-16,24889221,21396609.824449193,22159155.980569527,762546.1561203335
96,2026-04-16,24889429,31334881.08778674,31765683.36710034,430802.279313597
96,2026-04-16,24889456,31688020.716860306,32139029.818404682,451009.1015443743
96,2026-04-16,24889770,45739338.56673709,46526468.06322204,787129.4964849475
96,2026-04-16,24889902,69546524.26282364,70657569.72496551,1111045.4621418715
96,2026-04-16,24889937,15546101.614255253,15733236.440719813,187134.82646456017
96,2026-04-16,24889942,34625637.489055835,35208349.8890735,582712.4000176681
96,2026-04-16,24889972,62732065.101216644,64606962.3624855,1874897.261268855
96,2026-04-16,24890020,28913744.925292727,29667865.018686302,754120.0933935738
96,2026-04-16,24890040,35175747.03264399,36050251.268532544,874504.2358885503
96,2026-04-16,24890124,37094992.634411335,37581929.022964224,486936.3885528897
96,2026-04-16,24890139,24441242.917701542,24776904.99157211,335662.0738705688
96,2026-04-16,24890217,40806333.20399693,42398151.13505618,1591817.9310592508
96,2026-04-16,24890379,25469961.067012228,26010419.05755797,540457.9905457434
96,2026-04-16,24890609,10980812.309197733,11464649.715960652,483837.4067629193
96,2026-04-16,24890700,14721499.870615128,14978206.491241585,256706.62062645762
96,2026-04-16,24890779,34892763.68052295,36860107.375270225,1967343.6947472726
96,2026-04-16,24890947,30553030.30887943,31626567.092416566,1073536.7835371357
96,2026-04-16,24890977,30288942.346150827,31211084.871786367,922142.5256355375
96,2026-04-16,24891019,59366555.24724301,60467046.08332234,1100490.8360793304
96,2026-04-16,24891242,65986031.20968246,69461496.81173612,3475465.602053661
96,2026-04-16,24891362,21719641.628590003,22601990.659142364,882349.0305523606
96,2026-04-16,24891599,36926483.31589246,39216956.34195846,2290473.0260660024
96,2026-04-16,24891726,35581104.278053306,36230351.98080845,649247.7027551484
96,2026-04-16,24891935,30171551.00992993,30888126.728883162,716575.7189532355
96,2026-04-16,24892207,34088624.5295753,35234947.514593735,1146322.9850184335
96,2026-04-16,24892247,48520025.169486076,49888472.17989438,1368447.0104083014
96,2026-04-16,24892452,35680224.651428334,36449296.5434873,769071.892058964
96,2026-04-16,24892719,45256920.98712304,48944924.742070004,3688003.7549469657
96,2026-04-16,24892724,46815279.59333077,48793648.81815581,1978369.2248250411
96,2026-04-16,24892841,38885762.44589424,39993468.82003166,1107706.3741374123
96,2026-04-16,24892873,11987484.203043966,12345027.42937233,357543.2263283639
96,2026-04-16,24893143,51011606.236741066,52517347.26573595,1505741.0289948792
96,2026-04-16,24893426,29964404.872471128,30778135.904131792,813731.0316606666
96,2026-04-16,24893509,42881378.137064375,43470098.068209216,588719.9311448392
96,2026-04-16,24893733,67603812.49072185,71898007.79453632,4294195.303814474
96,2026-04-16,24893888,50033114.464002855,51871351.50725841,1838237.043255555
96,2026-04-16,24894073,24001207.017165024,24187042.508286998,185835.49112197428
96,2026-04-16,24894130,55678352.32505043,59934974.03463681,4256621.709586382
96,2026-04-16,24894248,35980208.54180662,37861432.53208931,1881223.9902826825
96,2026-04-16,24894579,34646877.6557283,35974557.6557283,1327680.0
96,2026-04-16,24894895,34008896.94254634,35540447.64384226,1531550.701295924
96,2026-04-16,24895111,50555770.96676004,52029110.65903815,1473339.6922781148
96,2026-04-16,24895315,11031778.127659325,11031778.127659325,0.0
96,2026-04-16,24895437,41077083.154552065,41607009.77607506,529926.6215229908
96,2026-04-16,24895794,34651531.89781804,37609369.66134927,2957837.763531227
96,2026-04-17,24895884,27703847.926020063,29664278.40904055,1960430.4830204877
96,2026-04-17,24896038,38403956.85610191,42371492.69730261,3967535.8412007005
96,2026-04-17,24896052,69217626.51764768,70305171.89476565,1087545.3771179565
96,2026-04-17,24896177,47207910.06927343,50500515.05030797,3292604.9810345373
96,2026-04-17,24896368,21226864.914772917,21482643.896762453,255778.98198953652
96,2026-04-17,24896387,40872793.0896392,45203019.89339932,4330226.803760116
96,2026-04-17,24896484,47536003.442628294,50915028.34379969,3379024.901171398
96,2026-04-17,24897650,74627885.3149637,77735384.36741959,3107499.052455889
96,2026-04-17,24897818,26023284.241850648,26222854.37852232,199570.136671674
96,2026-04-17,24898321,39530214.46841554,40016872.1432534,486657.6748378548
96,2026-04-17,24898473,40209909.382088065,40910972.284298584,701062.9022105221
96,2026-04-17,24898641,39537264.6157745,39695331.03546913,158066.41969463008
96,2026-04-17,24898690,39823886.77291461,40726388.91583558,902502.1429209753
96,2026-04-17,24898883,44045645.73545128,45268387.16712876,1222741.4316774767
96,2026-04-17,24898904,39835652.42409657,40689459.6294776,853807.2053810225
96,2026-04-17,24899096,28288948.408064514,29143639.754599012,854691.346534501
96,2026-04-17,24899196,34127280.43663295,34648073.52821443,520793.0915814815
96,2026-04-17,24899278,36359369.97367094,36807421.422199205,448051.4485282698
96,2026-04-17,24899288,48183189.61111409,48966687.540324524,783497.9292104326
96,2026-04-17,24899331,34713913.540088676,35074679.0137243,360765.47363561875
96,2026-04-17,24899387,49433196.62774951,50068679.92974012,635483.3019906117
96,2026-04-17,24899445,40196349.75495781,40689531.98001887,493182.2250610598
96,2026-04-17,24899491,21625024.06021766,21754048.06021766,129024.0
96,2026-04-17,24899800,28920678.29474364,29310629.132244643,389950.8375010051
96,2026-04-17,24899868,40854619.232195415,41454021.78701491,599402.5548194906
96,2026-04-17,24899959,52575359.59387856,53358373.42783566,783013.8339570964
96,2026-04-17,24900094,32071866.380361613,32438887.666405562,367021.28604395234
96,2026-04-17,24900099,32992019.585769612,33898862.6614977,906843.0757280841
96,2026-04-17,24900169,46385616.91953891,47950237.7689457,1564620.8494067928
96,2026-04-17,24900236,19401648.896452483,19583218.34796575,181569.45151326846
96,2026-04-17,24900789,17481947.74796945,17621931.494267005,139983.74629755598
96,2026-04-17,24900992,81349247.78260949,83362095.02142337,2012847.238813877
96,2026-04-17,24901048,32867685.44792316,33736538.431782305,868852.9838591415
96,2026-04-17,24901135,32753754.9298789,33436740.655896116,682985.7260172138
96,2026-04-17,24901190,75189510.28592953,77992458.58864401,2802948.3027144875
96,2026-04-17,24901502,31179904.097827025,32351190.23820137,1171286.1403743403
96,2026-04-17,24901512,27563235.390876345,28747190.85362908,1183955.462752731
96,2026-04-17,24901519,36884950.66713225,37387197.2454154,502246.5782831517
96,2026-04-17,24901857,25955897.39787443,26590466.23869426,634568.8408198338
96,2026-04-17,24901900,53459262.330945596,53787467.791550756,328205.46060515696
96,2026-04-17,24902011,54134161.87829293,56228924.99968944,2094763.1213965043
96,2026-04-17,24902013,43275339.25429959,45797939.519973345,2522600.2656737543
96,2026-04-17,24902066,55796836.55513545,57805869.86607877,2009033.3109433253
96,2026-04-17,24902198,36390049.63167028,39856454.12232815,3466404.490657871
96,2026-04-17,24902222,47899457.10432244,50040110.1426487,2140653.038326258
96,2026-04-17,24902302,23099394.567944247,24803812.527763307,1704417.959819059
96,2026-04-17,24902325,40761750.79373352,42416277.582604945,1654526.7888714222
96,2026-04-17,24902632,69657649.31415415,71574674.1655268,1917024.8513726525
96,2026-04-17,24902781,32333928.902291346,34467379.73238902,2133450.8300976744
96,2026-04-17,24902798,35212078.408242896,36964513.89801331,1752435.4897704124
96,2026-04-18,24903093,50616666.38002455,52600558.284390114,1983891.904365555
96,2026-04-18,24903223,41216178.77206195,43063257.44679626,1847078.6747343095
96,2026-04-18,24903254,50615765.31044424,52485404.57542038,1869639.2649761355
96,2026-04-18,24903849,20741734.916004464,20794613.81354352,52878.89753905608
96,2026-04-18,24904067,76261655.86412545,79516079.95747901,3254424.0933535798
96,2026-04-18,24904086,40951551.38633836,42908603.04140492,1957051.655066563
96,2026-04-18,24904106,68507418.2292106,72117764.96985629,3610346.740645698
96,2026-04-18,24904112,63574341.08375319,65393027.06016795,1818685.976414763
96,2026-04-18,24904603,19677285.102178775,21507180.130629025,1829895.0284502502
96,2026-04-18,24904657,25076794.844741575,25442369.523396183,365574.6786546103
96,2026-04-18,24904874,69990723.9790632,70285028.94861612,294304.9695529194
96,2026-04-18,24904902,42016842.66836546,43760819.853247635,1743977.1848821682
96,2026-04-18,24905077,30825007.5033304,31472213.902688816,647206.3993584181
96,2026-04-18,24905113,75632649.1233891,77878778.56315348,2246129.439764383
96,2026-04-18,24905208,67545681.44809088,67737567.39546306,191885.94737218425
96,2026-04-18,24905282,19711356.25702426,19819989.531971715,108633.27494745931
96,2026-04-18,24905338,30488442.60635223,30970493.052550267,482050.4461980418
96,2026-04-18,24905521,43942276.258465864,44888801.48336044,946525.2248945716
96,2026-04-18,24905640,46595487.48263152,49610216.80096608,3014729.318334561
96,2026-04-18,24905679,17941409.139928658,18020757.38460746,79348.24467880337
96,2026-04-18,24905874,33651508.31541623,34709942.051187575,1058433.7357713387
96,2026-04-18,24905955,13855608.021067088,13995837.64281584,140229.62174875126
96,2026-04-18,24906496,56953544.36517555,59663912.63436732,2710368.2691917657
96,2026-04-18,24906535,32204074.105547685,36450747.83891632,4246673.733368633
96,2026-04-18,24906575,20185413.030584633,20391128.951679572,205715.9210949384
96,2026-04-18,24906597,51984174.68515618,53793518.22821474,1809343.5430585644
96,2026-04-18,24906690,60341540.58956632,63461422.495181106,3119881.905614785
96,2026-04-18,24906761,39612988.37927987,41413829.58106314,1800841.2017832648
96,2026-04-18,24906908,46128885.39871766,48006037.94694192,1877152.5482242657
96,2026-04-18,24907241,38411479.07419029,40098607.28574432,1687128.2115540304
96,2026-04-18,24907298,50463957.30973243,52760650.655889906,2296693.3461574754
96,2026-04-18,24907427,37779944.46886106,39919111.84753301,2139167.3786719497
96,2026-04-18,24907675,40451054.861324735,42519711.36038161,2068656.4990568755
96,2026-04-18,24907699,59868996.37853127,63584688.86159863,3715692.483067361
96,2026-04-18,24907832,61778737.51756849,65724594.56860003,3945857.051031538
96,2026-04-18,24907857,35794750.00748218,36952007.33790551,1157257.3304233272
96,2026-04-18,24908266,19100809.91763222,20602583.31892999,1501773.40129777
96,2026-04-18,24908283,45347982.70241848,48692979.5131852,3344996.8107667263
96,2026-04-18,24908326,37076442.53785237,37791293.26190496,714850.7240525965
96,2026-04-18,24908336,39148578.26116955,41104463.381868765,1955885.1206992087
96,2026-04-18,24908911,56495483.780023,57305190.04163468,809706.2616116769
96,2026-04-18,24908922,34667776.09142426,35242267.256209224,574491.1647849703
96,2026-04-18,24909011,45778242.81882701,45994535.397979386,216292.57915237185
96,2026-04-18,24909104,28535448.16300032,28845805.353765927,310357.1907656053
96,2026-04-18,24909107,75154549.64586149,76341290.08713916,1186740.4412776749
96,2026-04-18,24909255,52743700.358875,53201365.752306014,457665.3934310117
96,2026-04-18,24909310,74371666.19574906,75923788.42282182,1552122.2270727586
96,2026-04-18,24909659,32987550.696250055,33610320.670862556,622769.9746125008
96,2026-04-18,24910112,52406211.86119301,54124644.369207636,1718432.508014624
96,2026-04-18,24910189,79372896.82015665,81174003.50167452,1801106.6815178585
96,2026-04-19,24910407,50458198.20987958,53696803.794439614,3238605.5845600353
96,2026-04-19,24910455,49323613.15170765,51010838.10733801,1687224.955630363
96,2026-04-19,24910649,56493778.63658439,58219184.907201245,1725406.2706168513
96,2026-04-19,24910787,60927959.96308743,62879200.485744484,1951240.5226570524
96,2026-04-19,24911096,50449755.24889731,52155817.74432277,1706062.4954254574
96,2026-04-19,24911188,50271699.36756872,52212333.312459044,1940633.944890327
96,2026-04-19,24911352,32086494.414493788,32506638.95986083,420144.5453670444
96,2026-04-19,24911594,41802862.75920503,42062512.46393584,259649.70473081042
96,2026-04-19,24911619,34207340.75610604,34665775.09403288,458434.3379268448
96,2026-04-19,24911659,56964815.41307597,57570671.10047275,605855.6873967776
96,2026-04-19,24911711,21086009.43629559,21473729.186507273,387719.750211683
96,2026-04-19,24911827,35137688.06696982,35269037.21908475,131349.15211492236
96,2026-04-19,24911861,60297616.390964665,60911875.03311919,614258.6421545193
96,2026-04-19,24912018,35705254.00303356,36147943.37173613,442689.3687025687
96,2026-04-19,24912078,33791540.5781485,34204983.43678115,413442.8586326554
96,2026-04-19,24912154,36279091.5191156,36763614.56361168,484523.04449607787
96,2026-04-19,24912157,54734504.47445971,55507034.53289576,772530.0584360533
96,2026-04-19,24912285,47771985.657382265,48074588.68209489,302603.0247126263
96,2026-04-19,24912418,39959696.66456498,41355016.84077866,1395320.1762136738
96,2026-04-19,24912486,39711619.68264345,40077881.64440338,366261.96175993606
96,2026-04-19,24912692,34894335.49760095,35277437.044556245,383101.5469552936
96,2026-04-19,24912817,60150218.089572504,60552932.997064725,402714.9074922242
96,2026-04-19,24912821,43486598.563830644,44632664.01354674,1146065.449716093
96,2026-04-19,24912878,51557937.863252155,52082803.35593241,524865.4926802554
96,2026-04-19,24913067,36775571.03993834,36958182.24411038,182611.20417204505
96,2026-04-19,24913080,7354364.668890379,7401099.195329447,46734.5264390681
96,2026-04-19,24913185,42605953.18199302,43018904.141914316,412950.9599212982
96,2026-04-19,24913236,47359962.71033492,49223384.52047512,1863421.8101402046
96,2026-04-19,24913389,35175220.79754212,35390219.276681915,214998.47913979698
96,2026-04-19,24913647,40052946.315345645,40865061.88327654,812115.567930894
96,2026-04-19,24913690,34251507.14881962,34757460.534858495,505953.3860388793
96,2026-04-19,24914537,28705669.658340495,29029783.376724258,324113.71838376514
96,2026-04-19,24914540,37384891.21459731,37908841.35060926,523950.136011948
96,2026-04-19,24914603,32204586.89115548,32788132.00205952,583545.110904037
96,2026-04-19,24914828,44060740.07854426,44791626.51530859,730886.4367643291
96,2026-04-19,24915148,46487695.755259916,46722145.10501996,234449.3497600471
96,2026-04-19,24915184,15488800.091803972,15488800.091803972,0.0
96,2026-04-19,24915664,7409376.807996046,7549613.637815456,140236.82981940976
96,2026-04-19,24915890,46848637.85337195,47165839.84061278,317201.98724082933
96,2026-04-19,24915957,33785558.515565485,34363101.09540947,577542.5798439783
96,2026-04-19,24915999,30788101.67640275,30826794.880627327,38693.20422457627
96,2026-04-19,24916063,35685393.53305423,36388773.07353638,703379.5404821511
96,2026-04-19,24916120,34829335.51188398,35217655.93643953,388320.4245555437
96,2026-04-19,24916299,50314431.463130504,50628023.09197162,313591.62884111644
96,2026-04-19,24916746,24139218.19127357,24706252.51531205,567034.3240384769
96,2026-04-19,24916856,44064484.94808807,44921828.3751466,857343.427058525
96,2026-04-19,24916906,44243583.94539126,44800067.66384449,556483.7184532268
96,2026-04-19,24916962,26722397.88150749,26852685.460568227,130287.57906073569
96,2026-04-19,24917236,49781690.498234816,50347993.363427624,566302.8651928103
96,2026-04-19,24917357,22069079.951985326,22417232.532592416,348152.580607089
96,2026-04-20,24917446,42978118.737338826,43844378.58513987,866259.8478010417
96,2026-04-20,24917855,37197162.25647505,37543799.14722184,346636.8907467885
96,2026-04-20,24917902,36394273.29703837,37610684.2138558,1216410.9168174372
96,2026-04-20,24918132,44333654.80030498,44509968.84388381,176314.04357883745
96,2026-04-20,24918183,64649049.63395527,67495890.42537288,2846840.7914176206
96,2026-04-20,24918401,42770663.47096608,43669189.83099807,898526.3600319923
96,2026-04-20,24918713,43687322.822575666,44876409.03409961,1189086.2115239426
96,2026-04-20,24918804,85297595.7624364,85551034.25316085,253438.49072443516
96,2026-04-20,24919084,43105327.78851209,43801366.56966026,696038.7811481747
96,2026-04-20,24919249,28790619.50709256,28790619.50709256,0.0
96,2026-04-20,24919278,51837670.044643335,52690123.7673938,852453.7227504672
96,2026-04-20,24919471,63498284.995493926,65068454.74647843,1570169.7509845041
96,2026-04-20,24919579,45922456.51015853,46116145.55497596,193689.04481743037
96,2026-04-20,24919636,37171160.191209406,37828619.2080096,657459.0168001937
96,2026-04-20,24919672,62137287.715481944,63303269.45758747,1165981.7421055285
96,2026-04-20,24919875,33725614.01375501,34210856.70080485,485242.68704984226
96,2026-04-20,24920001,41670149.830095895,42229034.40192144,558884.5718255455
96,2026-04-20,24920095,69859457.61369272,70286478.42178607,427020.8080933464
96,2026-04-20,24920257,36023149.46757703,36368647.47976329,345498.0121862618
96,2026-04-20,24920848,67882222.38261198,68960884.24987264,1078661.8672606628
96,2026-04-20,24921064,35517723.38793267,35783807.0372103,266083.64927762933
96,2026-04-20,24921065,39050117.24475742,41154054.50520073,2103937.260443315
96,2026-04-20,24921122,34337480.51881822,34781585.28589853,444104.7670803052
96,2026-04-20,24921400,29249390.093630347,29804478.82591592,555088.7322855715
96,2026-04-20,24921577,30220589.450153437,30502585.749526095,281996.29937265784
96,2026-04-20,24921677,36427664.441362776,36840718.00255398,413053.56119120267
96,2026-04-20,24921866,31713097.619150758,32781102.15085338,1068004.5317026232
96,2026-04-20,24921875,37791525.20129992,38619732.55399221,828207.3526922935
96,2026-04-20,24921977,62297554.372578,63303575.16206038,1006020.789482375
96,2026-04-20,24922022,43025692.585611396,45120813.023386054,2095120.437774659
96,2026-04-20,24922338,29357025.270078957,30132515.12486189,775489.8547829324
96,2026-04-20,24922396,20034569.16803968,20459473.55305915,424904.38501947
96,2026-04-20,24922420,35980595.03449458,36541304.59047479,560709.5559802155
96,2026-04-20,24922597,64520480.88914258,65467349.087612115,946868.1984695374
96,2026-04-20,24922740,37558977.739913605,39796510.682348475,2237532.942434875
96,2026-04-20,24922741,37118044.71907225,39198060.25677763,2080015.5377053716
96,2026-04-20,24923217,28751483.774128415,29321387.449406866,569903.6752784534
96,2026-04-20,24923244,41031027.54857441,41479092.538912885,448064.9903384788
96,2026-04-20,24923246,57543561.163986646,60843690.47628983,3300129.3123031864
96,2026-04-20,24923264,41653186.41041242,43082371.18571315,1429184.7753007298
96,2026-04-20,24923422,30801229.249536697,31502867.03111581,701637.7815791152
96,2026-04-20,24923492,17293226.787944928,17638235.634260684,345008.84631575755
96,2026-04-20,24923653,42577009.700734966,42728829.942048825,151820.24131385505
96,2026-04-20,24923688,64927392.14570441,66600440.43604899,1673048.2903445808
96,2026-04-20,24923763,47499968.369703844,48554314.05559413,1054345.6858902897
96,2026-04-20,24923764,57538532.86020793,60014091.47145875,2475558.6112508113
96,2026-04-20,24924280,39125325.2745673,39317354.70877894,192029.4342116436
96,2026-04-20,24924356,38360135.87858161,38967838.14843042,607702.269848812
96,2026-04-20,24924484,67356640.74267493,69550328.54059009,2193687.7979151686
96,2026-04-20,24924532,39373343.75807296,41300569.24902725,1927225.4909542901
96,2026-04-21,24924597,45158660.97084791,47471072.295748726,2312411.324900813
96,2026-04-21,24924604,66118402.217771634,67732882.09784915,1614479.8800775122
96,2026-04-21,24924688,31303790.9818541,31722775.79652709,418984.8146729937
96,2026-04-21,24925118,45618730.34577866,46737363.03883258,1118632.6930539256
96,2026-04-21,24925352,45379139.037617035,47787997.48059342,2408858.4429763863
96,2026-04-21,24925475,40127819.927020885,40926880.5537894,799060.6267685189
96,2026-04-21,24925649,49137903.3080488,51280065.81980162,2142162.5117528196
96,2026-04-21,24925970,28107639.357719585,28559019.676432583,451380.31871300004
96,2026-04-21,24926465,19316231.22258552,19599967.40832778,283736.18574225897
96,2026-04-21,24926597,32727964.344779726,33225517.48191551,497553.1371357847
96,2026-04-21,24926659,54783560.93760092,55237831.01685779,454270.0792568722
96,2026-04-21,24926738,29941221.2034859,30403085.63176024,461864.42827433906
96,2026-04-21,24926805,50115801.59286636,50597691.87325609,481890.2803897223
96,2026-04-21,24927792,46801869.890688136,47440922.349811934,639052.4591237976
96,2026-04-21,24927924,32055849.41585624,32729993.233356904,674143.8175006672
96,2026-04-21,24928017,36408077.95942781,38061072.68504479,1652994.7256169764
96,2026-04-21,24928189,56152985.76428196,57017185.427095965,864199.662814013
96,2026-04-21,24928367,43030122.150658235,43524687.71459622,494565.56393798604
96,2026-04-21,24928549,31950048.65922878,32743287.329518802,793238.6702900198
96,2026-04-21,24928860,24117761.360652447,24633506.209461123,515744.8488086758
96,2026-04-21,24928927,9052089.4093472,9701663.502139349,649574.0927921484
96,2026-04-21,24929024,36660660.49881187,37167345.472546704,506684.97373483214
96,2026-04-21,24929089,43829889.08875635,44472630.68322916,642741.5944728161
96,2026-04-21,24929104,13922671.257763045,14022738.470809702,100067.2130466578
96,2026-04-21,24929128,41640800.32350637,42651375.02333708,1010574.6998307118
96,2026-04-21,24929299,43614210.490008086,44057409.27942126,443198.78941317456
96,2026-04-21,24929573,25276071.480607547,26436695.72207617,1160624.241468621
96,2026-04-21,24929666,40846727.46576786,42100272.60843325,1253545.142665387
96,2026-04-21,24929693,29341516.446644902,29850176.60667949,508660.1600345889
96,2026-04-21,24929705,38649246.48752782,40575109.607908845,1925863.1203810268
96,2026-04-21,24929788,12080560.221540373,12235248.520445596,154688.29890522268
96,2026-04-21,24929792,54933899.45401637,58391183.014594585,3457283.5605782117
96,2026-04-21,24929814,16675383.23104173,16904472.794067264,229089.56302553372
96,2026-04-21,24929914,27467460.92741239,28947744.47146581,1480283.544053421
96,2026-04-21,24929979,32530717.646200094,33915308.91184794,1384591.265647849
96,2026-04-21,24929985,22605192.12084004,22855386.256335545,250194.1354955084
96,2026-04-21,24930011,35665711.225212306,36805426.84050044,1139715.6152881298
96,2026-04-21,24930134,36619912.97115425,38521719.79670982,1901806.8255555748
96,2026-04-21,24930164,34057512.50088242,34607134.03451697,549621.5336345532
96,2026-04-21,24930328,61971823.95948854,64573357.59783923,2601533.638350686
96,2026-04-21,24930442,38720443.987838425,39020342.615548,299898.6277095748
96,2026-04-21,24930607,42230258.97833704,42427736.7752659,197477.79692886502
96,2026-04-21,24930621,39581623.15274743,41768229.04235506,2186605.889607633
96,2026-04-21,24930731,63916791.879452206,66619176.856684044,2702384.9772318383
96,2026-04-21,24931105,34372432.32296088,34762425.43598328,389993.11302239477
96,2026-04-21,24931228,31973567.73453069,32837991.638699435,864423.904168742
96,2026-04-21,24931396,40971473.36112405,43064739.48110065,2093266.1199765927
96,2026-04-21,24931532,64664632.172640555,65170363.21469288,505731.0420523234
96,2026-04-21,24931566,21443854.491397742,22312501.852548562,868647.361150819
96,2026-04-21,24931626,65566947.702517584,69122755.53123233,3555807.828714743
96,2026-04-22,24931801,41164351.450101115,41999507.88385565,835156.4337545366
96,2026-04-22,24931918,50030924.47058789,52447439.75699993,2416515.286412043
96,2026-04-22,24931985,50500229.93928971,51135552.39357934,635322.4542896328
96,2026-04-22,24932118,40688139.95678944,41064376.64932451,376236.6925350663
96,2026-04-22,24932691,34935346.85653175,35433546.566455014,498199.70992326754
96,2026-04-22,24932721,47179007.57857411,47898467.244679905,719459.666105793
96,2026-04-22,24932724,9322339.436445136,9527424.057851434,205084.62140629906
96,2026-04-22,24933020,37194763.86841054,37837294.563993424,642530.6955828833
96,2026-04-22,24933026,49155762.63188715,49862108.4354012,706345.8035140478
96,2026-04-22,24933434,44786302.125840336,45520184.91479277,733882.7889524323
96,2026-04-22,24933655,68156686.29164869,68591996.46182907,435310.17018037324
96,2026-04-22,24933672,36736194.767436646,37306154.923649296,569960.156212654
96,2026-04-22,24933708,52729773.52247117,53370096.933698624,640323.4112274597
96,2026-04-22,24933709,39426930.51216701,40037209.544473976,610279.0323069666
96,2026-04-22,24933807,6368875.674233639,6808869.650276508,439993.97604287
96,2026-04-22,24933811,44248846.262086116,44692964.95993833,444118.6978522157
96,2026-04-22,24934042,48779428.23556551,49230833.88102375,451405.64545823797
96,2026-04-22,24934175,35525295.420907184,36217496.131048724,692200.710141534
96,2026-04-22,24934401,44540589.39346976,45535363.82336174,994774.4298919773
96,2026-04-22,24934501,33832505.36356787,34312713.66383798,480208.3002701101
96,2026-04-22,24935032,37461021.99536837,38121805.10367003,660783.1083016652
96,2026-04-22,24935176,43032079.80123164,43640125.96414797,608046.1629163354
96,2026-04-22,24935338,43580114.659552135,45072652.923759356,1492538.2642072223
96,2026-04-22,24935346,43163880.88982725,43917405.93953405,753525.049706799
96,2026-04-22,24935520,7317760.605164603,7560077.8254958,242317.22033119638
96,2026-04-22,24935674,42050527.50809912,43006201.37093478,955673.8628356557
96,2026-04-22,24935692,54173093.04310795,54582232.386697225,409139.34358927817
96,2026-04-22,24935871,42227371.02173145,42862655.52671151,635284.5049800598
96,2026-04-22,24935881,47839817.9456338,48234621.243365064,394803.2977312622
96,2026-04-22,24935974,25396650.997984562,26333791.265279543,937140.2672949829
96,2026-04-22,24935990,45326630.323433,47446439.30111136,2119808.9776783627
96,2026-04-22,24936078,47005177.32874029,47509845.1451729,504667.81643261085
96,2026-04-22,24936091,60999587.446734175,62430889.22266528,1431301.775931105
96,2026-04-22,24936150,31481423.897350706,32152069.40821118,670645.5108604709
96,2026-04-22,24936153,34536674.4824035,35159829.723314196,623155.2409106931
96,2026-04-22,24936382,21279412.42733386,21635086.886579424,355674.459245561
96,2026-04-22,24936781,34594585.57150698,35227276.63950766,632691.0680006777
96,2026-04-22,24936783,35311294.42646651,35974971.3005003,663676.8740337993
96,2026-04-22,24936905,36471258.217487514,37335066.44359985,863808.2261123315
96,2026-04-22,24936912,26257027.52379361,26926782.96934174,669755.4455481279
96,2026-04-22,24936959,30181487.14773184,30504960.336423837,323473.1886919947
96,2026-04-22,24937224,40557572.91460552,41193194.39997303,635621.4853675098
96,2026-04-22,24937314,37976058.94785525,39012388.73806585,1036329.7902106051
96,2026-04-22,24937539,27191815.905512683,27769242.50902879,577426.6035161053
96,2026-04-22,24937543,40564651.43828714,41756432.07749831,1191780.6392111701
96,2026-04-22,24937989,30619631.885039806,31533575.47207746,913943.5870376528
96,2026-04-22,24938092,30517642.83024371,34518588.80661309,4000945.976369375
96,2026-04-22,24938460,27035534.97275311,27675921.857969154,640386.8852160424
96,2026-04-22,24938474,35731156.46738491,36494873.472836815,763717.005451902
96,2026-04-22,24938794,55233480.689136684,56297324.03496543,1063843.3458287464
96,2026-04-23,24938914,60383223.0186597,61219431.19454062,836208.1758809162
96,2026-04-23,24939090,46996466.31327117,47330418.41961873,333952.10634756344
96,2026-04-23,24939288,54692774.13137609,55023522.212772116,330748.0813960284
96,2026-04-23,24939332,34796001.44412175,35043888.36080383,247886.91668207984
96,2026-04-23,24939425,35300481.84927948,35555208.90837454,254727.0590950618
96,2026-04-23,24939510,79533417.38211721,80929289.15355502,1395871.771437811
96,2026-04-23,24939511,37457118.826499626,37900582.199382596,443463.37288296386
96,2026-04-23,24939541,41090728.99305655,41336146.19701425,245417.2039576989
96,2026-04-23,24939725,42252874.52446084,42736618.623252966,483744.0987921254
96,2026-04-23,24939756,18298553.912210587,18521508.895546123,222954.983335533
96,2026-04-23,24940156,62692849.14791816,63551806.87292115,858957.7250029867
96,2026-04-23,24940265,65369910.79647019,65672416.81380253,302506.0173323452
96,2026-04-23,24940445,36336866.507158086,38905267.51240843,2568401.005250343
96,2026-04-23,24940498,78727818.77231528,79490064.71967812,762245.9473628412
96,2026-04-23,24940598,38500368.210216515,39199996.338185355,699628.1279688388
96,2026-04-23,24941083,43341705.69880541,44428480.603166044,1086774.9043606361
96,2026-04-23,24941084,33610538.940784186,34831879.005863376,1221340.0650791896
96,2026-04-23,24941170,70149534.62236038,71134639.21548346,985104.5931230717
96,2026-04-23,24941577,36380993.50317187,36880066.321984254,499072.8188123872
96,2026-04-23,24941765,27657145.414721534,28057767.546093587,400622.1313720564
96,2026-04-23,24941784,53037430.23027624,53668893.07067797,631462.840401734
96,2026-04-23,24942043,39032190.69314525,40101953.69383245,1069763.000687195
96,2026-04-23,24942066,67131697.67785878,68331669.60094853,1199971.9230897469
96,2026-04-23,24942393,47428741.60495192,48186602.01160601,757860.4066540912
96,2026-04-23,24942561,37061319.90684764,37445154.13303085,383834.2261832062
96,2026-04-23,24942573,67589573.55993192,68421253.5833142,831680.0233822737
96,2026-04-23,24942685,32661296.86607986,33257517.47474815,596220.6086682911
96,2026-04-23,24942706,38184465.0080991,39127678.99072435,943213.9826252434
96,2026-04-23,24942726,7068640.018959929,7185351.4551534755,116711.43619354586
96,2026-04-23,24942955,37818329.3951592,39244514.9056496,1426185.5104904028
96,2026-04-23,24943172,26129200.527272042,26690846.27350299,561645.7462309487
96,2026-04-23,24943229,40609857.505782075,41295431.6252218,685574.1194397225
96,2026-04-23,24943267,41687037.6223527,42571296.508533,884258.886180308
96,2026-04-23,24943556,34532598.64544045,35181048.787128754,648450.1416882986
96,2026-04-23,24943614,51114177.11118878,52571752.31365778,1457575.202469005
96,2026-04-23,24943968,44196925.15103471,44985390.57789149,788465.4268567829
96,2026-04-23,24944002,38923378.627530724,40405065.09035142,1481686.4628206943
96,2026-04-23,24944067,53036934.1553971,53857930.93986164,820996.7844645414
96,2026-04-23,24944161,45406042.435900345,46147256.818245314,741214.38234497
96,2026-04-23,24944277,32982709.94936181,33603906.18602309,621196.2366612758
96,2026-04-23,24944439,55373343.52091072,57250466.38949697,1877122.868586251
96,2026-04-23,24944755,26496576.064230613,26843154.495523494,346578.4312928799
96,2026-04-23,24944902,32812008.183703646,33098715.2770861,286707.0933824556
96,2026-04-23,24944984,33633758.6205027,34224744.4492904,590985.8287877063
96,2026-04-23,24945030,48513942.87840274,49545638.84412615,1031695.9657234098
96,2026-04-23,24945219,10060532.160055462,10112913.088861132,52380.9288056686
96,2026-04-23,24945285,32528559.884815384,33140080.378737796,611520.4939224145
96,2026-04-23,24945689,30000968.11599286,30421656.393988762,420688.2779959027
96,2026-04-23,24945827,39997496.49807646,40121371.161922134,123874.66384567707
96,2026-04-23,24945917,39133375.17556952,39279907.815406315,146532.63983679574
96,2026-04-24,24946120,50898185.604177676,51878310.57932563,980124.975147961
96,2026-04-24,24946133,23445460.347023077,23791437.06082953,345976.7138064571
96,2026-04-24,24946341,38561699.72486089,40029181.48352483,1467481.758663937
96,2026-04-24,24946527,36548517.45235929,36994528.016122855,446010.56376356614
96,2026-04-24,24946576,31579544.90261305,32386408.891891055,806863.9892780036
96,2026-04-24,24946701,70195889.86172147,70784941.7355705,589051.8738490397
96,2026-04-24,24946830,44693905.42045948,45253527.084090985,559621.663631504
96,2026-04-24,24946865,49584909.01643741,50888427.29737526,1303518.2809378519
96,2026-04-24,24946878,47676647.65564446,47965451.02006771,288803.3644232443
96,2026-04-24,24946955,59641864.73403592,61176676.49279678,1534811.7587608676
96,2026-04-24,24946959,49842807.047491856,51179517.9907471,1336710.9432552482
96,2026-04-24,24947063,55560.60759681771,55560.60759681771,0.0
96,2026-04-24,24947117,42436391.39608973,42794677.09053846,358285.6944487226
96,2026-04-24,24947294,39294490.96291123,39791485.71051907,496994.7476078368
96,2026-04-24,24947328,13154231.24872469,13401412.87731392,247181.62858922876
96,2026-04-24,24947426,44265470.6274828,45150753.7367169,885283.1092340932
96,2026-04-24,24947514,44922221.86591397,45186095.6453089,263873.77939492476
96,2026-04-24,24947762,70260816.00606573,71298681.6919115,1037865.6858457791
96,2026-04-24,24947851,44974909.53276253,45895175.78971849,920266.2569559611
96,2026-04-24,24948172,28524871.857198544,28959061.60185828,434189.7446597378
96,2026-04-24,24948274,34355771.182361804,34841469.78492142,485698.60255962063
96,2026-04-24,24948344,36153593.3004648,37411733.454356275,1258140.1538914752
96,2026-04-24,24948401,45751461.33281173,46444258.69465671,692797.3618449789
96,2026-04-24,24948499,30483647.41902901,31168395.454379566,684748.0353505551
96,2026-04-24,24948849,26068496.400659394,26457753.318863314,389256.9182039211
96,2026-04-24,24948871,61714332.779338054,62374865.61648197,660532.8371439099
96,2026-04-24,24949239,51144345.87480776,51628273.92595253,483928.0511447727
96,2026-04-24,24949261,47105353.25766852,48420523.21573365,1315169.9580651277
96,2026-04-24,24949372,54048780.76222877,54723220.07568704,674439.3134582716
96,2026-04-24,24949483,53139088.33515066,54153476.990240775,1014388.6550901145
96,2026-04-24,24949577,7824642.400870799,7830129.440138991,5487.039268191424
96,2026-04-24,24949809,57089099.49302837,57783964.27257099,694864.7795426148
96,2026-04-24,24949929,31726987.100551054,32771667.13028077,1044680.0297297176
96,2026-04-24,24950018,38334840.715779856,39952490.72427997,1617650.0085001132
96,2026-04-24,24950168,48041373.66906887,49152973.8804418,1111600.21137293
96,2026-04-24,24950479,41121277.491344996,41743762.25523822,622484.7638932228
96,2026-04-24,24950863,38782095.80393933,39603806.9491107,821711.1451713779
96,2026-04-24,24950969,10745539.117464866,11013650.244401844,268111.1269369779
96,2026-04-24,24951012,43118658.69006116,43569738.73267729,451080.0426161288
96,2026-04-24,24951318,50310701.31932198,52027754.59639523,1717053.277073254
96,2026-04-24,24951702,34913385.86588245,35472078.66980165,558692.8039191999
96,2026-04-24,24951914,29834107.018652797,30388429.92230294,554322.9036501425
96,2026-04-24,24951992,37425712.03631939,37880531.30379033,454819.26747094304
96,2026-04-24,24952027,39737969.54351473,42501085.773122974,2763116.229608244
96,2026-04-24,24952091,39027045.93196951,39706403.218181,679357.2862114868
96,2026-04-24,24952333,30840644.24427191,31492300.85429211,651656.6100201979
96,2026-04-24,24952426,29632197.53515256,30099433.028824657,467235.49367209885
96,2026-04-24,24952430,38451032.01416875,40390033.22967626,1939001.215507516
96,2026-04-24,24952484,53915291.39124951,54310241.868213125,394950.47696361225
96,2026-04-24,24953015,28880322.1738565,29580756.751036167,700434.5771796659
96,2026-04-25,24953356,74697963.12938622,74944647.65988037,246684.5304941606
96,2026-04-25,24953580,77299361.14066538,79108299.5575798,1808938.4169144158
96,2026-04-25,24953621,34203122.07561848,35353926.086361736,1150804.0107432546
96,2026-04-25,24953703,53817551.81460592,58046440.172924936,4228888.35831902
96,2026-04-25,24954288,37364373.417902976,37563825.65925684,199452.24135386592
96,2026-04-25,24954693,37392470.66748827,37781450.58945829,388979.92197001196
96,2026-04-25,24954864,44111553.63131984,44473558.06977395,362004.43845410756
96,2026-04-25,24955046,55696545.65195836,56093888.25056918,397342.5986108185
96,2026-04-25,24955089,56276820.208956055,59827649.55515146,3550829.346195409
96,2026-04-25,24955300,50400932.37986941,51931039.81242008,1530107.4325506669
96,2026-04-25,24955340,24122525.346812762,24536796.86590281,414271.51909004786
96,2026-04-25,24955448,21268860.755134463,21900153.533338547,631292.7782040848
96,2026-04-25,24955516,45613753.555161655,47242862.33316349,1629108.77800184
96,2026-04-25,24955648,55217129.84697348,56084922.4869328,867792.6399593176
96,2026-04-25,24955725,50248831.634485185,50907693.287860624,658861.6533754466
96,2026-04-25,24955729,24628683.100285333,24753562.791776884,124879.69149155074
96,2026-04-25,24956039,11300914.039206456,11330666.065013455,29752.025806998383
96,2026-04-25,24956066,26954377.61334455,27360264.725173216,405887.1118286683
96,2026-04-25,24956221,27816330.58062133,28032336.058532964,216005.47791163647
96,2026-04-25,24956515,74434378.79542612,76754441.2920155,2320062.496589384
96,2026-04-25,24956564,39020305.91261448,39428815.02610786,408509.1134933835
96,2026-04-25,24956720,52880344.33142172,54122582.71203588,1242238.3806141592
96,2026-04-25,24957022,36449664.017584436,36750588.1299648,300924.1123803649
96,2026-04-25,24957034,43412381.8358163,44821772.29569225,1409390.4598759532
96,2026-04-25,24957237,53576130.51473928,54429573.72728523,853443.2125459437
96,2026-04-25,24957425,41052630.35541457,41344281.79263845,291651.4372238879
96,2026-04-25,24957779,43290444.91893394,43817736.944326155,527292.025392211
96,2026-04-25,24957837,41689308.64209676,41969282.10125671,279973.4591599495
96,2026-04-25,24957963,71745075.69132781,73429780.91298275,1684705.2216549462
96,2026-04-25,24958154,72858511.09215486,73533914.91366273,675403.8215078684
96,2026-04-25,24958160,35914464.52156181,36615144.37111505,700679.8495532452
96,2026-04-25,24958267,48903613.1333191,49090668.16377453,187055.0304554297
96,2026-04-25,24958298,45458717.855731554,46730260.76477497,1271542.9090434166
96,2026-04-25,24958382,37826034.40066976,38307295.538279265,481261.1376095055
96,2026-04-25,24958448,49777511.57168887,50441376.88701551,663865.3153266433
96,2026-04-25,24958517,50843546.30338363,51477760.60521805,634214.3018344243
96,2026-04-25,24958584,40764628.40236206,41397649.85167504,633021.4493129767
96,2026-04-25,24958860,52175728.734928615,53599167.8031087,1423439.0681800845
96,2026-04-25,24958862,6213168.680196814,6213168.680196814,0.0
96,2026-04-25,24959134,71392572.0474509,72296122.7457098,903550.6982589012
96,2026-04-25,24959164,34768531.604791656,35440586.03579604,672054.4310043892
96,2026-04-25,24959188,36069778.2140934,37066504.02214019,996725.8080467843
96,2026-04-25,24959215,33420165.84089479,33731769.380459554,311603.5395647682
96,2026-04-25,24959273,50294651.69882399,50928657.084732376,634005.3859083919
96,2026-04-25,24959390,53908904.104451306,56143431.87255261,2234527.768101308
96,2026-04-25,24959554,53347150.737914614,53629051.94536642,281901.20745180483
96,2026-04-25,24959641,52214038.55852407,52546135.34870435,332096.7901802746
96,2026-04-25,24959727,20997135.557948586,21241628.0364708,244492.4785222158
96,2026-04-25,24959899,45198404.90907186,45466517.53101485,268112.621942993
96,2026-04-25,24959949,60810307.75179417,61994102.76636658,1183795.014572409
96,2026-04-26,24960530,92270284.24520373,93974479.67944951,1704195.434245775
96,2026-04-26,24960687,34910117.74035753,35162047.605604224,251929.86524668866
96,2026-04-26,24960899,39468411.887383915,40205210.80446395,736798.9170800409
96,2026-04-26,24961027,37030341.002217166,37505258.43097879,474917.4287616251
96,2026-04-26,24961055,12426861.800973937,12513365.129821071,86503.32884713425
96,2026-04-26,24961429,19211834.145060655,19277236.29911358,65402.154052924234
96,2026-04-26,24961451,35751996.52046813,36026689.048269965,274692.52780182875
96,2026-04-26,24961560,47494589.62239368,48667591.205274194,1173001.5828805116
96,2026-04-26,24961702,20257512.96089914,20349130.571651477,91617.6107523367
96,2026-04-26,24962012,37244071.844176635,37541910.540109254,297838.6959326178
96,2026-04-26,24962076,31684144.262323406,32232905.471895847,548761.2095724425
96,2026-04-26,24962236,47633476.140401155,49647270.46924278,2013794.32884163
96,2026-04-26,24962262,35919745.569797084,36800953.79650264,881208.2267055576
96,2026-04-26,24962406,39823016.552826375,39900122.34439983,77105.79157346248
96,2026-04-26,24962435,46081285.477380596,46675499.55860971,594214.0812291107
96,2026-04-26,24962628,21062960.643399328,21288568.311771635,225607.66837230505
96,2026-04-26,24962662,41769798.36073756,42669093.41062598,899295.0498884233
96,2026-04-26,24963080,58872292.42050109,59249858.0809993,377565.66049821035
96,2026-04-26,24963274,17680773.897477135,17837922.17431368,157148.27683654308
96,2026-04-26,24963402,27022867.573833436,28282618.120798,1259750.5469645662
96,2026-04-26,24963464,26686184.036916897,27993716.752115678,1307532.7151987797
96,2026-04-26,24963694,28970461.440711122,29408155.883633174,437694.44292205066
96,2026-04-26,24963799,41186344.72567548,41424507.11037655,238162.38470107602
96,2026-04-26,24963844,35006242.22985996,35129466.93173343,123224.70187346228
96,2026-04-26,24963875,39312238.95041337,39647432.06410215,335193.11368878075
96,2026-04-26,24964051,43904844.92336293,45571843.479720876,1666998.5563579446
96,2026-04-26,24964203,14160300.69140677,14379847.802029591,219547.11062282138
96,2026-04-26,24964209,28221105.28918932,28876024.498331,654919.2091416774
96,2026-04-26,24964309,34304937.277083896,34812596.49122426,507659.21414036304
96,2026-04-26,24964544,24871614.06838676,25222221.987941183,350607.9195544242
96,2026-04-26,24964892,36918665.40033814,37293103.718509376,374438.3181712307
96,2026-04-26,24965167,67950703.58121648,68600457.6577657,649754.0765492201
96,2026-04-26,24965203,35041912.33761472,35580312.53515915,538400.1975444244
96,2026-04-26,24965232,20366210.179744653,20845111.89751322,478901.71776856575
96,2026-04-26,24965269,29057473.411659766,30322666.837976746,1265193.4263169814
96,2026-04-26,24965285,33647213.290243484,34396817.83806856,749604.5478250727
96,2026-04-26,24965512,49001842.58072287,49635599.43647946,633756.8557565842
96,2026-04-26,24965642,33813132.74061182,34348138.40626078,535005.665648961
96,2026-04-26,24965682,30957910.495173648,31374726.832347445,416816.3371737968
96,2026-04-26,24965900,30955668.03741337,31497021.191746574,541353.1543332031
96,2026-04-26,24966226,27606011.238873113,28474088.28800437,868077.0491312563
96,2026-04-26,24966395,52347926.867575176,52817438.92414827,469512.0565730924
96,2026-04-26,24966514,32896983.73334163,33475439.38036503,578455.6470233998
96,2026-04-26,24966520,55775213.532302834,57060284.25040339,1285070.7181005569
96,2026-04-26,24966738,8081102.6528432965,8171036.394389113,89933.74154581648
96,2026-04-26,24967002,24744124.63074988,25013637.08721569,269512.45646581094
96,2026-04-26,24967016,9768822.969098723,9865243.793496743,96420.82439801982
96,2026-04-26,24967274,33266060.07439252,33769344.91117384,503284.83678132505
96,2026-04-26,24967520,36038134.78078348,36707719.94671552,669585.1659320344
96,2026-04-26,24967555,30729063.576361023,31070129.10428603,341065.5279250079
96,2026-04-27,24967669,62346584.04158184,64634881.912942156,2288297.871360312
96,2026-04-27,24967889,26122342.520109873,27046332.80255272,923990.2824428444
96,2026-04-27,24968212,47123489.78838864,48545806.31334977,1422316.5249611267
96,2026-04-27,24968537,33279652.820192993,33891010.47340348,611357.6532104915
96,2026-04-27,24968551,76451882.97456613,77601197.37656733,1149314.4020012082
96,2026-04-27,24969065,21881051.258285187,24500683.888123933,2619632.6298387474
96,2026-04-27,24969362,65012858.55785353,65365475.4320189,352616.8741653664
96,2026-04-27,24969424,29249580.384891167,29547646.295786493,298065.9108953238
96,2026-04-27,24969467,45187303.23992094,45816693.36037752,629390.1204565837
96,2026-04-27,24969515,26088730.731666062,26575561.96268292,486831.2310168581
96,2026-04-27,24969595,41547529.4157583,42009148.61685949,461619.20110119216
96,2026-04-27,24969669,27477472.38407103,28250444.59997768,772972.2159066517
96,2026-04-27,24969747,17783017.987461895,17892614.855563197,109596.86810130595
96,2026-04-27,24969756,37485378.40542188,38103549.46264668,618171.0572247931
96,2026-04-27,24969865,45481273.16637894,46142974.189550616,661701.0231716787
96,2026-04-27,24969902,28930162.114224724,29473681.78483979,543519.6706150657
96,2026-04-27,24970252,30871573.554140262,31504278.013304505,632704.4591642462
96,2026-04-27,24970380,23880586.309819154,24913899.646208975,1033313.3363898217
96,2026-04-27,24970475,29902303.337417766,30482414.21197698,580110.874559213
96,2026-04-27,24970560,30975606.483719554,31511812.79722993,536206.3135103788
96,2026-04-27,24970712,36044259.6466405,36813605.939390756,769346.2927502607
96,2026-04-27,24970841,43010441.3576795,43977640.879752405,967199.5220729042
96,2026-04-27,24970937,53289253.84767742,54214843.37002385,925589.5223464303
96,2026-04-27,24970964,37456316.53513874,38300775.99028716,844459.45514842
96,2026-04-27,24971009,40072865.50386069,41019765.919418156,946900.4155574698
96,2026-04-27,24971060,35870303.81836122,36739261.33167447,868957.5133132484
96,2026-04-27,24972239,43572152.53987417,44809371.420056745,1237218.8801825668
96,2026-04-27,24972323,29170042.37832943,29877268.474076383,707226.0957469523
96,2026-04-27,24972474,38361144.7245316,38879200.295112595,518055.57058099686
96,2026-04-27,24972525,33239894.9647631,34300681.67501197,1060786.7102488703
96,2026-04-27,24972684,49357609.58377091,50193696.06572238,836086.4819514761
96,2026-04-27,24972717,6947389.0705373725,7025352.678926748,77963.6083893764
96,2026-04-27,24973391,29587435.155391145,30495748.364497565,908313.2091064211
96,2026-04-27,24973457,26460048.68882514,27175643.15036343,715594.4615382872
96,2026-04-27,24973616,34923309.105585344,35114477.60338162,191168.49779627437
96,2026-04-27,24973624,5615715.884754858,5811185.682443933,195469.79768907488
96,2026-04-27,24973896,35704967.59991283,36554855.41886841,849887.8189555835
96,2026-04-27,24973933,38820840.70174744,39911108.77469617,1090268.072948732
96,2026-04-27,24974107,26804830.22148881,27679030.73516581,874200.5136769995
96,2026-04-27,24974225,15146660.480928663,15232967.301114269,86306.82018560433
96,2026-04-27,24974286,64792164.1232501,66539713.332737826,1747549.2094877276
96,2026-04-27,24974372,17093682.201828413,17293020.43443789,199338.23260947593
96,2026-04-27,24974376,26093644.807990097,26688918.589595225,595273.7816051277
96,2026-04-27,24974452,29657111.50352297,29797109.86369718,139998.36017420795
96,2026-04-27,24974532,41131283.39748611,43472955.66687859,2341672.2693924773
96,2026-04-27,24974535,18905144.423711047,19298948.12806466,393803.70435361145
96,2026-04-27,24974558,35043600.959848836,36165870.50087048,1122269.541021644
96,2026-04-27,24974591,32249823.042351753,33014231.948092595,764408.905740841
96,2026-04-27,24974645,13625532.82898811,13881468.260251306,255935.43126319503
96,2026-04-27,24974757,33029684.086356573,33948601.0291913,918916.9428347256
96,2026-04-28,24974910,37191055.48279062,37743473.21762643,552417.7348358085
96,2026-04-28,24975143,20097753.60970691,20158472.206212685,60718.59650577288
96,2026-04-28,24975277,31934132.891145814,32810068.333354086,875935.4422082725
96,2026-04-28,24975280,30915538.003434833,31565565.401568837,650027.3981340026
96,2026-04-28,24975304,41665215.75824123,42905962.76617001,1240747.0079287817
96,2026-04-28,24975451,57650211.291843325,58158726.74028939,508515.44844606647
96,2026-04-28,24975554,46197546.338851534,46493802.90086284,296256.56201130676
96,2026-04-28,24975559,31747462.261337522,32291942.74784508,544480.4865075587
96,2026-04-28,24975912,34117013.620579414,34580839.01379323,463825.3932138204
96,2026-04-28,24976008,29300867.476207152,30821733.81650391,1520866.3402967572
96,2026-04-28,24976150,21713940.64541516,22080100.282067057,366159.63665189693
96,2026-04-28,24976205,53934213.484186985,54978218.791534856,1044005.3073478672
96,2026-04-28,24976208,20775754.758028153,21219536.812383045,443782.0543548927
96,2026-04-28,24976365,36150137.72898714,36784837.96326231,634700.2342751711
96,2026-04-28,24976534,30913696.86662361,31569899.917493273,656203.0508696648
96,2026-04-28,24976694,27925860.08340903,28717968.51211733,792108.4287083014
96,2026-04-28,24976869,28907115.18242903,29483869.180755615,576753.9983265875
96,2026-04-28,24976976,40671357.55123967,41672922.707355924,1001565.1561162528
96,2026-04-28,24977126,41422828.77503355,42502636.67506309,1079807.900029539
96,2026-04-28,24977337,32089166.99999111,32717173.066561103,628006.0665699922
96,2026-04-28,24977390,24208824.142318137,24395581.471294362,186757.32897622645
96,2026-04-28,24977420,47732501.20964393,49390252.112879805,1657750.9032358772
96,2026-04-28,24977463,44143433.40021626,47847090.45054302,3703657.050326763
96,2026-04-28,24977545,39469797.83463464,40005162.611943655,535364.7773090118
96,2026-04-28,24977661,42216386.45406106,42742574.93478941,526188.4807283521
96,2026-04-28,24977915,21416617.594671346,21660831.436361313,244213.8416899678
96,2026-04-28,24977992,27024668.750130326,27641253.512580965,616584.7624506378
96,2026-04-28,24978212,30349487.415013485,30921122.542198554,571635.1271850693
96,2026-04-28,24978424,13982227.952316977,14190790.852287108,208562.8999701308
96,2026-04-28,24978559,28970574.8033667,29572277.300342053,601702.4969753542
96,2026-04-28,24978800,25495771.36894928,25733152.45009412,237381.08114483976
96,2026-04-28,24978966,33350867.038933802,33963275.98191346,612408.9429796586
96,2026-04-28,24979143,8185241.603435005,8290834.73278097,105593.1293459643
96,2026-04-28,24979317,39756310.84115713,40262355.57389648,506044.7327393527
96,2026-04-28,24979321,32477695.824959114,33092008.267076425,614312.4421173097
96,2026-04-28,24979425,25775602.402740724,26308955.73917252,533353.336431793
96,2026-04-28,24979714,22980235.22639002,23426695.22856694,446460.0021769244
96,2026-04-28,24979794,36754368.7577186,37788560.24044055,1034191.4827219492
96,2026-04-28,24979849,52964060.9710943,54562071.57853458,1598010.6074402784
96,2026-04-28,24979858,34693298.439474605,35233649.794496365,540351.3550217599
96,2026-04-28,24980040,44609304.12955261,47165697.09528898,2556392.9657363733
96,2026-04-28,24980522,38418479.6860001,39000559.392742835,582079.7067427333
96,2026-04-28,24980547,35760297.10901812,36282102.3973832,521805.28836508206
96,2026-04-28,24980550,29541433.03981166,30357978.06230102,816545.0224893615
96,2026-04-28,24980615,29483115.82957403,29906449.74772977,423333.91815574304
96,2026-04-28,24980625,60310563.31850529,61175321.94923433,864758.6307290402
96,2026-04-28,24980959,34098771.89482598,34835968.241769016,737196.3469430393
96,2026-04-28,24981401,35986650.4101744,36816555.572800145,829905.1626257494
96,2026-04-28,24981817,31302916.04392858,31630818.7045164,327902.66058782075
96,2026-04-28,24981860,33512347.58603178,33777562.19978087,265214.61374908854
96,2026-04-29,24982234,42568440.9919167,43324188.53798621,755747.546069511
96,2026-04-29,24982241,44104694.62457633,44692555.88620978,587861.2616334489
96,2026-04-29,24982368,36666048.41882071,37692030.61826273,1025982.1994420169
96,2026-04-29,24982555,9134828.080104114,9136196.996449681,1368.9163455671514
96,2026-04-29,24982655,51776409.5993615,52648623.06478858,872213.4654270773
96,2026-04-29,24982680,29749777.120668888,30119269.46437365,369492.3437047605
96,2026-04-29,24982709,31896996.63764459,32591881.338020265,694884.7003756766
96,2026-04-29,24982820,37787355.27927559,38163144.023245536,375788.74396995234
96,2026-04-29,24982836,23156430.729295243,23501590.051665585,345159.32237034076
96,2026-04-29,24982934,36109345.161235414,36273197.65802609,163852.49679067967
96,2026-04-29,24983009,33461696.94026225,33584657.50855201,122960.56828975838
96,2026-04-29,24983233,41148459.944093525,42418015.03156799,1269555.087474463
96,2026-04-29,24983259,36686204.9194816,38331909.52257314,1645704.603091545
96,2026-04-29,24983345,22668107.456238996,23057361.672969222,389254.2167302244
96,2026-04-29,24983368,32873643.78165972,33163402.829710215,289759.0480504964
96,2026-04-29,24983419,39655063.962358415,40016379.15041265,361315.1880542283
96,2026-04-29,24983611,26243545.265968636,26330888.33468778,87343.06871914271
96,2026-04-29,24983675,33780133.07292517,34944575.66630102,1164442.5933758505
96,2026-04-29,24984306,25323627.20764809,25775541.42691197,451914.2192638806
96,2026-04-29,24984307,27797433.12893349,28241235.02907053,443801.9001370391
96,2026-04-29,24984320,37458518.63923382,38228339.4707538,769820.8315199817
96,2026-04-29,24984431,16693529.499184534,16936921.388268203,243391.8890836693
96,2026-04-29,24984433,18234834.493868146,18812122.303437863,577287.8095697159
96,2026-04-29,24984536,46368239.59511649,47220172.22803847,851932.6329219765
96,2026-04-29,24984551,53869251.610244244,54195360.28609109,326108.67584685143
96,2026-04-29,24985207,35277534.40872916,36155971.386383414,878436.9776542585
96,2026-04-29,24985223,44710172.94288097,46519340.89535402,1809167.952473043
96,2026-04-29,24985518,14922532.025566326,15560495.42304266,637963.3974763339
96,2026-04-29,24985673,45926686.61744626,47403297.079572976,1476610.4621267125
96,2026-04-29,24985751,34675392.829094246,35239878.5104767,564485.6813824583
96,2026-04-29,24985995,18901699.781974997,19256887.038820602,355187.25684560335
96,2026-04-29,24986107,36918725.231731,37821183.68958806,902458.4578570653
96,2026-04-29,24986213,44756855.24963941,45835802.353464924,1078947.1038255184
96,2026-04-29,24986250,43414467.22554792,44601066.71541735,1186599.4898694307
96,2026-04-29,24986274,40453414.31763354,41392543.35768757,939129.040054029
96,2026-04-29,24986596,30326244.417404898,30788400.281284776,462155.8638798786
96,2026-04-29,24986971,36318302.69833206,36804774.331381485,486471.6330494309
96,2026-04-29,24987062,42440785.32894993,43259122.87494748,818337.5459975488
96,2026-04-29,24987297,36845591.68103143,37285861.27387205,440269.59284061834
96,2026-04-29,24987390,22027047.631933037,22152594.644577052,125547.01264401607
96,2026-04-29,24987410,36703202.131928705,37191115.68812559,487913.55619688117
96,2026-04-29,24987682,42861392.29282938,43750537.934359476,889145.6415300992
96,2026-04-29,24987771,53104679.987532966,54178468.221994884,1073788.2344619206
96,2026-04-29,24987903,39536307.98147278,39950035.26712799,413727.2856552048
96,2026-04-29,24988130,39913227.12851541,41575115.62629233,1661888.4977769256
96,2026-04-29,24988431,34012079.53094332,34277044.0921732,264964.5612298797
96,2026-04-29,24988490,33051549.282332603,33325560.615282997,274011.3329503918
96,2026-04-29,24988750,26447256.326705437,28871141.628490247,2423885.301784809
96,2026-04-29,24988811,62539854.04464375,64241388.344085425,1701534.2994416708
96,2026-04-29,24989079,44975381.25922196,49745346.39434108,4769965.135119119
96,2026-04-30,24989364,31170156.323938023,31355568.109856408,185411.78591838287
96,2026-04-30,24989663,47094239.189261496,47324896.54750052,230657.35823902796
96,2026-04-30,24989668,48087492.47034521,48115910.7727212,28418.302376000414
96,2026-04-30,24989698,64535237.50556314,64946486.65940902,411249.15384587634
96,2026-04-30,24989974,32863294.38457593,33473931.159724236,610636.7751483056
96,2026-04-30,24989993,29590894.510816947,30039762.144545972,448867.6337290257
96,2026-04-30,24990039,45573345.04665711,46615083.40982332,1041738.3631662143
96,2026-04-30,24990195,46859265.89583835,47746523.93171283,887258.0358744803
96,2026-04-30,24990228,35211496.083627544,35553045.89966321,341549.816035666
96,2026-04-30,24990303,45444920.361438096,46407556.48766906,962636.1262309647
96,2026-04-30,24990399,62088223.56007448,64157226.40182034,2069002.8417458548
96,2026-04-30,24990476,60003649.09998456,61262207.18591741,1258558.08593285
96,2026-04-30,24990698,52713597.66621924,54064937.868863605,1351340.202644367
96,2026-04-30,24990733,24090132.70899873,25481296.16011476,1391163.451116032
96,2026-04-30,24990779,26946039.23263295,27473366.722462717,527327.4898297663
96,2026-04-30,24990876,64688096.153450884,65710781.48283134,1022685.3293804493
96,2026-04-30,24991156,40569137.81958448,41072652.00182318,503514.182238703
96,2026-04-30,24991666,37173074.62826666,37753765.83230441,580691.2040377503
96,2026-04-30,24991735,1973593.7624427315,1973593.7624427315,0.0
96,2026-04-30,24991806,35534614.52101103,35988183.64854973,453569.12753869593
96,2026-04-30,24991948,31616519.242622305,31795882.912654154,179363.67003185005
96,2026-04-30,24992044,37111830.444222815,38092412.07172774,980581.627504923
96,2026-04-30,24992157,32245505.514965042,32959491.327395115,713985.8124300739
96,2026-04-30,24992273,44348658.27645709,45069027.952818,720369.6763609066
96,2026-04-30,24992382,8299438.553464303,8419794.04023642,120355.4867721179
96,2026-04-30,24992556,29927557.933382034,30787866.911341853,860308.9779598189
96,2026-04-30,24992760,27773452.36248204,28129983.26859134,356530.90610930015
96,2026-04-30,24992764,38209766.91296919,38623430.02299625,413663.11002705933
96,2026-04-30,24992973,18082869.914377026,18550161.007578533,467291.09320150584
96,2026-04-30,24993067,37123048.94356778,38529692.97419053,1406644.0306227503
96,2026-04-30,24993094,42142254.71484636,43135041.681114584,992786.9662682253
96,2026-04-30,24993137,46998249.807113856,47756000.2930737,757750.4859598428
96,2026-04-30,24993211,52258383.16509495,53265482.39008089,1007099.2249859399
96,2026-04-30,24993230,67921170.56689812,68411375.57621807,490205.00931994215
96,2026-04-30,24993468,35174615.77019968,36063798.945011504,889183.1748118228
96,2026-04-30,24993721,63612954.92249042,65476543.80051211,1863588.8780216943
96,2026-04-30,24993960,48629953.962299936,50051382.60619321,1421428.6438932752
96,2026-04-30,24994140,55856370.334475994,56272241.555941254,415871.22146525874
96,2026-04-30,24994165,34756093.257763505,35292898.80573873,536805.547975226
96,2026-04-30,24994486,23009580.251676,23483084.13047215,473503.8787961489
96,2026-04-30,24994935,35549365.42874876,36153611.47825531,604246.0495065529
96,2026-04-30,24994981,28842839.09270156,29086317.123484083,243478.03078251937
96,2026-04-30,24995078,29560315.53500449,30125843.69189065,565528.1568861594
96,2026-04-30,24995132,33252438.666303586,33718309.90851794,465871.24221435573
96,2026-04-30,24995587,24668519.109364584,25518276.27580686,849757.166442274
96,2026-04-30,24995704,22982913.484753624,24111514.7562487,1128601.2714950778
96,2026-04-30,24995943,20565800.689814318,20783721.22518196,217920.53536764288
96,2026-04-30,24996235,29062499.96592237,29338373.812625572,275873.84670319984
96,2026-04-30,24996287,19141480.92742527,19671654.777621385,530173.8501961132
96,2026-04-30,24996350,38008983.512282595,38678793.22658705,669809.7143044507
96,2026-05-01,24996546,45816172.14613512,46356755.5655878,540583.4194526845
96,2026-05-01,24996547,24730298.488364372,26240527.08609841,1510228.5977340387
96,2026-05-01,24996566,23021003.588202197,23389695.271428816,368691.68322661857
96,2026-05-01,24996692,34994021.40218364,36560081.86262325,1566060.4604396122
96,2026-05-01,24996703,29753655.9353103,30068356.428478464,314700.49316816556
96,2026-05-01,24996850,35692552.49730448,38507407.082898416,2814854.5855939393
96,2026-05-01,24996941,42497732.97685978,43532574.78671471,1034841.8098549315
96,2026-05-01,24996945,45245234.79710586,46431767.682951555,1186532.8858456886
96,2026-05-01,24997306,41829559.562304236,43188538.325267754,1358978.7629635164
96,2026-05-01,24997618,53944713.15269406,55370440.18990785,1425727.0372137874
96,2026-05-01,24997660,19508507.77590214,19888454.10616291,379946.3302607664
96,2026-05-01,24997682,43846968.82379672,46425689.51823863,2578720.694441906
96,2026-05-01,24997907,24668317.75650281,24885073.49689961,216755.74039679638
96,2026-05-01,24997980,66350270.408312544,67726458.10362867,1376187.6953161187
96,2026-05-01,24997982,23604138.917940907,23943263.452952567,339124.53501166275
96,2026-05-01,24998058,35568521.47163114,36212805.02884516,644283.5572140238
96,2026-05-01,24998128,36401474.87183174,36910072.531983964,508597.660152222
96,2026-05-01,24998219,35644875.72860094,36090355.47935491,445479.75075396243
96,2026-05-01,24998367,29903640.86362036,30193016.35171443,289375.4880940667
96,2026-05-01,24998874,30998509.594288737,31726189.60766448,727680.0133757434
96,2026-05-01,24998877,28450590.469975777,29455641.10391823,1005050.6339424512
96,2026-05-01,24999208,35210703.601963475,36370398.46962092,1159694.867657445
96,2026-05-01,24999345,49281597.47841961,50289030.74218859,1007433.263768979
96,2026-05-01,24999362,21546778.527003787,21990924.580233976,444146.0532301883
96,2026-05-01,24999401,75948053.05827275,76886576.8583509,938523.8000781467
96,2026-05-01,24999789,31375497.186053384,32014234.63130624,638737.4452528526
96,2026-05-01,24999817,63674958.536246546,64374068.83792887,699110.3016823219
96,2026-05-01,24999940,44009215.395474486,44466154.00948002,456938.614005531
96,2026-05-01,25000044,45485545.52240531,46058082.66107164,572537.1386663343
96,2026-05-01,25000461,19035838.342397764,19305875.19305826,270036.85066049476
96,2026-05-01,25000535,46948674.70770037,48330294.9396348,1381620.2319344343
96,2026-05-01,25000767,53633241.05977439,54538759.287494555,905518.2277201582
96,2026-05-01,25001010,29003921.231913235,29699120.551420324,695199.3195070863
96,2026-05-01,25001057,32558148.66812183,32993628.253389325,435479.58526749496
96,2026-05-01,25001123,52963266.82368075,54747841.03331943,1784574.2096386757
96,2026-05-01,25001128,27608914.450321015,27947769.792806324,338855.3424853075
96,2026-05-01,25001236,45994762.195771374,48200866.05128689,2206103.855515515
96,2026-05-01,25001384,33238300.937428422,34411356.325668864,1173055.3882404396
96,2026-05-01,25001390,61594608.07476201,62481684.5697905,887076.4950284833
96,2026-05-01,25001462,29140865.481437016,29676167.009003807,535301.527566788
96,2026-05-01,25001484,68187103.26679961,69217710.00163478,1030606.7348351633
96,2026-05-01,25001676,32210525.568746977,32791679.22756005,581153.6588130735
96,2026-05-01,25001796,36614805.72548701,37426186.44364536,811380.7181583478
96,2026-05-01,25001889,39815189.23400411,41338812.815259315,1523623.5812552047
96,2026-05-01,25002229,37496666.93299142,39101370.43750876,1604703.5045173424
96,2026-05-01,25002460,36895283.7919657,38159612.27986409,1264328.4878983875
96,2026-05-01,25002631,17393949.947398435,17497525.41263881,103575.46524037553
96,2026-05-01,25002966,26951003.73145314,27495443.852381524,544440.1209283858
96,2026-05-01,25003032,9635020.43191137,9724640.081561074,89619.6496497042
96,2026-05-01,25003148,46885734.70874541,49072797.19750152,2187062.488756108
96,2026-05-02,25003713,31715872.630915675,32313314.66565785,597442.0347421739
96,2026-05-02,25003893,55490943.27052625,56395325.3291261,904382.0585998426
96,2026-05-02,25003910,22485233.375520714,23748117.860989615,1262884.4854688991
96,2026-05-02,25003920,40079257.621696405,40734105.91287803,654848.2911816293
96,2026-05-02,25004281,37312496.8182566,38179743.95699014,867247.1387335369
96,2026-05-02,25004674,34188846.48331454,34905594.66953608,716748.1862215375
96,2026-05-02,25004677,32254500.904937133,32966278.31070577,711777.4057686363
96,2026-05-02,25004711,37849061.54015738,38735739.0274709,886677.487313524
96,2026-05-02,25004821,66349379.468235046,69196777.26566179,2847397.7974267486
96,2026-05-02,25004898,11775306.411595818,12006630.039670588,231323.62807477085
96,2026-05-02,25004950,5637785.20132666,5827860.837366071,190075.636039411
96,2026-05-02,25005014,35986278.82796632,36514869.39945619,528590.5714898717
96,2026-05-02,25005038,35243140.18652795,36512371.34660489,1269231.160076938
96,2026-05-02,25005094,57500092.20413629,59912782.98232392,2412690.77818763
96,2026-05-02,25005113,33151305.819290817,35871561.25037298,2720255.431082168
96,2026-05-02,25005118,10477180.143116089,10712763.748430707,235583.60531461737
96,2026-05-02,25005128,43065900.25156521,43988692.31699231,922792.0654271025
96,2026-05-02,25005149,24604878.240849458,25091666.072426207,486787.83157674666
96,2026-05-02,25005213,21858016.38998854,22373202.718279462,515186.32829092065
96,2026-05-02,25005349,25012400.028571244,25666796.24668986,654396.2181186131
96,2026-05-02,25005720,30958053.02755483,33013499.403806314,2055446.3762514822
96,2026-05-02,25005741,9484163.382681543,9733828.558507973,249665.17582642968
96,2026-05-02,25006392,28960369.790604606,29936162.94869144,975793.1580868303
96,2026-05-02,25006414,48054169.25968608,48478303.34160859,424134.0819225121
96,2026-05-02,25006795,48627375.11068035,49647340.816929266,1019965.7062489109
96,2026-05-02,25006950,52876516.49470776,53575492.340178855,698975.8454710908
96,2026-05-02,25007117,29392244.438253887,30131084.60590716,738840.167653273
96,2026-05-02,25007258,31041594.784159206,31374858.53192895,333263.74776974483
96,2026-05-02,25007272,28589526.345432065,29799288.699785296,1209762.354353229
96,2026-05-02,25007756,70503926.09717548,70970948.58378024,467022.48660477065
96,2026-05-02,25007778,34325688.701853804,34971848.38199904,646159.6801452286
96,2026-05-02,25007857,42624757.62217632,44415997.37217929,1791239.750002973
96,2026-05-02,25007947,34158513.27132564,34692100.62377542,533587.3524497797
96,2026-05-02,25008058,30920229.414982393,32156462.76481169,1236233.3498292984
96,2026-05-02,25008065,20290970.753223054,20518170.448716387,227199.69549333135
96,2026-05-02,25008107,44863825.49875638,47057827.449309416,2194001.950553041
96,2026-05-02,25008534,46474096.22992578,48117814.32387439,1643718.0939486064
96,2026-05-02,25008746,54738043.04400856,55684390.228226155,946347.1842175921
96,2026-05-02,25008856,30355384.04385721,32017741.02582845,1662356.9819712413
96,2026-05-02,25009680,43165337.242394276,44134634.616276525,969297.3738822418
96,2026-05-02,25009737,46690821.33959989,47845909.14738759,1155087.8077876898
96,2026-05-02,25009793,26950891.309207927,27446062.204659767,495170.89545183856
96,2026-05-02,25009895,81348810.73745845,82460478.75325955,1111668.0158011087
96,2026-05-02,25009926,34732156.20348968,35222297.9357487,490141.7322590062
96,2026-05-02,25010014,27168743.697584152,28318589.96115041,1149846.263566258
96,2026-05-02,25010130,41574528.77028059,42556829.62185063,982300.8515700422
96,2026-05-02,25010258,18473020.397436336,18864491.338628888,391470.9411925537
96,2026-05-02,25010428,34868066.849993154,35687758.45668626,819691.6066930984
96,2026-05-02,25010623,40052185.62608749,41931576.52863905,1879390.9025515614
96,2026-05-02,25010709,86700823.840972,89012361.99278471,2311538.151812713
96,2026-05-03,25010855,65342569.20568397,65585109.08910424,242539.8834202759
96,2026-05-03,25011209,22633406.197672207,23628405.26778318,994999.0701109712
96,2026-05-03,25011254,28470040.157178875,28693807.108203296,223766.95102441974
96,2026-05-03,25011320,26390575.460639764,27171657.147975743,781081.6873359827
96,2026-05-03,25011536,78792881.43967958,80095160.77624792,1302279.336568339
96,2026-05-03,25011595,42621711.497105606,44655027.05038673,2033315.5532811228
96,2026-05-03,25011637,12817577.844178362,12938166.100840645,120588.25666228296
96,2026-05-03,25011645,70665764.08588186,71464411.09830686,798647.0124250132
96,2026-05-03,25011871,65182789.452691905,66049822.0576862,867032.6049942995
96,2026-05-03,25011971,62737761.340391286,63483539.7285715,745778.3881802119
96,2026-05-03,25011989,82419639.16779326,83514956.9980458,1095317.8302525517
96,2026-05-03,25012098,53875402.513102576,55253667.92488708,1378265.4117845066
96,2026-05-03,25012128,49855524.81563975,51272246.52455272,1416721.70891297
96,2026-05-03,25012280,65436754.507033154,65934581.83903703,497827.33200387517
96,2026-05-03,25012661,38067992.940393,41267520.24693615,3199527.3065431467
96,2026-05-03,25012944,83961920.10864252,85575629.61646777,1613709.5078252524
96,2026-05-03,25013173,43821698.85714917,44672642.52960112,850943.6724519497
96,2026-05-03,25013265,48910554.38031174,49487040.21234719,576485.8320354436
96,2026-05-03,25013377,90886801.65015753,91862882.14298639,976080.4928288696
96,2026-05-03,25013517,4665572.918154987,4722161.137539819,56588.21938483254
96,2026-05-03,25013703,27419821.40571502,27803265.040453088,383443.63473807095
96,2026-05-03,25013841,40314148.92093115,41544626.40287201,1230477.4819408585
96,2026-05-03,25013847,37397875.80477036,38036098.506860785,638222.702090429
96,2026-05-03,25013854,11434125.593307095,11484045.593307095,49920.0
96,2026-05-03,25013885,28965969.723972734,30108780.727375083,1142811.0034023486
96,2026-05-03,25014027,51073617.64633079,53550120.26393882,2476502.6176080303
96,2026-05-03,25014123,31013689.95485446,32579020.0912365,1565330.1363820385
96,2026-05-03,25014143,109822198.0318702,109950158.61714123,127960.58527102327
96,2026-05-03,25014485,39728599.47774696,40608288.30099438,879688.8232474141
96,2026-05-03,25014919,33458801.352795716,34289524.233884774,830722.8810890566
96,2026-05-03,25015043,59617602.9430089,60493102.24494167,875499.3019327647
96,2026-05-03,25015192,36633539.241565816,37503099.63128729,869560.3897214797
96,2026-05-03,25015602,62850341.62890161,64832829.96057846,1982488.3316768485
96,2026-05-03,25015605,43857031.252238885,44848675.27171891,991644.0194800219
96,2026-05-03,25015628,39683560.474156156,40395036.93010821,711476.4559520567
96,2026-05-03,25015738,75446056.96261333,77345194.58159167,1899137.618978337
96,2026-05-03,25015896,53236299.45327392,54785572.284447595,1549272.8311736672
96,2026-05-03,25016133,60245663.5489887,61149590.11190737,903926.5629186681
96,2026-05-03,25016331,42469375.37867848,44663501.53956266,2194126.160884178
96,2026-05-03,25016463,38982680.9353473,39348610.75218128,365929.81683397363
96,2026-05-03,25016562,16904621.96389585,17631145.16961606,726523.2057202086
96,2026-05-03,25016657,11087158.789268045,11463360.09165815,376201.30239010614
96,2026-05-03,25016857,75323073.19693293,76640692.71164091,1317619.514707982
96,2026-05-03,25017014,48724991.298255175,49600032.84098353,875041.5427283572
96,2026-05-03,25017047,22218305.75536839,22950058.883338064,731753.1279696765
96,2026-05-03,25017067,38193680.34417735,38875088.367278226,681408.0231008795
96,2026-05-03,25017530,48441686.8022151,49931092.87184267,1489406.0696275667
96,2026-05-03,25017548,36187568.96892204,37617888.810564704,1430319.8416426603
96,2026-05-03,25017569,67669380.7273341,68441025.36323886,771644.6359047642
96,2026-05-03,25017585,44732128.82233135,45600951.568335064,868822.7460037138
96,2026-05-04,25018115,86332707.18869534,87007254.2597774,674547.0710820572
96,2026-05-04,25018183,64419055.729955375,65460006.4958325,1040950.7658771276
96,2026-05-04,25018245,40822761.47111164,41679769.09082951,857007.619717866
96,2026-05-04,25018264,33467720.13647006,34376284.869390726,908564.7329206619
96,2026-05-04,25018288,60353978.0912732,61075567.82951052,721589.7382373178
96,2026-05-04,25018573,52811461.26186713,53753159.11400466,941697.8521375292
96,2026-05-04,25018621,33202215.99790054,34114239.03408211,912023.0361815704
96,2026-05-04,25018881,43173212.54146361,44264922.10004095,1091709.5585773352
96,2026-05-04,25018953,47938781.61950156,49448382.53565029,1509600.9161487317
96,2026-05-04,25018959,72582639.51013762,73568480.52376854,985841.0136309213
96,2026-05-04,25019250,35490361.12399735,35928493.9101373,438132.7861399512
96,2026-05-04,25019375,21658671.62236683,22073212.88636556,414541.2639987269
96,2026-05-04,25019561,23284227.0027331,23434203.05864836,149976.05591525885
96,2026-05-04,25019663,35529186.65782242,35786409.39115085,257222.73332842614
96,2026-05-04,25019796,29826524.060285486,30081663.467616275,255139.40733078777
96,2026-05-04,25020041,31659967.689945057,32534187.533797927,874219.8438528712
96,2026-05-04,25020205,56636340.588060915,57506893.054386266,870552.4663253521
96,2026-05-04,25020284,28189313.603911716,28835721.52792165,646407.9240099364
96,2026-05-04,25020472,51348200.68067464,53484695.77341435,2136495.092739712
96,2026-05-04,25020519,31312916.064637754,32445350.116005357,1132434.0513676011
96,2026-05-04,25020817,39034016.50640234,39763730.77028994,729714.2638876046
96,2026-05-04,25021223,65758558.97078502,69383264.42374744,3624705.4529624144
96,2026-05-04,25021229,35156488.5405695,36764467.913159214,1607979.3725897158
96,2026-05-04,25021589,16799133.934884094,18974060.287250146,2174926.3523660526
96,2026-05-04,25021925,36220699.781334706,37165408.32031203,944708.5389773222
96,2026-05-04,25022110,42186291.09203925,43615578.58166726,1429287.4896280132
96,2026-05-04,25022237,46518289.114771724,47585504.84126761,1067215.7264958844
96,2026-05-04,25022239,20928710.860707927,22009466.88513076,1080756.0244228342
96,2026-05-04,25022408,43241274.3597581,45959714.00832265,2718439.6485645515
96,2026-05-04,25022791,85103681.60068387,86081338.50600126,977656.9053174055
96,2026-05-04,25022900,34302024.44975138,36005160.27823514,1703135.8284837562
96,2026-05-04,25023007,56846114.53271619,58167947.712292664,1321833.1795764745
96,2026-05-04,25023082,48576352.97224283,50003492.513519906,1427139.5412770733
96,2026-05-04,25023153,44710025.71200197,46552615.927704535,1842590.215702568
96,2026-05-04,25023224,35295847.39865794,36221425.38485206,925577.9861941235
96,2026-05-04,25023346,48914506.05781087,50020210.33580144,1105704.2779905659
96,2026-05-04,25023369,32181305.21775829,33003821.297821663,822516.080063372
96,2026-05-04,25023577,31171946.460219547,32795392.150365897,1623445.6901463494
96,2026-05-04,25023627,27696535.760435384,28325383.6677206,628847.907285218
96,2026-05-04,25023714,33911968.37763899,34863683.01354444,951714.6359054511
96,2026-05-04,25023717,33265584.72075681,34637918.438303046,1372333.717546233
96,2026-05-04,25023758,37426751.42275071,38409366.59457647,982615.1718257598
96,2026-05-04,25023777,39762933.25182887,41402920.29377216,1639987.0419432845
96,2026-05-04,25023802,9347189.796493102,9489310.992395014,142121.19590191098
96,2026-05-04,25024210,28194035.359218173,28428059.93933217,234024.5801139986
96,2026-05-04,25024349,38389488.442032404,39481644.001982465,1092155.559950056
96,2026-05-04,25024465,58684464.636758775,59869973.376168236,1185508.7394094619
96,2026-05-04,25024581,32094280.106524013,32587715.902842477,493435.79631846247
96,2026-05-04,25024849,43183635.49165093,43916716.18735643,733080.6957054939
96,2026-05-04,25024882,24922692.65589378,25728224.66521197,805532.0093181923
96,2026-05-05,25025484,34587191.58689231,35471707.172788545,884515.585896239
96,2026-05-05,25025668,17421543.005202524,17834766.980667874,413223.9754653488
96,2026-05-05,25025971,25132284.235373173,26020751.56211716,888467.3267439838
96,2026-05-05,25026205,53978467.2065356,56606601.000563085,2628133.794027479
96,2026-05-05,25026257,52214808.06088695,54971358.78372627,2756550.722839317
96,2026-05-05,25026323,33349503.481946692,34875407.73451795,1525904.2525712522
96,2026-05-05,25026456,46472426.63577118,47389231.2690165,916804.6332453188
96,2026-05-05,25026643,25632099.98047226,26400664.963382024,768564.9829097625
96,2026-05-05,25026874,51438802.49445535,53464891.05835603,2026088.5639006798
96,2026-05-05,25026903,51877154.12019008,55432215.70308228,3555061.582892205
96,2026-05-05,25026959,39777670.46694589,41184037.22476768,1406366.7578217867
96,2026-05-05,25027006,26272577.4012112,27113351.2095092,840773.8082980035
96,2026-05-05,25027095,15440262.658626618,16030803.21063081,590540.5520041928
96,2026-05-05,25027583,65565745.767698064,68270578.2861717,2704832.5184736475
96,2026-05-05,25027739,58007856.74878494,59236823.54880836,1228966.8000234216
96,2026-05-05,25027759,31978028.56715366,32804757.686351623,826729.1191979644
96,2026-05-05,25027939,55346057.99286606,56094772.16621367,748714.1733476096
96,2026-05-05,25027963,71831195.09454481,75203497.3904564,3372302.2959115775
96,2026-05-05,25028179,76274167.09582649,80275019.017741,4000851.921914505
96,2026-05-05,25028327,35201956.05795712,39060134.8976208,3858178.839663675
96,2026-05-05,25028606,17141682.058825944,17533512.831527058,391830.7727011164
96,2026-05-05,25028649,31773206.27181056,33206640.44522394,1433434.1734133796
96,2026-05-05,25028665,54008574.62309871,55250648.52355794,1242073.9004592297
96,2026-05-05,25028937,28631900.828037597,29354395.728830226,722494.9007926317
96,2026-05-05,25029064,33542136.07374222,35329596.35105559,1787460.2773133777
96,2026-05-05,25029323,43887946.921597004,44916437.92269195,1028491.0010949383
96,2026-05-05,25029578,40953068.57942299,41753618.48596622,800549.9065432319
96,2026-05-05,25029621,38988512.030125394,40136425.36200144,1147913.331876047
96,2026-05-05,25029990,27876597.554049626,28647142.352109246,770544.7980596203
96,2026-05-05,25030134,38578577.94685895,40806240.32174212,2227662.3748831674
96,2026-05-05,25030182,44069826.44509195,46315907.603552416,2246081.158460472
96,2026-05-05,25030478,54131043.49155552,55787823.473717734,1656779.9821622088
96,2026-05-05,25030533,39998524.54946489,41478384.48246266,1479859.932997772
96,2026-05-05,25030534,28128758.008273892,28918316.56502742,789558.5567535264
96,2026-05-05,25030549,37732875.01663591,38724849.32984324,991974.3132073281
96,2026-05-05,25030795,34927096.79258424,35937718.72393689,1010621.931352657
96,2026-05-05,25030862,32884066.550905716,33774316.16703595,890249.6161302354
96,2026-05-05,25031041,58943760.75694786,61909492.98528342,2965732.2283355584
96,2026-05-05,25031080,36264683.38676569,38587784.76956104,2323101.3827953483
96,2026-05-05,25031101,27714043.112699624,28446132.589396317,732089.4766966933
96,2026-05-05,25031157,57925748.771519,59065141.49908732,1139392.7275683226
96,2026-05-05,25031237,23951079.67548819,24756819.812852297,805740.1373641073
96,2026-05-05,25031263,56156130.91187838,58044723.03565325,1888592.1237748675
96,2026-05-05,25031304,26298796.100642595,26717945.929743625,419149.8291010302
96,2026-05-05,25031471,26280979.273711547,27164276.740196265,883297.4664847192
96,2026-05-05,25031604,38292298.41403634,39576374.96218082,1284076.5481444818
96,2026-05-05,25031879,10196170.672099993,10309256.296134604,113085.62403461122
96,2026-05-05,25032069,21350875.849768475,21733251.629091017,382375.77932254097
96,2026-05-05,25032073,66876905.98106023,69544618.74195075,2667712.7608905267
96,2026-05-05,25032087,27383112.98259255,29033411.243479274,1650298.2608867246
96,2026-05-06,25032434,45482931.119269125,46718725.35148537,1235794.2322162506
96,2026-05-06,25032536,25364078.610858425,25655334.00113967,291255.3902812458
96,2026-05-06,25032628,79694871.91152613,85786244.6939241,6091372.78239797
96,2026-05-06,25032797,52831475.23758881,55656781.551437184,2825306.3138483786
96,2026-05-06,25032923,11184880.21481408,11320801.539405733,135921.32459165153
96,2026-05-06,25032973,30555756.9847193,31131669.928938713,575912.9442194162
96,2026-05-06,25033196,56466531.9689961,57008139.500754945,541607.5317588438
96,2026-05-06,25033340,47058706.656829365,47488036.36343454,429329.706605175
96,2026-05-06,25033396,37231109.67489409,38943485.41586618,1712375.7409720975
96,2026-05-06,25033642,32618516.13581451,34568701.61918865,1950185.4833741435
96,2026-05-06,25033959,39452554.205508426,39875179.81386962,422625.60836118634
96,2026-05-06,25034071,46369350.167427674,47655327.93966469,1285977.7722370164
96,2026-05-06,25034132,18201162.879663438,18740513.460001174,539350.5803377351
96,2026-05-06,25034158,31015019.477356,32424043.440117836,1409023.9627618326
96,2026-05-06,25034263,46444374.831216514,47749985.70368194,1305610.8724654228
96,2026-05-06,25034500,73591856.22555378,75599899.10865454,2008042.8831007562
96,2026-05-06,25034603,45177880.262146115,46941942.587941244,1764062.3257951282
96,2026-05-06,25035057,17557237.502321582,18145579.066082764,588341.5637611822
96,2026-05-06,25035070,33356110.215152994,34049728.786792256,693618.5716392631
96,2026-05-06,25035247,38136616.99566029,39013370.46205134,876753.4663910508
96,2026-05-06,25035380,48913938.75994288,50629144.7209391,1715205.9609962124
96,2026-05-06,25035525,52207437.051893815,53837353.77925014,1629916.727356319
96,2026-05-06,25035877,78628577.0622746,79982442.78202169,1353865.7197470786
96,2026-05-06,25036047,32179328.16332835,32843257.230856698,663929.0675283513
96,2026-05-06,25036505,44701597.21735614,46361212.80596815,1659615.588612015
96,2026-05-06,25036506,40350267.11121537,41335756.43464112,985489.3234257525
96,2026-05-06,25036603,47255507.92335565,47921751.52189634,666243.5985406965
96,2026-05-06,25036641,63680261.59250097,65150310.777542554,1470049.1850415834
96,2026-05-06,25036682,46604310.64417553,47671485.70516939,1067175.06099386
96,2026-05-06,25036910,47113921.05942873,48273120.04428818,1159198.984859448
96,2026-05-06,25037036,5386998.692473908,5463053.347829442,76054.65535553376
96,2026-05-06,25037137,41778989.82556327,42172089.4904238,393099.66486052726
96,2026-05-06,25037288,15932733.225071734,16314311.131703079,381577.9066313455
96,2026-05-06,25037366,59231934.19241805,60323962.63092309,1092028.4385050463
96,2026-05-06,25037505,39265604.18582728,40057115.153260775,791510.9674335006
96,2026-05-06,25037509,12258461.91256309,12412337.014670206,153875.10210711806
96,2026-05-06,25037631,38528917.74535222,39665293.570085734,1136375.8247335118
96,2026-05-06,25038002,47471556.93411495,48184236.95950523,712680.0253902789
96,2026-05-06,25038034,53301236.69393232,55322596.22913302,2021359.535200699
96,2026-05-06,25038139,30901648.113138974,31154330.222127244,252682.10898827025
96,2026-05-06,25038321,40286526.45164579,41492213.94810535,1205687.4964595549
96,2026-05-06,25038349,26084483.966392472,28645186.965549637,2560702.9991571633
96,2026-05-06,25038421,39934694.1838554,40418935.057556935,484240.8737015405
96,2026-05-06,25038537,15039920.285238571,15609803.029236259,569882.743997686
96,2026-05-06,25038648,51846197.43190084,52930463.60756504,1084266.175664201
96,2026-05-06,25038716,18706163.217246793,19648794.434074838,942631.2168280423
96,2026-05-06,25038963,41968966.87027467,43123329.53190256,1154362.6616278861
96,2026-05-06,25039334,43444587.33890983,44445779.22944592,1001191.8905360894
96,2026-05-06,25039344,34126260.74728794,35122859.12013894,996598.3728510115
96,2026-05-06,25039426,27561648.155610126,28611897.438333806,1050249.2827236804
96,2026-05-07,25039701,49567816.815613076,50050995.884899445,483179.06928637
96,2026-05-07,25039779,49142334.97690957,50078546.00302844,936211.026118867
96,2026-05-07,25039836,22123468.26648954,22503234.071579054,379765.8050895131
96,2026-05-07,25039891,48510825.61458527,49538446.508393764,1027620.8938084908
96,2026-05-07,25039978,38150235.51271084,38561332.54512175,411097.0324109106
96,2026-05-07,25040004,25716518.393876188,26129666.954921246,413148.5610450568
96,2026-05-07,25040033,22658528.889259998,23335865.142692063,677336.2534320651
96,2026-05-07,25040108,53053047.6072667,54866846.75597014,1813799.1487034422
96,2026-05-07,25040205,57466304.16295245,58086754.946467355,620450.7835149067
96,2026-05-07,25040313,39921732.94473229,40331227.570440345,409494.62570804916
96,2026-05-07,25040436,44424565.54696979,46408001.04679603,1983435.4998262457
96,2026-05-07,25040669,52495455.79115445,52774328.416824065,278872.6256696126
96,2026-05-07,25040744,7275608.457342289,7560878.047152764,285269.58981047507
96,2026-05-07,25040769,20093349.029911928,20391410.222232275,298061.1923203475
96,2026-05-07,25040922,78654471.76799922,79016518.16407563,362046.39607640024
96,2026-05-07,25040957,37133393.86188166,37435649.99530947,302256.13342781714
96,2026-05-07,25041031,18369001.720148828,19904290.452273052,1535288.7321242231
96,2026-05-07,25041229,17701563.678744208,17891727.813620403,190164.13487619688
96,2026-05-07,25041279,24327018.336692076,24861665.549217135,534647.2125250606
96,2026-05-07,25041379,43178855.46855922,43318233.09870474,139377.63014551427
96,2026-05-07,25041381,47272140.31787437,47866419.01560136,594278.6977269892
96,2026-05-07,25041633,42605238.30752313,43759987.033943355,1154748.726420228
96,2026-05-07,25041735,41520051.134934396,42614603.60466403,1094552.4697296326
96,2026-05-07,25041954,38425679.03544789,39745922.34378095,1320243.308333064
96,2026-05-07,25042048,62161996.87391998,63496545.32482709,1334548.4509071116
96,2026-05-07,25042303,12488954.69378031,13188735.226021828,699780.5322415174
96,2026-05-07,25042439,42736035.62332599,43885928.03867424,1149892.4153482504
96,2026-05-07,25042670,72225543.92369027,73971146.28502592,1745602.3613356499
96,2026-05-07,25042782,57286719.7197031,58873616.136986345,1586896.4172832444
96,2026-05-07,25043023,43791179.90596809,44223957.410609566,432777.5046414742
96,2026-05-07,25043110,49179792.844688356,50031651.26396388,851858.4192755232
96,2026-05-07,25043289,36573097.56810907,38135993.85305233,1562896.2849432616
96,2026-05-07,25043823,47750520.34403743,48824324.32997347,1073803.985936034
96,2026-05-07,25043929,57472114.84775034,58168776.90510844,696662.0573580955
96,2026-05-07,25044046,7523996.386464163,7538297.023792605,14300.63732844223
96,2026-05-07,25044114,24998451.589021828,25282792.876253933,284341.28723210556
96,2026-05-07,25044163,49337320.332465746,50285658.38738594,948338.0549201989
96,2026-05-07,25044168,49906533.08174733,50924047.1293702,1017514.0476228707
96,2026-05-07,25044251,64253681.6644935,66001322.36682589,1747640.7023323919
96,2026-05-07,25044287,36420065.197298355,37311570.76352898,891505.566230624
96,2026-05-07,25044380,74029804.34538479,75235836.26650213,1206031.9211173302
96,2026-05-07,25044571,41818455.287416,42451555.972284764,633100.6848687631
96,2026-05-07,25045435,17564067.712412223,17815501.360727284,251433.6483150606
96,2026-05-07,25045437,45219116.5842664,45852379.88035952,633263.2960931237
96,2026-05-07,25045725,46970261.479403675,47974664.5814794,1004403.1020757285
96,2026-05-07,25045946,27995196.747107465,28810187.538737774,814990.7916303091
96,2026-05-07,25046005,30686109.026239116,31032999.19521882,346890.1689797039
96,2026-05-07,25046028,38078143.00022784,38450894.47220157,372751.4719737328
96,2026-05-07,25046292,39944027.87612544,40563693.71593174,619665.8398062966
96,2026-05-07,25046535,35387307.41985828,35835098.2940432,447790.8741849248
96,2026-05-08,25046739,26790165.282611202,27111372.12504942,321206.8424382143
96,2026-05-08,25046927,30737390.01287597,31865913.177195072,1128523.1643191022
96,2026-05-08,25046940,38211982.72402624,39357935.02476446,1145952.3007382231
96,2026-05-08,25047001,28599176.21140314,28991660.934240017,392484.72283687984
96,2026-05-08,25047007,26525620.917963445,26912986.57620435,387365.658240903
96,2026-05-08,25047035,50230153.06227253,50782484.82373465,552331.7614621243
96,2026-05-08,25047444,16792617.271567807,16986385.965717938,193768.6941501302
96,2026-05-08,25047741,43236324.72926269,43717974.63790959,481649.90864690876
96,2026-05-08,25047852,35240567.293377124,35949747.16741009,709179.8740329677
96,2026-05-08,25048019,25919125.807302646,27723866.41012544,1804740.6028227957
96,2026-05-08,25048179,41893029.337511286,43189664.90200597,1296635.5644946862
96,2026-05-08,25048228,43777089.209752135,43990887.87401902,213798.66426688217
96,2026-05-08,25048310,41591372.742065124,42691010.10864868,1099637.3665835606
96,2026-05-08,25048460,50966764.91575433,51288054.34867441,321289.4329200748
96,2026-05-08,25048462,39688947.72741758,39914316.80666187,225369.07924428943
96,2026-05-08,25048856,59328893.51542762,61417513.21603613,2088619.7006085142
96,2026-05-08,25048909,45779018.79443244,46230722.02861133,451703.2341788911
96,2026-05-08,25049006,43392030.6560578,44882852.366992,1490821.7109341957
96,2026-05-08,25049015,48775085.753413424,49551292.35427421,776206.6008607892
96,2026-05-08,25049112,3803208.960419059,3803208.960419059,0.0
96,2026-05-08,25049258,35301959.44745083,36099390.60339714,797431.1559463075
96,2026-05-08,25049414,17690239.11272165,17761178.65810633,70939.54538467944
96,2026-05-08,25049564,53058319.92072345,53782396.686689146,724076.7659656953
96,2026-05-08,25049572,33596119.35427891,33776811.103699155,180691.74942024925
96,2026-05-08,25050001,26346438.078158773,26711419.93861545,364981.86045667424
96,2026-05-08,25050163,64719237.96414683,65657624.41426661,938386.4501197789
96,2026-05-08,25050283,53327051.973781064,54275342.69348005,948290.719698993
96,2026-05-08,25050872,38854916.33134194,39708360.46936595,853444.1380240027
96,2026-05-08,25050941,38158867.41082948,38653494.05015904,494626.63932956534
96,2026-05-08,25050949,43112816.03852734,43762257.57996688,649441.5414395351
96,2026-05-08,25051157,56804347.451563805,58389291.47324332,1584944.0216795108
96,2026-05-08,25051264,37048248.374182165,37570520.67005635,522272.295874186
96,2026-05-08,25051266,40540673.77203161,40915324.29965251,374650.5276208974
96,2026-05-08,25051379,46508577.05408549,48758359.41461141,2249782.3605259163
96,2026-05-08,25051417,44209974.011122525,45418059.72031464,1208085.7091921158
96,2026-05-08,25051429,53375964.366022035,53937130.48518615,561166.1191641139
96,2026-05-08,25051494,42494693.30513105,43081578.87046921,586885.565338169
96,2026-05-08,25051651,32836569.98302895,33222387.460521113,385817.47749216505
96,2026-05-08,25052178,39638880.814016536,40883754.9803498,1244874.1663332654
96,2026-05-08,25052336,49569233.4323811,51192594.111017145,1623360.6786360454
96,2026-05-08,25052454,23668502.488377612,24144788.780215766,476286.2918381541
96,2026-05-08,25052502,57479059.35240495,59187698.769626476,1708639.417221521
96,2026-05-08,25052528,74654058.47338142,76224834.52280919,1570776.0494277806
96,2026-05-08,25052621,45675339.900000155,46784179.27159703,1108839.371596871
96,2026-05-08,25052679,42402500.875960596,43015783.59631719,613282.7203565924
96,2026-05-08,25052682,19542471.166634567,20152464.991229866,609993.8245952987
96,2026-05-08,25052880,46908068.42691656,48565226.437116094,1657158.0101995314
96,2026-05-08,25052934,49656773.44493637,51312209.18853913,1655435.7436027667
96,2026-05-08,25053597,55350809.22088847,56137901.96139979,787092.7405113169
96,2026-05-08,25053670,76954288.4646195,77702181.41787975,747892.9532602354
96,2026-05-09,25054017,8810217.473790081,8960591.339786213,150373.86599613188
96,2026-05-09,25054169,16534886.992005916,16936977.314592525,402090.3225866076
96,2026-05-09,25054356,38476644.18507352,38726634.98134299,249990.79626947606
96,2026-05-09,25054816,70690643.75287099,72577324.61972034,1886680.866849348
96,2026-05-09,25054856,6778525.838252633,6837715.175156107,59189.33690347412
96,2026-05-09,25055022,53697151.557521135,54463500.49322398,766348.9357028451
96,2026-05-09,25055144,37318106.127894744,37851984.57829938,533878.4504046374
96,2026-05-09,25055290,51571844.284056254,52192198.97904551,620354.6949892511
96,2026-05-09,25055797,33344728.53210565,34207494.277523085,862765.7454174367
96,2026-05-09,25056100,53278332.21629108,54694748.481806934,1416416.265515855
96,2026-05-09,25056117,30399347.712460093,30875434.242384788,476086.5299246924
96,2026-05-09,25056349,59814627.360936105,61330321.85957777,1515694.4986416674
96,2026-05-09,25056352,19022533.757195238,19615831.579829313,593297.8226340758
96,2026-05-09,25056546,46124771.68535529,46660694.17154788,535922.4861925949
96,2026-05-09,25056798,94436968.72849123,96353164.58546236,1916195.8569711293
96,2026-05-09,25056965,32454133.87925289,33027038.391542353,572904.5122894659
96,2026-05-09,25057030,47267828.790237874,48380289.77283932,1112460.9826014477
96,2026-05-09,25057131,43448067.53214692,44560152.92334604,1112085.391199113
96,2026-05-09,25057160,53119794.98550213,55506120.90350072,2386325.9179985933
96,2026-05-09,25057275,29787409.747420084,30447464.941052455,660055.1936323731
96,2026-05-09,25057392,37063039.95273769,37499073.52669608,436033.5739583883
96,2026-05-09,25057439,41962862.548230276,42857559.21393053,894696.6657002545
96,2026-05-09,25057458,34642715.89016303,35165236.05605763,522520.1658946037
96,2026-05-09,25057521,50037400.359963395,50465709.13543342,428308.7754700248
96,2026-05-09,25057725,35307206.22138183,36522853.776504315,1215647.5551224933
96,2026-05-09,25057784,33744991.50602356,34148644.93488025,403653.42885668523
96,2026-05-09,25057941,33359903.882909287,33776574.7099454,416670.8270361136
96,2026-05-09,25058301,40064504.57340902,41135119.93235929,1070615.3589502736
96,2026-05-09,25058337,47120754.923468545,47717260.154406935,596505.2309383919
96,2026-05-09,25058771,49775053.520309545,51401920.09600447,1626866.575694927
96,2026-05-09,25058817,39739052.31092936,40976692.06683605,1237639.7559066883
96,2026-05-09,25059062,8764076.974914676,9095897.587758502,331820.61284382595
96,2026-05-09,25059101,56169089.403107785,58659862.48071623,2490773.0776084433
96,2026-05-09,25059102,32317335.55032266,34238177.36374074,1920841.8134180836
96,2026-05-09,25059193,34747515.420166776,35600855.153467864,853339.7333010916
96,2026-05-09,25059317,45056610.25293227,46561373.453780636,1504763.200848368
96,2026-05-09,25059495,38625038.273398556,39741334.728881136,1116296.455482585
96,2026-05-09,25059737,59082114.40275532,59978485.255703576,896370.8529482548
96,2026-05-09,25059804,35575570.676376335,36312875.67157092,737304.9951945859
96,2026-05-09,25060205,65857928.85323228,66486171.93680967,628243.0835773811
96,2026-05-09,25060339,16525203.258791087,16685107.18547138,159903.92668029194
96,2026-05-09,25060389,52523088.278312914,53903454.42345703,1380366.1451441129
96,2026-05-09,25060428,43196429.33752439,44591981.390519165,1395552.0529947695
96,2026-05-09,25060591,42066631.6786023,43720289.19089475,1653657.5122924503
96,2026-05-09,25060633,37226374.12797584,37602495.1640093,376121.03603346297
96,2026-05-09,25060714,44140924.95695149,44847129.39319141,706204.4362399166
96,2026-05-09,25060726,39181784.971268296,39547267.421960436,365482.4506921398
96,2026-05-09,25060736,31348174.323420376,31798686.77352698,450512.4501066053
96,2026-05-09,25060814,34561279.886640884,35049135.869903736,487855.9832628487
96,2026-05-09,25060840,42280200.31835839,42806729.351742856,526529.0333844621
96,2026-05-10,25061165,38647704.619132265,39282420.87593993,634716.2568076636
96,2026-05-10,25061296,68809153.42708461,69452804.43754143,643651.0104568199
96,2026-05-10,25061432,28529034.511813324,29273252.699145533,744218.187332209
96,2026-05-10,25061460,84521699.8943535,84753130.07848835,231430.18413486594
96,2026-05-10,25061846,27689452.59843612,27925660.577597607,236207.97916149057
96,2026-05-10,25061866,21768753.428674188,22289701.65478935,520948.2261151632
96,2026-05-10,25062092,45741700.581285015,48908980.05320065,3167279.471915631
96,2026-05-10,25062154,38068566.82717432,38907758.65503525,839191.8278609291
96,2026-05-10,25062312,89789027.00345221,90599921.5438241,810894.5403719017
96,2026-05-10,25062393,53412104.27155101,54507402.885596305,1095298.614045291
96,2026-05-10,25062494,21457739.617392015,22598406.896834943,1140667.2794429304
96,2026-05-10,25062635,50011272.00146972,50271171.085025094,259899.0835553762
96,2026-05-10,25062819,54938061.513427496,55636256.92735189,698195.4139243977
96,2026-05-10,25063388,70307393.77264409,71692008.83142409,1384615.0587799908
96,2026-05-10,25063429,29302122.621035933,29936694.773454484,634572.1524185507
96,2026-05-10,25063898,45512040.46343765,46653323.898261815,1141283.4348241705
96,2026-05-10,25063949,50728401.637829885,54216700.76094698,3488299.1231170907
96,2026-05-10,25064154,32291149.400649667,33003065.408270005,711916.0076203384
96,2026-05-10,25064592,38025622.82565071,38926935.29379362,901312.468142909
96,2026-05-10,25064621,38291755.95927547,38969107.87939769,677351.9201222212
96,2026-05-10,25064739,37528185.73015667,38122357.58022547,594171.850068799
96,2026-05-10,25064866,32600893.36094666,33157566.284593225,556672.9236465647
96,2026-05-10,25065308,42433046.51293164,43366286.610672,933240.0977403618
96,2026-05-10,25065333,52138845.11039959,55826885.64651438,3688040.5361147933
96,2026-05-10,25065363,40912895.01374157,41850156.05102691,937261.0372853433
96,2026-05-10,25065493,47618011.4897272,48778585.551343344,1160574.0616161467
96,2026-05-10,25065645,81697286.24381231,82069515.5409947,372229.2971824032
96,2026-05-10,25065677,36636788.29976987,37074083.453657635,437295.1538877614
96,2026-05-10,25065694,62233804.90127226,64210087.26015612,1976282.3588838612
96,2026-05-10,25065758,32367599.950070627,32925674.493770853,558074.5437002257
96,2026-05-10,25065862,57543257.98925019,58860801.8730144,1317543.8837642136
96,2026-05-10,25065986,28211449.361079548,28540286.28729999,328836.92622044415
96,2026-05-10,25066027,55542797.850910395,56441140.811214566,898342.9603041701
96,2026-05-10,25066110,30605392.557326872,31006095.021736737,400702.46440986544
96,2026-05-10,25066158,24518821.32601366,24869084.13479057,350262.8087769099
96,2026-05-10,25066388,49651557.972520135,53284553.840730995,3632995.8682108545
96,2026-05-10,25066454,55141999.205240965,56487327.34960782,1345328.1443668564
96,2026-05-10,25066579,49878835.38978333,53974999.280696586,4096163.89091325
96,2026-05-10,25066611,70425194.99246342,72839463.99878548,2414269.0063220547
96,2026-05-10,25066644,72189314.29280297,75945159.65670629,3755845.363903322
96,2026-05-10,25066666,59592905.29079467,60623896.02499164,1030990.7341969616
96,2026-05-10,25066750,56161333.37789492,57421562.17933578,1260228.8014408534
96,2026-05-10,25067144,58030742.92745308,60378456.45573997,2347713.528286894
96,2026-05-10,25067366,37503653.708895676,39527907.27300597,2024253.5641102933
96,2026-05-10,25067476,44423265.64783237,46256353.00732006,1833087.359487688
96,2026-05-10,25067565,34705990.6661828,35731789.26931329,1025798.6031304896
96,2026-05-10,25067710,86114708.39575525,86893072.74069922,778364.3449439672
96,2026-05-10,25067737,51191777.90090868,51902237.33502922,710459.434120541
96,2026-05-10,25067851,79943731.20876107,80605096.52800344,661365.3192423854
96,2026-05-10,25068035,14566183.870813482,14703961.169751965,137777.29893848437
96,2026-05-11,25068429,35094924.1402633,35632951.47899161,538027.3387283174
96,2026-05-11,25068780,28411281.815419447,29011925.985800087,600644.1703806394
96,2026-05-11,25069194,40771830.63136572,41068687.63721436,296857.005848648
96,2026-05-11,25069521,42369954.08694277,43102634.21901087,732680.1320680933
96,2026-05-11,25069770,43223229.16167753,43479054.115527526,255824.9538499948
96,2026-05-11,25069773,35508597.53547903,36186291.438658334,677693.9031792972
96,2026-05-11,25069825,40110577.77393002,41134853.358624764,1024275.5846947397
96,2026-05-11,25069855,30726788.16140512,30971229.042982288,244440.8815771681
96,2026-05-11,25070184,44988675.20239466,46006893.03456927,1018217.8321746156
96,2026-05-11,25070217,35992130.96864324,36838401.233268045,846270.2646248043
96,2026-05-11,25070355,69679407.93252534,72001261.85032298,2321853.91779764
96,2026-05-11,25070416,58635891.65051603,60279208.66618758,1643317.0156715428
96,2026-05-11,25070584,22044280.876369882,22358236.798301805,313955.9219319194
96,2026-05-11,25070684,44011671.65509642,45053969.65826318,1042298.0031667566
96,2026-05-11,25070777,43273663.13134263,43978299.05484806,704635.9235054303
96,2026-05-11,25070922,57414740.81654456,58210986.94453711,796246.1279925501
96,2026-05-11,25070980,52631351.2646826,53699158.828241095,1067807.563558494
96,2026-05-11,25071512,35796125.76739193,36468386.11794625,672260.3505543245
96,2026-05-11,25071577,29161303.457719967,29919948.39015656,758644.9324365923
96,2026-05-11,25071607,45622353.65430805,46117573.525836565,495219.8715285113
96,2026-05-11,25071647,51115846.32324256,52439530.24392571,1323683.9206831492
96,2026-05-11,25071654,48242150.84058823,50028577.33174077,1786426.4911525392
96,2026-05-11,25071729,74455910.43666296,76048437.92652662,1592527.4898636595
96,2026-05-11,25071944,44275144.71374223,45188434.676925436,913289.9631832138
96,2026-05-11,25071959,35869944.93864171,36531502.16205007,661557.2234083574
96,2026-05-11,25072007,64926846.507852145,66264778.597562395,1337932.0897102463
96,2026-05-11,25072055,50648908.199778765,51500260.40350092,851352.2037221567
96,2026-05-11,25072128,47018278.34499931,47036240.82286373,17962.477864415036
96,2026-05-11,25072155,28355638.86641524,28539610.586607814,183971.72019257525
96,2026-05-11,25072444,38984942.78368142,41111117.56620052,2126174.7825191
96,2026-05-11,25072553,37684381.02057701,38248861.44227218,564480.421695167
96,2026-05-11,25072646,48603841.65542313,51376144.45303504,2772302.797611914
96,2026-05-11,25072660,41684871.41171228,43212970.00582767,1528098.594115389
96,2026-05-11,25072671,52883010.39031067,54358457.12576267,1475446.7354520052
96,2026-05-11,25072960,43414478.88271175,44860160.25750439,1445681.3747926306
96,2026-05-11,25073124,45305325.9889059,47556399.62439037,2251073.635484469
96,2026-05-11,25073243,38627355.45050422,39499581.91496131,872226.4644570873
96,2026-05-11,25073253,28261949.52849945,28658912.95807398,396963.4295745302
96,2026-05-11,25073263,32562719.699090756,33483502.507968497,920782.808877739
96,2026-05-11,25073335,58369295.51217734,59489600.85943101,1120305.3472536698
96,2026-05-11,25073446,28110404.65891569,28704684.938661914,594280.2797462208
96,2026-05-11,25073531,47247818.7145934,48927908.228926,1680089.5143325964
96,2026-05-11,25073539,29726716.50998953,30359746.91072369,633030.4007341582
96,2026-05-11,25073562,53131982.83337816,57316600.53330992,4184617.6999317617
96,2026-05-11,25073607,49884369.11440171,54309363.22920051,4424994.114798798
96,2026-05-11,25074172,52683262.42310752,54784145.54038875,2100883.117281227
96,2026-05-11,25074389,35487291.31818217,36511273.22003451,1023981.9018523413
96,2026-05-11,25074995,34602742.07619585,35759999.5732506,1157257.4970547531
96,2026-05-11,25075067,30142403.208264127,30545804.854218423,403401.6459542945
96,2026-05-11,25075246,33466242.920254845,33970856.48362362,504613.56336876756
96,2026-05-12,25075390,41116119.69233913,42068132.91703689,952013.2246977602
96,2026-05-12,25075666,65214114.66435463,65770366.79090431,556252.1265496828
96,2026-05-12,25075826,51911813.37691352,52334392.88737737,422579.51046384854
96,2026-05-12,25076041,29190627.388114315,32096240.09159369,2905612.703479374
96,2026-05-12,25076246,51486759.62851692,51835825.944553085,349066.3160361658
96,2026-05-12,25076592,62208856.38334246,63646121.77064892,1437265.38730646
96,2026-05-12,25076683,85119733.88107778,87774787.57703428,2655053.695956494
96,2026-05-12,25076770,57548432.177379236,58267462.29450673,719030.1171274952
96,2026-05-12,25076798,32825252.574592106,33475434.04056499,650181.4659728861
96,2026-05-12,25077294,32336898.458822206,33014171.132845517,677272.6740233107
96,2026-05-12,25077332,43864404.51328355,44742996.99455787,878592.4812743205
96,2026-05-12,25077411,11630003.88782163,11865507.883154761,235503.99533313146
96,2026-05-12,25077440,31830641.83878413,32206045.602118257,375403.7633341292
96,2026-05-12,25077476,56083222.595984675,57582516.06701754,1499293.4710328635
96,2026-05-12,25077499,6977798.686571678,7053594.094904634,75795.4083329559
96,2026-05-12,25078000,70801048.71193327,71510276.18297698,709227.4710437107
96,2026-05-12,25078118,42217974.05937854,42612949.30116319,394975.24178464484
96,2026-05-12,25078283,40603085.176843934,41024537.980781436,421452.8039375022
96,2026-05-12,25078422,15449961.259784617,15790323.96033191,340362.70054729126
96,2026-05-12,25078644,39200520.336194515,40146760.157388516,946239.8211940022
96,2026-05-12,25078760,31074811.320098322,31755118.610704955,680307.2906066331
96,2026-05-12,25078882,47056934.90841649,47581032.70570444,524097.7972879559
96,2026-05-12,25079064,34519812.234714285,35236509.50690591,716697.2721916328
96,2026-05-12,25079135,33483730.715278048,34074863.86565736,591133.1503793097
96,2026-05-12,25079348,59499888.93121128,60627356.80355613,1127467.8723448478
96,2026-05-12,25079392,40382278.86767418,43246747.61942214,2864468.751747954
96,2026-05-12,25079510,42129808.06437908,42900442.89564542,770634.8312663436
96,2026-05-12,25079711,29314943.15695194,30723544.018604275,1408600.861652332
96,2026-05-12,25079746,41902123.59521298,42370233.53679776,468109.9415847787
96,2026-05-12,25079953,54112984.86399234,55724436.72950582,1611451.8655134817
96,2026-05-12,25080033,33179730.557687886,33640642.342272855,460911.7845849652
96,2026-05-12,25080090,20997121.796917282,21517462.517610624,520340.7206933424
96,2026-05-12,25080237,52475651.084418364,52903928.87981869,428277.79540033033
96,2026-05-12,25080373,28930817.695490226,29558553.581948526,627735.8864583023
96,2026-05-12,25080437,45481491.09425476,46030314.00128595,548822.9070311877
96,2026-05-12,25080575,25549153.482157573,26401231.87828859,852078.3961310149
96,2026-05-12,25080627,35032706.074955754,36244941.75435845,1212235.6794026913
96,2026-05-12,25080984,45777350.26807849,47244567.6146489,1467217.3465704112
96,2026-05-12,25081069,89776021.81721474,96127772.68481255,6351750.867597813
96,2026-05-12,25081360,26277716.495127685,26580295.82751822,302579.3323905376
96,2026-05-12,25081706,54108343.6212559,54612272.68512684,503929.06387094874
96,2026-05-12,25081748,40762893.25000532,41520023.80666085,757130.556655535
96,2026-05-12,25081822,9888818.29980737,10049998.96135102,161180.66154365055
96,2026-05-12,25081858,54268932.33864817,55677746.23806363,1408813.8994154609
96,2026-05-12,25081905,16593379.476244064,16989034.549559906,395655.07331584085
96,2026-05-12,25081977,37197595.952127874,37799842.786024354,602246.8338964825
96,2026-05-12,25082243,24045361.569543082,24711969.450507626,666607.8809645417
96,2026-05-12,25082324,55509277.316944964,56448629.40406502,939352.087120055
96,2026-05-12,25082395,44326919.13861236,47838466.0830727,3511546.9444603412
96,2026-05-12,25082398,62100798.0077877,63591829.43744265,1491031.429654956
96,2026-05-13,25082796,34598134.850388125,34939516.95644239,341382.1060542626
96,2026-05-13,25082836,69583699.83278635,70687360.8663356,1103661.033549246
96,2026-05-13,25083163,12130852.53605696,12238464.486483218,107611.95042625917
96,2026-05-13,25083419,33234992.5842642,33816788.03569556,581795.4514313583
96,2026-05-13,25083567,4942558.592588371,4953514.927746122,10956.335157751237
96,2026-05-13,25083712,28503539.086944677,29396730.38163847,893191.2946937945
96,2026-05-13,25083833,67781471.09290871,68545246.52204922,763775.4291405077
96,2026-05-13,25083851,17607105.124126974,18355342.55216864,748237.4280416679
96,2026-05-13,25083996,16150778.943686051,17471269.54399184,1320490.6003057896
96,2026-05-13,25084147,46677052.429022655,47058077.71426058,381025.2852379234
96,2026-05-13,25084252,40721599.3698051,41284906.91737715,563307.5475720512
96,2026-05-13,25084438,20180499.06595008,20780005.591000773,599506.52505069
96,2026-05-13,25084566,9969740.321237221,10052162.209131107,82421.88789388523
96,2026-05-13,25084813,74473282.32573092,77006803.1402663,2533520.814535372
96,2026-05-13,25084870,50401279.695825815,51342130.668937474,940850.9731116598
96,2026-05-13,25084937,13585726.427437939,14116351.872160148,530625.4447222104
96,2026-05-13,25085087,21428719.62963078,22511582.584919423,1082862.9552886426
96,2026-05-13,25085126,38464823.81740299,39919148.943908736,1454325.1265057465
96,2026-05-13,25085173,55919541.88354339,59305204.254920594,3385662.3713772083
96,2026-05-13,25085314,33448699.990737267,34244009.23790643,795309.247169169
96,2026-05-13,25085562,21196548.388688844,21551729.974129375,355181.5854405292
96,2026-05-13,25085777,4472275.122760891,4472275.122760891,0.0
96,2026-05-13,25086396,45619659.96478823,46733302.33899807,1113642.3742098424
96,2026-05-13,25086430,29798844.66103948,30424788.91466781,625944.2536283295
96,2026-05-13,25086597,75765077.27758865,77272267.24407318,1507189.9664845318
96,2026-05-13,25086767,23486764.847486246,23851702.631487917,364937.7840016711
96,2026-05-13,25086847,29073525.942529418,29829304.90158477,755778.9590553512
96,2026-05-13,25086889,31026064.78072997,31661392.245817572,635327.4650875994
96,2026-05-13,25086897,46216869.47612986,48389802.54252399,2172933.0663941284
96,2026-05-13,25086923,34889042.804690145,35579661.37789453,690618.5732043779
96,2026-05-13,25086941,37215595.838384196,38179503.57084907,963907.7324648732
96,2026-05-13,25087124,34320606.38991541,35212145.30600354,891538.916088134
96,2026-05-13,25087305,35487974.444718845,37563946.974855706,2075972.5301368653
96,2026-05-13,25087321,82985397.33321789,86206597.89043269,3221200.5572147984
96,2026-05-13,25087426,35081198.17665398,35856634.203570664,775436.0269166839
96,2026-05-13,25087508,48965130.85419932,50200246.118770115,1235115.2645707983
96,2026-05-13,25087869,33767624.10849886,34427181.37466175,659557.2661628943
96,2026-05-13,25087877,34543186.17730533,35675331.4512621,1132145.2739567654
96,2026-05-13,25088036,32043451.935760602,34463254.66303184,2419802.7272712355
96,2026-05-13,25088077,47983857.572197445,48806342.87663881,822485.3044413605
96,2026-05-13,25088113,61232377.69395284,62733081.31539428,1500703.621441444
96,2026-05-13,25088342,48833061.83873374,50105058.51428194,1271996.6755482045
96,2026-05-13,25088571,30442333.067058623,31162048.70773974,719715.6406811181
96,2026-05-13,25088619,9594335.734746959,9633925.89882945,39590.16408249279
96,2026-05-13,25088653,60275860.067104764,61408987.77878218,1133127.7116774172
96,2026-05-13,25088744,40893501.84892006,41523064.42549079,629562.5765707281
96,2026-05-13,25088913,35801474.92026558,37218859.21930087,1417384.299035294
96,2026-05-13,25088928,36332735.552032165,37969603.337094404,1636867.7850622365
96,2026-05-13,25089169,32705428.827791344,33275223.44190662,569794.6141152759
96,2026-05-13,25089504,60141009.54103845,62131681.58096216,1990672.0399237063
96,2026-05-14,25089961,40973105.501842245,42081566.85786008,1108461.3560178357
96,2026-05-14,25090085,52628132.65324226,55815793.6762101,3187661.0229678387
96,2026-05-14,25090164,21109062.92103703,22794205.7857818,1685142.8647447722
96,2026-05-14,25090443,16193771.942156391,17722821.301409878,1529049.3592534852
96,2026-05-14,25090715,24902561.617950507,25264428.47194043,361866.853989923
96,2026-05-14,25090917,40687228.31819486,42563648.87286373,1876420.5546688759
96,2026-05-14,25091136,53319822.72078065,54269797.88512398,949975.1643433335
96,2026-05-14,25091262,12508000.566151626,16553421.448269963,4045420.882118336
96,2026-05-14,25091539,35570174.68531344,37512560.97049273,1942386.2851792886
96,2026-05-14,25091578,52325802.9360664,52718396.66235328,392593.7262868858
96,2026-05-14,25091609,74075008.13728432,76013879.7534484,1938871.616164081
96,2026-05-14,25091610,55996145.49199982,57144500.75508368,1148355.2630838612
96,2026-05-14,25091677,54391116.3458429,56037739.657758914,1646623.311916021
96,2026-05-14,25091930,79309188.25095618,79956028.82594155,646840.5749853728
96,2026-05-14,25092028,59594159.32919534,61090284.64120285,1496125.312007508
96,2026-05-14,25092237,41641528.75577851,42366968.790902466,725440.0351239624
96,2026-05-14,25092239,58413346.83226916,59902949.071611635,1489602.2393424786
96,2026-05-14,25092295,46786246.73329074,47143155.06027306,356908.3269823203
96,2026-05-14,25092510,47954982.46381402,49168129.161898494,1213146.6980844769
96,2026-05-14,25092682,42242754.501917765,43007335.41952343,764580.9176056728
96,2026-05-14,25092879,39685291.134296894,40623236.57057787,937945.4362809769
96,2026-05-14,25092917,36652267.793809414,37454333.15100279,802065.3571933712
96,2026-05-14,25093002,71317618.32780248,74596200.46636632,3278582.138563831
96,2026-05-14,25093088,37027997.784273386,37816873.01325053,788875.2289771504
96,2026-05-14,25093105,43188835.31143254,44571685.01718498,1382849.7057524372
96,2026-05-14,25093247,35427577.87223707,36217191.07071929,789613.1984822195
96,2026-05-14,25093381,11128666.758895902,11231335.198739579,102668.43984367853
96,2026-05-14,25093556,49905501.36326998,50399734.655502774,494233.2922327991
96,2026-05-14,25093656,42311044.17122327,43665541.45366161,1354497.2824383415
96,2026-05-14,25093678,35893688.34654896,36484073.01306429,590384.6665153238
96,2026-05-14,25093793,56072989.367245495,57814530.49700701,1741541.1297615205
96,2026-05-14,25093867,40649132.83734634,41704100.15245835,1054967.3151120106
96,2026-05-14,25094011,32096474.884890188,33116204.871926412,1019729.9870362235
96,2026-05-14,25094041,39663013.016001135,40587233.859700665,924220.8436995344
96,2026-05-14,25094659,6442646.5430971645,6476219.54020939,33572.997112225596
96,2026-05-14,25094672,24230086.70725369,25462228.395429462,1232141.6881757693
96,2026-05-14,25094776,16655279.882374344,17059394.166860685,404114.28448634036
96,2026-05-14,25095123,46141818.277329154,46847625.82201749,705807.5446883332
96,2026-05-14,25095187,39009735.77579684,40019273.9938829,1009538.2180860632
96,2026-05-14,25095541,32798866.063956384,34464482.51797857,1665616.45402219
96,2026-05-14,25095670,36797568.045179255,38350834.112489976,1553266.067310717
96,2026-05-14,25095683,46860111.86307996,47675983.99376612,815872.1306861665
96,2026-05-14,25095959,23711161.18235283,24079367.63701777,368206.4546649423
96,2026-05-14,25095988,70333769.17061892,74224785.11380018,3891015.9431812675
96,2026-05-14,25096327,41319934.90058386,44608165.33514571,3288230.4345618472
96,2026-05-14,25096493,44539286.62973412,45292665.297181524,753378.6674474021
96,2026-05-14,25096521,29716757.392963674,31283068.652231604,1566311.2592679285
96,2026-05-14,25096692,49801117.287027664,51094343.455510005,1293226.168482346
96,2026-05-14,25096792,44200274.890920885,44788908.87290832,588633.9819874294
96,2026-05-14,25096797,33969561.07054545,34521419.95541076,551858.884865312
96,2026-05-15,25096841,55660689.48267564,56747586.038770095,1086896.5560944544
96,2026-05-15,25097176,36275557.431813896,38029334.38145238,1753776.9496384854
96,2026-05-15,25097225,5021155.098231509,5302890.5933760125,281735.4951445027
96,2026-05-15,25097457,63343442.89098532,64531578.47250153,1188135.5815162156
96,2026-05-15,25097486,86908371.31273454,89509681.27426606,2601309.961531514
96,2026-05-15,25097656,45873368.37282177,48449613.200777635,2576244.827955858
96,2026-05-15,25097720,61579377.68198105,63625458.52948816,2046080.8475071143
96,2026-05-15,25097932,52113174.17216656,53736532.6041169,1623358.431950337
96,2026-05-15,25097953,53027359.3341552,54892982.8752177,1865623.5410624994
96,2026-05-15,25098084,62539870.63178748,63202688.56759326,662817.9358057786
96,2026-05-15,25098097,34979248.349096805,36705877.5865133,1726629.2374165002
96,2026-05-15,25098129,57327581.25709272,60361222.60552382,3033641.3484310983
96,2026-05-15,25098134,59335956.52541887,62492853.08874923,3156896.5633303584
96,2026-05-15,25098194,35658932.54335079,36882522.60199566,1223590.058644868
96,2026-05-15,25098399,54704906.74679671,55211750.633358754,506843.88656204555
96,2026-05-15,25098402,43222680.70505546,45009109.35848017,1786428.6534247098
96,2026-05-15,25098752,17033414.437758595,17275716.147489358,242301.70973076287
96,2026-05-15,25098827,92352590.06276898,92988593.5934759,636003.5307069231
96,2026-05-15,25098851,43292768.666591935,44601321.78689976,1308553.1203078288
96,2026-05-15,25099136,80806586.90786657,85057069.54756169,4250482.63969513
96,2026-05-15,25099138,46081024.08861168,46631225.219508566,550201.1308968898
96,2026-05-15,25099141,44803735.83836732,45419135.76588881,615399.9275214893
96,2026-05-15,25099208,39787877.609229036,40410007.329439655,622129.7202106245
96,2026-05-15,25099220,53913539.40335479,55928656.80505604,2015117.401701257
96,2026-05-15,25099262,27977659.075231165,28731679.243699674,754020.1684685095
96,2026-05-15,25099298,59846376.52637546,63555726.43580205,3709349.909426593
96,2026-05-15,25099353,57336569.73793778,59378521.24109639,2041951.5031586112
96,2026-05-15,25099379,25135144.650137477,25657478.960009627,522334.3098721502
96,2026-05-15,25099428,47303582.90500103,48472971.88897137,1169388.9839703478
96,2026-05-15,25099832,34840232.82423385,36434558.848481044,1594326.024247186
96,2026-05-15,25100036,46332363.07170428,49340772.92346467,3008409.851760388
96,2026-05-15,25100431,41924939.46671022,43593720.18684229,1668780.720132078
96,2026-05-15,25100434,38601677.07749282,39832132.55592958,1230455.4784367578
96,2026-05-15,25100594,29368979.31047678,29752988.05616157,384008.7456847915
96,2026-05-15,25101385,31330224.299483933,33597061.99960419,2266837.7001202544
96,2026-05-15,25102130,20480174.934587788,26640980.989640657,6160806.055052869
96,2026-05-15,25102420,24884613.012175355,27654448.47268747,2769835.460512118
96,2026-05-15,25102510,33569475.48444981,36446103.51603784,2876628.0315880263
96,2026-05-15,25102727,30673520.531607173,31211038.92777744,537518.3961702663
96,2026-05-15,25103025,52389642.19538081,52832888.66009807,443246.464717264
96,2026-05-15,25103031,28428642.632927254,32373522.090917327,3944879.4579900703
96,2026-05-15,25103187,49344491.82536344,51440857.10890047,2096365.2835370316
96,2026-05-15,25103222,34357330.80943508,36335506.432880506,1978175.6234454361
96,2026-05-15,25103225,10337411.077828702,10518611.436514173,181200.35868546978
96,2026-05-15,25103428,26535175.744229317,28087189.427645717,1552013.6834163982
96,2026-05-15,25103587,61042244.9800697,63846896.342325166,2804651.362255466
96,2026-05-15,25103628,34422553.43819036,36033528.976407886,1610975.5382175206
96,2026-05-15,25103844,31836531.309287842,32700488.41197544,863957.1026876
96,2026-05-15,25103872,32718981.406909734,33951656.19047927,1232674.7835695355
96,2026-05-15,25103986,28041770.19825344,28472872.543519128,431102.34526568686
96,2026-05-16,25104004,37700329.59691406,38011808.83298816,311479.2360741
96,2026-05-16,25104272,16547840.961617509,17468823.805061396,920982.843443888
96,2026-05-16,25104302,69996091.48504573,71186215.47093035,1190123.9858846206
96,2026-05-16,25104377,34604410.71602959,35045242.02991442,440831.31388482486
96,2026-05-16,25104718,43836617.82113363,45185685.941530064,1349068.120396433
96,2026-05-16,25104918,25203264.095250603,25620465.558272753,417201.46302214835
96,2026-05-16,25104993,10904923.788427193,11952958.230642015,1048034.442214824
96,2026-05-16,25105108,8688320.144282319,8899710.686736055,211390.542453736
96,2026-05-16,25105262,42636837.85149161,44589543.60604762,1952705.7545560184
96,2026-05-16,25105485,45855462.853598736,46405821.50453258,550358.650933848
96,2026-05-16,25105535,79021275.41923624,80118387.82541358,1097112.4061773492
96,2026-05-16,25105575,47092723.38541304,48625486.47671252,1532763.0912994759
96,2026-05-16,25105580,31349486.64703427,34169460.08828366,2819973.44124939
96,2026-05-16,25105603,20283425.752914365,21030214.464584928,746788.7116705623
96,2026-05-16,25105800,62766267.01385997,64190701.90179508,1424434.8879351108
96,2026-05-16,25105818,50357289.90775416,50766525.31699371,409235.4092395593
96,2026-05-16,25105842,43106519.15461743,43675696.766220994,569177.6116035691
96,2026-05-16,25105861,30715131.904405147,30971340.162928637,256208.25852349115
96,2026-05-16,25106219,33189756.116193537,33886409.9031772,696653.786983666
96,2026-05-16,25106227,7015296.075117913,7096247.145874009,80951.0707560957
96,2026-05-16,25106477,46641909.2618529,47449920.28866883,808011.026815937
96,2026-05-16,25106683,38766546.596775874,39496809.80589033,730263.2091144514
96,2026-05-16,25106750,47147537.22716716,48047101.12161866,899563.8944514972
96,2026-05-16,25106850,42552859.51457964,43707763.40778144,1154903.8932017973
96,2026-05-16,25106900,52677865.119521484,54062602.07666689,1384736.9571454118
96,2026-05-16,25107549,30700535.600634374,31537924.20721262,837388.6065782442
96,2026-05-16,25107653,21433745.917485937,21561174.51850278,127428.60101684148
96,2026-05-16,25107664,46748219.8170994,47765444.05571333,1017224.2386139359
96,2026-05-16,25107719,46440664.11833021,48473163.356615104,2032499.238284891
96,2026-05-16,25107788,28451383.609260153,29286056.71215647,834673.1028963199
96,2026-05-16,25107789,47001243.6560866,48373327.77462881,1372084.1185422046
96,2026-05-16,25107796,29809070.83109336,30276678.630135182,467607.79904182325
96,2026-05-16,25107841,19473633.069837976,19779080.23025592,305447.1604179445
96,2026-05-16,25107938,50830322.76066307,52376788.28660341,1546465.5259403433
96,2026-05-16,25108065,33557519.54217721,34506979.26792823,949459.7257510202
96,2026-05-16,25108279,31035994.964429617,32072823.39922506,1036828.4347954429
96,2026-05-16,25108322,48738000.33984772,49350356.58702224,612356.2471745163
96,2026-05-16,25108869,48910592.30531704,50502644.33666897,1592052.031351934
96,2026-05-16,25109252,48838278.14261205,49647445.194818355,809167.0522063124
96,2026-05-16,25109257,45794572.8579924,47089867.92380445,1295295.0658120427
96,2026-05-16,25109447,46853134.45911834,47555250.053349026,702115.5942306925
96,2026-05-16,25109706,33605870.33336442,34528285.49697713,922415.1636127125
96,2026-05-16,25109933,25620955.187774166,26354960.05214226,734004.8643680954
96,2026-05-16,25110273,33944224.6518822,36461449.87908394,2517225.2272017356
96,2026-05-16,25110435,41067474.48599812,44588030.82959834,3520556.343600221
96,2026-05-16,25110467,30175040.263280157,31750570.83951362,1575530.5762334622
96,2026-05-16,25110603,56170201.8101638,57697371.490411706,1527169.6802479026
96,2026-05-16,25110621,18626483.699804038,19029605.81107373,403122.1112696922
96,2026-05-16,25110717,26120871.976798937,26517564.69419059,396692.71739165526
96,2026-05-16,25111081,59423067.97516549,59948355.78869977,525287.8135342799
96,2026-05-17,25111478,51835257.46274536,52136761.018971205,301503.5562258415
96,2026-05-17,25111586,35546490.83362897,37357679.3556704,1811188.5220414351
96,2026-05-17,25111632,73342992.60070182,74925637.37507677,1582644.7743749511
96,2026-05-17,25111675,55826559.58155485,57748729.48745459,1922169.9058997415
96,2026-05-17,25111724,35345927.747483246,36157990.61029036,812062.8628071216
96,2026-05-17,25111763,12884079.399694115,13122405.69433255,238326.29463843408
96,2026-05-17,25112122,23780054.425624143,25370533.737002976,1590479.3113788322
96,2026-05-17,25112219,57885661.333260305,59325272.481508225,1439611.1482479237
96,2026-05-17,25112240,26503017.152613785,28123355.79758109,1620338.6449673078
96,2026-05-17,25112467,56053402.82704081,57469333.93199857,1415931.1049577668
96,2026-05-17,25112637,45758738.005354516,47195591.93175092,1436853.9263964074
96,2026-05-17,25112819,37278252.345433176,38920569.13828269,1642316.7928495102
96,2026-05-17,25112865,52003966.33643172,53549428.1983518,1545461.861920081
96,2026-05-17,25113674,12502832.39887649,12644879.403430102,142047.00455361133
96,2026-05-17,25113705,32645647.804389637,33787250.660658345,1141602.8562687114
96,2026-05-17,25113758,34038680.48793309,35894309.295658894,1855628.8077257979
96,2026-05-17,25113849,23527138.37484268,24200144.440202296,673006.0653596147
96,2026-05-17,25114306,44113188.213418625,46235059.99516664,2121871.781748013
96,2026-05-17,25114331,50012878.1033827,51777997.19628994,1765119.0929072464
96,2026-05-17,25114515,63232870.1621735,66981609.18415903,3748739.021985532
96,2026-05-17,25114541,29863194.381049924,30687730.21273325,824535.8316833281
96,2026-05-17,25114571,17819350.578388534,19232402.549167085,1413051.9707785514
96,2026-05-17,25114826,79914882.99263716,83454197.38817449,3539314.3955373345
96,2026-05-17,25114827,31890839.495555226,33705040.844620936,1814201.34906571
96,2026-05-17,25115136,35329575.810107045,36328430.578059815,998854.7679527646
96,2026-05-17,25115213,31532674.16299089,33126878.20121837,1594204.0382274804
96,2026-05-17,25115233,15951180.955964318,16705479.345370404,754298.3894060864
96,2026-05-17,25115395,29133301.12799836,30066286.640738737,932985.5127403798
96,2026-05-17,25115490,37984302.4840332,38851021.01335451,866718.5293213093
96,2026-05-17,25115884,36237959.03902542,38163958.50599963,1925999.4669742177
96,2026-05-17,25116018,20999437.27879688,21403476.787709914,404039.50891303417
96,2026-05-17,25116103,44129979.54360698,44656278.409022674,526298.8654156888
96,2026-05-17,25116160,88872852.4267529,89160042.003113,287189.5763601107
96,2026-05-17,25116260,27444999.781851318,28026897.205233328,581897.4233820081
96,2026-05-17,25116274,18854474.28702478,19037909.218885966,183434.93186118754
96,2026-05-17,25116280,36818495.288993046,38008475.7710069,1189980.4820138451
96,2026-05-17,25116371,58422291.31579941,60135250.6797596,1712959.3639601888
96,2026-05-17,25116434,45225194.816659376,46473797.025163226,1248602.2085038489
96,2026-05-17,25116436,70330716.16501419,70950163.92008919,619447.7550750019
96,2026-05-17,25116441,40057800.266004585,41832837.833726406,1775037.5677218188
96,2026-05-17,25116455,25130071.057226136,25897115.251823906,767044.1945977677
96,2026-05-17,25116985,48001185.61598595,49003360.902784035,1002175.2867980797
96,2026-05-17,25117294,44500453.29310039,46202757.874150924,1702304.5810505352
96,2026-05-17,25117339,44410369.141243264,45545514.96007797,1135145.8188347043
96,2026-05-17,25117587,29657257.613401704,31017239.135674447,1359981.522272742
96,2026-05-17,25117602,37618620.15811763,38557631.85252437,939011.6944067376
96,2026-05-17,25117644,46797299.77438238,48243677.06441503,1446377.2900326478
96,2026-05-17,25117691,33963028.87537127,35201387.86481113,1238358.9894398658
96,2026-05-17,25118287,29748000.686713506,29873448.235815283,125447.54910177871
96,2026-05-17,25118348,63570687.427191734,67317701.90842381,3747014.4812320797
96,2026-05-18,25118447,39773268.472564995,42335589.03328712,2562320.560722124
96,2026-05-18,25118648,62379283.50778702,64918207.94139768,2538924.4336106633
96,2026-05-18,25118809,51423136.68250554,52366954.470312335,943817.7878067996
96,2026-05-18,25119004,69606686.75983536,73108381.57918365,3501694.8193482873
96,2026-05-18,25119019,63465023.06733054,64781799.24909356,1316776.181763021
96,2026-05-18,25119040,75855146.13014054,77374617.52839111,1519471.3982505696
96,2026-05-18,25119111,75761730.35673316,78431388.6652167,2669658.3084835424
96,2026-05-18,25119501,57891161.52234658,59340590.974484935,1449429.4521383515
96,2026-05-18,25119594,54005239.47555614,55947669.86767589,1942430.3921197467
96,2026-05-18,25119610,49191279.8925622,50962241.45847009,1770961.5659078825
96,2026-05-18,25119655,1934012.0686372998,1934012.0686372998,0.0
96,2026-05-18,25119910,94205350.77794991,95300644.90699677,1095294.1290468683
96,2026-05-18,25120208,16555278.419831468,16659671.859088117,104393.4392566505
96,2026-05-18,25120328,36072034.13280299,37365137.8695946,1293103.736791604
96,2026-05-18,25120369,35412863.23519662,37020695.59982874,1607832.364632121
96,2026-05-18,25120696,24878188.366291232,25170511.96696478,292323.60067354573
96,2026-05-18,25120809,32379913.89356999,34186554.21631975,1806640.322749755
96,2026-05-18,25120987,39552908.00801448,40166065.27607606,613157.2680615855
96,2026-05-18,25121046,35716396.83372515,36652753.073416024,936356.2396908773
96,2026-05-18,25121225,33827861.09316553,35186553.4814759,1358692.3883103617
96,2026-05-18,25121251,76092423.93299182,79455887.57845345,3363463.645461626
96,2026-05-18,25121434,23179356.46543812,23373070.732087273,193714.26664915303
96,2026-05-18,25121645,47137700.895620175,49073993.54847324,1936292.6528530624
96,2026-05-18,25121694,26418103.310814917,28671833.63261192,2253730.3217970007
96,2026-05-18,25121832,31574039.963125605,33066041.8261649,1492001.8630392945
96,2026-05-18,25122025,29497294.11078732,30616754.376656827,1119460.2658695052
96,2026-05-18,25122220,46921717.300802805,47754619.27669663,832901.9758938281
96,2026-05-18,25122280,43587750.84322077,45822484.3946636,2234733.551442832
96,2026-05-18,25122431,44811770.127510466,44811989.37285508,219.24534462011798
96,2026-05-18,25122664,18872375.507444743,18988457.559293453,116082.05184870861
96,2026-05-18,25122718,78823045.3580689,79634467.72457285,811422.3665039545
96,2026-05-18,25122906,31216729.93126051,31709419.36144714,492689.43018663017
96,2026-05-18,25123218,32566434.03516858,33683975.51433953,1117541.4791709532
96,2026-05-18,25123769,26260234.49977753,27083802.827598114,823568.3278205844
96,2026-05-18,25123835,43022654.901534185,49368052.78664032,6345397.885106138
96,2026-05-18,25123854,58694919.30028312,60045447.52389355,1350528.2236104358
96,2026-05-18,25124206,40947656.03604411,41705458.21839273,757802.1823486132
96,2026-05-18,25124260,12930248.8187155,13161972.603974104,231723.7852586038
96,2026-05-18,25124495,29961646.42274045,30661012.425311655,699366.0025712072
96,2026-05-18,25124499,34713163.45465465,35442899.5478187,729736.0931640544
96,2026-05-18,25124503,29985642.895144824,31683731.821405545,1698088.9262607214
96,2026-05-18,25124833,30776071.354968682,31633221.957027122,857150.6020584403
96,2026-05-18,25124844,37814107.27208865,38776476.018669106,962368.7465804629
96,2026-05-18,25125018,23558307.16746835,23963731.88409703,405424.71662867686
96,2026-05-18,25125080,28161718.150527496,29498607.658408485,1336889.5078809902
96,2026-05-18,25125192,39977017.92654477,40879587.537869036,902569.6113242613
96,2026-05-18,25125376,66783750.89720571,68585898.55581513,1802147.6586094126
96,2026-05-18,25125394,33032305.0060035,35264541.991074055,2232236.985070556
96,2026-05-18,25125437,35082520.04756409,35900765.74974157,818245.7021774796
96,2026-05-18,25125457,35879080.20348876,36536318.89158425,657238.6880954858
96,2026-05-19,25125686,61307123.25695236,63293836.981232524,1986713.7242801618
96,2026-05-19,25125775,47799912.97301032,47993851.511374906,193938.53836458892
96,2026-05-19,25126199,45477679.48176928,45888935.37455042,411255.8927811433
96,2026-05-19,25126833,5370575.332699002,5378639.332699002,8064.0
96,2026-05-19,25126869,48692878.62055505,50403206.598104976,1710327.9775499285
96,2026-05-19,25126918,54299748.91486871,56278263.5461526,1978514.6312838928
96,2026-05-19,25126933,13293396.699607998,14705939.133809512,1412542.4342015155
96,2026-05-19,25126954,59121639.55065046,60729618.205969766,1607978.655319301
96,2026-05-19,25127018,91516455.93130271,94749501.94477044,3233046.013467734
96,2026-05-19,25127052,58491695.737167604,60530217.40773362,2038521.6705660203
96,2026-05-19,25127081,23575775.48445069,25074912.066588953,1499136.5821382632
96,2026-05-19,25127096,75056932.38177024,75673164.78198364,616232.4002134023
96,2026-05-19,25127335,39544721.88287026,42449598.23034183,2904876.3474715785
96,2026-05-19,25127349,17465432.667438965,19171313.642278362,1705880.9748393968
96,2026-05-19,25127611,41873126.98922727,43629510.04618072,1756383.056953444
96,2026-05-19,25127708,8101328.562701963,8210901.221224371,109572.6585224091
96,2026-05-19,25128074,32165528.636584878,35497468.62090108,3331939.984316199
96,2026-05-19,25128240,33819793.479407124,34040522.52588007,220729.0464729435
96,2026-05-19,25128425,80748656.33486894,81724118.94379729,975462.6089283568
96,2026-05-19,25128474,12848450.771212256,13114178.771212256,265728.0
96,2026-05-19,25128734,42421385.74173113,44720224.303563915,2298838.5618327833
96,2026-05-19,25128909,47207563.69423548,49181023.68050975,1973459.986274267
96,2026-05-19,25129092,74336631.97058627,75139975.68048616,803343.709899883
96,2026-05-19,25129441,27595931.418850634,28087736.65015901,491805.2313083711
96,2026-05-19,25129529,41755865.98081705,42728943.199723944,973077.2189068932
96,2026-05-19,25129584,92360187.43113843,94921227.18481474,2561039.7536763167
96,2026-05-19,25129906,42176759.10222308,43815585.14588998,1638826.043666901
96,2026-05-19,25129909,44648375.03627455,45648447.454698324,1000072.4184237765
96,2026-05-19,25130025,77598353.51144719,80120477.48436531,2522123.97291812
96,2026-05-19,25130052,39563706.642306015,40217240.443233356,653533.8009273403
96,2026-05-19,25130054,35685260.33647819,36552769.29313612,867508.9566579341
96,2026-05-19,25130058,53409956.59709363,55212446.19083001,1802489.5937363768
96,2026-05-19,25130250,47870840.54264345,49548598.455723464,1677757.9130800166
96,2026-05-19,25130281,48474882.84281149,50587001.06695727,2112118.2241457906
96,2026-05-19,25130779,54096545.22845976,57913364.91947626,3816819.691016497
96,2026-05-19,25131189,30080865.738053337,30835883.642520446,755017.9044671074
96,2026-05-19,25131303,20083841.81391185,20592025.68289539,508183.8689835367
96,2026-05-19,25131330,45212972.90876235,46022322.90834246,809349.9995801107
96,2026-05-19,25131444,52256096.476052664,53171382.45767027,915285.9816176062
96,2026-05-19,25131715,38831276.09503007,40406816.821311474,1575540.7262814082
96,2026-05-19,25131804,45172781.648897804,46461866.16510194,1289084.5162041334
96,2026-05-19,25131905,59346507.0557755,64005630.67902835,4659123.623252842
96,2026-05-19,25131907,43649472.30342855,46818231.71797808,3168759.4145495277
96,2026-05-19,25131909,51401513.07203122,54014862.107749425,2613349.0357182026
96,2026-05-19,25132001,47917444.61836455,48301293.56697852,383848.9486139693
96,2026-05-19,25132215,49462577.28750406,51662284.56512048,2199707.27761642
96,2026-05-19,25132257,42348410.37864747,42642926.52000912,294516.1413616567
96,2026-05-19,25132271,17571509.654704314,18692263.165977035,1120753.5112727208
96,2026-05-19,25132368,28415840.505965177,31138436.62006639,2722596.1141012125
96,2026-05-19,25132370,44137999.68987061,44737838.06260034,599838.3727297222
96,2026-05-20,25132763,23323248.485942103,25125926.508783583,1802678.0228414831
96,2026-05-20,25132784,13719870.787422894,13755426.277596114,35555.49017322165
96,2026-05-20,25133147,45721033.40107991,49006230.003187776,3285196.602107863
96,2026-05-20,25133217,39800049.32630339,42582783.378676265,2782734.0523728696
96,2026-05-20,25133333,29261026.456526034,31403348.697080817,2142322.240554785
96,2026-05-20,25133368,33304233.329719562,35234342.061457366,1930108.7317378053
96,2026-05-20,25133607,75328587.12353987,77261082.20244163,1932495.0789017775
96,2026-05-20,25133658,60807656.603566386,63997680.27470912,3190023.6711427355
96,2026-05-20,25133681,21832681.851550184,23259384.689781465,1426702.838231278
96,2026-05-20,25133785,39646089.31840242,40884266.054683514,1238176.7362810955
96,2026-05-20,25133792,29218607.041186612,30131196.219004434,912589.1778178226
96,2026-05-20,25134070,25288303.344947334,27012698.24311567,1724394.8981683394
96,2026-05-20,25134144,17132854.113974266,18540344.40882451,1407490.2948502456
96,2026-05-20,25134228,48245142.83262901,51710259.069387026,3465116.2367580147
96,2026-05-20,25134383,73067529.79736263,76343368.62134528,3275838.823982655
96,2026-05-20,25134621,64538942.37410771,67384453.18400425,2845510.8098965306
96,2026-05-20,25134661,72137007.90765704,75663167.34575322,3526159.4380961824
96,2026-05-20,25134826,34224987.8450579,35225709.75083931,1000721.9057814104
96,2026-05-20,25134849,26743139.876690064,27926598.83278059,1183458.9560905239
96,2026-05-20,25134872,39171329.46253467,40636942.101132296,1465612.638597619
96,2026-05-20,25135058,41348766.15193318,43033017.56784286,1684251.4159096861
96,2026-05-20,25135125,18616590.514716204,19851239.69925469,1234649.1845384878
96,2026-05-20,25135136,44945224.46180564,45586219.97204262,640995.5102369799
96,2026-05-20,25135285,5497910.3913301965,5611850.3544839285,113939.96315373281
96,2026-05-20,25135434,38777408.68755195,40704865.240395226,1927456.5528432785
96,2026-05-20,25135498,29809815.270203162,31055082.984759867,1245267.714556702
96,2026-05-20,25135556,39542218.98126379,42262942.33568335,2720723.3544195653
96,2026-05-20,25136552,20936650.016078945,22735622.179562367,1798972.1634834243
96,2026-05-20,25136555,38062907.36506755,39439876.16236486,1376968.7972973126
96,2026-05-20,25136741,28228487.76854919,29071501.39013575,843013.6215865619
96,2026-05-20,25136851,55904233.094031364,58234138.73812545,2329905.6440940867
96,2026-05-20,25136974,43907302.41540416,45336275.13176644,1428972.716362276
96,2026-05-20,25137131,56583419.40589745,58612243.79658247,2028824.390685014
96,2026-05-20,25137238,53754824.93621638,55372085.43886633,1617260.50264995
96,2026-05-20,25137304,25672017.56476073,26486368.829461873,814351.2647011448
96,2026-05-20,25137520,40142314.17374623,40786634.68965311,644320.5159068914
96,2026-05-20,25137599,10284098.704649251,10407555.580773868,123456.87612461597
96,2026-05-20,25137618,39367718.14180929,40380084.40872914,1012366.2669198513
96,2026-05-20,25137873,42597179.69423373,43201641.02758449,604461.3333507659
96,2026-05-20,25138166,32045344.10938168,35037482.52870945,2992138.419327769
96,2026-05-20,25138684,43151865.09932515,46149458.27543959,2997593.176114442
96,2026-05-20,25138975,18482187.028379098,19669314.373586386,1187127.3452072914
96,2026-05-20,25139024,34366237.26061438,34821343.57556934,455106.3149549593
96,2026-05-20,25139063,39259281.33969255,39917279.33141948,657997.9917269363
96,2026-05-20,25139165,45677704.625957504,47775581.841114745,2097877.215157239
96,2026-05-20,25139247,43583736.307743564,46485439.058862776,2901702.7511192127
96,2026-05-20,25139467,25076140.20653935,25590617.708867896,514477.50232854555
96,2026-05-20,25139468,15933845.422768487,16140814.444749739,206969.02198125282
96,2026-05-20,25139554,32381759.490478702,33885761.33768766,1504001.84720896
96,2026-05-20,25139659,52709040.169009835,54460539.53924891,1751499.3702390797
96,2026-05-21,25139960,33595462.43278891,34958106.00595953,1362643.5731706228
96,2026-05-21,25139972,31032477.919082742,31570604.872295476,538126.953212735
96,2026-05-21,25140055,50001392.01273924,50366826.67056311,365434.6578238649
96,2026-05-21,25140191,53988590.237266295,55085204.09992382,1096613.8626575235
96,2026-05-21,25140413,43627828.711715385,43867451.52356075,239622.8118453643
96,2026-05-21,25140458,33839876.588889755,34087661.14395236,247784.55506261007
96,2026-05-21,25140623,41712578.326951355,41920592.64261531,208014.31566395902
96,2026-05-21,25140712,37358482.024431445,38101178.86244737,742696.838015931
96,2026-05-21,25140760,56519105.41678222,59295039.13801708,2775933.721234858
96,2026-05-21,25140990,65706117.31666747,70256200.80280016,4550083.486132701
96,2026-05-21,25141170,47727541.114858426,51189187.64720998,3461646.5323515534
96,2026-05-21,25141277,25275976.808544714,26871106.468120787,1595129.6595760712
96,2026-05-21,25141506,76619872.57877305,79740105.81971344,3120233.240940395
96,2026-05-21,25141552,20590478.35011157,20774312.86912707,183834.5190154968
96,2026-05-21,25141625,66147024.18600195,69709933.46383066,3562909.2778287167
96,2026-05-21,25141683,76166826.95871675,79538206.31544638,3371379.3567296364
96,2026-05-21,25142146,31935619.222681653,33163825.370945856,1228206.1482642032
96,2026-05-21,25142154,60026165.83939688,61907532.98960676,1881367.150209886
96,2026-05-21,25142158,83969762.51811254,86461860.7951853,2492098.277072762
96,2026-05-21,25142216,26937668.04086046,27414052.00510616,476383.96424569725
96,2026-05-21,25142301,6638985.703919572,6780451.626713832,141465.92279425997
96,2026-05-21,25142395,77373596.90767132,77778171.66695513,404574.7592838126
96,2026-05-21,25142537,26985571.160753943,27816489.61063913,830918.4498851871
96,2026-05-21,25142542,64757571.3664325,67144483.3030083,2386911.936575806
96,2026-05-21,25142807,16841667.856771484,17159076.416004524,317408.5592330414
96,2026-05-21,25142910,57364307.02863858,58779289.15818113,1414982.1295425454
96,2026-05-21,25142992,50064589.82875227,51615837.81023989,1551247.9814876162
96,2026-05-21,25143248,56635846.61826545,57242101.23112286,606254.6128574095
96,2026-05-21,25143276,38902714.21740382,40718991.394066155,1816277.1766623324
96,2026-05-21,25143322,40371727.02677395,43162401.12927627,2790674.1025023144
96,2026-05-21,25143437,42093756.10323286,42786634.543003656,692878.4397707998
96,2026-05-21,25143498,71478630.6472921,74529582.82323648,3050952.175944376
96,2026-05-21,25143956,47642184.58648213,49798836.45823224,2156651.871750106
96,2026-05-21,25144170,39163114.7207598,40398143.798493266,1235029.0777334706
96,2026-05-21,25144360,81776614.869523,83390499.68397802,1613884.814455009
96,2026-05-21,25144397,32943824.905927118,34077947.39955233,1134122.4936252167
96,2026-05-21,25144412,39760973.20683741,40603996.258184224,843023.0513468133
96,2026-05-21,25144733,54425163.03563357,57643685.93222361,3218522.8965900415
96,2026-05-21,25144941,38096836.79521435,39442598.044408716,1345761.2491943678
96,2026-05-21,25145016,34370061.39567876,35182541.29279988,812479.8971211249
96,2026-05-21,25145475,37912413.257868595,40307396.698905095,2394983.441036505
96,2026-05-21,25145514,28402421.828541413,29016650.89973416,614229.071192749
96,2026-05-21,25145685,33887030.07028777,35281815.82268114,1394785.752393365
96,2026-05-21,25145788,26141326.648286555,26714191.435022008,572864.78673545
96,2026-05-21,25146000,38015390.66801904,39091195.606029466,1075804.9380104232
96,2026-05-21,25146164,25369328.258914005,26795783.884085447,1426455.6251714425
96,2026-05-21,25146694,19427560.141281787,19647879.230360072,220319.0890782864
96,2026-05-21,25146842,16041926.566707296,16564296.459538419,522369.89283112314
96,2026-05-21,25146992,35024334.56602658,35857103.30990628,832768.7438796938
96,2026-05-21,25147068,19495279.95223954,19850663.87048302,355383.9182434785
96,2026-05-22,25147234,12457314.879279923,12485871.805297697,28556.926017773745
96,2026-05-22,25147311,23694255.007380936,25155016.88120603,1460761.8738250923
96,2026-05-22,25147316,48233496.54974305,48814954.79151658,581458.2417735342
96,2026-05-22,25147320,41731960.43044426,43468398.07916946,1736437.6487252004
96,2026-05-22,25147451,43186541.419407636,44517778.64689711,1331237.2274894682
96,2026-05-22,25147529,66148436.697701804,68362909.06176196,2214472.3640601523
96,2026-05-22,25147626,49378183.18254418,51269959.29615819,1891776.1136140048
96,2026-05-22,25147650,34689690.48702775,36457635.19322376,1767944.706196005
96,2026-05-22,25147717,26859250.788183894,28967560.699481484,2108309.911297589
96,2026-05-22,25147864,60874229.85804348,61832372.82873458,958142.9706910963
96,2026-05-22,25148007,77277769.90463677,77811370.7259422,533600.8213054162
96,2026-05-22,25148150,48993818.67983858,51923267.353120625,2929448.6732820403
96,2026-05-22,25148477,41813509.217639446,42185383.60173129,371874.38409185084
96,2026-05-22,25148539,28636152.430488974,29040791.802790143,404639.37230116536
96,2026-05-22,25148645,26971874.82301696,27494301.991952047,522427.16893508594
96,2026-05-22,25148848,26704980.710849456,28257954.262572374,1552973.5517229186
96,2026-05-22,25148915,26260351.69834011,26962674.521099884,702322.8227597722
96,2026-05-22,25148947,51628235.02303294,55889365.25849304,4261130.235460102
96,2026-05-22,25149120,52017725.69829762,54689959.52726169,2672233.8289640644
96,2026-05-22,25149218,45459590.52750789,47105953.27706074,1646362.7495528534
96,2026-05-22,25149220,15888272.572361484,17327398.97466093,1439126.4022994454
96,2026-05-22,25149239,30646581.060664646,31472391.860645916,825810.7999812718
96,2026-05-22,25149376,39353852.368042625,40260858.56242296,907006.1943803341
96,2026-05-22,25149786,44286644.18136667,47564130.607907414,3277486.4265407473
96,2026-05-22,25149870,52645347.27735209,55625625.01819254,2980277.740840449
96,2026-05-22,25149931,74244340.04824176,75833260.82580557,1588920.7775638108
96,2026-05-22,25150103,30493984.444183886,30890396.421180345,396411.97699645924
96,2026-05-22,25150122,34931549.11897852,35195175.724494554,263626.60551603814
96,2026-05-22,25150292,31443123.21951902,31761889.761512883,318766.5419938652
96,2026-05-22,25150915,31960053.23645847,32542529.508829493,582476.2723710211
96,2026-05-22,25150919,12995943.234385364,13296729.735626178,300786.5012408141
96,2026-05-22,25151012,29758142.106509883,30200676.89785255,442534.79134267045
96,2026-05-22,25151214,35041909.04164768,35955977.91491575,914068.8732680652
96,2026-05-22,25151220,34994146.6711769,35610664.85942387,616518.1882469633
96,2026-05-22,25151282,75091756.0991327,76161522.86112499,1069766.7619922908
96,2026-05-22,25152077,49552414.638913296,51098149.12815916,1545734.489245859
96,2026-05-22,25152493,47651627.75424693,48316317.3202073,664689.5659603692
96,2026-05-22,25152605,44134536.84057968,45144226.61195677,1009689.7713770817
96,2026-05-22,25152714,34287215.57918801,34862504.40178669,575288.8225986809
96,2026-05-22,25152882,18040302.612621408,18323834.24253886,283531.62991744967
96,2026-05-22,25152961,50170690.752437554,51102441.62548815,931750.8730505868
96,2026-05-22,25153034,12273929.319947558,12348859.127829295,74929.80788173726
96,2026-05-22,25153470,31348095.98229429,31978661.70522103,630565.722926738
96,2026-05-22,25153552,37968335.90639594,38984548.51131263,1016212.6049166839
96,2026-05-22,25153665,9082603.938551933,9204668.85207704,122064.91352510835
96,2026-05-22,25153702,10343142.781883866,10601807.017648883,258664.23576501664
96,2026-05-22,25153801,28430258.86097908,28990722.12755548,560463.2665763972
96,2026-05-22,25153852,36282045.76685541,36846131.971354224,564086.2044988087
96,2026-05-22,25154096,26088912.72787582,26252609.034978643,163696.30710282078
96,2026-05-22,25154121,48277874.597834595,49663560.53117693,1385685.9333423395
96,2026-05-23,25154265,52230105.63818158,53305955.799385756,1075850.1612041781
96,2026-05-23,25154426,49170339.664354436,49800314.157744,629974.4933895622
96,2026-05-23,25154489,32908636.454740863,33598984.43529681,690347.9805559448
96,2026-05-23,25154535,25785413.334103514,26125257.773786016,339844.4396825009
96,2026-05-23,25155122,44311553.77502555,44890149.6147847,578595.8397591524
96,2026-05-23,25155373,41224976.50529928,43156548.022704616,1931571.5174053356
96,2026-05-23,25155471,37957956.815838836,39225442.58420175,1267485.768362911
96,2026-05-23,25155475,38979021.00321439,41207168.06111811,2228147.057903723
96,2026-05-23,25155703,31679621.664822154,34527618.49896669,2847996.834144534
96,2026-05-23,25155726,13953199.306103533,14411874.525806032,458675.21970249794
96,2026-05-23,25155778,37323139.44587277,39606359.563305005,2283220.11743223
96,2026-05-23,25155813,28767183.762842122,30207388.827884763,1440205.0650426424
96,2026-05-23,25155875,55314968.697738625,56090068.77012362,775100.0723849974
96,2026-05-23,25156060,67808216.28954713,70653133.68500172,2844917.3954545762
96,2026-05-23,25156065,21455120.94237321,21559511.530358046,104390.58798483797
96,2026-05-23,25156587,15272009.334747052,15540623.845988752,268614.5112417018
96,2026-05-23,25156845,43836348.19999372,45138705.32576194,1302357.1257682147
96,2026-05-23,25157042,37330090.77466622,38717952.441035874,1387861.6663696538
96,2026-05-23,25157181,43281142.00788009,43572588.23402887,291446.2261487748
96,2026-05-23,25157196,14322771.218383279,14611273.034943264,288501.8165599862
96,2026-05-23,25157620,29562890.27689734,30503552.175960682,940661.8990633434
96,2026-05-23,25157752,43776985.17242063,44565171.52021051,788186.3477898851
96,2026-05-23,25157866,48656773.81661624,50155643.59454078,1498869.7779245481
96,2026-05-23,25157969,48853978.21352298,49886686.8587569,1032708.6452339247
96,2026-05-23,25157980,39355014.029963076,40083271.84971888,728257.8197558057
96,2026-05-23,25158142,20353663.417647246,20425375.417647246,71712.0
96,2026-05-23,25158333,50904705.39536917,51482119.40945131,577414.0140821429
96,2026-05-23,25158493,31227948.174695496,32401872.3482388,1173924.1735433023
96,2026-05-23,25158498,44772660.80896692,45604843.71985044,832182.910883521
96,2026-05-23,25158580,62663933.169583246,63820333.306329116,1156400.1367458655
96,2026-05-23,25158830,39141456.82964335,40065139.201437645,923682.3717942964
96,2026-05-23,25158916,4711905.42909677,4721616.765326856,9711.336230086628
96,2026-05-23,25159001,38134444.87825175,39568373.74248327,1433928.8642315282
96,2026-05-23,25159104,40821027.64459218,43173089.58221811,2352061.9376259306
96,2026-05-23,25159281,59669729.72489863,60092381.797685824,422652.07278719184
96,2026-05-23,25159445,36696462.02275316,38542632.13225552,1846170.1095023588
96,2026-05-23,25159779,39293174.21606984,40346808.679698326,1053634.463628487
96,2026-05-23,25159894,38738776.143096924,40654180.09447895,1915403.9513820233
96,2026-05-23,25159902,49555053.828646556,49920682.29133385,365628.46268728835
96,2026-05-23,25160036,32732885.01377279,33131573.496537264,398688.4827644739
96,2026-05-23,25160130,33490383.30534574,35230618.348389216,1740235.0430434728
96,2026-05-23,25160166,26908973.96209835,28743255.313221816,1834281.351123469
96,2026-05-23,25160459,35304324.58236884,36060937.64622189,756613.063853053
96,2026-05-23,25160482,19681379.12193103,19756726.956759907,75347.83482887747
96,2026-05-23,25160866,30102423.276046444,30941512.73953104,839089.4634845966
96,2026-05-23,25161267,23061044.289860394,23422394.487093188,361350.1972327952
96,2026-05-23,25161292,38757149.47302177,39483100.73608289,725951.2630611197
96,2026-05-23,25161309,40758516.50500131,42152557.59407892,1394041.0890776168
96,2026-05-23,25161315,56123596.70847359,57603929.30795746,1480332.5994838725
96,2026-05-23,25161318,18162260.645333387,19594453.747002073,1432193.101668689
96,2026-05-24,25161497,36744209.37759714,37375098.44474183,630889.0671446888
96,2026-05-24,25161534,8936549.297953352,9155580.329653429,219031.03170007683
96,2026-05-24,25161641,32976789.62933502,33527504.077803254,550714.4484682346
96,2026-05-24,25161906,24920594.0389782,25150044.844744503,229450.80576630402
96,2026-05-24,25161979,38217223.8794272,39882864.59126829,1665640.71184109
96,2026-05-24,25161994,34917228.07490009,35067752.82085761,150524.74595752067
96,2026-05-24,25162025,27564041.734634705,27663811.668292534,99769.93365783102
96,2026-05-24,25162137,20574904.236150723,21947154.667419985,1372250.431269261
96,2026-05-24,25162192,11862797.693760632,12293208.94976785,430411.25600721786
96,2026-05-24,25162234,53792996.02359985,55408707.477351226,1615711.4537513815
96,2026-05-24,25162493,80480307.26614265,83653084.48961793,3172777.223475287
96,2026-05-24,25162664,43340947.199905895,44836222.069413245,1495274.8695073507
96,2026-05-24,25162797,45760082.21737272,48901763.32167343,3141681.1043007066
96,2026-05-24,25163086,74607892.38949107,76433358.34471396,1825465.9552229003
96,2026-05-24,25163261,31534700.057938926,33001486.99484621,1466786.9369072854
96,2026-05-24,25163315,28694152.527104355,29564985.058823075,870832.5317187189
96,2026-05-24,25163438,53997085.23322264,55486572.873161644,1489487.639939003
96,2026-05-24,25163541,9708888.719205469,10031277.015732976,322388.2965275068
96,2026-05-24,25163579,40713826.929448254,42342807.6701344,1628980.740686149
96,2026-05-24,25163907,17486995.829487715,18263505.741382584,776509.9118948684
96,2026-05-24,25164152,48277909.3672316,50149029.01140471,1871119.6441731122
96,2026-05-24,25164318,100306921.90191726,101826255.05560017,1519333.1536829134
96,2026-05-24,25164606,53651554.65000574,55515125.533614255,1863570.8836085112
96,2026-05-24,25164621,75198954.15324698,77103768.46221294,1904814.3089659475
96,2026-05-24,25164806,52227376.19143173,53005987.58036863,778611.3889368975
96,2026-05-24,25165213,45526127.68699485,46422977.39770032,896849.7107054691
96,2026-05-24,25165301,29474565.120075896,29917905.805009805,443340.684933911
96,2026-05-24,25165313,35449425.92545718,37237086.332106136,1787660.406648958
96,2026-05-24,25165429,47911657.70340206,50932239.14667365,3020581.4432715843
96,2026-05-24,25165551,36904916.71200484,38590482.853231445,1685566.1412266027
96,2026-05-24,25165565,45731881.3112643,47853734.00089597,2121852.689631671
96,2026-05-24,25165634,34292207.655555695,36147817.312905796,1855609.6573501043
96,2026-05-24,25165787,8838474.895919014,9328531.189961715,490056.2940427002
96,2026-05-24,25165903,34589632.77668899,35334842.35534194,745209.5786529435
96,2026-05-24,25165969,39691239.2285992,41980551.01837446,2289311.789775263
96,2026-05-24,25166146,57468907.46137664,59234685.83047811,1765778.3691014766
96,2026-05-24,25166339,35463128.19881485,37181142.19467986,1718013.9958650114
96,2026-05-24,25166379,31320352.3228915,33021418.931213785,1701066.6083222884
96,2026-05-24,25166718,50646915.2628376,52944277.938390225,2297362.6755526247
96,2026-05-24,25166970,41169828.78019818,42828342.15349996,1658513.3733017838
96,2026-05-24,25167350,33657709.882132046,34862165.59667253,1204455.714540484
96,2026-05-24,25167363,45494486.94461936,47208894.748767585,1714407.804148226
96,2026-05-24,25167444,54194071.484767765,55064456.06153552,870384.5767677579
96,2026-05-24,25167473,26293816.138545647,26371855.506371636,78039.36782598976
96,2026-05-24,25168085,15425527.292317126,15870888.296669923,445361.00435279706
96,2026-05-24,25168177,17663144.421245877,17915694.229307562,252549.80806168434
96,2026-05-24,25168180,49579229.70749596,49729276.737432584,150047.0299366265
96,2026-05-24,25168266,48394206.48466102,51457566.29748019,3063359.81281917
96,2026-05-24,25168295,44387837.12071526,46380507.2292069,1992670.1084916359
96,2026-05-24,25168578,30715885.615493473,32191191.909980934,1475306.294487459
96,2026-05-25,25168664,19557843.077266667,19889172.36906135,331329.29179468175
96,2026-05-25,25168795,39676699.06395126,40053126.77555175,376427.7116004868
96,2026-05-25,25168841,23295511.15159646,24699359.0676713,1403847.9160748352
96,2026-05-25,25168863,51439409.39325433,55079391.63730189,3639982.24404756
96,2026-05-25,25169269,37025749.40410768,38695668.48555683,1669919.0814491583
96,2026-05-25,25169413,56275165.152998805,59895271.198611386,3620106.0456125815
96,2026-05-25,25169499,24326825.75331656,24366771.992903702,39946.2395871468
96,2026-05-25,25169514,48685908.80894478,50970803.91173047,2284895.102785697
96,2026-05-25,25169670,26411091.278736893,27621187.665959917,1210096.3872230237
96,2026-05-25,25169717,41632667.79316621,43378060.83134815,1745393.0381819415
96,2026-05-25,25169786,40030124.0321458,42235585.47086117,2205461.4387153685
96,2026-05-25,25169787,31543286.889026936,33614351.5496969,2071064.6606699636
96,2026-05-25,25169882,59468499.98544523,62181316.36677466,2712816.38132943
96,2026-05-25,25169897,47922228.0069891,51908066.49351607,3985838.4865269763
96,2026-05-25,25170292,45488030.754596956,45966781.506532215,478750.75193526153
96,2026-05-25,25170765,37278402.50498344,38243512.89565926,965110.390675827
96,2026-05-25,25170770,31753157.162076447,32650082.253454175,896925.0913777296
96,2026-05-25,25170856,55720889.45464515,58873358.63421723,3152469.1795720803
96,2026-05-25,25170969,68060320.15035674,72653563.63729729,4593243.486940552
96,2026-05-25,25171250,66190537.63419854,68524350.72081807,2333813.086619535
96,2026-05-25,25171327,51185800.4950137,51997835.88372838,812035.3887146777
96,2026-05-25,25171348,19005078.786790684,19102210.01827269,97131.23148200625
96,2026-05-25,25171382,49700145.00862841,52809232.51813954,3109087.5095111285
96,2026-05-25,25171437,59498632.6350422,61254514.838578105,1755882.2035359123
96,2026-05-25,25171636,36957609.12857443,38035756.13643858,1078147.007864148
96,2026-05-25,25171692,39261562.56801652,40220228.988182716,958666.4201662004
96,2026-05-25,25171740,42408632.53154774,44944326.813381255,2535694.2818335155
96,2026-05-25,25171769,31105172.489802465,32125066.86812666,1019894.3783241966
96,2026-05-25,25172071,37925063.61600309,39148670.02752718,1223606.411524091
96,2026-05-25,25172097,26532713.35705991,27341197.27085246,808483.9137925496
96,2026-05-25,25173167,35803552.29284197,38077612.59208243,2274060.299240462
96,2026-05-25,25173322,56176431.9537708,61568758.73395239,5392326.780181585
96,2026-05-25,25173326,34836129.750477575,35568694.146467455,732564.3959898828
96,2026-05-25,25173343,37514753.81957418,39951825.862717785,2437072.043143606
96,2026-05-25,25173830,25108978.695352998,26362575.15015834,1253596.4548053404
96,2026-05-25,25174127,61163597.28117957,64064076.99840763,2900479.7172280634
96,2026-05-25,25174288,45236754.665495954,47109193.4054823,1872438.7399863487
96,2026-05-25,25174350,36654248.887672216,38756438.485819526,2102189.598147314
96,2026-05-25,25174682,51104107.96752124,54965230.49767902,3861122.530157779
96,2026-05-25,25174820,54367259.93704852,56223742.48291423,1856482.545865708
96,2026-05-25,25174855,57981869.89662454,59787970.17396404,1806100.2773394962
96,2026-05-25,25175046,30542055.459831193,32943439.0542774,2401383.5944462097
96,2026-05-25,25175198,19305642.623087622,20362922.570039973,1057279.9469523532
96,2026-05-25,25175245,37723085.86822878,39541413.449966535,1818327.581737763
96,2026-05-25,25175351,35273793.97176368,37065018.51983858,1791224.548074896
96,2026-05-25,25175465,58158317.72438596,60047995.82298359,1889678.0985976285
96,2026-05-25,25175479,35158835.871737935,37310805.137068264,2151969.2653303277
96,2026-05-25,25175561,42768240.20362292,46849054.46116975,4080814.2575468253
96,2026-05-25,25175600,51564769.609775655,52732027.10273117,1167257.4929555177
96,2026-05-25,25175725,14750812.200974641,14815033.349998882,64221.14902424201
96,2026-05-26,25175763,23131256.27741878,23229983.355482034,98727.07806325267
96,2026-05-26,25176132,46716653.30215481,49745125.040739834,3028471.738585022
96,2026-05-26,25176248,27168956.6238842,27227780.763664357,58824.13978015518
96,2026-05-26,25176506,4823320.421747668,4823320.421747668,0.0
96,2026-05-26,25176731,31544507.776205957,32098302.006871294,553794.23066534
96,2026-05-26,25176816,14719096.103897015,15127241.23402016,408145.1301231468
96,2026-05-26,25176840,13398959.425691478,13529392.024291763,130432.5986002865
96,2026-05-26,25176943,8715352.04068748,8775890.33332186,60538.2926343803
96,2026-05-26,25177554,9277230.72389628,9539038.359235218,261807.6353389386
96,2026-05-26,25177662,37278800.88495277,37739204.6200817,460403.7351289306
96,2026-05-26,25177739,16246784.315268,17380883.32051555,1134099.0052475478
96,2026-05-26,25178003,49201202.48154668,49841976.78001245,640774.2984657693
96,2026-05-26,25178094,68889812.68404716,70408605.40542747,1518792.721380319
96,2026-05-26,25178117,7097534.224967592,7160510.224967592,62976.0
96,2026-05-26,25178230,50103270.56790668,51025969.3528849,922698.7849782323
96,2026-05-26,25178242,50306975.95067223,51323421.19508418,1016445.2444119469
96,2026-05-26,25178262,13944755.593567649,14409960.091108924,465204.49754127534
96,2026-05-26,25178366,16998616.62279111,17834554.71663293,835938.0938418151
96,2026-05-26,25178442,29733373.56280175,30148912.69020365,415539.1274018998
96,2026-05-26,25178486,35289050.0299323,35542172.369009495,253122.33907719838
96,2026-05-26,25178523,38579805.15350909,40528225.48400384,1948420.3304947484
96,2026-05-26,25178603,45063398.02283924,47897498.97775693,2834100.954917693
96,2026-05-26,25178754,58986183.571977966,60563539.94006101,1577356.3680830414
96,2026-05-26,25178902,69518565.94522819,70652921.94640192,1134356.0011737333
96,2026-05-26,25178924,34096642.107616745,34465125.889459796,368483.78184305073
96,2026-05-26,25179086,32334179.07136718,32847525.26361258,513346.1922453975
96,2026-05-26,25179272,36601722.99569076,37209917.84478592,608194.8490951576
96,2026-05-26,25179534,28444151.495550692,30965516.063457124,2521364.567906433
96,2026-05-26,25179612,43828891.57638399,45347777.261284724,1518885.6849007276
96,2026-05-26,25179650,31568663.629507083,32096021.61166817,527357.9821610887
96,2026-05-26,25179671,9885693.760307243,9885693.760307243,0.0
96,2026-05-26,25179869,34579444.92653001,34989778.280157685,410333.35362767737
96,2026-05-26,25180112,39310493.396767356,40082001.29840491,771507.9016375558
96,2026-05-26,25180411,37964802.93625305,38537016.46000036,572213.523747308
96,2026-05-26,25180715,6249379.7246408565,6599911.737245968,350532.01260511077
96,2026-05-26,25180773,27157654.537376888,27705391.27713491,547736.7397580221
96,2026-05-26,25181026,11849551.951482682,12009240.397939105,159688.44645642317
96,2026-05-26,25181087,37422419.821383364,38691145.86850648,1268726.0471231097
96,2026-05-26,25181231,14989087.945858754,15688432.124928141,699344.1790693881
96,2026-05-26,25181520,32858726.849580906,33782696.962935604,923970.1133546939
96,2026-05-26,25181567,34422399.42241233,35825786.33264937,1403386.9102370483
96,2026-05-26,25181590,39595991.311810456,40756331.14019264,1160339.828382189
96,2026-05-26,25181650,57168325.37997704,59055850.627449766,1887525.247472724
96,2026-05-26,25181979,16342278.375710396,16482697.380206043,140419.00449564785
96,2026-05-26,25182188,27181381.079310708,28024476.77068235,843095.6913716432
96,2026-05-26,25182216,38072717.74217988,39201329.16158105,1128611.4194011681
96,2026-05-26,25182335,20839821.47022159,23311077.454662345,2471255.984440754
96,2026-05-26,25182550,56292004.37111568,56904868.54425194,612864.1731362622
96,2026-05-26,25182816,23936976.117849603,24494574.20804269,557598.0901930836
96,2026-05-26,25182842,65842269.162767574,66553815.17966215,711546.0168945736
96,2026-05-27,25182998,33961969.905779175,34473560.52940851,511590.6236293267
96,2026-05-27,25183191,29192292.376132905,29313729.482183237,121437.1060503335
96,2026-05-27,25183259,53016253.96443642,55549689.21752523,2533435.2530888086
96,2026-05-27,25183373,23903324.23489842,24623003.542480204,719679.3075817886
96,2026-05-27,25184274,34338968.23826886,35189651.70471031,850683.4664414497
96,2026-05-27,25184425,34752788.025441974,35269777.73949748,516989.7140555098
96,2026-05-27,25184694,72881738.07058756,73765547.06108302,883808.9904954575
96,2026-05-27,25184836,36367178.79900826,37374652.61354158,1007473.8145333262
96,2026-05-27,25184860,25229867.283287484,25518965.948002797,289098.66471531324
96,2026-05-27,25184863,37832273.985574804,38793537.98381299,961263.9982381808
96,2026-05-27,25184934,56001151.27461052,57025134.275590695,1023983.0009801735
96,2026-05-27,25185318,46920072.058542505,47782803.07343184,862731.0148893405
96,2026-05-27,25185459,93065797.89339921,99323108.60073668,6257310.707337463
96,2026-05-27,25185484,36078322.35429407,37965508.36231272,1887186.0080186506
96,2026-05-27,25185533,29993232.91789695,31597154.530720856,1603921.6128239036
96,2026-05-27,25185602,31513941.70674508,33063943.128326874,1550001.4215817968
96,2026-05-27,25185650,36283839.78427275,37921626.593639545,1637786.809366788
96,2026-05-27,25185659,40386807.01418892,43362380.83381991,2975573.8196309884
96,2026-05-27,25185833,25363485.82532014,25728482.690402023,364996.8650818835
96,2026-05-27,25186117,41935633.28836384,44969206.55310787,3033573.2647440406
96,2026-05-27,25186282,47974170.241372,50158705.26800647,2184535.026634469
96,2026-05-27,25186335,47311626.14316036,49499648.217810676,2188022.074650317
96,2026-05-27,25186340,50358454.09865697,51753848.98323109,1395394.8845741234
96,2026-05-27,25186561,33741199.08321874,35298846.98620378,1557647.9029850466
96,2026-05-27,25186832,37490016.43352251,38682507.053210184,1192490.6196876732
96,2026-05-27,25186841,23170312.078017168,23490141.48405866,319829.4060414904
96,2026-05-27,25186860,60888286.75547389,63634796.58361629,2746509.8281424
96,2026-05-27,25186966,55886951.54401978,57996047.004160374,2109095.46014059
96,2026-05-27,25186972,40873741.73095969,42040921.33838551,1167179.607425818
96,2026-05-27,25186979,57831419.471310325,60366923.87871646,2535504.407406131
96,2026-05-27,25186988,50655516.72263352,51340156.9119907,684640.1893571797
96,2026-05-27,25187188,42390744.95717414,43545816.411120325,1155071.453946191
96,2026-05-27,25187193,53121447.72947143,54939339.54266255,1817891.8131911256
96,2026-05-27,25187307,51144344.02621567,52131371.116493225,987027.0902775517
96,2026-05-27,25187315,52105003.35953344,52844443.89564982,739440.536116384
96,2026-05-27,25187364,33456302.802002035,34353420.05719073,897117.2551886962
96,2026-05-27,25187523,35240656.45144148,36382469.69878192,1141813.2473404412
96,2026-05-27,25187866,46675056.79868165,49236224.148175925,2561167.349494277
96,2026-05-27,25187880,43010653.72288641,44921417.78838609,1910764.0654996776
96,2026-05-27,25187965,58691098.28726529,61264798.06309962,2573699.7758343252
96,2026-05-27,25188000,37275891.19424302,38968480.21032137,1692589.0160783452
96,2026-05-27,25188108,32589424.68273517,34205653.83028539,1616229.1475502232
96,2026-05-27,25188228,49581542.155242346,50290922.65044604,709380.495203701
96,2026-05-27,25188355,62474082.66082009,64525113.9936518,2051031.3328317094
96,2026-05-27,25188520,46281410.23589138,47962424.20912576,1681013.9732343755
96,2026-05-27,25188614,38832982.3455645,39299059.076598525,466076.73103402066
96,2026-05-27,25188765,22149056.75040755,23206660.483021487,1057603.7326139363
96,2026-05-27,25189054,44024493.72575398,44451753.89827399,427260.17252000445
96,2026-05-27,25189286,31921865.489443857,32400842.600107647,478977.1106637893
96,2026-05-27,25189479,62513401.28379858,64208119.00400479,1694717.7202062113
96,2026-05-28,25190802,41504177.770773746,43369936.72676187,1865758.955988125
96,2026-05-28,25191109,91567308.5389848,93738071.42151129,2170762.8825264852
96,2026-05-28,25191127,33424122.942287147,34027780.81046992,603657.8681827731
96,2026-05-28,25191130,30154828.824961454,31069476.033054262,914647.2080928066
96,2026-05-28,25191616,87561961.17326635,89175997.63503459,1614036.461768245
96,2026-05-28,25191669,56158751.261237085,58331756.30587068,2173005.044633599
96,2026-05-28,25191817,39177389.509636946,39595240.179500155,417850.6698632092
96,2026-05-28,25192074,58975555.45525198,60804059.71257189,1828504.257319913
96,2026-05-28,25192085,43023009.269128285,44773568.65292456,1750559.383796274
96,2026-05-28,25192093,44502271.12463734,46583057.144837044,2080786.020199702
96,2026-05-28,25192141,29104449.75577033,30428685.172379393,1324235.4166090665
96,2026-05-28,25192264,26566890.34675857,26977149.056536216,410258.7097776443
96,2026-05-28,25192559,20526051.71120059,20866053.780829653,340002.0696290604
96,2026-05-28,25192725,11293789.282624224,11443572.587864477,149783.30524025357
96,2026-05-28,25192926,38764165.43514677,40750470.19084694,1986304.7557001724
96,2026-05-28,25192957,60726563.063170806,62961978.89657681,2235415.8334059953
96,2026-05-28,25193055,47832047.7955668,49557423.78421873,1725375.9886519304
96,2026-05-28,25193133,70430325.87174106,72384737.60716261,1954411.73542154
96,2026-05-28,25193591,36316313.08730103,37860198.273134336,1543885.185833309
96,2026-05-28,25193737,46818680.8680655,48267613.54508106,1448932.6770155595
96,2026-05-28,25193747,35271550.47176526,36359871.641155384,1088321.1693901275
96,2026-05-28,25193873,43766154.05344228,45006591.01687625,1240436.9634339784
96,2026-05-28,25194036,54114375.612559244,56210433.74088052,2096058.1283212719
96,2026-05-28,25194070,48431816.12307149,49497912.82267284,1066096.6996013427
96,2026-05-28,25194094,57424474.6912062,59225335.801910676,1800861.1107044767
96,2026-05-28,25194122,21819052.083422493,21991484.066547453,172431.98312495888
96,2026-05-28,25194358,8378375.012846367,8489561.908210922,111186.89536455453
96,2026-05-28,25194420,35198489.078547105,35702197.62206023,503708.543513128
96,2026-05-28,25194472,28371887.653473858,29629914.324464533,1258026.6709906748
96,2026-05-28,25194696,62228407.098155305,63849232.59176507,1620825.4936097648
96,2026-05-28,25194710,40635530.43578461,41921877.781025834,1286347.3452412249
96,2026-05-28,25194752,33703025.19077248,34597627.36157822,894602.1708057367
96,2026-05-28,25194821,60450292.090170994,62824819.357382916,2374527.2672119183
96,2026-05-28,25194845,19386140.036404382,19792343.436682068,406203.40027768625
96,2026-05-28,25194986,44517932.62919688,45695118.52346268,1177185.8942658012
96,2026-05-28,25195008,68257617.20323335,70093556.47649126,1835939.2732579089
96,2026-05-28,25195078,35413621.273954846,35943282.086361006,529660.8124061588
96,2026-05-28,25195175,33444543.15897894,34637221.415599085,1192678.2566201482
96,2026-05-28,25195331,33225188.1353047,34040558.33216675,815370.196862054
96,2026-05-28,25195588,72523262.25410591,73208658.10673864,685395.8526327346
96,2026-05-28,25195727,37709799.56692473,39873743.022778444,2163943.4558537193
96,2026-05-28,25195832,37631998.842731535,38487502.723964065,855503.8812325271
96,2026-05-28,25195898,43180917.87931901,45965036.74430025,2784118.8649812434
96,2026-05-28,25195960,35685876.5792682,37511366.82510265,1825490.2458344437
96,2026-05-28,25196085,27813717.066670828,29623652.464711975,1809935.398041148
96,2026-05-28,25196224,36922609.97025714,37313424.86616696,390814.8959098167
96,2026-05-28,25196506,38191323.514857486,39591696.95940497,1400373.4445474807
96,2026-05-28,25196570,33526859.49269483,34263639.65347269,736780.1607778659
96,2026-05-28,25196760,34069398.63320457,35675636.525992624,1606237.8927880528
96,2026-05-28,25197000,57854533.68362975,60572911.78073114,2718378.097101387
96,2026-05-29,25197372,35496449.96257633,37012629.46141893,1516179.4988425986
96,2026-05-29,25197451,33084799.73209519,35285083.46632753,2200283.734232341
96,2026-05-29,25197600,64755472.51857231,66899854.214493565,2144381.695921255
96,2026-05-29,25198225,61343830.19256644,63153792.538084656,1809962.3455182135
96,2026-05-29,25198270,42066014.49784381,42728065.1903205,662050.6924766905
96,2026-05-29,25198495,52705577.35015455,54679595.911969386,1974018.5618148358
96,2026-05-29,25198686,53526497.123605296,56981951.48986614,3455454.3662608434
96,2026-05-29,25198879,52144484.091245145,53932318.78706738,1787834.6958222366
96,2026-05-29,25199203,67485898.20188175,70855415.59065881,3369517.3887770604
96,2026-05-29,25199300,37762387.88848073,40125681.95518847,2363294.066707741
96,2026-05-29,25199421,9110705.35276265,9128340.922573922,17635.569811271525
96,2026-05-29,25199455,21531978.828733437,21706439.29745371,174460.46872027076
96,2026-05-29,25199484,45335209.87509988,45712105.11219309,376895.23709321325
96,2026-05-29,25199526,62688788.22004973,62958920.56453312,270132.3444833942
96,2026-05-29,25199622,31115324.00071994,31234016.465189904,118692.46446996354
96,2026-05-29,25199741,32057832.876974728,32953967.334326386,896134.4573516587
96,2026-05-29,25199782,38357717.29316483,39475225.15076913,1117507.8576043013
96,2026-05-29,25199815,38059159.777039334,40242126.556052975,2182966.779013646
96,2026-05-29,25199965,45335970.196047656,47221622.92078799,1885652.7247403269
96,2026-05-29,25200013,28674091.887365837,29491432.358157486,817340.470791647
96,2026-05-29,25200142,48213753.44757545,51397816.09490819,3184062.6473327433
96,2026-05-29,25200347,35058674.5627277,36817683.315059856,1759008.7523321568
96,2026-05-29,25200564,49275612.570589416,52800410.65272565,3524798.082136242
96,2026-05-29,25200590,35372135.10464069,36132996.699046776,760861.5944060817
96,2026-05-29,25200741,39378886.21973123,42080755.7786773,2701869.5589460693
96,2026-05-29,25200866,45169418.588484295,48730795.88229916,3561377.2938148696
96,2026-05-29,25201159,8030857.7831376195,8188654.55605789,157796.77292027033
96,2026-05-29,25201175,26090475.22491321,27547936.292924024,1457461.0680108129
96,2026-05-29,25201364,32920237.353672754,33623306.273857616,703068.9201848597
96,2026-05-29,25201614,33884027.89621765,34687460.096502945,803432.2002852897
96,2026-05-29,25201627,34997981.35339174,35964539.6546219,966558.3012301609
96,2026-05-29,25202007,32033729.398869827,32688151.517123792,654422.1182539633
96,2026-05-29,25202163,29512342.408415623,30433628.731985465,921286.3235698428
96,2026-05-29,25202165,51126929.911894254,52637177.74501189,1510247.8331176308
96,2026-05-29,25202378,49415114.77430996,51055210.750755236,1640095.976445272
96,2026-05-29,25202616,47094961.08221528,49341383.7399748,2246422.6577595226
96,2026-05-29,25202633,35327589.60568284,36617834.00961398,1290244.4039311444
96,2026-05-29,25202779,52455674.758180365,54246553.620832734,1790878.8626523656
96,2026-05-29,25202795,43161806.42450621,44820746.39204856,1658939.967542354
96,2026-05-29,25202818,47035332.80993635,47648580.75578838,613247.9458520281
96,2026-05-29,25202859,4098565.734849169,4254357.768812284,155792.03396311437
96,2026-05-29,25203153,25717274.494175818,26458324.68634265,741050.1921668309
96,2026-05-29,25203224,44232795.103851005,45267319.78415829,1034524.6803072807
96,2026-05-29,25203255,50437006.61217409,51277379.06456872,840372.4523946267
96,2026-05-29,25203492,23563823.01272122,25206063.14772042,1642240.1349992019
96,2026-05-29,25203596,36362409.74726832,39857095.923779376,3494686.1765110577
96,2026-05-29,25203939,44472081.07932429,46435320.927345544,1963239.8480212544
96,2026-05-29,25204050,37495700.75503745,37768990.58375824,273289.82872079266
96,2026-05-29,25204094,27671337.31661277,28702930.64559078,1031593.3289780107
96,2026-05-29,25204373,30688663.72220854,31964087.049963303,1275423.3277547613
96,2026-05-30,25204529,39795834.774834,40131983.057102405,336148.282268412
96,2026-05-30,25204768,9574795.674466373,10087844.027946144,513048.35347977147
96,2026-05-30,25204876,48727384.64344485,49795493.93492666,1068109.2914818104
96,2026-05-30,25205470,36082252.25669777,38253082.80887926,2170830.552181503
96,2026-05-30,25205514,42763788.97681246,44348867.680860646,1585078.7040481828
96,2026-05-30,25205581,0.0,0.0,0.0
96,2026-05-30,25205707,45827554.01354959,49404134.547550544,3576580.534000958
96,2026-05-30,25206004,37969768.13581872,40177681.73273157,2207913.596912857
96,2026-05-30,25206199,19358763.410458688,19656747.410458688,297984.0
96,2026-05-30,25206422,37513218.26257006,39926890.31076238,2413672.0481923237
96,2026-05-30,25206458,27120735.86720405,28528831.92516618,1408096.0579621263
96,2026-05-30,25206461,16202266.830484059,17755228.432305966,1552961.6018219076
96,2026-05-30,25206496,27540485.87530651,28166337.580241676,625851.7049351664
96,2026-05-30,25206543,25391132.98263787,26800709.038237933,1409576.0556000632
96,2026-05-30,25206562,27635410.046420794,28526967.892883874,891557.8464630793
96,2026-05-30,25206630,25162044.208990704,26938254.92369965,1776210.7147089469
96,2026-05-30,25206890,34947490.30426592,36882248.74457326,1934758.4403073443
96,2026-05-30,25206899,29716006.583320778,30846469.029698342,1130462.446377568
96,2026-05-30,25207031,24034719.80811544,24802666.32143341,767946.5133179706
96,2026-05-30,25207313,55735946.03141532,57708038.93662548,1972092.905210161
96,2026-05-30,25207316,8501154.779052047,8601413.125454659,100258.34640261148
96,2026-05-30,25207373,27637227.65562411,29182862.972374443,1545635.3167503322
96,2026-05-30,25207590,30207825.14915305,30781378.48309192,573553.3339388701
96,2026-05-30,25207661,8222597.1007292485,8363134.8665389735,140537.76580972545
96,2026-05-30,25207968,43608200.24200664,45186618.95425265,1578418.7122460182
96,2026-05-30,25207989,39075391.4455409,40749799.78149762,1674408.3359567206
96,2026-05-30,25208415,36676080.492228255,37998417.63107242,1322337.1388441655
96,2026-05-30,25208490,31884530.69521596,33290765.073409323,1406234.3781933642
96,2026-05-30,25208818,15441067.864499131,15602197.298735939,161129.43423680728
96,2026-05-30,25209042,75511386.36193697,80997011.60190636,5485625.239969389
96,2026-05-30,25209203,27995853.180438645,28589636.23436574,593783.0539270961
96,2026-05-30,25209496,37681994.38674281,39753863.10416479,2071868.7174219727
96,2026-05-30,25209563,53304534.96382064,55181414.22578426,1876879.2619636084
96,2026-05-30,25209684,36168963.65649319,36879108.949894615,710145.2934014321
96,2026-05-30,25209685,48616400.30022983,49429838.76143486,813438.4612050265
96,2026-05-30,25209795,69328782.82334228,72386503.34159943,3057720.518257149
96,2026-05-30,25209823,42472883.7937354,45404787.06162742,2931903.267892022
96,2026-05-30,25209840,23207137.319489665,23357235.273441132,150097.95395146884
96,2026-05-30,25210056,14684989.63311211,14953327.675462134,268338.0423500254
96,2026-05-30,25210115,17260757.809136827,18747624.542713493,1486866.7335766656
96,2026-05-30,25210234,50890109.37016372,52060214.604482256,1170105.2343185411
96,2026-05-30,25210490,45357276.06032475,48170282.31339114,2813006.2530663963
96,2026-05-30,25210678,35438130.92454468,36281673.69025081,843542.7657061329
96,2026-05-30,25210721,58884521.16366016,59356696.625869304,472175.46220914635
96,2026-05-30,25210991,81065884.7487497,82164605.21275824,1098720.4640085474
96,2026-05-30,25211144,64173668.83927555,65175117.75616315,1001448.9168876059
96,2026-05-30,25211202,42097824.04483123,44633598.196142,2535774.1513107675
96,2026-05-30,25211355,26379316.923922766,28198202.357267894,1818885.4333451302
96,2026-05-30,25211531,32457415.07868124,33929458.54685188,1472043.4681706375
96,2026-05-30,25211591,28883149.03404728,29453830.688214082,570681.6541668002
96,2026-05-31,25211884,55672450.85974467,57572618.6870277,1900167.827283033
96,2026-05-31,25211944,14940827.145865751,15197610.204445451,256783.0585797003
96,2026-05-31,25212031,28451429.135124557,28631265.44411161,179836.30898705483
96,2026-05-31,25212114,33519356.750751052,34696573.34728769,1177216.5965366415
96,2026-05-31,25212536,37668428.71131464,38581941.46079513,913512.7494804846
96,2026-05-31,25212546,17839464.6769396,18003173.14872414,163708.47178453856
96,2026-05-31,25212634,27644337.260073926,28350192.50055629,705855.2404823626
96,2026-05-31,25212734,21404635.947889667,21615023.20487855,210387.25698888168
96,2026-05-31,25212769,26497712.68207649,26659891.81239857,162179.1303220799
96,2026-05-31,25213205,16649333.126676705,16843421.738720708,194088.61204400213
96,2026-05-31,25213233,14066341.608783541,14713090.030921096,646748.422137555
96,2026-05-31,25213637,29913601.00167869,31779857.09105993,1866256.0893812422
96,2026-05-31,25213644,31578115.748432186,35919450.830446884,4341335.082014697
96,2026-05-31,25213853,43537757.35532414,44359810.79877962,822053.4434554792
96,2026-05-31,25214101,50699674.20625825,51762904.46537751,1063230.2591192587
96,2026-05-31,25214106,40756312.00140812,42581432.450198315,1825120.448790195
96,2026-05-31,25214138,58451478.206497155,60469619.63119645,2018141.424699289
96,2026-05-31,25214266,37267908.877062745,39368860.51094164,2100951.6338789007
96,2026-05-31,25214452,11676236.290727075,11803780.867788516,127544.5770614397
96,2026-05-31,25214735,30056536.61962138,31015596.771548294,959060.1519269093
96,2026-05-31,25214811,30459467.024734657,31533995.25274807,1074528.2280134116
96,2026-05-31,25214948,79188019.77203915,81583381.55932987,2395361.7872907287
96,2026-05-31,25215022,38583101.75242722,39346271.212767504,763169.4603402793
96,2026-05-31,25215177,54080376.798765,55520479.07646746,1440102.2777024545
96,2026-05-31,25215284,29849399.76031301,31354793.808292143,1505394.0479791302
96,2026-05-31,25215341,53990345.50777923,55884404.65100549,1894059.1432262608
96,2026-05-31,25215362,9003944.327774797,9043426.046825012,39481.719050215586
96,2026-05-31,25215472,36625040.708133444,37228542.84861353,603502.1404800927
96,2026-05-31,25215513,53614366.55786463,55627736.06506972,2013369.5072050912
96,2026-05-31,25215520,48441063.08816723,50111689.59175209,1670626.503584864
96,2026-05-31,25215557,79308372.02822196,79454478.21210441,146106.18388245406
96,2026-05-31,25216111,58082614.12857614,60896765.682257496,2814151.5536813545
96,2026-05-31,25216192,31864709.132376175,32867647.726896476,1002938.5945202993
96,2026-05-31,25216411,65239865.42241576,65773049.21841445,533183.7959986823
96,2026-05-31,25216459,68560320.09953298,72046678.02061799,3486357.921085008
96,2026-05-31,25217001,49169843.403470755,52098172.67432893,2928329.2708581807
96,2026-05-31,25217031,49527704.97607217,52552193.69587732,3024488.719805153
96,2026-05-31,25217046,62584020.742358185,64882576.66791249,2298555.925554308
96,2026-05-31,25217201,52407363.276808724,54110064.65007275,1702701.3732640336
96,2026-05-31,25217280,44958708.648742124,45301571.72927452,342863.0805323934
96,2026-05-31,25217328,33994443.97011864,36521339.96331105,2526895.9931924017
96,2026-05-31,25217372,54892543.300567806,57266894.33967431,2374351.0391064975
96,2026-05-31,25217405,21480684.05015024,24890073.29386112,3409389.243710879
96,2026-05-31,25217577,53239067.40879004,55269358.30404076,2030290.8952507155
96,2026-05-31,25217841,1942074.2661224916,1961409.3487060282,19335.082583536685
96,2026-05-31,25218043,30223438.07121083,30824000.35496832,600562.2837574892
96,2026-05-31,25218120,53847471.7309099,56798925.25258814,2951453.5216782424
96,2026-05-31,25218327,32118469.378402337,32981089.60953915,862620.231136814
96,2026-05-31,25218541,34395931.38455222,36612630.924209304,2216699.539657086
96,2026-05-31,25218681,32153010.723133978,33150430.29734202,997419.5742080415
