replication,floor_rate,m_data_block
0,40,1.5596473555660468
0,50,1.7452173280437915
0,64,2.180039613829067
0,65,2.2237272801141175
0,66,2.269526793673684
0,67,2.317396903947521
0,68,2.3670127571459925
0,69,2.418378744949809
0,70,2.471080232513141
0,71,2.52467738833448
0,72,2.5791560585031803
0,73,2.634613169550029
0,74,2.690933048034044
0,75,2.7482459364058425
0,76,2.8065314536101114
0,77,2.8657801738607787
0,78,2.925891635207659
0,79,2.986949754817757
0,80,3.049007802612045
0,81,3.1122358266433676
0,82,3.176783791726182
0,83,3.2425435261989453
0,84,3.3092543904651768
0,85,3.3768487780113547
0,86,3.4453552443369535
0,87,3.5147811890002774
0,88,3.585106010376543
0,89,3.6564274427717773
0,90,3.7287538614273315
0,91,3.8022240821323523
0,92,3.8768312958090325
0,93,3.952494812637195
0,94,4.029076215506962
0,95,4.106545779340759
0,96,4.184903728914833
1,40,1.611633212232739
1,50,1.7763992129187542
1,64,2.1514492735972373
1,65,2.1893089741689855
1,66,2.2289558234063827
1,67,2.270428585746071
1,68,2.3135505022738516
1,69,2.358439388916594
1,70,2.4045555256976963
1,71,2.4515354058808447
1,72,2.4993712881474677
1,73,2.548080315697726
1,74,2.5978499335426526
1,75,2.6486667991820214
1,76,2.7004990124613
1,77,2.7532680989339147
1,78,2.806907345497981
1,79,2.8614795245050004
1,80,2.9169685268822603
1,81,2.9734047033964366
1,82,3.0310274742769137
1,83,3.0897212831787577
1,84,3.1493955920059404
1,85,3.210004648877459
1,86,3.271544074267333
1,87,3.3339446809696627
1,88,3.3972148122678165
1,89,3.461407877468803
1,90,3.5267159920303772
1,91,3.5932271891113845
1,92,3.6608782440262124
1,93,3.7295146964985166
1,94,3.7990429117267555
1,95,3.869456108039344
1,96,3.940879450870452
2,40,1.6137822293164326
2,50,1.781806127428432
2,64,2.169245877799035
2,65,2.2088492940836875
2,66,2.250545058897295
2,67,2.2945426719519375
2,68,2.341408969154545
2,69,2.390281546272365
2,70,2.440356622206115
2,71,2.491276836251863
2,72,2.543003962516991
2,73,2.595557801495773
2,74,2.6492761451825864
2,75,2.703986641283086
2,76,2.759647627458805
2,77,2.816381208343657
2,78,2.8739656388268915
2,79,2.9324222955512886
2,80,2.991831571098799
2,81,3.0523287763102367
2,82,3.114014779057703
2,83,3.1769268996792555
2,84,3.240741020785981
2,85,3.3053699716544545
2,86,3.3708817360675347
2,87,3.4373092605974738
2,88,3.5046218918234953
2,89,3.5728306487225754
2,90,3.642011818911131
2,91,3.712223466300176
2,92,3.7835486937096903
2,93,3.855776672856562
2,94,3.9288620220953643
2,95,4.002936501548238
2,96,4.078117125227864
3,40,1.5788832341845487
3,50,1.7523470713270661
3,64,2.1489804814865896
3,65,2.189053222358325
3,66,2.23108799101904
3,67,2.2750452800652265
3,68,2.3209968850650107
3,69,2.36911322318581
3,70,2.419077125161299
3,71,2.4699468879361577
3,72,2.5216552765963693
3,73,2.574119681839374
3,74,2.6274412022944817
3,75,2.6816890074831816
3,76,2.736857433051288
3,77,2.793000845831758
3,78,2.8499576248790395
3,79,2.907777045104838
3,80,2.9666474723063647
3,81,3.026647966016814
3,82,3.087866374939547
3,83,3.150105102991878
3,84,3.213179132418624
3,85,3.277057408221292
3,86,3.341791603991738
3,87,3.4073805808023163
3,88,3.4737729004844926
3,89,3.5411079005439334
3,90,3.609494068427966
3,91,3.679009464533726
3,92,3.74966462100621
3,93,3.82129363159845
3,94,3.8938101736065147
3,95,3.9672515317309456
3,96,4.041717203061523
4,40,1.6000121539222327
4,50,1.7687732717333677
4,64,2.15745722798314
4,65,2.198293658755291
4,66,2.241029319477144
4,67,2.2855257609974218
4,68,2.331717775511738
4,69,2.3797971670919447
4,70,2.4293028406452204
4,71,2.4797823953023204
4,72,2.530996662775682
4,73,2.582957600232681
4,74,2.6358808926659028
4,75,2.689750848776436
4,76,2.744550999454657
4,77,2.800383955193364
4,78,2.857055205500912
4,79,2.914588436622704
4,80,2.973073822429651
4,81,3.0325811742667383
4,82,3.0932628373299296
4,83,3.155042584467248
4,84,3.2177450844524653
4,85,3.2812819723239213
4,86,3.3457086155961537
4,87,3.411089103873939
4,88,3.477298095141824
4,89,3.54443158505057
4,90,3.6125809371900375
4,91,3.6818553934002267
4,92,3.7523076212560973
4,93,3.823861309548251
4,94,3.8963390963770195
4,95,3.969643237626635
4,96,4.043876116133141
5,40,1.5919580114450054
5,50,1.7639454754297825
5,64,2.1577077220785337
5,65,2.1971031046810845
5,66,2.2383629529737186
5,67,2.2814728333367067
5,68,2.32688324048462
5,69,2.3740329796820623
5,70,2.42270675920334
5,71,2.4722875217238816
5,72,2.522650953426575
5,73,2.5737654228510225
5,74,2.6258316908492105
5,75,2.678822851616603
5,76,2.7326817070132527
5,77,2.787570038833698
5,78,2.8433044444765274
5,79,2.8998366825993163
5,80,2.957330690273245
5,81,3.0158916570874483
5,82,3.0755524748809067
5,83,3.136228239414619
5,84,3.1977985742874537
5,85,3.26016109557843
5,86,3.3233769843815772
5,87,3.387390078202689
5,88,3.4522028842488153
5,89,3.517885346692193
5,90,3.584543416863358
5,91,3.6522376441874034
5,92,3.721152747604961
5,93,3.7911262921526676
5,94,3.8620360062782075
5,95,3.9337929885137344
5,96,4.006481519932552
6,40,1.561174663214509
6,50,1.7478164709412656
6,64,2.1640147381690675
6,65,2.205869070709947
6,66,2.2498538116952025
6,67,2.2957015547205675
6,68,2.3434325367072413
6,69,2.393187734472492
6,70,2.444705682425782
6,71,2.497377600017958
6,72,2.5508944901482473
6,73,2.605150906700125
6,74,2.660287645593248
6,75,2.7164617282231314
6,76,2.773767043186866
6,77,2.832002222383561
6,78,2.891143192796073
6,79,2.951276714309294
6,80,3.0125052417944342
6,81,3.0747964710973
6,82,3.1382325861911142
6,83,3.2027073235054697
6,84,3.268079681812681
6,85,3.3342649942314733
6,86,3.401335274459032
6,87,3.469250748813705
6,88,3.537994406324421
6,89,3.60768363875009
6,90,3.6784099447732634
6,91,3.750334341590573
6,92,3.8235165678879697
6,93,3.897767277804336
6,94,3.9729454210575827
6,95,4.048997368827771
6,96,4.126004911352239
7,40,1.5652936257770298
7,50,1.7505110536243422
7,64,2.163389408943166
7,65,2.203792314851165
7,66,2.245952835924067
7,67,2.2899849258245637
7,68,2.3359679043622563
7,69,2.3836742709158583
7,70,2.4333927772831783
7,71,2.4842355093989985
7,72,2.53591519918995
7,73,2.588387351106427
7,74,2.641766526151218
7,75,2.6961739462876855
7,76,2.7515798923027495
7,77,2.807886697124703
7,78,2.8650718987076553
7,79,2.923092687134261
7,80,2.9820876452053238
7,81,3.042140608278385
7,82,3.103286513465288
7,83,3.1654783968630475
7,84,3.2286937241484317
7,85,3.2927199479377904
7,86,3.357598075146346
7,87,3.423286834144286
7,88,3.4898232612036617
7,89,3.557197304498424
7,90,3.625563081417334
7,91,3.6950019176281907
7,92,3.765552196991449
7,93,3.837009748710799
7,94,3.909322337512343
7,95,3.9824638711989646
7,96,4.056621468793907
8,40,1.5578424633555832
8,50,1.7451851995298455
8,64,2.166797353259574
8,65,2.2087737649627015
8,66,2.25256911337224
8,67,2.2983026873376278
8,68,2.345836515860791
8,69,2.395143492794658
8,70,2.4454927178530856
8,71,2.496550752909151
8,72,2.548303181712178
8,73,2.600864289266317
8,74,2.654342629541558
8,75,2.7087568296791384
8,76,2.764176098514249
8,77,2.820655575997696
8,78,2.8779912070353033
8,79,2.9361633248875627
8,80,2.9952587693756803
8,81,3.0554090148898396
8,82,3.1168915657764065
8,83,3.179530442455677
8,84,3.2429935519750757
8,85,3.3072100656332006
8,86,3.372224962324477
8,87,3.43822550994465
8,88,3.505067476131835
8,89,3.5728131448853424
8,90,3.641541775136167
8,91,3.711374949032875
8,92,3.7824157995842915
8,93,3.8544528555479527
8,94,3.927447971663466
8,95,4.001311442132728
8,96,4.076055602454616
9,40,1.5835473327623455
9,50,1.7613391091854533
9,64,2.1494895504993474
9,65,2.1877436473129945
9,66,2.227683592441831
9,67,2.2692609785515514
9,68,2.31291617414744
9,69,2.358848480665828
9,70,2.4066305490039963
9,71,2.4553247138688157
9,72,2.5047439856322815
9,73,2.5550581133052446
9,74,2.606424838063789
9,75,2.6586874993467937
9,76,2.711928551795104
9,77,2.766199662195808
9,78,2.8213380606302882
9,79,2.8773279991825653
9,80,2.9343683659855415
9,81,2.992415559878177
9,82,3.0515592709083865
9,83,3.1118340101947
9,84,3.173039346422513
9,85,3.235052868524149
9,86,3.297901269938495
9,87,3.3616494373368906
9,88,3.4262067812025907
9,89,3.491668692004276
9,90,3.558142728562102
9,91,3.625801697200621
9,92,3.6946600968999967
9,93,3.764543883521668
9,94,3.8352904264801904
9,95,3.906986706158885
9,96,3.9798338705380494
10,40,1.5709730962218051
10,50,1.7540526682890818
10,64,2.153985887808173
10,65,2.1930523389418064
10,66,2.2339148141628993
10,67,2.2763449948295102
10,68,2.3206558491038938
10,69,2.366829122401797
10,70,2.414531980932736
10,71,2.4630378459349322
10,72,2.51221709777165
10,73,2.5621882552875417
10,74,2.6130829860646845
10,75,2.6649921522029665
10,76,2.717794309036643
10,77,2.7714745090911284
10,78,2.826069174793556
10,79,2.881588221851361
10,80,2.938104414088511
10,81,2.99575630894193
10,82,3.0546765077297477
10,83,3.1146693331833912
10,84,3.1755549137791936
10,85,3.237364183827399
10,86,3.30006352452099
10,87,3.3636016049094573
10,88,3.4279657651982047
10,89,3.4932672245268637
10,90,3.5595950828118594
10,91,3.6269535539779243
10,92,3.6954433607646324
10,93,3.7649032391316566
10,94,3.8352952550882544
10,95,3.9066501404260956
10,96,3.979168043885015
11,40,1.6317970809903573
11,50,1.7898772722846639
11,64,2.161195737322564
11,65,2.1992959152073173
11,66,2.2396783623696166
11,67,2.281944999337529
11,68,2.3259157583075334
11,69,2.371796856968068
11,70,2.4190685890764687
11,71,2.4671423152015115
11,72,2.5158611158522897
11,73,2.5654994121604924
11,74,2.6163524175568957
11,75,2.6683517952642237
11,76,2.721359207691232
11,77,2.77535663169462
11,78,2.8303125916328034
11,79,2.88611435031952
11,80,2.942946430147422
11,81,3.0009236549548857
11,82,3.060202986688042
11,83,3.1206139488472555
11,84,3.1819594994037494
11,85,3.2441747053103924
11,86,3.307274239920372
11,87,3.3713379541497677
11,88,3.4363243711221627
11,89,3.502251052000156
11,90,3.569223563705835
11,91,3.6374856152156303
11,92,3.706882292449305
11,93,3.7773431750107616
11,94,3.8487631420603297
11,95,3.921060331782285
11,96,3.994379067582762
12,40,1.575811230008921
12,50,1.75391798255662
12,64,2.1542267569668825
12,65,2.1940659421222533
12,66,2.2357732213182686
12,67,2.2793414444792903
12,68,2.3252585822026592
12,69,2.373372536961662
12,70,2.422885792065684
12,71,2.473307058876085
12,72,2.5245530020068587
12,73,2.5765560094370556
12,74,2.6295024979997104
12,75,2.683371818777403
12,76,2.7381320836894645
12,77,2.793805621237354
12,78,2.850370601214154
12,79,2.907807460880141
12,80,2.966145421012303
12,81,3.025558052909563
12,82,3.0860912781683716
12,83,3.147621282592858
12,84,3.2100213554800145
12,85,3.2732786995904215
12,86,3.337386839959061
12,87,3.4023139463902443
12,88,3.4681277445005656
12,89,3.5349189470792353
12,90,3.6027513373952536
12,91,3.671585395778313
12,92,3.741502316596034
12,93,3.8123910434387076
12,94,3.884176925391274
12,95,3.956874996356931
12,96,4.0306241878701545
13,40,1.6143764896815727
13,50,1.777699973670515
13,64,2.164602363614868
13,65,2.20397233223265
13,66,2.245221218959516
13,67,2.288213079792892
13,68,2.3330299525086757
13,69,2.379871010010535
13,70,2.4280944886628912
13,71,2.477254551930675
13,72,2.5270753972032387
13,73,2.5777015633288665
13,74,2.6292876721323
13,75,2.681959850718576
13,76,2.7356559842811823
13,77,2.7903469248262187
13,78,2.845908730830544
13,79,2.9023762677025995
13,80,2.959890104731281
13,81,3.018511508413341
13,82,3.0783867756861336
13,83,3.139339245950855
13,84,3.201149980273849
13,85,3.26377299355953
13,86,3.3273255368714247
13,87,3.3918361857083275
13,88,3.457232939577766
13,89,3.523534745562598
13,90,3.5908096069575848
13,91,3.659254326558564
13,92,3.7289600383784283
13,93,3.7996888558512225
13,94,3.871272906544469
13,95,3.943734545376967
13,96,4.017163162720157
14,40,1.5835791238968404
14,50,1.7650288782146575
14,64,2.1646466975980614
14,65,2.2046523427693265
14,66,2.2462789298241495
14,67,2.2896055770531163
14,68,2.3346979886025587
14,69,2.3817017273444234
14,70,2.4300617760633743
14,71,2.479182044710035
14,72,2.5288353862347286
14,73,2.5791909615335515
14,74,2.630467133264613
14,75,2.6826254238827145
14,76,2.735691562424962
14,77,2.789735973411384
14,78,2.8445842119007656
14,79,2.9002123728755524
14,80,2.956746652658694
14,81,3.0143114249826857
14,82,3.0730301725580897
14,83,3.132756912695268
14,84,3.1933613009824824
14,85,3.2547892587150997
14,86,3.317039259369197
14,87,3.3801691489590864
14,88,3.4441054922337404
14,89,3.5088756719635485
14,90,3.5746490570633966
14,91,3.641448738742703
14,92,3.709448948454256
14,93,3.778483607786632
14,94,3.848430887975347
14,95,3.919202029322536
14,96,3.99084971983529
15,40,1.5829221256962582
15,50,1.7601691137868603
15,64,2.168884408787784
15,65,2.210568612317724
15,66,2.2541922546321467
15,67,2.2998861633077383
15,68,2.3478337241218283
15,69,2.39796989534995
15,70,2.449551860721195
15,71,2.501960739377712
15,72,2.555031815387108
15,73,2.6089696886510607
15,74,2.6638947870681866
15,75,2.719806821147364
15,76,2.7767034008030627
15,77,2.834718891877173
15,78,2.8936569677862387
15,79,2.9534687260636034
15,80,3.014172106379445
15,81,3.075875832689383
15,82,3.1387673887762677
15,83,3.2027541058190776
15,84,3.267700925465835
15,85,3.3334845683799363
15,86,3.40017062887485
15,87,3.467687754448022
15,88,3.5360503703306136
15,89,3.605275632962221
15,90,3.675530044743973
15,91,3.7468582748954007
15,92,3.8193961525897535
15,93,3.8929699374128313
15,94,3.96745958618424
15,95,4.0428409518671655
15,96,4.119192548129973
16,40,1.5817388157966261
16,50,1.7667958383079132
16,64,2.1772494232757773
16,65,2.218696233573063
16,66,2.2620275600940642
16,67,2.3073682886760594
16,68,2.3546990212922205
16,69,2.404086197391615
16,70,2.4550963845677445
16,71,2.5070221370514765
16,72,2.559733744951213
16,73,2.613319063024518
16,74,2.6677653448974548
16,75,2.723045268439189
16,76,2.7791662172603395
16,77,2.8362152754941974
16,78,2.894054300734719
16,79,2.952745007668404
16,80,3.012329119710939
16,81,3.0729792888174927
16,82,3.1347878553309814
16,83,3.197643457518064
16,84,3.261422274712289
16,85,3.3259986219701103
16,86,3.3914895006772374
16,87,3.457959140535904
16,88,3.525320425580478
16,89,3.5935609963177386
16,90,3.6628956172368223
16,91,3.733302236146339
16,92,3.8048544689039314
16,93,3.8774467077827186
16,94,3.9509346187337275
16,95,4.0253047524711505
16,96,4.100646697992785
17,40,1.5870858698266639
17,50,1.7630817395109606
17,64,2.1521365615210915
17,65,2.191225347566801
17,66,2.2323749792975516
17,67,2.2754483133715317
17,68,2.320765544118501
17,69,2.367990727267088
17,70,2.416782012877658
17,71,2.4664841394845456
17,72,2.517085976692327
17,73,2.5685771293273314
17,74,2.621019148022567
17,75,2.6744208079867593
17,76,2.7287380701466453
17,77,2.784061010930383
17,78,2.840256405125959
17,79,2.897283000186132
17,80,2.9552947404354684
17,81,3.0143000901125827
17,82,3.0744361224496863
17,83,3.1356341593364316
17,84,3.1976881818663005
17,85,3.2605141007558256
17,86,3.3242172406181982
17,87,3.388853607682949
17,88,3.4543267186355857
17,89,3.5206926653242157
17,90,3.5880176612343266
17,91,3.656577626643563
17,92,3.7264959951462684
17,93,3.7974393212533712
17,94,3.869301892103235
17,95,3.942090743466837
17,96,4.015958567820903
18,40,1.581951540868821
18,50,1.7657968979594365
18,64,2.1640813462719337
18,65,2.204386058301238
18,66,2.246643201014137
18,67,2.291101888841435
18,68,2.3380036972380025
18,69,2.3869401024367587
18,70,2.4377113887707966
18,71,2.4894643618475683
18,72,2.5419304788573105
18,73,2.5950959411969494
18,74,2.64914079039065
18,75,2.7040979048218388
18,76,2.760013081235331
18,77,2.8168395901851944
18,78,2.8744735993214743
18,79,2.9330767238259403
18,80,2.992635508331575
18,81,3.053150136408903
18,82,3.114790639306315
18,83,3.1773528295896196
18,84,3.2407187743462558
18,85,3.304859593257439
18,86,3.369807479596244
18,87,3.435611694901147
18,88,3.5023055494222186
18,89,3.5699045118181685
18,90,3.6384461432601993
18,91,3.70806159880698
18,92,3.7787653798308423
18,93,3.850463576613258
18,94,3.9229677377000223
18,95,3.9963187700252956
18,96,4.070629018383926
19,40,1.5750310529743554
19,50,1.7544882243370694
19,64,2.1547767810997263
19,65,2.194733194310363
19,66,2.2368465148450523
19,67,2.2809292824550287
19,68,2.3268440836837723
19,69,2.3747205069874764
19,70,2.4239599633489775
19,71,2.4739553928491222
19,72,2.524587565401017
19,73,2.5760526011965443
19,74,2.628538912180181
19,75,2.6820874317541983
19,76,2.7366974483197817
19,77,2.79240498776242
19,78,2.849067281304645
19,79,2.9066688228405173
19,80,2.9653355835083026
19,81,3.025046095211942
19,82,3.085892565903325
19,83,3.1478741165178583
19,84,3.2107035714595753
19,85,3.2743566973724594
19,86,3.3388650331143293
19,87,3.4042799055063133
19,88,3.470531551918236
19,89,3.537715672885108
19,90,3.605946540724398
19,91,3.675306760959967
19,92,3.7458592526588577
19,93,3.8174561899489117
19,94,3.8900650565398385
19,95,3.963601107401124
19,96,4.03819766568984
20,40,1.6207703223544987
20,50,1.7865171209624229
20,64,2.1616366207693667
20,65,2.1993087076342626
20,66,2.2389926685096517
20,67,2.28031943910627
20,68,2.323749578654208
20,69,2.3692131210245533
20,70,2.4159968389928843
20,71,2.4635038661431303
20,72,2.5116395167222905
20,73,2.560553881551644
20,74,2.610363337230801
20,75,2.661056703960818
20,76,2.71276592524132
20,77,2.765544738947027
20,78,2.8191257828268825
20,79,2.873504234742045
20,80,2.9287562627900363
20,81,2.985018892192055
20,82,3.0424248995419134
20,83,3.100970994769268
20,84,3.1604309076081334
20,85,3.2207488649873808
20,86,3.281971566201568
20,87,3.344110390686333
20,88,3.407114334019793
20,89,3.471047322987804
20,90,3.536018282632483
20,91,3.602095007406782
20,92,3.6695000855502853
20,93,3.7379503268058554
20,94,3.807197782466318
20,95,3.877308011538389
20,96,3.94829316773438
21,40,1.5618097479575854
21,50,1.748099740321127
21,64,2.157357920085962
21,65,2.1979795293466093
21,66,2.2401695553908705
21,67,2.28398281669539
21,68,2.329729803382812
21,69,2.377202494647908
21,70,2.4257747419663835
21,71,2.4750971881497987
21,72,2.525211623398093
21,73,2.5761441110674506
21,74,2.627971394169585
21,75,2.680767506447224
21,76,2.734478678922377
21,77,2.7891267876664543
21,78,2.844548797369229
21,79,2.9007899047883994
21,80,2.9579445941520546
21,81,3.0161528309140673
21,82,3.0754445196872005
21,83,3.135809550735788
21,84,3.1972592084871865
21,85,3.2595780375299803
21,86,3.3227914969738466
21,87,3.3868337335695955
21,88,3.451730198930091
21,89,3.5175265240721743
21,90,3.584414673872203
21,91,3.6523292380339534
21,92,3.7213541328778525
21,93,3.791397128785974
21,94,3.86233536169527
21,95,3.9341798412513214
21,96,4.007022250149194
22,40,1.5905155359181393
22,50,1.7632097451084967
22,64,2.1577472600563863
22,65,2.196390140457769
22,66,2.2370218918515694
22,67,2.279371685048642
22,68,2.3238616679664723
22,69,2.3703450913806354
22,70,2.4178789680394175
22,71,2.46612087010885
22,72,2.515151483698836
22,73,2.564976542247565
22,74,2.6157823237998907
22,75,2.6675663117667225
22,76,2.7203568034406604
22,77,2.774145330892809
22,78,2.828823381215779
22,79,2.884419166794163
22,80,2.940936994484104
22,81,2.9985071070466067
22,82,3.0572943356384217
22,83,3.1171511072761766
22,84,3.1779426701245748
22,85,3.239603635880024
22,86,3.3021508347614787
22,87,3.365603651705814
22,88,3.429891031615152
22,89,3.495072877818566
22,90,3.561267990837623
22,91,3.628474277741782
22,92,3.69675053172508
22,93,3.766009581443053
22,94,3.836177293290266
22,95,3.907237480549629
22,96,3.9793244627361624
23,40,1.609267863702506
23,50,1.7736995640102526
23,64,2.1623279490098017
23,65,2.2014023408275083
23,66,2.2423159587041384
23,67,2.2847821880341974
23,68,2.3286638805990103
23,69,2.3742975979495964
23,70,2.4213661124872634
23,71,2.469373759440558
23,72,2.518151876604425
23,73,2.5678121888665926
23,74,2.618518741276525
23,75,2.670155687319179
23,76,2.722805300603566
23,77,2.7766038307406924
23,78,2.8313090918325283
23,79,2.8869532546140055
23,80,2.9436084459758507
23,81,3.0012723590027295
23,82,3.0600870708357566
23,83,3.120091268099844
23,84,3.18113692045241
23,85,3.2430600880259615
23,86,3.305821413509917
23,87,3.3694405904827502
23,88,3.4339604279613303
23,89,3.4994596166001806
23,90,3.5658997908914203
23,91,3.6333969837103477
23,92,3.702079655581355
23,93,3.771813441014884
23,94,3.8424915858054236
23,95,3.914138715041947
23,96,3.9868606065351453
24,40,1.5919645663032902
24,50,1.763895738384778
24,64,2.155922404401383
24,65,2.1954871895151786
24,66,2.2370177048202646
24,67,2.280318108399984
24,68,2.3254390335452113
24,69,2.372540167571526
24,70,2.421102779166487
24,71,2.470595260505047
24,72,2.5208152002892854
24,73,2.5718300628545574
24,74,2.623933889022384
24,75,2.6770904895557193
24,76,2.731237753297097
24,77,2.786486936599437
24,78,2.8426781618691574
24,79,2.89975356922111
24,80,2.9578119714147397
24,81,3.017029125446716
24,82,3.077453738945998
24,83,3.139087391186428
24,84,3.2016417395741215
24,85,3.2650334685686544
24,86,3.3293309925839685
24,87,3.3945388150198337
24,88,3.4606116244097205
24,89,3.527623633032187
24,90,3.595657239559365
24,91,3.6648589245940486
24,92,3.735115010138215
24,93,3.8064187675037076
24,94,3.8786533115282094
24,95,3.951751014685227
24,96,4.025810617186851
25,40,1.5918662589929227
25,50,1.7628302401612166
25,64,2.1608537422156746
25,65,2.2009428534802433
25,66,2.2432303978969816
25,67,2.2874193024548393
25,68,2.3334222749356126
25,69,2.3814133447479247
25,70,2.4309339660176614
25,71,2.4813477622171365
25,72,2.532452374479537
25,73,2.5842764048890308
25,74,2.6371104580982263
25,75,2.691053267164772
25,76,2.7460727812815913
25,77,2.8021329223608142
25,78,2.8591003721741703
25,79,2.9169913906029157
25,80,2.97580703376024
25,81,3.0356651240795633
25,82,3.096821005743253
25,83,3.1590667788233784
25,84,3.2221800332747335
25,85,3.2860864299791483
25,86,3.3508428020520635
25,87,3.4164533681925633
25,88,3.4828755060457404
25,89,3.550236471633782
25,90,3.618593528950817
25,91,3.6880778427640815
25,92,3.7587861868938868
25,93,3.8305604439947034
25,94,3.903289780410751
25,95,3.9768977886123893
25,96,4.051519106231232
26,40,1.554265637108841
26,50,1.7443437465027287
26,64,2.162612932720152
26,65,2.203993379118999
26,66,2.247442398537083
26,67,2.2929388098584034
26,68,2.3406592457598894
26,69,2.3905899460099453
26,70,2.441894880371544
26,71,2.4940426004983935
26,72,2.5471812819339776
26,73,2.6011877116178614
26,74,2.6561252495873497
26,75,2.7120443359329736
26,76,2.768897772270608
26,77,2.826638089034263
26,78,2.885140707513553
26,79,2.9445079614346334
26,80,3.0048703822714806
26,81,3.0663701944607684
26,82,3.12910131202673
26,83,3.192960820090162
26,84,3.2577247072070272
26,85,3.32332131130868
26,86,3.3897967194138787
26,87,3.4571353107751035
26,88,3.5253368024492104
26,89,3.5944848951024726
26,90,3.664622755704701
26,91,3.735820417262219
26,92,3.808099481355348
26,93,3.8814251738698697
26,94,3.9556800172932562
26,95,4.030811042099877
26,96,4.106921345751536
27,40,1.5883654342836904
27,50,1.7685981052348543
27,64,2.1555231293166144
27,65,2.1930219205013888
27,66,2.232532510936286
27,67,2.273889621825991
27,68,2.317583305817979
27,69,2.363355032608861
27,70,2.410851163381022
27,71,2.4592795191751238
27,72,2.5083740209235024
27,73,2.558305202108252
27,74,2.6092593647689313
27,75,2.6611743689967233
27,76,2.7140307384366302
27,77,2.7678498027478016
27,78,2.8225388811112144
27,79,2.8780419570778495
27,80,2.934348137899607
27,81,2.9916706466543133
27,82,3.0501452948360845
27,83,3.1096935299710586
27,84,3.1702140802572796
27,85,3.2315648408548108
27,86,3.293791098693741
27,87,3.356894727971298
27,88,3.4208842812385827
27,89,3.485843204476285
27,90,3.551832025712155
27,91,3.6188414034611887
27,92,3.687048591881371
27,93,3.7563056868645357
27,94,3.8265320047612885
27,95,3.8976960659175366
27,96,3.9699272334767715
28,40,1.5872929317032145
28,50,1.7678630739202932
28,64,2.174567457983349
28,65,2.214561942591161
28,66,2.256510929204545
28,67,2.3006949991261703
28,68,2.3469338553176153
28,69,2.395405776340403
28,70,2.445559312543297
28,71,2.4966651382710507
28,72,2.548681187344795
28,73,2.6016525287660475
28,74,2.6558168876222057
28,75,2.710997076356344
28,76,2.7671707623552764
28,77,2.824388411946111
28,78,2.8825282238728094
28,79,2.9416678660648437
28,80,3.001894262586555
28,81,3.0632317902512822
28,82,3.125898619384709
28,83,3.189704382002099
28,84,3.254346974041514
28,85,3.3198100656849716
28,86,3.3861984538351173
28,87,3.4534718680855025
28,88,3.521619227711226
28,89,3.590673113130288
28,90,3.660675459833386
28,91,3.7318155976154577
28,92,3.8040473943523505
28,93,3.8772729342932624
28,94,3.951404626654406
28,95,4.0263935726906865
28,96,4.1023396300577275
29,40,1.5909680853981827
29,50,1.7622123847054563
29,64,2.159091206839405
29,65,2.2003186432136363
29,66,2.243469705303199
29,67,2.288482318206778
29,68,2.334912380625166
29,69,2.3826381096412783
29,70,2.43133993115025
29,71,2.480811536849756
29,72,2.5311620728481667
29,73,2.5825068126903385
29,74,2.634766390942401
29,75,2.6879989867211473
29,76,2.7422429476876595
29,77,2.797480635306909
29,78,2.853578863142791
29,79,2.9105502678386834
29,80,2.9685511375781233
29,81,3.027665532258945
29,82,3.0878872844009706
29,83,3.149220562644608
29,84,3.2115030008359313
29,85,3.2746695434386073
29,86,3.338712420320802
29,87,3.4036731113040375
29,88,3.4695096736508466
29,89,3.5362447513537694
29,90,3.6039665198205366
29,91,3.6727376817974045
29,92,3.7427090930324582
29,93,3.8137400257654916
29,94,3.88567087446503
29,95,3.958501919594409
29,96,4.032386817861084
30,40,1.5623673640242688
30,50,1.7459638530844515
30,64,2.1549361860292584
30,65,2.195247239170516
30,66,2.2378986421371665
30,67,2.282756810710886
30,68,2.329412465629705
30,69,2.377807430188194
30,70,2.4276852699823714
30,71,2.478565361577591
30,72,2.5303203683121356
30,73,2.583061173370761
30,74,2.636892511251544
30,75,2.6918338697599533
30,76,2.7478183165405237
30,77,2.8047601425890734
30,78,2.8624994332135283
30,79,2.921148941147694
30,80,2.980719887677716
30,81,3.0413374005659266
30,82,3.1032048070853007
30,83,3.1661783757326276
30,84,3.2300493768326737
30,85,3.2947298531326865
30,86,3.360324978279392
30,87,3.426818873054085
30,88,3.494164828104717
30,89,3.562409408926027
30,90,3.6316443269770113
30,91,3.7019641826312144
30,92,3.7733801899222827
30,93,3.845851160219465
30,94,3.9192221167195394
30,95,3.993451761687009
30,96,4.068620167703122
31,40,1.617311791559044
31,50,1.7847722360940992
31,64,2.1714523816020344
31,65,2.210572896544603
31,66,2.2516239023414553
31,67,2.294745823206397
31,68,2.3400406111246
31,69,2.3872911650865762
31,70,2.435920034758467
31,71,2.4854467156158986
31,72,2.5357850483489495
31,73,2.5870563912879945
31,74,2.639364878426158
31,75,2.692656809023873
31,76,2.7468993760017946
31,77,2.8021916296030684
31,78,2.8584246897336505
31,79,2.9155799266140425
31,80,2.9737506142222303
31,81,3.033039859071266
31,82,3.0935537991575286
31,83,3.1552464093235457
31,84,3.2179814270216123
31,85,3.2816327589537915
31,86,3.3462768364025797
31,87,3.411824931752719
31,88,3.4782884476063294
31,89,3.5457481018850543
31,90,3.6142449638460095
31,91,3.6838620652128204
31,92,3.7545868878259165
31,93,3.8263736732086953
31,94,3.8991671840825903
31,95,3.972844245425662
31,96,4.047490526321702
32,40,1.5980829171778665
32,50,1.7722014703716222
32,64,2.17523822290059
32,65,2.2152077759535964
32,66,2.257079161925746
32,67,2.3007169387903845
32,68,2.3459951512415746
32,69,2.392932507134029
32,70,2.440733256640308
32,71,2.489266248296386
32,72,2.538585291054012
32,73,2.588788879724585
32,74,2.639950669409659
32,75,2.692080170493247
32,76,2.7452450130257353
32,77,2.7995000720562038
32,78,2.8546001376747454
32,79,2.9106932304524156
32,80,2.9678698594766315
32,81,3.026260199511372
32,82,3.085838687379077
32,83,3.1465299086192244
32,84,3.2082290357093877
32,85,3.270843193287648
32,86,3.3344152840843413
32,87,3.398869776243467
32,88,3.4641596154055785
32,89,3.5303914787634625
32,90,3.597686188652588
32,91,3.666090762421147
32,92,3.735673366090401
32,93,3.806377714055101
32,94,3.8779860647298117
32,95,3.950498440228145
32,96,4.023963190030251
33,40,1.591266754462604
33,50,1.7664397451712255
33,64,2.1636304240174136
33,65,2.203905825309903
33,66,2.2464573623885755
33,67,2.291108929847441
33,68,2.338749378614223
33,69,2.389128748119086
33,70,2.4408971989888197
33,71,2.4933966891889794
33,72,2.546609165849862
33,73,2.6007923655800993
33,74,2.6560858285838496
33,75,2.712383314786232
33,76,2.769653786288804
33,77,2.827919860700924
33,78,2.887034264160466
33,79,2.946994743265666
33,80,3.0078549027042034
33,81,3.069786202053038
33,82,3.1329422110546314
33,83,3.1971647752765726
33,84,3.2622379734818114
33,85,3.3281129267976586
33,86,3.394874911674651
33,87,3.462583839697264
33,88,3.5312076172737674
33,89,3.600776138428068
33,90,3.6714678356272747
33,91,3.7432838870982668
33,92,3.816262951375627
33,93,3.890222932559146
33,94,3.9651216913382
33,95,4.040876211046843
33,96,4.117527050800037
34,40,1.561454072227408
34,50,1.7472051582112285
34,64,2.1541068642428125
34,65,2.194379810302943
34,66,2.236551434926184
34,67,2.2805311483398585
34,68,2.3259407710635664
34,69,2.3729002195716147
34,70,2.4208749368625817
34,71,2.4695225786886033
34,72,2.5190531941475185
34,73,2.5696820151038846
34,74,2.6214135355221195
34,75,2.674134633821589
34,76,2.7278558159855266
34,77,2.782562171801829
34,78,2.838076663539937
34,79,2.8944474503760045
34,80,2.95177974435349
34,81,3.0101775821337227
34,82,3.069770648041583
34,83,3.1303829304852773
34,84,3.191857178535929
34,85,3.254235300602676
34,86,3.317543708392238
34,87,3.3817639710709466
34,88,3.446915719952413
34,89,3.5129885473966467
34,90,3.5800682045655323
34,91,3.6482031290440897
34,92,3.7174336905679652
34,93,3.78764633839411
34,94,3.8587392682420756
34,95,3.930703935993039
34,96,4.00367585600953
35,40,1.5833126257104964
35,50,1.7603812209801388
35,64,2.151079904195318
35,65,2.1897132996209994
35,66,2.230249742383032
35,67,2.272874116417557
35,68,2.317371734447113
35,69,2.3635219448832046
35,70,2.4110100979170244
35,71,2.4593449412690855
35,72,2.508344941785775
35,73,2.5580456916522887
35,74,2.608619586428071
35,75,2.660250833969839
35,76,2.7128248440569265
35,77,2.7663534309766002
35,78,2.8207338254407013
35,79,2.8759526998689804
35,80,2.932105740505551
35,81,2.989224562968963
35,82,3.047372274121357
35,83,3.1064963490719513
35,84,3.166455617983117
35,85,3.2272886794803215
35,86,3.2890512260567526
35,87,3.3516752343018017
35,88,3.415108785519874
35,89,3.479452746300193
35,90,3.5447779103698567
35,91,3.6110812471355587
35,92,3.6784714450388796
35,93,3.7468599887777483
35,94,3.816158400181723
35,95,3.8863505548095887
35,96,3.957545053522483
36,40,1.6211524828055204
36,50,1.7811232873817855
36,64,2.155386716633198
36,65,2.193838372397967
36,66,2.234178454416149
36,67,2.276619581980249
36,68,2.321002546669387
36,69,2.3672513192506557
36,70,2.4149650114349006
36,71,2.463595017674361
36,72,2.5129828103319314
36,73,2.5631351725982627
36,74,2.614375824082437
36,75,2.666758580766043
36,76,2.7202428523327766
36,77,2.7747948060435244
36,78,2.830233431515596
36,79,2.8866491966893837
36,80,2.9440848393193155
36,81,3.002623833994719
36,82,3.0624015783319636
36,83,3.123236504592626
36,84,3.184910813471345
36,85,3.24746024131424
36,86,3.3109252478472615
36,87,3.3753131568181836
36,88,3.4406197507163654
36,89,3.506829100652795
36,90,3.574021978786018
36,91,3.6423288933576066
36,92,3.71174049110025
36,93,3.7821687011181293
36,94,3.8535439252807953
36,95,3.9258226596066548
36,96,3.9989966729060606
37,40,1.5754551078227579
37,50,1.7526652609298332
37,64,2.1574457960806286
37,65,2.197915095843944
37,66,2.240462194452871
37,67,2.2850375086918584
37,68,2.332087025903887
37,69,2.3810958581760944
37,70,2.4315012544640524
37,71,2.482652585202012
37,72,2.5346486872950402
37,73,2.5875299347986513
37,74,2.6412712523467556
37,75,2.6959073652745396
37,76,2.7515100716892182
37,77,2.808111163680692
37,78,2.865541745618119
37,79,2.9238885598769997
37,80,2.98331890038246
37,81,3.043990332928818
37,82,3.1059992841373028
37,83,3.1692969267377387
37,84,3.233626902462354
37,85,3.2987930282686477
37,86,3.3648777984910927
37,87,3.4318835365571196
37,88,3.4997131687533884
37,89,3.5684071391923498
37,90,3.6381558946004064
37,91,3.70905522018526
37,92,3.781093464227297
37,93,3.854154296369824
37,94,3.9281094148553555
37,95,4.002928612383914
37,96,4.078675236420576
38,40,1.5663887090872055
38,50,1.7556506426131149
38,64,2.1741682674227825
38,65,2.215129403916495
38,66,2.257889594041831
38,67,2.302438219599971
38,68,2.3487447314783356
38,69,2.3972395427069446
38,70,2.4472649346959314
38,71,2.4982226194895496
38,72,2.5498300938291307
38,73,2.6022557718560786
38,74,2.6556793128415337
38,75,2.709986963300814
38,76,2.7653219841837453
38,77,2.8215945808125813
38,78,2.8786950534928666
38,79,2.936670663132708
38,80,2.995613490755305
38,81,3.0556196266385807
38,82,3.116795607972052
38,83,3.178962351124527
38,84,3.241990992995299
38,85,3.3058573186655074
38,86,3.370563843742668
38,87,3.436120708646036
38,88,3.502508173627402
38,89,3.5697724590155344
38,90,3.6380822614176003
38,91,3.707473064214778
38,92,3.7779884066103637
38,93,3.8495385718991395
38,94,3.9220409574930812
38,95,3.9954967875935186
38,96,4.070030864940349
39,40,1.589415877517908
39,50,1.7653330156793483
39,64,2.1674040659552354
39,65,2.207946807307886
39,66,2.2503944650967007
39,67,2.294591114497335
39,68,2.3404774652520537
39,69,2.388160980294728
39,70,2.436989186812172
39,71,2.4864962199009977
39,72,2.536851989394977
39,73,2.58807500451068
39,74,2.6403652356072715
39,75,2.6937808517767103
39,76,2.7481650628604513
39,77,2.803542211569703
39,78,2.859850205210163
39,79,2.9172024390421294
39,80,2.975573992054902
39,81,3.0349721901073576
39,82,3.0954435357553027
39,83,3.1569751173886877
39,84,3.2194222496025744
39,85,3.2827321055780123
39,86,3.34695601648627
39,87,3.412060439858546
39,88,3.4780389805130034
39,89,3.5449652998771257
39,90,3.6129423711739213
39,91,3.68198882322936
39,92,3.752129604950273
39,93,3.8232985790360328
39,94,3.8953775224580975
39,95,3.9683570060025657
39,96,4.042303265346276
40,40,1.6073605183609578
40,50,1.776429071602841
40,64,2.1589247983320017
40,65,2.197260909064458
40,66,2.2373010662187878
40,67,2.278972603538591
40,68,2.3223173834096396
40,69,2.3678706757328083
40,70,2.4147831800971407
40,71,2.4624611182969978
40,72,2.51083245391443
40,73,2.5599953940700604
40,74,2.6100868276582134
40,75,2.661097405491799
40,76,2.713005542433126
40,77,2.765779612622226
40,78,2.8194107328470763
40,79,2.8739657979249915
40,80,2.9295198014069004
40,81,2.986119593962623
40,82,3.043885872081214
40,83,3.102667848455454
40,84,3.1623631533198946
40,85,3.222864299576263
40,86,3.2842345501122683
40,87,3.3464665867776056
40,88,3.409551591324357
40,89,3.4735591827106145
40,90,3.5386828650192275
40,91,3.6048881291704307
40,92,3.6721721357035015
40,93,3.740491386210528
40,94,3.809774185578278
40,95,3.8800274403374555
40,96,3.951326196542821
41,40,1.595786038298752
41,50,1.7627093517479815
41,64,2.156306482179138
41,65,2.1969364136818657
41,66,2.2397775790302856
41,67,2.2845996779803768
41,68,2.331646317671247
41,69,2.3806530978134766
41,70,2.4310119054442056
41,71,2.482208404838222
41,72,2.5340337980248586
41,73,2.5865652064021427
41,74,2.640071836684497
41,75,2.6945407132621995
41,76,2.749993008417423
41,77,2.8064323716113324
41,78,2.8637173560688365
41,79,2.9218275375811054
41,80,2.9808679633250508
41,81,3.040945962493823
41,82,3.102334132687308
41,83,3.1646988837832595
41,84,3.227929158801728
41,85,3.2919466659161385
41,86,3.3568487126214195
41,87,3.422602419299923
41,88,3.4892317375017967
41,89,3.556761519251514
41,90,3.625286361013388
41,91,3.694929036336298
41,92,3.765802211133985
41,93,3.8376657963778964
41,94,3.9104016444965737
41,95,3.9840318795066483
41,96,4.058631874885801
42,40,1.546525475418885
42,50,1.7418551157964712
42,64,2.1704847659173474
42,65,2.21286017330718
42,66,2.2570991118036887
42,67,2.303260364883381
42,68,2.351352762159808
42,69,2.4010930304844003
42,70,2.4522516228410733
42,71,2.504339120226721
42,72,2.557087112005862
42,73,2.6105835621722395
42,74,2.6649880570162576
42,75,2.72033315185523
42,76,2.776632640249119
42,77,2.833897684689221
42,78,2.8920442646802655
42,79,2.951008027093315
42,80,3.0108617193468117
42,81,3.0717150222253498
42,82,3.133609522406318
42,83,3.196566109572605
42,84,3.260355877501734
42,85,3.3249432856073264
42,86,3.3903830707399605
42,87,3.4566708301969387
42,88,3.523763344302885
42,89,3.591728677599627
42,90,3.6606049334681074
42,91,3.7305681519004574
42,92,3.8015837885262647
42,93,3.87357605106449
42,94,3.9464208194871064
42,95,4.020126176013909
42,96,4.094859698827271
43,40,1.5757060146525113
43,50,1.757285605383964
43,64,2.1614842694252636
43,65,2.2013451236525126
43,66,2.243222774731101
43,67,2.286730429805533
43,68,2.3316942785127734
43,69,2.3782060722130414
43,70,2.425940905556391
43,71,2.4743402403103487
43,72,2.523407539615009
43,73,2.5733471221292654
43,74,2.6243492301954934
43,75,2.6764421451911904
43,76,2.7295298335181877
43,77,2.783640553055109
43,78,2.83868531281629
43,79,2.894673408674471
43,80,2.9516737684674563
43,81,3.009616314747384
43,82,3.0686935501865733
43,83,3.1288609029294485
43,84,3.189975033449757
43,85,3.251881257479953
43,86,3.314639279271935
43,87,3.378266224322717
43,88,3.442784386170262
43,89,3.5081702939084654
43,90,3.5745716901726077
43,91,3.6420858224102526
43,92,3.7107496741655233
43,93,3.7804362624752703
43,94,3.8510062822693327
43,95,3.9224492985662
43,96,3.9949119343433113
44,40,1.538742223271297
44,50,1.7384375460326795
44,64,2.168799336466915
44,65,2.210278541970954
44,66,2.2536038497077255
44,67,2.2988283567133596
44,68,2.3455980472112383
44,69,2.394061542281349
44,70,2.444126096222734
44,71,2.4950380221796764
44,72,2.546849495376351
44,73,2.5995027627227283
44,74,2.6531498857532174
44,75,2.707851506222017
44,76,2.763497919453579
44,77,2.820193120160943
44,78,2.877871198765166
44,79,2.936443078209594
44,80,2.995974042016869
44,81,3.0565830329237924
44,82,3.1184140034035126
44,83,3.181309492487065
44,84,3.2450564030674363
44,85,3.3096618514576033
44,86,3.3752102049450405
44,87,3.441672351287677
44,88,3.509030061067312
44,89,3.5773753169404676
44,90,3.6468539858826645
44,91,3.7173898500863554
44,92,3.7890093809273298
44,93,3.8616770795658955
44,94,3.9352936707412502
44,95,4.009834726524706
44,96,4.0853982453683235
45,40,1.6030338053191457
45,50,1.770671155725146
45,64,2.1523848716259484
45,65,2.1910841779872645
45,66,2.231862486271371
45,67,2.2744337619217543
45,68,2.318872771530425
45,69,2.365304283894866
45,70,2.413079760433786
45,71,2.46159560163849
45,72,2.5109399176222316
45,73,2.561290656453231
45,74,2.6126562905791446
45,75,2.6649595116877944
45,76,2.7181270908494994
45,77,2.77222421755713
45,78,2.827184096122083
45,79,2.8830121283833536
45,80,2.9397985500252486
45,81,2.997670314881453
45,82,3.056706328223376
45,83,3.116837667472227
45,84,3.1779282105082034
45,85,3.2398505913063724
45,86,3.30267644869168
45,87,3.366406839384009
45,88,3.430990839316814
45,89,3.4964808692687495
45,90,3.5630058082877136
45,91,3.6305728651877063
45,92,3.699443906581968
45,93,3.769355427005077
45,94,3.84017424968033
45,95,3.91191351575181
45,96,3.984708352211374
46,40,1.590730788416377
46,50,1.7633254025224312
46,64,2.146775618730609
46,65,2.185426799023381
46,66,2.2262009831322014
46,67,2.2688607448041047
46,68,2.31345108163062
46,69,2.359648804954996
46,70,2.4071714401072524
46,71,2.4555151067822067
46,72,2.504657067299283
46,73,2.5545637671785517
46,74,2.605411261752498
46,75,2.6574005469144013
46,76,2.710394871658498
46,77,2.764337271566321
46,78,2.819069995515534
46,79,2.8746817372047415
46,80,2.9312135711503076
46,81,2.988767753344848
46,82,3.0474166902006408
46,83,3.1070761180139628
46,84,3.1676205920264584
46,85,3.228937520387588
46,86,3.291066002653878
46,87,3.3541072624101975
46,88,3.4180505685579234
46,89,3.4829092312245127
46,90,3.548776618373795
46,91,3.6157478966244834
46,92,3.6839504091263566
46,93,3.753167087126694
46,94,3.823319009778066
46,95,3.894329908036047
46,96,3.966308691570534
47,40,1.5840164495194855
47,50,1.762136866473608
47,64,2.156107902188626
47,65,2.195448211112821
47,66,2.2366687823695552
47,67,2.2797227918767624
47,68,2.3244293794672544
47,69,2.3709322211992734
47,70,2.418819436290599
47,71,2.467612277529033
47,72,2.517101159144046
47,73,2.5673912158256735
47,74,2.6186239060315706
47,75,2.670777458177663
47,76,2.723976164100288
47,77,2.778140480596834
47,78,2.833149010556415
47,79,2.88895429457982
47,80,2.9456106146547065
47,81,3.003187495062314
47,82,3.0618445278791073
47,83,3.1214466001414136
47,84,3.1819061185059474
47,85,3.2431928622950297
47,86,3.3053230826500313
47,87,3.3682982017924727
47,88,3.432125902766128
47,89,3.496860723462052
47,90,3.562517455452248
47,91,3.6292117344959123
47,92,3.696996143675941
47,93,3.765779141798519
47,94,3.835459738310434
47,95,3.9060887128500577
47,96,3.977778168599436
48,40,1.576303155131396
48,50,1.7550016660593486
48,64,2.163035429377735
48,65,2.2033187499818703
48,66,2.2456266907793125
48,67,2.289941222981785
48,68,2.3361435276668097
48,69,2.3842123768201926
48,70,2.4332110799210653
48,71,2.4827792853654596
48,72,2.5331022535766676
48,73,2.5843185129859103
48,74,2.6365949475373833
48,75,2.689876505774535
48,76,2.7441963614772833
48,77,2.799574520232534
48,78,2.8558150891329985
48,79,2.912894157661719
48,80,2.970959970359928
48,81,3.030087768211277
48,82,3.090495292737506
48,83,3.1521128364691675
48,84,3.214615985536937
48,85,3.2779913708917015
48,86,3.3423212623169
48,87,3.407627327855127
48,88,3.4737669305725953
48,89,3.5407871070762518
48,90,3.6087603688755063
48,91,3.6777304485833158
48,92,3.747906913285008
48,93,3.81915371212741
48,94,3.891388896788478
48,95,3.9645133574876454
48,96,4.038572532703363
49,40,1.6102774101631732
49,50,1.7762618276375628
49,64,2.1644808167223606
49,65,2.202983457646208
49,66,2.2433958188540046
49,67,2.2856244071638585
49,68,2.3301742582738982
49,69,2.3763242015124852
49,70,2.4236885195898026
49,71,2.4718853973058263
49,72,2.520873438425766
49,73,2.5706450483302365
49,74,2.6214366496519936
49,75,2.6732576140668987
49,76,2.726129176949855
49,77,2.7800287547476574
49,78,2.8348140166413325
49,79,2.8905217384122075
49,80,2.94715689325652
49,81,3.0049289038813587
49,82,3.064033576985559
49,83,3.124238507393717
49,84,3.1854079517271554
49,85,3.247420432362455
49,86,3.3103096871915376
49,87,3.374065146933883
49,88,3.4386697944802656
49,89,3.504147402580887
49,90,3.570637445721494
49,91,3.6382931138581833
49,92,3.7072550257092587
49,93,3.7772196162910365
49,94,3.848135354035189
49,95,3.9198991348507053
49,96,3.9926310562609824
50,40,1.5974818366457049
50,50,1.772081448680279
50,64,2.1630460197986916
50,65,2.202814373918732
50,66,2.244588873685551
50,67,2.2882012458417447
50,68,2.3339553213695177
50,69,2.3819643468872833
50,70,2.43131525664497
50,71,2.481520020453885
50,72,2.532553061769893
50,73,2.5844489178508026
50,74,2.63735194727711
50,75,2.69122651701477
50,76,2.745979924942144
50,77,2.801683692186082
50,78,2.858213321081161
50,79,2.915572318703521
50,80,2.9738159286645147
50,81,3.03310261304735
50,82,3.093468162191094
50,83,3.1548054964748586
50,84,3.2170410046565228
50,85,3.2800961558403645
50,86,3.343988320276649
50,87,3.4087176847505316
50,88,3.474330273033705
50,89,3.5410061941820192
50,90,3.6087245707673627
50,91,3.677466642441278
50,92,3.7473692130679437
50,93,3.8183755826325823
50,94,3.8903460729779886
50,95,3.963222936618531
50,96,4.037042772251742
51,40,1.5748319844745646
51,50,1.7552747539010105
51,64,2.16104030120758
51,65,2.201823891103796
51,66,2.24467498314995
51,67,2.289504826899226
51,68,2.3360989519679043
51,69,2.3849748759366367
51,70,2.4355872745764118
51,71,2.487324468807251
51,72,2.539969108804446
51,73,2.5934987732923567
51,74,2.6480303785080217
51,75,2.703613412705066
51,76,2.760204271688692
51,77,2.817850499108409
51,78,2.876329443833865
51,79,2.9356882951268273
51,80,2.995941198430435
51,81,3.057215354000829
51,82,3.1196353246567714
51,83,3.1830117286316675
51,84,3.247275442635503
51,85,3.312401755316579
51,86,3.378440100905241
51,87,3.445330610548175
51,88,3.513129928039745
51,89,3.581919915646223
51,90,3.651741087306416
51,91,3.7226019050417634
51,92,3.794625230004144
51,93,3.8676981468631313
51,94,3.9416918412601083
51,95,4.016582609959951
51,96,4.09246399278941
52,40,1.6014687411147968
52,50,1.766853337844433
52,64,2.1565737237869858
52,65,2.196631679206948
52,66,2.2387240285740715
52,67,2.282799818329571
52,68,2.3285806596972702
52,69,2.37635805628634
52,70,2.42551438960977
52,71,2.4754131740767815
52,72,2.526082108084811
52,73,2.5776523682863024
52,74,2.63029823456954
52,75,2.6839182655107465
52,76,2.7384665122433316
52,77,2.7940255107274243
52,78,2.850477176846151
52,79,2.9078900320831007
52,80,2.9663155914925343
52,81,3.0258518022356773
52,82,3.0866378869163125
52,83,3.1485704047131327
52,84,3.211514412519466
52,85,3.27537665418759
52,86,3.3401576706510263
52,87,3.4058510869909844
52,88,3.472451643851203
52,89,3.5399777782925503
52,90,3.6085335545242554
52,91,3.6782303043495634
52,92,3.749105709574658
52,93,3.8210046037781833
52,94,3.8937708990303275
52,95,3.9673828318343816
52,96,4.041957737635421
53,40,1.581053158877158
53,50,1.761504761110604
53,64,2.1531452457412037
53,65,2.191707814481208
53,66,2.2322542126132445
53,67,2.2746465157855043
53,68,2.318850402533146
53,69,2.365003945301282
53,70,2.4127002524559753
53,71,2.461085518577022
53,72,2.5102424274539272
53,73,2.56027739499976
53,74,2.6112352606274603
53,75,2.6631764777219225
53,76,2.7160695701317916
53,77,2.769946957151343
53,78,2.8246573512182858
53,79,2.8802702551950388
53,80,2.936882068623885
53,81,2.9945784877901804
53,82,3.0533139241882754
53,83,3.113084584040628
53,84,3.173739437108879
53,85,3.235254673982803
53,86,3.297619612760969
53,87,3.360853172240046
53,88,3.42495902482643
53,89,3.489999541976201
53,90,3.5560838491177735
53,91,3.6232568936287466
53,92,3.6914878964922804
53,93,3.760741257343406
53,94,3.8309386186790055
53,95,3.902008270643086
53,96,3.974090303313599
54,40,1.579816260081989
54,50,1.7584383384796096
54,64,2.156557970891794
54,65,2.1964833910337402
54,66,2.2383450810862824
54,67,2.281967935485912
54,68,2.3274283343994275
54,69,2.3743711889626335
54,70,2.422372058384597
54,71,2.4710175997121975
54,72,2.5202874919012217
54,73,2.5703771983293437
54,74,2.6215209570107656
54,75,2.6737301818434753
54,76,2.726882344455562
54,77,2.7810367901566964
54,78,2.8361304725471954
54,79,2.8921553409543868
54,80,2.9491942070869945
54,81,3.0072773472793393
54,82,3.0664676291895705
54,83,3.1267925135970893
54,84,3.188112105951152
54,85,3.250185949921181
54,86,3.313167256448164
54,87,3.3770772835165355
54,88,3.4418613205915056
54,89,3.5076099416999793
54,90,3.5744220235274247
54,91,3.6422820725364247
54,92,3.7112931374689446
54,93,3.7813196366340005
54,94,3.8522847836986287
54,95,3.924131581352005
54,96,3.9969627645176593
55,40,1.5733584566659011
55,50,1.7549750284162555
55,64,2.164716196819128
55,65,2.2045434169303157
55,66,2.2463920303926006
55,67,2.290173183396585
55,68,2.336018471960675
55,69,2.383803247594587
55,70,2.432976318373006
55,71,2.483041915985145
55,72,2.5339348766249548
55,73,2.585703828465677
55,74,2.63847563235149
55,75,2.6921486242631447
55,76,2.746826102790101
55,77,2.8025110992167312
55,78,2.8590739680710726
55,79,2.9165518618600714
55,80,2.9751287451853416
55,81,3.0347568455231935
55,82,3.0956594067008565
55,83,3.157788150572896
55,84,3.220963557488418
55,85,3.2850093930479867
55,86,3.3499553411635263
55,87,3.415767771156551
55,88,3.482449917376658
55,89,3.5500810163787095
55,90,3.618705929506196
55,91,3.6884793018940005
55,92,3.7593854080256124
55,93,3.831345966771433
55,94,3.904262615378012
55,95,3.9781205658692884
55,96,4.053151074805443
56,40,1.6013924344542714
56,50,1.7686795704759894
56,64,2.149293837705527
56,65,2.186642416681628
56,66,2.22581582098594
56,67,2.2667278102343693
56,68,2.30930314454804
56,69,2.3537289097614513
56,70,2.3996533282251877
56,71,2.446352446915644
56,72,2.49371679214985
56,73,2.5419503031921296
56,74,2.5912844256270424
56,75,2.641632943237943
56,76,2.693033731111764
56,77,2.7455690800772707
56,78,2.7990266921710636
56,79,2.853511183203282
56,80,2.908970136819331
56,81,2.9654124583265755
56,82,3.0230576668539584
56,83,3.0818272605699595
56,84,3.1415517133215625
56,85,3.2020818299076392
56,86,3.263539280572985
56,87,3.3259028781997104
56,88,3.389115427992904
56,89,3.453279390094708
56,90,3.518443010690474
56,91,3.5847615497048753
56,92,3.6522565497056707
56,93,3.720884407832717
56,94,3.790429846233303
56,95,3.860800891799334
56,96,3.932097906080215
57,40,1.608059728112942
57,50,1.773678224344308
57,64,2.1676378531112013
57,65,2.2082067306858577
57,66,2.2510688710720252
57,67,2.295970410439557
57,68,2.3429559562970796
57,69,2.392191534237399
57,70,2.442845655294501
57,71,2.494371728694233
57,72,2.54682863031744
57,73,2.600306203934818
57,74,2.654839065582416
57,75,2.710321831891122
57,76,2.766844580741976
57,77,2.824405069087251
57,78,2.882827475323812
57,79,2.9421734001072237
57,80,3.002537552108544
57,81,3.0639681789004314
57,82,3.126614426381785
57,83,3.190447398634559
57,84,3.2552474363467048
57,85,3.32087377985755
57,86,3.387419538517661
57,87,3.454933014270753
57,88,3.5233163683167597
57,89,3.592636273656221
57,90,3.662980206927026
57,91,3.7345169360031107
57,92,3.807269376559824
57,93,3.8810791176820505
57,94,3.9558172265262437
57,95,4.031462524555309
57,96,4.1081039903097345
58,40,1.5687426230624961
58,50,1.7532576009568088
58,64,2.1548482961982245
58,65,2.194668899574811
58,66,2.2367720660979944
58,67,2.2808964009654065
58,68,2.3274963331916894
58,69,2.3760998720944464
58,70,2.426091148564976
58,71,2.477004441762241
58,72,2.5289501004848933
58,73,2.5818691547197914
58,74,2.6358328321692603
58,75,2.690784364728528
58,76,2.746733995778183
58,77,2.803708163850169
58,78,2.8615460453890598
58,79,2.920228195413224
58,80,2.979748279789732
58,81,3.040327864532639
58,82,3.10203814999278
58,83,3.1647937900286194
58,84,3.228439815066506
58,85,3.2928712101199227
58,86,3.3581577787592534
58,87,3.424319269231866
58,88,3.4914064868874424
58,89,3.559426971484341
58,90,3.628403263577809
58,91,3.6983742170584013
58,92,3.769510444682896
58,93,3.8416498465550175
58,94,3.914715244951766
58,95,3.98864804516291
58,96,4.063571198859412
59,40,1.598572715765253
59,50,1.7702282045211664
59,64,2.171625052230965
59,65,2.211582748649895
59,66,2.2536510783694483
59,67,2.297712603473216
59,68,2.3437551347466528
59,69,2.3917239770703773
59,70,2.4407370432027706
59,71,2.4904969339038496
59,72,2.541011437980157
59,73,2.5923779850439965
59,74,2.6447533153999405
59,75,2.698056000738318
59,76,2.752410460672828
59,77,2.80771948051294
59,78,2.864065452849905
59,79,2.9213324162506664
59,80,2.9796497227534102
59,81,3.0391175704936435
59,82,3.099737875375811
59,83,3.161413784287637
59,84,3.2240742853141517
59,85,3.2876001641746337
59,86,3.3520110283024653
59,87,3.4172551744029107
59,88,3.4833976436600746
59,89,3.550502640464898
59,90,3.6187355175950513
59,91,3.688080986745094
59,92,3.7586007764950047
59,93,3.8301440918979273
59,94,3.902607635967417
59,95,3.975917491562251
59,96,4.050226196058684
60,40,1.5951406314528547
60,50,1.7625058210302604
60,64,2.1468048710760854
60,65,2.1857744250482267
60,66,2.2268716950263236
60,67,2.269793856732205
60,68,2.314720236999527
60,69,2.3614954525858907
60,70,2.4094760418541057
60,71,2.458232017486686
60,72,2.5076692091863597
60,73,2.557889365568027
60,74,2.609070579870389
60,75,2.661235017579499
60,76,2.714346989065098
60,77,2.7683606902037203
60,78,2.823303423127802
60,79,2.879200905890741
60,80,2.9361760906792256
60,81,2.994269703858053
60,82,3.0535560911231654
60,83,3.113839750086525
60,84,3.175070600553102
60,85,3.237185573753617
60,86,3.300276427987338
60,87,3.364273100531893
60,88,3.4291385191573607
60,89,3.4948984001145735
60,90,3.5616146741816594
60,91,3.6294537727784713
60,92,3.698586212013697
60,93,3.7687243839936677
60,94,3.839755423088899
60,95,3.911678960906065
60,96,3.9845690898393507
61,40,1.6058712403514401
61,50,1.774303388809058
61,64,2.158341571670202
61,65,2.196943534316057
61,66,2.2377479553764488
61,67,2.2807365618446203
61,68,2.325933410796843
61,69,2.3730454780197783
61,70,2.421178824941735
61,71,2.4699192040122506
61,72,2.5192602305593153
61,73,2.569550217319534
61,74,2.62095084011813
61,75,2.6733341777712836
61,76,2.726773189928959
61,77,2.781203476964167
61,78,2.836506505324753
61,79,2.8926805207701403
61,80,2.949733461095717
61,81,3.0078333123705185
61,82,3.067088212055059
61,83,3.12741227833241
61,84,3.1886692938156296
61,85,3.250741768594563
61,86,3.3136813941607857
61,87,3.37752835982221
61,88,3.442267163761423
61,89,3.5079651174554334
61,90,3.5747939690674255
61,91,3.6427173631865966
61,92,3.711736338570653
61,93,3.7817637364072096
61,94,3.852696820477181
61,95,3.924501401360949
61,96,3.997325643389173
62,40,1.60965525756812
62,50,1.7766216730668147
62,64,2.155501935959333
62,65,2.1938955307534536
62,66,2.2343568297339353
62,67,2.2769064380097435
62,68,2.322164179624499
62,69,2.3700796513476403
62,70,2.4194922907217
62,71,2.4697495449887503
62,72,2.520737663227579
62,73,2.5724597965084515
62,74,2.624996295184104
62,75,2.678472680387219
62,76,2.7328737088508674
62,77,2.7882736811777047
62,78,2.8445179355541512
62,79,2.901593908067156
62,80,2.959594267841769
62,81,3.0186221527621693
62,82,3.0788871429841107
62,83,3.1402106997932973
62,84,3.2024118024618513
62,85,3.2653667741431622
62,86,3.3291052373109054
62,87,3.3937815489762584
62,88,3.459275194291039
62,89,3.525676222397542
62,90,3.593072096457907
62,91,3.6615661600067337
62,92,3.731189492372137
62,93,3.8017839737553203
62,94,3.873215523152998
62,95,3.9455187003831327
62,96,4.018775606828667
63,40,1.5668406488059303
63,50,1.7539874211804147
63,64,2.16449663747221
63,65,2.204810914761915
63,66,2.247069749839496
63,67,2.2911858252836637
63,68,2.3373281567019917
63,69,2.3853221930756243
63,70,2.4347941126889476
63,71,2.4851543825934748
63,72,2.5364795398706246
63,73,2.5887289345335063
63,74,2.64190099110483
63,75,2.6959595322641734
63,76,2.751099254198113
63,77,2.8072236431339976
63,78,2.864163471584207
63,79,2.921936099750943
63,80,2.9806508847418196
63,81,3.040343302786464
63,82,3.101142496653428
63,83,3.1630641290356705
63,84,3.2259005331583843
63,85,3.289558378314328
63,86,3.3540789925953476
63,87,3.419462939550579
63,88,3.4857069443947895
63,89,3.5527620921919754
63,90,3.6208169054459676
63,91,3.690003783308419
63,92,3.760277156610079
63,93,3.831541397297456
63,94,3.9036580437854465
63,95,3.9766793718596616
63,96,4.050639117980079
64,40,1.5543165654969555
64,50,1.7412719163182089
64,64,2.150471876279419
64,65,2.1914251132627274
64,66,2.234127259973061
64,67,2.27869677563165
64,68,2.325086384182443
64,69,2.373034064809681
64,70,2.422400918717924
64,71,2.4727118862897504
64,72,2.5239504030962623
64,73,2.5760356281450996
64,74,2.6290346798644952
64,75,2.6830115968190684
64,76,2.7379171007674854
64,77,2.793635901813344
64,78,2.850140788629061
64,79,2.9074883603924895
64,80,2.9657448319227733
64,81,3.0250016810727605
64,82,3.0854690239470495
64,83,3.1470445125888418
64,84,3.2095960752224464
64,85,3.2730041902356923
64,86,3.337310176897116
64,87,3.4025540408663164
64,88,3.4687186518098008
64,89,3.5359039701972277
64,90,3.6040919067373913
64,91,3.6733010719464128
64,92,3.74365855307387
64,93,3.8150735381422676
64,94,3.887412651602319
64,95,3.960649953386951
64,96,4.034885966443637
65,40,1.5820111766424365
65,50,1.7598359652388307
65,64,2.154332127519519
65,65,2.1941914139376375
65,66,2.236009688479597
65,67,2.2794630059088243
65,68,2.32454095945684
65,69,2.3712368174493865
65,70,2.4188759617841518
65,71,2.467129018238345
65,72,2.515965427979706
65,73,2.5655972281038553
65,74,2.616223492719009
65,75,2.667965260951321
65,76,2.7206002812117314
65,77,2.7740684454574964
65,78,2.828300669900435
65,79,2.883406281637134
65,80,2.939467702790528
65,81,2.9965885049601453
65,82,3.0547567497652404
65,83,3.113918859939063
65,84,3.1740065999288127
65,85,3.2349096717802603
65,86,3.296731347293013
65,87,3.359467372915452
65,88,3.4231075050451065
65,89,3.487642422331416
65,90,3.553168955333917
65,91,3.619881724426549
65,92,3.6878189683558213
65,93,3.756748804378115
65,94,3.826568452427094
65,95,3.89729683680857
65,96,3.9689933818803182
66,40,1.5879012794792449
66,50,1.761548087574513
66,64,2.15631156062397
66,65,2.196313276499135
66,66,2.2383320283676733
66,67,2.282471527887118
66,68,2.3290803131229696
66,69,2.377712299872691
66,70,2.4278370371962446
66,71,2.478686225856844
66,72,2.530273296887749
66,73,2.5826750566249723
66,74,2.636039581441367
66,75,2.690456553111745
66,76,2.74595148900777
66,77,2.8024014759528604
66,78,2.8596858387533564
66,79,2.917822471725765
66,80,2.977000831910547
66,81,3.0372497938114575
66,82,3.098776653938402
66,83,3.1613977641889957
66,84,3.2249117288437654
66,85,3.289240906435623
66,86,3.354492270070404
66,87,3.4206394665093596
66,88,3.4876078629664287
66,89,3.5554441204388754
66,90,3.624289640331863
66,91,3.694322334635231
66,92,3.765618656320579
66,93,3.8378867049774508
66,94,3.9109929159683903
66,95,3.984960606107268
66,96,4.059837723075763
67,40,1.5748021300387878
67,50,1.7534380268009144
67,64,2.1612797130357095
67,65,2.2020951643113547
67,66,2.2452221972836535
67,67,2.2903566625475884
67,68,2.337923667688908
67,69,2.387399199527176
67,70,2.438014534140802
67,71,2.489425367193656
67,72,2.5415434015664395
67,73,2.594544219281845
67,74,2.6486478524115635
67,75,2.7036859290481665
67,76,2.7596969400107514
67,77,2.816599972637309
67,78,2.874373076396138
67,79,2.9329737055220075
67,80,2.9925092345342215
67,81,3.0530945979070268
67,82,3.114856163120424
67,83,3.177752115332857
67,84,3.2415414713435995
67,85,3.3061556089374227
67,86,3.371684933753474
67,87,3.4380546478777285
67,88,3.505266162830637
67,89,3.573387915313784
67,90,3.6425488774530246
67,91,3.712811523910866
67,92,3.784192079391157
67,93,3.856536490273097
67,94,3.9297892698793193
67,95,4.003969446415737
67,96,4.07908188264074
68,40,1.5985107977995
68,50,1.7707523321999594
68,64,2.164531096299938
68,65,2.2044999412080517
68,66,2.2463286668449918
68,67,2.289736519897064
68,68,2.335008310570283
68,69,2.3822261750518754
68,70,2.4305922786338456
68,71,2.479629850560659
68,72,2.529355521848059
68,73,2.5798160313473857
68,74,2.6313283058046095
68,75,2.6838766120037216
68,76,2.7373677207217373
68,77,2.7918325871001004
68,78,2.8471927517038473
68,79,2.9034688236118034
68,80,2.9607389864827027
68,81,3.0191410907371994
68,82,3.078736655447416
68,83,3.1393596112540774
68,84,3.200937892553465
68,85,3.2633522372012056
68,86,3.326587648180719
68,87,3.390584593711635
68,88,3.4553554169176106
68,89,3.5210597780189925
68,90,3.5877267279287697
68,91,3.6554699201798773
68,92,3.724397205800831
68,93,3.794310765873612
68,94,3.8651223747243035
68,95,3.936790585576862
68,96,4.00942541572574
69,40,1.556645931963771
69,50,1.7460515283807088
69,64,2.165860131397884
69,65,2.2066774234716604
69,66,2.249305888479709
69,67,2.2939229818585276
69,68,2.340155899686201
69,69,2.387846701771356
69,70,2.4369198612494616
69,71,2.4868441758795687
69,72,2.5374721678179633
69,73,2.58883930071501
69,74,2.641162604937512
69,75,2.694513253280067
69,76,2.7488075292426633
69,77,2.804205732051267
69,78,2.860471758310132
69,79,2.9176103461639755
69,80,2.975707349274649
69,81,3.034887915118257
69,82,3.095147768551779
69,83,3.156448762815998
69,84,3.2186423995640814
69,85,3.2816613739692775
69,86,3.3455813155867213
69,87,3.41031576359261
69,88,3.475910770310433
69,89,3.542406013190519
69,90,3.609886926570839
69,91,3.678474077031378
69,92,3.7482171865356175
69,93,3.8190300638986283
69,94,3.890687485093559
69,95,3.9631856317911076
69,96,4.0367231552361345
70,40,1.6091283345238172
70,50,1.78063361547205
70,64,2.1769134399184114
70,65,2.2173875929311704
70,66,2.25946632390964
70,67,2.3032371019049442
70,68,2.349125393742522
70,69,2.3970100519451147
70,70,2.446347523345045
70,71,2.4966679091162645
70,72,2.54769486013614
70,73,2.59937536070644
70,74,2.6519725558866343
70,75,2.7054842682827487
70,76,2.75989888687975
70,77,2.8153611747066023
70,78,2.871684438896967
70,79,2.9288664488532694
70,80,2.986993464540312
70,81,3.04621414335356
70,82,3.1066807744447846
70,83,3.1681387550126825
70,84,3.2304120264575262
70,85,3.2935016817001266
70,86,3.3574278829415127
70,87,3.4222555921227578
70,88,3.487965310440976
70,89,3.5546040959857885
70,90,3.62221474666579
70,91,3.690990336330371
70,92,3.7609760171953757
70,93,3.831985857692527
70,94,3.9038501464816533
70,95,3.9766589315939656
70,96,4.050513470615449
71,40,1.6041404736631817
71,50,1.771288063970173
71,64,2.1558911065743267
71,65,2.194596092110415
71,66,2.235298663103442
71,67,2.277908578717747
71,68,2.3222578766592274
71,69,2.3688618626674534
71,70,2.417040372443892
71,71,2.466212328869923
71,72,2.5161690210042105
71,73,2.566995141496696
71,74,2.618817819327683
71,75,2.6716102481106474
71,76,2.725427010462037
71,77,2.78024158392902
71,78,2.8359330549395785
71,79,2.892454065704824
71,80,2.949967152011984
71,81,3.008527540588265
71,82,3.0682356339312298
71,83,3.1289570474829436
71,84,3.19055715347132
71,85,3.253024646514525
71,86,3.316348157190756
71,87,3.3805489464934446
71,88,3.4456393883274195
71,89,3.5116498953449318
71,90,3.578682571317375
71,91,3.6468633285118295
71,92,3.716354715129217
71,93,3.786938227175796
71,94,3.8584296383548526
71,95,3.9308604847361
71,96,4.004298924007948
72,40,1.599919954146161
72,50,1.7688245703412924
72,64,2.14789308603812
72,65,2.1855891806856786
72,66,2.225196491217572
72,67,2.2664687381502975
72,68,2.3094948358506735
72,69,2.354206607366452
72,70,2.399904164011054
72,71,2.4462234782112975
72,72,2.493189383259311
72,73,2.541008005497744
72,74,2.589703934061741
72,75,2.639279571545246
72,76,2.689684422898268
72,77,2.741031896763208
72,78,2.7932055435311005
72,79,2.846150671487616
72,80,2.9000063893899526
72,81,2.9549422885926466
72,82,3.011020726682049
72,83,3.0682103657481994
72,84,3.1263774159073523
72,85,3.185383247861085
72,86,3.245236761931058
72,87,3.306045618453526
72,88,3.367666419309206
72,89,3.430166470535594
72,90,3.493664402893817
72,91,3.558247524681124
72,92,3.623948675157897
72,93,3.6907096084162516
72,94,3.7584035885645313
72,95,3.8269907595805686
72,96,3.8965851284507407
73,40,1.5901103958093428
73,50,1.761489529258581
73,64,2.1670980306004153
73,65,2.2085268885346663
73,66,2.2519566441209946
73,67,2.2973313689390458
73,68,2.34490937399082
73,69,2.3945288057694962
73,70,2.4454925818392463
73,71,2.4974776368710865
73,72,2.5504732724762342
73,73,2.6043709913357858
73,74,2.659318374274515
73,75,2.715258232047083
73,76,2.7721093161726187
73,77,2.8299336744789176
73,78,2.888715425151392
73,79,2.9484182719114997
73,80,3.009046040362077
73,81,3.0707233460255248
73,82,3.133614743227703
73,83,3.197585022851503
73,84,3.2625504332863375
73,85,3.3284414830794185
73,86,3.3953240895146406
73,87,3.4631731334867513
73,88,3.5319796929368747
73,89,3.6017529306606413
73,90,3.672526961687532
73,91,3.7444357137352378
73,92,3.8174637021739715
73,93,3.8915592567925748
73,94,3.9666162269393945
73,95,4.042526976903719
73,96,4.119314577318652
74,40,1.6100331866890727
74,50,1.778186809525837
74,64,2.1644650438150723
74,65,2.203440193286794
74,66,2.2445841341031203
74,67,2.288007555321148
74,68,2.334163328761046
74,69,2.3825536352252072
74,70,2.432227230004643
74,71,2.4827165634536623
74,72,2.5339366184813565
74,73,2.5860130494526636
74,74,2.6390040325362416
74,75,2.6930473766877014
74,76,2.7480927306516216
74,77,2.8041548358552255
74,78,2.861145698849401
74,79,2.91900326129485
74,80,2.9777860914209127
74,81,3.037623348961005
74,82,3.0987033834691813
74,83,3.160924209087236
74,84,3.224006182107641
74,85,3.287977596402727
74,86,3.352888902986021
74,87,3.418750189394201
74,88,3.485497376702905
74,89,3.5531514423971213
74,90,3.6217423696134095
74,91,3.6913991425484394
74,92,3.762171540689189
74,93,3.833976307861788
74,94,3.906771108573919
74,95,3.980455140342003
74,96,4.055051187839997
75,40,1.582428611221927
75,50,1.760390575084849
75,64,2.1576312571674525
75,65,2.1974384046720745
75,66,2.2389531821549227
75,67,2.28240759006398
75,68,2.3276282337412963
75,69,2.374931573851278
75,70,2.4238353973402984
75,71,2.473651009187087
75,72,2.5243783892538025
75,73,2.575907392633945
75,74,2.628358702164001
75,75,2.6817977953505827
75,76,2.736194904381901
75,77,2.7916530822174783
75,78,2.847964988660039
75,79,2.905179347525352
75,80,2.9633635037754034
75,81,3.0225624728719036
75,82,3.0828108001145336
75,83,3.144112111889127
75,84,3.2063094516800703
75,85,3.2693369060635415
75,86,3.3331747925296114
75,87,3.3978471515412423
75,88,3.4633504721868005
75,89,3.5297826474179304
75,90,3.597195993781318
75,91,3.6657370609220026
75,92,3.735425339063405
75,93,3.8061053122985244
75,94,3.87770163559334
75,95,3.950176100708275
75,96,4.023675766728839
76,40,1.6152498555815313
76,50,1.7785597250305485
76,64,2.1639033218782737
76,65,2.202199938929536
76,66,2.2423842805432073
76,67,2.2842958755612335
76,68,2.3278176385872906
76,69,2.3728213871146675
76,70,2.418903530041589
76,71,2.4656776636489246
76,72,2.513064904310688
76,73,2.561234491931312
76,74,2.6103153072413137
76,75,2.660385920174265
76,76,2.711439465209854
76,77,2.763436799600248
76,78,2.816380236402756
76,79,2.8702562769914044
76,80,2.9251393258749028
76,81,2.9811513672368344
76,82,3.0384594608701
76,83,3.0970674423053755
76,84,3.1566172520146987
76,85,3.216948580415118
76,86,3.2781540826765627
76,87,3.340396915691233
76,88,3.403478509053632
76,89,3.467479147232533
76,90,3.5325024172346744
76,91,3.5986538074935757
76,92,3.665978601180848
76,93,3.7342361325548383
76,94,3.8033462597973364
76,95,3.8733365701418068
76,96,3.9443388420029053
77,40,1.5881543733042882
77,50,1.7607862610704852
77,64,2.156410317948462
77,65,2.19591894185264
77,66,2.2374385009862556
77,67,2.2808059673138397
77,68,2.3258206122593306
77,69,2.37249283216575
77,70,2.420558908293561
77,71,2.469329760454623
77,72,2.5187159134865267
77,73,2.5690244848523442
77,74,2.620433872736056
77,75,2.6728149644943233
77,76,2.7260945531118903
77,77,2.7803241150899307
77,78,2.8353811826925615
77,79,2.891333898142592
77,80,2.948293902323097
77,81,3.006288191201258
77,82,3.0654766323873277
77,83,3.1257775715007012
77,84,3.18701158203235
77,85,3.249091959564241
77,86,3.312059361794683
77,87,3.3759037598331063
77,88,3.440580149033873
77,89,3.5061779282121885
77,90,3.5729209803999806
77,91,3.6407788910652643
77,92,3.70985551047274
77,93,3.779960271577147
77,94,3.8510038664550343
77,95,3.9229268179158723
77,96,3.995840414043616
78,40,1.5750699147571137
78,50,1.7581009939023524
78,64,2.1646180968392152
78,65,2.205081303977945
78,66,2.2475960734899503
78,67,2.292027615918014
78,68,2.338386826799382
78,69,2.386978912844485
78,70,2.437531993043331
78,71,2.489193100103612
78,72,2.541667852373325
78,73,2.594833651787753
78,74,2.6488729345810076
78,75,2.7039573701963353
78,76,2.760103721576131
78,77,2.817346953636045
78,78,2.8754915881705494
78,79,2.934465468015409
78,80,2.994419332883595
78,81,3.0555156457232986
78,82,3.1177452133114762
78,83,3.1810014131093087
78,84,3.2452129022553775
78,85,3.310293593975387
78,86,3.3762840921342425
78,87,3.443163281702102
78,88,3.5108821880640013
78,89,3.5795446954411636
78,90,3.649205943847029
78,91,3.720000945299781
78,92,3.7919554510849043
78,93,3.8649909603195676
78,94,3.938948020580347
78,95,4.013800071136675
78,96,4.089577323576406
79,40,1.5849252257483406
79,50,1.7604782136308148
79,64,2.1580840727901154
79,65,2.198068796636507
79,66,2.2399769687355042
79,67,2.283735532324174
79,68,2.329307741309165
79,69,2.3763051931734958
79,70,2.4245248795237084
79,71,2.4736561814038596
79,72,2.5234601880708096
79,73,2.57398058480522
79,74,2.625466575411947
79,75,2.6778531024890313
79,76,2.7311871549127176
79,77,2.785545410572582
79,78,2.8407345328229368
79,79,2.8968320988626255
79,80,2.953972073317818
79,81,3.0121650504048865
79,82,3.07145421894612
79,83,3.1318601925524936
79,84,3.19321107800316
79,85,3.255444882436378
79,86,3.3185716196741515
79,87,3.382540249168284
79,88,3.4473351815373814
79,89,3.5130234453916165
79,90,3.5796850651391923
79,91,3.647438862777004
79,92,3.716276361652085
79,93,3.786110040238583
79,94,3.856862837198576
79,95,3.9284825762582845
79,96,4.00107439199811
80,40,1.581511065833208
80,50,1.7553660956023511
80,64,2.1508193771241624
80,65,2.1905063218736354
80,66,2.232075950892441
80,67,2.2756861043822245
80,68,2.321273441482746
80,69,2.369167294470222
80,70,2.418996006464788
80,71,2.4700019624493192
80,72,2.521948792813386
80,73,2.5747296038088976
80,74,2.628376552919468
80,75,2.682825745745782
80,76,2.738284522762995
80,77,2.794726435816978
80,78,2.8519973762748196
80,79,2.9101734820205096
80,80,2.969226932405972
80,81,3.0292822067548544
80,82,3.0904755933948183
80,83,3.1527726688413833
80,84,3.216057962536031
80,85,3.2802297140301544
80,86,3.3452485614070637
80,87,3.4111497979095446
80,88,3.4778882975373353
80,89,3.5455194558248033
80,90,3.614152353432603
80,91,3.683838674053845
80,92,3.7546834837967316
80,93,3.82650905515319
80,94,3.899248720627789
80,95,3.972848481497987
80,96,4.047365303312126
81,40,1.59886149646616
81,50,1.7705297110263318
81,64,2.1543666959128256
81,65,2.1933301159937226
81,66,2.2345358690083788
81,67,2.277803339351371
81,68,2.323013263719963
81,69,2.3698342754174324
81,70,2.417846974899064
81,71,2.466537354176092
81,72,2.515821228178218
81,73,2.5658772072428704
81,74,2.6168839956959746
81,75,2.6688960932261763
81,76,2.7218434272639396
81,77,2.775824766282421
81,78,2.830650964586749
81,79,2.886340795061377
81,80,2.9429458862612052
81,81,3.000618685232163
81,82,3.0595079303800126
81,83,3.119440897574001
81,84,3.180285575755344
81,85,3.241953127207019
81,86,3.304517706946026
81,87,3.3680313370391426
81,88,3.4324209828416823
81,89,3.497750470033405
81,90,3.5641130619739396
81,91,3.631601540230311
81,92,3.7002780861637867
81,93,3.7699763845768794
81,94,3.8407004112980356
81,95,3.9123199042049537
81,96,3.984903296181129
82,40,1.5774092328667464
82,50,1.7618296548701486
82,64,2.1630703210543216
82,65,2.2016620475919813
82,66,2.241951485900604
82,67,2.284045202486416
82,68,2.3284606036843885
82,69,2.374928483817254
82,70,2.4229053732693506
82,71,2.471837593437716
82,72,2.52149507329413
82,73,2.571905240759225
82,74,2.62329085733827
82,75,2.6757042185633924
82,76,2.7290645056043643
82,77,2.783487971184397
82,78,2.8388159970852684
82,79,2.8949833427985117
82,80,2.9521778276901274
82,81,3.0104907983291707
82,82,3.0699783269716434
82,83,3.1304243030315373
82,84,3.1917996670744655
82,85,3.2540398520820077
82,86,3.3171948086426872
82,87,3.381240519285134
82,88,3.4461572516216825
82,89,3.511999821038603
82,90,3.5789014207106558
82,91,3.646959356721535
82,92,3.7162359032018717
82,93,3.7865577661218595
82,94,3.8577938271683387
82,95,3.929940738053569
82,96,4.003061314109016
83,40,1.5765715573683297
83,50,1.7552957638506395
83,64,2.1556781056007432
83,65,2.19607446026346
83,66,2.238279272429817
83,67,2.2824972219376676
83,68,2.3284065871933546
83,69,2.3760981907302536
83,70,2.425230980793128
83,71,2.4753103339940763
83,72,2.5261172653223984
83,73,2.577749830486445
83,74,2.6304137500277625
83,75,2.6840027595083145
83,76,2.7384644614792144
83,77,2.7939546999138427
83,78,2.8503097870903105
83,79,2.907486245697089
83,80,2.9656496067167497
83,81,3.0248269148001254
83,82,3.0851550661873084
83,83,3.1465344946579368
83,84,3.2087324496859146
83,85,3.2717231175471078
83,86,3.3355102587366314
83,87,3.4002159445508977
83,88,3.4657930673755444
83,89,3.5322830134524725
83,90,3.5997614618735607
83,91,3.668271524516095
83,92,3.7380140606226298
83,93,3.8087846124391898
83,94,3.8803836690297024
83,95,3.9528197426005605
83,96,4.026350944280496
84,40,1.5625328944714778
84,50,1.7479403682043255
84,64,2.164849552966342
84,65,2.2056395014824024
84,66,2.248344519872723
84,67,2.2928706377385772
84,68,2.339464718639619
84,69,2.3883388412582502
84,70,2.438680890158167
84,71,2.4899113449349373
84,72,2.54187523739494
84,73,2.5947284897851484
84,74,2.64849978423739
84,75,2.7031777734370808
84,76,2.758860822160385
84,77,2.8154921522149494
84,78,2.87305810167374
84,79,2.9315953387240388
84,80,2.9912205926837476
84,81,3.0519795478212144
84,82,3.113859824445057
84,83,3.176878044868255
84,84,3.240914256277046
84,85,3.3059218472645178
84,86,3.3718395408882795
84,87,3.4386955743889387
84,88,3.506473934578249
84,89,3.5751849622155745
84,90,3.6448927195002865
84,91,3.71575430012249
84,92,3.787720040906853
84,93,3.860736346292569
84,94,3.9347534130597452
84,95,4.009723434588993
84,96,4.08568822128024
85,40,1.5995883355180096
85,50,1.7664603970929795
85,64,2.154476880627854
85,65,2.1942268860112883
85,66,2.235948723983718
85,67,2.2794456732233987
85,68,2.3247787483332365
85,69,2.37186524303429
85,70,2.4200161581057764
85,71,2.4688625589888553
85,72,2.518315207102153
85,73,2.5685326948255476
85,74,2.6196873079023777
85,75,2.6718230500557785
85,76,2.7249244501372907
85,77,2.779016166885264
85,78,2.8339832581069966
85,79,2.8897063160134415
85,80,2.9462784956190347
85,81,3.003872091840629
85,82,3.0627020438323087
85,83,3.1226303400769853
85,84,3.1834537980323896
85,85,3.245145688797755
85,86,3.3077647525183944
85,87,3.371277171246332
85,88,3.4355685932913187
85,89,3.500726626020323
85,90,3.5668051299959718
85,91,3.63399424475722
85,92,3.702426211501688
85,93,3.7718801533074235
85,94,3.842174568238831
85,95,3.9133048550100167
85,96,3.9853269817621335
86,40,1.596531466345248
86,50,1.76577820167564
86,64,2.1525291526990395
86,65,2.1920080153096944
86,66,2.233375992425378
86,67,2.2763725530752073
86,68,2.320952519233847
86,69,2.367287466968984
86,70,2.414950287301981
86,71,2.4632657486540683
86,72,2.512265499099354
86,73,2.5621341904262005
86,74,2.6128775280990326
86,75,2.6645746293322117
86,76,2.717143074622442
86,77,2.770684207289629
86,78,2.8251362571573986
86,79,2.880467096855133
86,80,2.9368390475964383
86,81,2.994385354262264
86,82,3.0531760745061725
86,83,3.1130286502583706
86,84,3.173863914546739
86,85,3.235555306251115
86,86,3.2981753659242945
86,87,3.361649526442778
86,88,3.425973779595701
86,89,3.4912305477022283
86,90,3.557476927711467
86,91,3.6248454400843926
86,92,3.6934827347452943
86,93,3.763164256808558
86,94,3.8337319775835983
86,95,3.9051881317132215
86,96,3.9777000292344167
87,40,1.5950712552223882
87,50,1.7669639802798789
87,64,2.1561951011206055
87,65,2.1956258106747213
87,66,2.237050578246684
87,67,2.280062551285436
87,68,2.3253595546162926
87,69,2.3728604319718403
87,70,2.4219454177146926
87,71,2.4718881218719653
87,72,2.522555960383622
87,73,2.574119896204674
87,74,2.6267166522578793
87,75,2.6802267574086285
87,76,2.734698732407072
87,77,2.790191429694484
87,78,2.8466135013824685
87,79,2.9038546270608268
87,80,2.96200975260036
87,81,3.0211687669671177
87,82,3.081433187413617
87,83,3.1427541288457874
87,84,3.205008779458648
87,85,3.268090555477477
87,86,3.332078558065611
87,87,3.397036652111699
87,88,3.4628508371293587
87,89,3.529583692900345
87,90,3.5972760858582955
87,91,3.6660491063137632
87,92,3.7360322642175534
87,93,3.807026356676583
87,94,3.8788967058896153
87,95,3.951663860753517
87,96,4.025454299324517
88,40,1.588598293293869
88,50,1.7705785157154836
88,64,2.1798763718557246
88,65,2.2204994629541037
88,66,2.262925156065429
88,67,2.3069371959170737
88,68,2.3524206493044932
88,69,2.3997255506985207
88,70,2.4483086147709354
88,71,2.49767392532227
88,72,2.547752241075023
88,73,2.5987389542882005
88,74,2.650891921549169
88,75,2.7040222023864793
88,76,2.7581350082064895
88,77,2.813311885521477
88,78,2.869456815179331
88,79,2.9266471788753154
88,80,2.9849310842700874
88,81,3.044237420822121
88,82,3.10480231054858
88,83,3.1665260287982173
88,84,3.229194147138023
88,85,3.292743245486748
88,86,3.3571866415236116
88,87,3.422491014943457
88,88,3.4886859256850844
88,89,3.555836797516255
88,90,3.623985732988644
88,91,3.6931854099987773
88,92,3.763646278401739
88,93,3.8351199887820258
88,94,3.907511446405543
88,95,3.9808155130323044
88,96,4.055115514216405
89,40,1.587337961471884
89,50,1.7618780857560417
89,64,2.156418755990314
89,65,2.195436640853748
89,66,2.2363662660455823
89,67,2.279025942250983
89,68,2.323984775694606
89,69,2.3708609698917122
89,70,2.4193341937271313
89,71,2.4687601692806354
89,72,2.5190393918813263
89,73,2.5700887102075147
89,74,2.622133016378526
89,75,2.6751157379965407
89,76,2.7291065048930667
89,77,2.7841348022015024
89,78,2.8400965030723992
89,79,2.8969999932507697
89,80,2.9548722429564855
89,81,3.013838354163547
89,82,3.07395287953294
89,83,3.1350752479391386
89,84,3.1970827567624553
89,85,3.259978754014522
89,86,3.323798367063221
89,87,3.3885418319137983
89,88,3.454138743877029
89,89,3.5207157186048423
89,90,3.5882701372353063
89,91,3.656942369398669
89,92,3.726763241538805
89,93,3.7975917549746354
89,94,3.8693336897630437
89,95,3.9419930426332015
89,96,4.015648086562177
90,40,1.6345507633849554
90,50,1.7907755984673557
90,64,2.1648037359387433
90,65,2.204146576016418
90,66,2.2454221314350717
90,67,2.288186844471413
90,68,2.332764573559285
90,69,2.3789652432432637
90,70,2.4263299982101647
90,71,2.4745176708676473
90,72,2.523435877020762
90,73,2.573125844199625
90,74,2.623796530022474
90,75,2.675352342954789
90,76,2.727756313381793
90,77,2.781057980491298
90,78,2.8351223339154057
90,79,2.890025422063418
90,80,2.9459750471858466
90,81,3.002989444164229
90,82,3.0610678997659013
90,83,3.1201240687518084
90,84,3.180041560867026
90,85,3.2407636115303
90,86,3.3023263779777174
90,87,3.3648035286354747
90,88,3.42813496125739
90,89,3.4923664484123584
90,90,3.5575645281165853
90,91,3.6238430580707286
90,92,3.6912878530461355
90,93,3.7597340630656984
90,94,3.8290236103594095
90,95,3.8992056272039886
90,96,3.9703543099081924
91,40,1.5557215599838745
91,50,1.7421452391358505
91,64,2.1528025553267955
91,65,2.194512693941194
91,66,2.238287293277121
91,67,2.2840298568234387
91,68,2.3313227808774943
91,69,2.3802923990652616
91,70,2.4309394852129786
91,71,2.482567854820332
91,72,2.535010635309436
91,73,2.5883358237142184
91,74,2.6425835321586693
91,75,2.697760497711613
91,76,2.7538890395367064
91,77,2.8109864066606076
91,78,2.868933884613626
91,79,2.927751610248762
91,80,2.987518223525953
91,81,3.0483596373923163
91,82,3.1104138823378737
91,83,3.173452691006795
91,84,3.2373242872174854
91,85,3.3020010478081803
91,86,3.367512193494594
91,87,3.433957082735068
91,88,3.5012803889970754
91,89,3.5694872500195443
91,90,3.638753833684003
91,91,3.7091547947635206
91,92,3.780862684741522
91,93,3.8536175352877473
91,94,3.927241825832776
91,95,4.0017675903187095
91,96,4.077354836095196
92,40,1.5527044149717109
92,50,1.7381917858343874
92,64,2.1600991174047586
92,65,2.202795956634513
92,66,2.247691100947992
92,67,2.294238608285825
92,68,2.3422921825710743
92,69,2.3918733298921713
92,70,2.44241185771458
92,71,2.493612823545891
92,72,2.5455255770049092
92,73,2.598366507769896
92,74,2.652359525097671
92,75,2.707372763979065
92,76,2.763401164975966
92,77,2.8203988075831568
92,78,2.8783896352268306
92,79,2.937394317075581
92,80,2.9974698044331847
92,81,3.0587795038212837
92,82,3.1213997960879247
92,83,3.1851021396205748
92,84,3.2497690707522624
92,85,3.3152837872547463
92,86,3.3816648098215767
92,87,3.44897176751479
92,88,3.5171604844990503
92,89,3.5862485145344394
92,90,3.6563689198103515
92,91,3.7276466504841004
92,92,3.8000037834316274
92,93,3.8733940978937795
92,94,3.9477472137185776
92,95,4.023031300061186
92,96,4.099293947203758
93,40,1.5734656641444793
93,50,1.7552274515979087
93,64,2.15486631466551
93,65,2.1938746369972937
93,66,2.2347046356212577
93,67,2.2771868089943155
93,68,2.321628451432117
93,69,2.367903968033591
93,70,2.415532579584114
93,71,2.463923587110622
93,72,2.5130371643857465
93,73,2.563023158395095
93,74,2.6140014118743675
93,75,2.6659892351229026
93,76,2.7189710763245625
93,77,2.77296536528854
93,78,2.8277943209879983
93,79,2.8834962397929216
93,80,2.940182216082917
93,81,2.997967801604336
93,82,3.0568896562991483
93,83,3.116912434732011
93,84,3.1779370308828425
93,85,3.239797173604596
93,86,3.3026130538549783
93,87,3.366301516050052
93,88,3.4308363642192683
93,89,3.4962826756776355
93,90,3.562816532688297
93,91,3.630443901084795
93,92,3.6992021293925696
93,93,3.7690227850798808
93,94,3.83980290574814
93,95,3.9114312729622753
93,96,3.984029232083673
94,40,1.6228155979118695
94,50,1.784851448649727
94,64,2.164286025823302
94,65,2.203174084561675
94,66,2.244367264641017
94,67,2.28776745829752
94,68,2.3334513440533304
94,69,2.3814004309748538
94,70,2.430603586839801
94,71,2.4806049999370443
94,72,2.5313426217382298
94,73,2.5828819177670583
94,74,2.635337369581024
94,75,2.688833957724873
94,76,2.7433371650933194
94,77,2.7987939618371627
94,78,2.8551440627032862
94,79,2.9123882402144603
94,80,2.9705901444058234
94,81,3.0299444816625036
94,82,3.0905407626615915
94,83,3.1522346044511544
94,84,3.2148306900337267
94,85,3.2782802277740455
94,86,3.3426481418842426
94,87,3.4079985074578074
94,88,3.4741714697000092
94,89,3.5413184523081647
94,90,3.609466842039657
94,91,3.6787497216921716
94,92,3.7491624696428314
94,93,3.8206466065237885
94,94,3.89308743639275
94,95,3.9664002476623974
94,96,4.040643290485982
95,40,1.587088612812608
95,50,1.761230676628347
95,64,2.162898663414954
95,65,2.203713798670014
95,66,2.2466917545768554
95,67,2.2918673439127164
95,68,2.3393458349689515
95,69,2.3890797757894613
95,70,2.4405128248956225
95,71,2.4928804020621076
95,72,2.5459435205649035
95,73,2.599915635509682
95,74,2.654989006625115
95,75,2.7111529609792413
95,76,2.7684651980838106
95,77,2.826817468792738
95,78,2.8860773988789044
95,79,2.9461613298307707
95,80,3.007180613504138
95,81,3.0693591252792745
95,82,3.132721188628053
95,83,3.1972917361179625
95,84,3.262855569927636
95,85,3.329245989194538
95,86,3.3965255359098148
95,87,3.464776537141486
95,88,3.5339146686498553
95,89,3.6039286725840918
95,90,3.674893530492536
95,91,3.746931460707743
95,92,3.820164779668499
95,93,3.894341568387687
95,94,3.9694194721165874
95,95,4.045394860908591
95,96,4.122292986053125
96,40,1.5592225081983186
96,50,1.7443158110533592
96,64,2.16349928355567
96,65,2.2040841962421185
96,66,2.246370938032536
96,67,2.2903023216598495
96,68,2.3358719425651135
96,69,2.3833786178935816
96,70,2.4324207882831126
96,71,2.4823723389960106
96,72,2.5330562769142633
96,73,2.5845457873903728
96,74,2.637082630929529
96,75,2.690616163791371
96,76,2.745163700795526
96,77,2.800801885515078
96,78,2.8573468764342356
96,79,2.914706576615213
96,80,2.9730051636174877
96,81,3.032403545166547
96,82,3.093031401515068
96,83,3.15483210762055
96,84,3.2175203181359855
96,85,3.281022679707424
96,86,3.345396099227634
96,87,3.4107049667400746
96,88,3.476850259510841
96,89,3.543868073439477
96,90,3.611890433726702
96,91,3.6809362495257596
96,92,3.7511141145351035
96,93,3.8222635455633256
96,94,3.8943132119581465
96,95,3.9672379958368467
96,96,4.041161502091133
97,40,1.617226128390591
97,50,1.783049124016608
97,64,2.1568847294340583
97,65,2.194650593298202
97,66,2.2345075929905356
97,67,2.2765418959369548
97,68,2.320789544842368
97,69,2.3670580768949696
97,70,2.414226535397118
97,71,2.4620137511434987
97,72,2.5104761354643874
97,73,2.5597302940710955
97,74,2.609968353082932
97,75,2.6611407511713656
97,76,2.7133083796171595
97,77,2.7664835908471033
97,78,2.820470548179815
97,79,2.8752903573106083
97,80,2.9310862809469835
97,81,2.987966579460301
97,82,3.04613320460082
97,83,3.1054348396088463
97,84,3.165719449747444
97,85,3.2268822404410624
97,86,3.289012012321035
97,87,3.3520905480472054
97,88,3.416004535261089
97,89,3.480824862916272
97,90,3.546673156799822
97,91,3.6136379714903932
97,92,3.681788395457015
97,93,3.7510413436421652
97,94,3.8212203538097644
97,95,3.892266332061733
97,96,3.9643130990306368
98,40,1.5975091236585315
98,50,1.768249603341163
98,64,2.172094308587317
98,65,2.2132407194978136
98,66,2.256032682262171
98,67,2.3008011490949287
98,68,2.3476850018849693
98,69,2.3965676749025975
98,70,2.4469977823628177
98,71,2.498457018942485
98,72,2.5507943952476895
98,73,2.6040467591472836
98,74,2.6584292997696526
98,75,2.71381263575618
98,76,2.7701608120445695
98,77,2.827579672909597
98,78,2.88598973288117
98,79,2.9453268488651547
98,80,3.005709530063803
98,81,3.0672714000215326
98,82,3.130041386294289
98,83,3.1939644981864572
98,84,3.258865383252733
98,85,3.324603522612289
98,86,3.391267092564893
98,87,3.458872405042169
98,88,3.5273695069008637
98,89,3.596876902613541
98,90,3.667456959865549
98,91,3.7391347872715683
98,92,3.812074300200931
98,93,3.8860884068121115
98,94,3.9610517256511457
98,95,4.036942215429746
98,96,4.113918956950809
99,40,1.6069792425403162
99,50,1.7747796611241975
99,64,2.1695888521537587
99,65,2.2103972735926565
99,66,2.253241610159443
99,67,2.2982464670378886
99,68,2.3452051123483804
99,69,2.3941645849533035
99,70,2.444473500485174
99,71,2.4955997480119008
99,72,2.5476030432499925
99,73,2.6005371345236643
99,74,2.6545396708185205
99,75,2.709672658173957
99,76,2.7659355124006297
99,77,2.8234914375596483
99,78,2.882069060085847
99,79,2.941576817427039
99,80,3.002094651696722
99,81,3.063641358588201
99,82,3.1263756418807205
99,83,3.190242387165934
99,84,3.2550780970671616
99,85,3.320750817484644
99,86,3.387355388362989
99,87,3.4549109636956397
99,88,3.5233195580019334
99,89,3.5926250103592303
99,90,3.6629838046474843
99,91,3.734489882454501
99,92,3.8071970031585907
99,93,3.8809520758349496
99,94,3.9556180752366377
99,95,4.031146686628165
99,96,4.107751783323513
100,40,1.5737042023785923
100,50,1.7536435949519686
100,64,2.1621900649613246
100,65,2.2040363179038884
100,66,2.2479999722367245
100,67,2.2939418952788713
100,68,2.3417639379091435
100,69,2.3916115439822314
100,70,2.4429325639893067
100,71,2.495183339952491
100,72,2.5483339185810183
100,73,2.6024340782525837
100,74,2.657472233958608
100,75,2.71348828396569
100,76,2.770615216293843
100,77,2.8287585201712657
100,78,2.8877637038010247
100,79,2.9476044321110817
100,80,3.00836731825095
100,81,3.0701373640999083
100,82,3.1330245515964896
100,83,3.196970134344066
100,84,3.2617872381106956
100,85,3.3274424707219348
100,86,3.393986031322299
100,87,3.4613929603777938
100,88,3.529642745677558
100,89,3.5988170896620035
100,90,3.6690027476432507
100,91,3.740290932261872
100,92,3.8127081423987077
100,93,3.8861156143706124
100,94,3.960349614335523
100,95,4.035433429882588
100,96,4.111499263468799
101,40,1.6037292877848572
101,50,1.7727342341617864
101,64,2.1649094112824447
101,65,2.2039743737629807
101,66,2.2448383867992514
101,67,2.287653466767052
101,68,2.3326822939605387
101,69,2.3798815829482454
101,70,2.4285678581255534
101,71,2.4783100491139063
101,72,2.5290794750502554
101,73,2.58077123040365
101,74,2.6334223429015093
101,75,2.6870989982496276
101,76,2.7417480213083874
101,77,2.797399407751881
101,78,2.8539668709452672
101,79,2.9114714470313534
101,80,2.9700194554529227
101,81,3.0296415688162597
101,82,3.090485271212973
101,83,3.1524939635781326
101,84,3.2154193648111624
101,85,3.279209916745123
101,86,3.34393664782872
101,87,3.4095534128022686
101,88,3.4760133605943917
101,89,3.5434139227772623
101,90,3.6117628648841955
101,91,3.68119810492632
101,92,3.7517006678841858
101,93,3.823218718426701
101,94,3.8956554028310117
101,95,3.968994139196056
101,96,4.043408388576461
102,40,1.5968620650214123
102,50,1.7639186777584008
102,64,2.1603424405366036
102,65,2.2005430294115444
102,66,2.2428308710200797
102,67,2.2869835970831573
102,68,2.332919924383242
102,69,2.3810644733202895
102,70,2.4307982127401813
102,71,2.4813241765536236
102,72,2.5324375222192836
102,73,2.584346996104357
102,74,2.6372007295103574
102,75,2.6910221759983757
102,76,2.7458346153425506
102,77,2.8017243596927175
102,78,2.8584881991782565
102,79,2.9161599964665217
102,80,2.9748430171122675
102,81,3.034642967571251
102,82,3.0956580592782013
102,83,3.157775131529255
102,84,3.220814018315494
102,85,3.2847045077549835
102,86,3.3494456407599706
102,87,3.4151364081949604
102,88,3.4816593461063428
102,89,3.549054246768515
102,90,3.6173634827246186
102,91,3.686747429410987
102,92,3.757363908338573
102,93,3.8290484951082284
102,94,3.9016162491147535
102,95,3.9750198194212305
102,96,4.049424343594092
103,40,1.6043063494914538
103,50,1.777069974660039
103,64,2.163105116942293
103,65,2.2013483548662887
103,66,2.2412710035615984
103,67,2.2831914337316848
103,68,2.327109841362177
103,69,2.3731364841861384
103,70,2.42117833367778
103,71,2.4703226726459224
103,72,2.52020302967008
103,73,2.570787145139437
103,74,2.6223280678175027
103,75,2.6748957416651327
103,76,2.728433124594544
103,77,2.7829892913653724
103,78,2.8384078132502957
103,79,2.8947428151172847
103,80,2.9519537202392105
103,81,3.010238617406395
103,82,3.0696026736216195
103,83,3.130100623911774
103,84,3.191608413971778
103,85,3.2539710625078913
103,86,3.31722830481762
103,87,3.3813347456754634
103,88,3.4463738321146584
103,89,3.512396966382977
103,90,3.5794615234982423
103,91,3.647669131184324
103,92,3.7170946629958497
103,93,3.787582257065906
103,94,3.8590287399447156
103,95,3.931418026020836
103,96,4.004827314154967
104,40,1.576536737625065
104,50,1.755354768454396
104,64,2.1625781471055943
104,65,2.2035758938450662
104,66,2.2465808132297123
104,67,2.291570890586419
104,68,2.3382123413645868
104,69,2.386594693856149
104,70,2.43643294549261
104,71,2.4870597088808895
104,72,2.538423290332742
104,73,2.5907138244179864
104,74,2.6441440924635193
104,75,2.698548372613922
104,76,2.7538368651214515
104,77,2.8099779609372924
104,78,2.866881983922534
104,79,2.924620834734991
104,80,2.983288197147656
104,81,3.0430345323516086
104,82,3.1040099913316475
104,83,3.1660859125957934
104,84,3.229039645525126
104,85,3.29289972550829
104,86,3.357688369046204
104,87,3.4233403509615083
104,88,3.4898517662666113
104,89,3.55729769984365
104,90,3.6256888082393326
104,91,3.6951667762500833
104,92,3.765794313029785
104,93,3.837391688112069
104,94,3.9098532476915784
104,95,3.9831816769981816
104,96,4.057452691409091
105,40,1.5740594790424987
105,50,1.7508785988762559
105,64,2.1611054236407354
105,65,2.202811868297065
105,66,2.2467157648829335
105,67,2.2927888718666356
105,68,2.34084423522253
105,69,2.3906956706578644
105,70,2.441467630087973
105,71,2.4928054167420552
105,72,2.544793475327673
105,73,2.5976049830102528
105,74,2.6514067435947615
105,75,2.706158267382421
105,76,2.761873066805843
105,77,2.8185506735144417
105,78,2.8761605335362432
105,79,2.9346281015248676
105,80,2.99397891396647
105,81,3.054315118624093
105,82,3.115878183176717
105,83,3.178559043410677
105,84,3.242204598476052
105,85,3.306705873406604
105,86,3.3721014510103253
105,87,3.4383924832248565
105,88,3.5055305766704876
105,89,3.573574018681524
105,90,3.6426827378607296
105,91,3.7127892382312067
105,92,3.7840089721795094
105,93,3.85625723694249
105,94,3.9294310103691874
105,95,4.003470698268906
105,96,4.078509802004948
106,40,1.606389732980083
106,50,1.7737767375138276
106,64,2.159400431175047
106,65,2.198407960868779
106,66,2.2392670719063905
106,67,2.2819909236892677
106,68,2.3267882992677453
106,69,2.373463706403442
106,70,2.4216830476731666
106,71,2.4707214451790964
106,72,2.520587403868903
106,73,2.571324743844495
106,74,2.623045683118157
106,75,2.675801254495119
106,76,2.7296259040434085
106,77,2.7845097210251524
106,78,2.8402157487358215
106,79,2.896782974967827
106,80,2.9542354277556946
106,81,3.0127333286108904
106,82,3.072396680160912
106,83,3.133161699099791
106,84,3.194843542578669
106,85,3.2573643009865565
106,86,3.3207756222236764
106,87,3.3850733943625
106,88,3.4502670906896613
106,89,3.5163365687754222
106,90,3.5833474021181972
106,91,3.651493343799461
106,92,3.7207412137836977
106,93,3.7910598771721986
106,94,3.8622299118490466
106,95,3.93428219140812
106,96,4.007365638046744
107,40,1.6040020578283336
107,50,1.7737556867187876
107,64,2.1674519174155487
107,65,2.2072216932695663
107,66,2.2491570050617806
107,67,2.2931975013309627
107,68,2.3395086566146834
107,69,2.387981866350664
107,70,2.4378537659359942
107,71,2.4885119868263157
107,72,2.539932037200676
107,73,2.5921476749587726
107,74,2.6453603299412025
107,75,2.6996718671908932
107,76,2.7549707154320027
107,77,2.8113248550462746
107,78,2.868567490711619
107,79,2.9267486268393728
107,80,2.9858973566237283
107,81,3.0461473970639417
107,82,3.1075710389778255
107,83,3.1700667203686113
107,84,3.233551969755243
107,85,3.2978385265847923
107,86,3.3629821432460076
107,87,3.429071998271009
107,88,3.4960247523901167
107,89,3.5639176427884296
107,90,3.6327793590971265
107,91,3.7027101233606103
107,92,3.7737255575744895
107,93,3.845784680194023
107,94,3.918769924837497
107,95,3.9925913077616064
107,96,4.067293499121341
108,40,1.5969257356231341
108,50,1.7684615130400911
108,64,2.1681318357328254
108,65,2.2091546616671836
108,66,2.2526607891895774
108,67,2.2982923271435873
108,68,2.345434519534979
108,69,2.393964908567513
108,70,2.443649699400392
108,71,2.494080936246268
108,72,2.545412744434016
108,73,2.597715698100463
108,74,2.6510978369202918
108,75,2.7054442216614056
108,76,2.760746675373542
108,77,2.817041569542973
108,78,2.874235216134304
108,79,2.932361621095264
108,80,2.9914722381338175
108,81,3.0516880098992036
108,82,3.1132058419037483
108,83,3.1758303358571345
108,84,3.2393335224452207
108,85,3.3036993664180088
108,86,3.3690075964866804
108,87,3.435290881955087
108,88,3.5024143903852822
108,89,3.5704490166782934
108,90,3.6394741619407895
108,91,3.7095585081885525
108,92,3.780862624162327
108,93,3.853214635282642
108,94,3.9264320177611896
108,95,4.000508157168968
108,96,4.075574563160294
109,40,1.5831871846565584
109,50,1.7578468529746416
109,64,2.1457702800728247
109,65,2.184695803746926
109,66,2.2252529077104284
109,67,2.267638440372186
109,68,2.311695868556831
109,69,2.3577979526690385
109,70,2.4057708077940614
109,71,2.45469410929128
109,72,2.504403172492837
109,73,2.5548378854853926
109,74,2.60621364632782
109,75,2.6585051938410342
109,76,2.711682713896098
109,77,2.7658773304671778
109,78,2.820905463569108
109,79,2.876882195652146
109,80,2.9337623759509337
109,81,2.991559739919336
109,82,3.0505298427761804
109,83,3.1105900215672477
109,84,3.171521171388915
109,85,3.2332259128550445
109,86,3.2958088667547276
109,87,3.359278952819583
109,88,3.423605764011755
109,89,3.4888368985887954
109,90,3.555053777427517
109,91,3.6223390680284275
109,92,3.6906900298078753
109,93,3.759986945288243
109,94,3.8301296315084348
109,95,3.9011494824244264
109,96,3.973275793409422
110,40,1.6072242543146862
110,50,1.7767435102826064
110,64,2.155498925686198
110,65,2.193866140464541
110,66,2.2342641472271496
110,67,2.2764995907151384
110,68,2.3201323894686925
110,69,2.3657342344015553
110,70,2.4128741732100902
110,71,2.4607710546402957
110,72,2.509413737915107
110,73,2.5589379094361733
110,74,2.6093334246966617
110,75,2.660777421183254
110,76,2.7132489527116377
110,77,2.7666710940540504
110,78,2.8210316884906983
110,79,2.8763919970964578
110,80,2.9328290740768566
110,81,2.990427981233698
110,82,3.0492217561056894
110,83,3.109085689905416
110,84,3.1698358820818733
110,85,3.231382699324785
110,86,3.2938540940620347
110,87,3.357311306513183
110,88,3.4216709112157453
110,89,3.4869735264936947
110,90,3.5532633219908325
110,91,3.620616617189762
110,92,3.6891840541267213
110,93,3.7589028055168465
110,94,3.829532239422526
110,95,3.9010453849909945
110,96,3.973507259246734
111,40,1.5839479357648885
111,50,1.760986703500716
111,64,2.1568198112883716
111,65,2.1964396324598665
111,66,2.2379215528501955
111,67,2.2811453772832624
111,68,2.326291845340702
111,69,2.3735464717204144
111,70,2.4224199528792343
111,71,2.4721402284238225
111,72,2.5225289954498304
111,73,2.5736985970313286
111,74,2.6256926189933574
111,75,2.678605026284284
111,76,2.7324636027714684
111,77,2.7872450797019703
111,78,2.842866544048842
111,79,2.899422104995068
111,80,2.9569534015046357
111,81,3.0156260940310435
111,82,3.0756073467604796
111,83,3.1367209522868107
111,84,3.1987702462559104
111,85,3.261663745694608
111,86,3.325420126630337
111,87,3.3900207925350117
111,88,3.455465048110333
111,89,3.5217823498174736
111,90,3.589080401150307
111,91,3.6574334025492368
111,92,3.726922161410413
111,93,3.7974226904656665
111,94,3.868887121788608
111,95,3.9412181460853812
111,96,4.014453020993544
112,40,1.585149105716003
112,50,1.7590956318209243
112,64,2.158553519945825
112,65,2.198345656807623
112,66,2.2402991219229205
112,67,2.2842170043021714
112,68,2.330251650603118
112,69,2.378430057429108
112,70,2.428022102960911
112,71,2.478539022924151
112,72,2.5298163654105554
112,73,2.5818880321092883
112,74,2.6349250176183316
112,75,2.689005477257137
112,76,2.7440714263081256
112,77,2.8001120287717725
112,78,2.856976016160121
112,79,2.914656861782128
112,80,2.9731985436562347
112,81,3.0327986946684327
112,82,3.09351368122776
112,83,3.155375976096984
112,84,3.2182190119199685
112,85,3.281922391283504
112,86,3.34650416414792
112,87,3.4120021282163857
112,88,3.478424687281286
112,89,3.545775814997879
112,90,3.614161085450535
112,91,3.683644515884558
112,92,3.7542687187151484
112,93,3.8259320630994305
112,94,3.8984722433173293
112,95,3.9718800533270664
112,96,4.046213623477058
113,40,1.6074263419790447
113,50,1.7747118010209555
113,64,2.168121841874756
113,65,2.2078362047221467
113,66,2.2497577258498582
113,67,2.2934078237120774
113,68,2.3386147743412646
113,69,2.38533822134666
113,70,2.4329703077743448
113,71,2.481302172905559
113,72,2.5303366897598676
113,73,2.5803004782584513
113,74,2.631398713866139
113,75,2.6835388860618914
113,76,2.736748584045147
113,77,2.79106503690684
113,78,2.846284154629421
113,79,2.9024032863340823
113,80,2.9595658790176245
113,81,3.017768807569043
113,82,3.077187892378521
113,83,3.1377699773706027
113,84,3.199313302421672
113,85,3.261741480279273
113,86,3.3250897871322582
113,87,3.38934199124344
113,88,3.4544634467281563
113,89,3.520482282144347
113,90,3.587491777490042
113,91,3.6555512800288588
113,92,3.724998773267589
113,93,3.7954729836439034
113,94,3.8668447908543424
113,95,3.939104262124805
113,96,4.012286938803144
114,40,1.5982805921666428
114,50,1.7641183786720034
114,64,2.1519402144499766
114,65,2.191427497655755
114,66,2.2330730028096375
114,67,2.2767409632515263
114,68,2.3226490617659694
114,69,2.3709040383138404
114,70,2.4207254369442683
114,71,2.471419520031069
114,72,2.5230046078221307
114,73,2.5755896409290697
114,74,2.6291008733706303
114,75,2.683544929044101
114,76,2.739017970321353
114,77,2.7955085748315227
114,78,2.852822330006655
114,79,2.9110131592532533
114,80,2.9701483349336284
114,81,3.0302916308095145
114,82,3.0915694342141036
114,83,3.153996023828051
114,84,3.2173599275095253
114,85,3.2815263075744916
114,86,3.3466171670791613
114,87,3.412664834558839
114,88,3.479594273723956
114,89,3.547466508552542
114,90,3.616344536210707
114,91,3.6862215886981584
114,92,3.7572653294810423
114,93,3.8293254567034483
114,94,3.902266696322478
114,95,3.9761027233521866
114,96,4.050903438316361
115,40,1.582694444253397
115,50,1.7596002418206067
115,64,2.1560924300777393
115,65,2.1955351213205407
115,66,2.2370001103675587
115,67,2.280382363151045
115,68,2.3260285393239064
115,69,2.3739103767958634
115,70,2.4233648104143892
115,71,2.473704736558332
115,72,2.5248694292769303
115,73,2.576877759755247
115,74,2.6298972154690246
115,75,2.6838565769272975
115,76,2.738812533535514
115,77,2.7946468886308686
115,78,2.8513098315061263
115,79,2.9088233194564115
115,80,2.9673616431347014
115,81,3.027092729792373
115,82,3.087983365666731
115,83,3.1498039591872367
115,84,3.2123925518710514
115,85,3.275739887014502
115,86,3.339980302744059
115,87,3.4050664285202803
115,88,3.4710167064598965
115,89,3.537873806684054
115,90,3.6057269011440414
115,91,3.674668281971779
115,92,3.744808890188323
115,93,3.81594654971327
115,94,3.887919623958708
115,95,3.960722737946204
115,96,4.034514745204627
116,40,1.5521716598605904
116,50,1.741339065657085
116,64,2.15116604695922
116,65,2.191376698411023
116,66,2.2337487375201497
116,67,2.2778735126463854
116,68,2.3233847356835677
116,69,2.3704720739288643
116,70,2.4186088035484885
116,71,2.467583972183268
116,72,2.5174020511934896
116,73,2.5680133084562575
116,74,2.619591940053368
116,75,2.672145929105918
116,76,2.72558235210188
116,77,2.7799770028084048
116,78,2.8351566533840087
116,79,2.891115050276893
116,80,2.948028337574358
116,81,3.0060738535094913
116,82,3.065230325333615
116,83,3.1255144676631703
116,84,3.186750274515004
116,85,3.248848915653748
116,86,3.3118737961729625
116,87,3.37574391956295
116,88,3.4404636725445865
116,89,3.5060699030356552
116,90,3.572652934475098
116,91,3.640242024483433
116,92,3.7090800982294296
116,93,3.7789738105649366
116,94,3.849782427370865
116,95,3.9214780791347765
116,96,3.9940770575297377
117,40,1.5723560572125934
117,50,1.7568760208759746
117,64,2.154176888925222
117,65,2.1916777030101686
117,66,2.230664755704632
117,67,2.2713207945230773
117,68,2.3136841542924693
117,69,2.3578351993824898
117,70,2.4033242754858106
117,71,2.4495631431506326
117,72,2.496529916704813
117,73,2.544257102723435
117,74,2.5930313808466465
117,75,2.6427397796169885
117,76,2.6933676599514005
117,77,2.744904957444515
117,78,2.7972948034076044
117,79,2.850473795636765
117,80,2.90450502171053
117,81,2.9594767425603488
117,82,3.0155390646909774
117,83,3.072622495075241
117,84,3.130667745008244
117,85,3.189463441779116
117,86,3.2491016679104234
117,87,3.309545011332709
117,88,3.3708241415709663
117,89,3.432988400764769
117,90,3.4960698352388415
117,91,3.560112537377396
117,92,3.6251875474609223
117,93,3.6912159220411547
117,94,3.7580767250673914
117,95,3.825837028306543
117,96,3.8946921361499847
118,40,1.5828606578119742
118,50,1.7612215321323503
118,64,2.148718384003257
118,65,2.1873049944025516
118,66,2.227660517730319
118,67,2.2705191068663564
118,68,2.3161287845774847
118,69,2.364122671276934
118,70,2.41379415581296
118,71,2.4645421053849987
118,72,2.5164211451824103
118,73,2.569233092182378
118,74,2.6230425402912623
118,75,2.677912140452938
118,76,2.733760117665171
118,77,2.790677822817071
118,78,2.848427506892546
118,79,2.906962355735903
118,80,2.9664225424406157
118,81,3.026874494826173
118,82,3.0884360493674237
118,83,3.151122846679123
118,84,3.2146213422869856
118,85,3.2789209898434857
118,86,3.344046887059943
118,87,3.4100465117879413
118,88,3.4769495584712686
118,89,3.544854941192726
118,90,3.613793868362346
118,91,3.6838815843533075
118,92,3.755030054473192
118,93,3.827225812609921
118,94,3.900399916228814
118,95,3.9744745436439297
118,96,4.049559789337424
119,40,1.5815545083803653
119,50,1.7623724535518592
119,64,2.1557162309881903
119,65,2.1936536959388433
119,66,2.233555273610437
119,67,2.275208933101682
119,68,2.3185742686341984
119,69,2.36353721441415
119,70,2.4096868300685323
119,71,2.456473196147969
119,72,2.50391924273695
119,73,2.552275031342804
119,74,2.6019344055896023
119,75,2.6526169070885466
119,76,2.7041460134389244
119,77,2.756557224465456
119,78,2.8097912425810554
119,79,2.863887395016845
119,80,2.918975423823137
119,81,2.9750600088494368
119,82,3.032197588072594
119,83,3.0903813164870346
119,84,3.1495750230360704
119,85,3.2096220531158983
119,86,3.2706501090552225
119,87,3.332527967482795
119,88,3.395288229825657
119,89,3.459050152940091
119,90,3.5238157226288926
119,91,3.5896125674317094
119,92,3.6566191771977623
119,93,3.724675663616967
119,94,3.793661763322868
119,95,3.8635465964956826
119,96,3.934307828296423
120,40,1.6136769432072033
120,50,1.7771613535027266
120,64,2.1606312570720334
120,65,2.1998977116242586
120,66,2.2410955785761018
120,67,2.2840994033624926
120,68,2.3287353844560843
120,69,2.375039304437327
120,70,2.4228548928727025
120,71,2.471534010409445
120,72,2.5208364220465067
120,73,2.570933610146872
120,74,2.622034180513684
120,75,2.674238226300309
120,76,2.7275455689188837
120,77,2.781809360514586
120,78,2.8368790055753745
120,79,2.8928236798867477
120,80,2.9497313720339946
120,81,3.0077922310487644
120,82,3.0671174527468787
120,83,3.1275098074764696
120,84,3.188862531902008
120,85,3.251063505047752
120,86,3.3141569376217843
120,87,3.3781637482775833
120,88,3.4430141840806456
120,89,3.5087575084162768
120,90,3.5754798987161482
120,91,3.643402890335646
120,92,3.712540714502198
120,93,3.7826886376908258
120,94,3.8537335727888236
120,95,3.925677488059307
120,96,3.998574518136025
121,40,1.6053985471119772
121,50,1.7699761948134
121,64,2.1518456995590225
121,65,2.1910890706282453
121,66,2.2331582132049115
121,67,2.2776623265381053
121,68,2.3248474670570833
121,69,2.374387972116096
121,70,2.4255805086496514
121,71,2.4776178238834112
121,72,2.5303268574093534
121,73,2.5840369217694943
121,74,2.6389151317397985
121,75,2.6950526422779784
121,76,2.7523238681336224
121,77,2.810515985327319
121,78,2.8696047146855874
121,79,2.929563586934953
121,80,2.9904792237501225
121,81,3.052584603438346
121,82,3.1159894536649557
121,83,3.180663890727411
121,84,3.2463392761295156
121,85,3.312864890004662
121,86,3.380349762759794
121,87,3.448968619198732
121,88,3.5184598356579633
121,89,3.588831893048381
121,90,3.6602431102702777
121,91,3.7327756934099554
121,92,3.8064956927813496
121,93,3.8812552977660726
121,94,3.9569833098710823
121,95,4.033564105075673
121,96,4.111009851309097
122,40,1.5871700368519963
122,50,1.7650415703256137
122,64,2.1615203132394942
122,65,2.2007296659590243
122,66,2.2418093799569703
122,67,2.2849353131896217
122,68,2.3302523053619133
122,69,2.3778125002168826
122,70,2.426659759768437
122,71,2.4761170529634495
122,72,2.5261522474903106
122,73,2.576930009335078
122,74,2.6285777996743946
122,75,2.6812438492693556
122,76,2.734848407676635
122,77,2.7894557917878946
122,78,2.845045843640553
122,79,2.9015532966607593
122,80,2.9591061077180054
122,81,3.0177460932478857
122,82,3.0774878428257395
122,83,3.138312810126826
122,84,3.200102207588765
122,85,3.2627283096741238
122,86,3.32624021516091
122,87,3.3906435153367536
122,88,3.4558981537933255
122,89,3.5220720028735437
122,90,3.5891890707101064
122,91,3.6573347460263785
122,92,3.7266195306683394
122,93,3.7969187690147703
122,94,3.868128834415833
122,95,3.9401979180129114
122,96,4.013231594292046
123,40,1.5716091881802279
123,50,1.749881510941607
123,64,2.161272289271188
123,65,2.2023741268293247
123,66,2.245262893887575
123,67,2.289834104293009
123,68,2.336301038465275
123,69,2.3845810154516047
123,70,2.4343278005530107
123,71,2.484952162007681
123,72,2.5362982197455977
123,73,2.5885374960904204
123,74,2.6417078409364074
123,75,2.6959105995320236
123,76,2.751006325634924
123,77,2.8071054774668136
123,78,2.8640708765924985
123,79,2.9219037572704307
123,80,2.98069094816213
123,81,3.040511576315756
123,82,3.1015000412986233
123,83,3.163577861366364
123,84,3.2266464816446803
123,85,3.290586026478463
123,86,3.355465459632714
123,87,3.4212342527532162
123,88,3.487853657307952
123,89,3.5553767166160646
123,90,3.623865232187481
123,91,3.693464249265106
123,92,3.7643345053327586
123,93,3.836259782079342
123,94,3.909110962394439
123,95,3.98286625798965
123,96,4.057681405121754
124,40,1.573759510783006
124,50,1.7485836847940126
124,64,2.1598566641283226
124,65,2.201935216959202
124,66,2.245857492327034
124,67,2.2916016026178423
124,68,2.3388739019447513
124,69,2.387440458049518
124,70,2.4369843364791324
124,71,2.4872437470518314
124,72,2.538262662400084
124,73,2.590153546981157
124,74,2.6430922403536448
124,75,2.6970492683404603
124,76,2.7520599287716285
124,77,2.8080976348687035
124,78,2.865024149767832
124,79,2.922827266705341
124,80,2.9816086993595747
124,81,3.041582544022761
124,82,3.1029178954018652
124,83,3.165380258960605
124,84,3.2288499694173423
124,85,3.2932127155723316
124,86,3.358541798801829
124,87,3.4247785706816423
124,88,3.491948443784527
124,89,3.5600411569051245
124,90,3.6291240220595187
124,91,3.6993379536841786
124,92,3.770696116978156
124,93,3.843061034721263
124,94,3.9163264697720113
124,95,3.99051208590685
124,96,4.065798681544842
125,40,1.6094832974561577
125,50,1.7753498990863714
125,64,2.1631206644777676
125,65,2.202909325065063
125,66,2.2447162863228742
125,67,2.2885266035795406
125,68,2.3340966234056983
125,69,2.3812218407504244
125,70,2.4292082891927653
125,71,2.477791901763052
125,72,2.527142069650868
125,73,2.577372014294844
125,74,2.628729158028866
125,75,2.681232407764197
125,76,2.7348050833346598
125,77,2.7894270290284795
125,78,2.8450493043937124
125,79,2.9015827984313636
125,80,2.9591030135127268
125,81,3.017688076912928
125,82,3.0774402015804005
125,83,3.138296636708529
125,84,3.2000538845198765
125,85,3.2626482824426564
125,86,3.326168824886225
125,87,3.3906005333046885
125,88,3.4559300834799496
125,89,3.522196865920522
125,90,3.589473395086996
125,91,3.6578644604820907
125,92,3.7273665975807413
125,93,3.7978873903764176
125,94,3.8693074219303525
125,95,3.941596750418482
125,96,4.01495732875825
126,40,1.5962946644236253
126,50,1.766284970856472
126,64,2.1630228561511484
126,65,2.203803272055658
126,66,2.246566844834665
126,67,2.291217520568175
126,68,2.338001267051678
126,69,2.3866026902452897
126,70,2.4364735810453424
126,71,2.4871457548597373
126,72,2.538499461460574
126,73,2.590694690302617
126,74,2.6439334136860073
126,75,2.6982703451474292
126,76,2.7535604580385145
126,77,2.809869515052974
126,78,2.8670202420419253
126,79,2.9249943794342137
126,80,2.9838871858176508
126,81,3.0437487088202637
126,82,3.104803045752493
126,83,3.1669906436477557
126,84,3.23004440891376
126,85,3.293924226012499
126,86,3.358704065981277
126,87,3.4244537800941854
126,88,3.491036303313237
126,89,3.5585061307982286
126,90,3.62695877747539
126,91,3.696541532258201
126,92,3.7672712492847698
126,93,3.8390069120599204
126,94,3.9116250549363674
126,95,3.9851076666980148
126,96,4.059544492396931
127,40,1.5586533986374889
127,50,1.746352467886933
127,64,2.1677985614191786
127,65,2.209676157343318
127,66,2.2536423842655484
127,67,2.299521990612131
127,68,2.34697073268072
127,69,2.3961332617680315
127,70,2.4467547131588483
127,71,2.498268563390658
127,72,2.5506990588576377
127,73,2.6040793970091656
127,74,2.6585041658566686
127,75,2.713863400340177
127,76,2.770278929865705
127,77,2.827677162336896
127,78,2.8859493317627716
127,79,2.945152904012367
127,80,3.0054315016901385
127,81,3.0668295290952123
127,82,3.1293756629189766
127,83,3.1929538339969694
127,84,3.257387110028665
127,85,3.3226588629672063
127,86,3.388789029015043
127,87,3.4558342094405123
127,88,3.523761230026312
127,89,3.592618065605653
127,90,3.662488605088166
127,91,3.7333932917895547
127,92,3.8053928783275035
127,93,3.878408480132169
127,94,3.9522787741769196
127,95,4.0270032434133105
127,96,4.102631145532726
128,40,1.5745879333135977
128,50,1.7550482797743694
128,64,2.1604517124673297
128,65,2.2007132182698403
128,66,2.2428780379687234
128,67,2.2867117175063414
128,68,2.3321559207169096
128,69,2.3793265747205488
128,70,2.4280818467355476
128,71,2.4777471071896113
128,72,2.528303872759566
128,73,2.579767924133703
128,74,2.632365974495215
128,75,2.6860122459991467
128,76,2.7406947814516136
128,77,2.796440385913079
128,78,2.8530544465750536
128,79,2.91055610680686
128,80,2.969086106087704
128,81,3.0287133705424285
128,82,3.089535174978349
128,83,3.151461681583747
128,84,3.2143356673113024
128,85,3.278172682214984
128,86,3.342946994962248
128,87,3.408596624180734
128,88,3.475112323022565
128,89,3.542588449192265
128,90,3.6110632185177103
128,91,3.680621325457159
128,92,3.751431705745971
128,93,3.823312854098708
128,94,3.896126126104116
128,95,3.9698327657064914
128,96,4.044562410118248
129,40,1.5867405400244234
129,50,1.7617973570586254
129,64,2.1700146594850067
129,65,2.2114944094221323
129,66,2.2547631010863713
129,67,2.2997195453750163
129,68,2.346230926520943
129,69,2.3945907252586993
129,70,2.444047608233254
129,71,2.4941295940678505
129,72,2.5448234036341595
129,73,2.5963574501641347
129,74,2.648962049467425
129,75,2.702537222704625
129,76,2.757110765498596
129,77,2.812659389308329
129,78,2.869128250730833
129,79,2.926467139215113
129,80,2.9846837291665054
129,81,3.0440379733859704
129,82,3.1047916644051714
129,83,3.1667214535362525
129,84,3.2295228972048218
129,85,3.293168638597912
129,86,3.3576942665060048
129,87,3.423182629831773
129,88,3.4895691752239357
129,89,3.5568908576742038
129,90,3.6252279752854015
129,91,3.6946816847881445
129,92,3.765215646952908
129,93,3.8367120744922345
129,94,3.909140021047517
129,95,3.9825098493001816
129,96,4.056942247713456
130,40,1.5801992325170044
130,50,1.7596781531159715
130,64,2.164551864003438
130,65,2.205468788541974
130,66,2.2483642636844126
130,67,2.2929793935925153
130,68,2.3396707677966293
130,69,2.3877989331028724
130,70,2.436946037387825
130,71,2.486726442482312
130,72,2.537158500990782
130,73,2.5884719868468418
130,74,2.640873223598077
130,75,2.6943369762487897
130,76,2.7487450321053792
130,77,2.804190770203937
130,78,2.8605481448311147
130,79,2.9178008944343024
130,80,2.9761244054339007
130,81,3.0355542658425385
130,82,3.0961112105022144
130,83,3.157820024136784
130,84,3.220487973595152
130,85,3.2839875325491095
130,86,3.348428198076743
130,87,3.4137783266140023
130,88,3.479943583238134
130,89,3.5470252121471626
130,90,3.615149919184728
130,91,3.6843529264210235
130,92,3.7547042681029676
130,93,3.8260464881817207
130,94,3.898358354299541
130,95,3.971527127708681
130,96,4.045682945791632
131,40,1.5702880259834373
131,50,1.7537883704794388
131,64,2.159227472973147
131,65,2.2006125868797617
131,66,2.2442073193510677
131,67,2.2899097523632244
131,68,2.3375126860877824
131,69,2.3867686069028906
131,70,2.4373396137347236
131,71,2.488665092607561
131,72,2.540711221634645
131,73,2.593600504943861
131,74,2.6474869587116645
131,75,2.7023397841375987
131,76,2.758161039374788
131,77,2.814979548225362
131,78,2.8726325170305236
131,79,2.9312207520409745
131,80,2.990896437360657
131,81,3.051701217915909
131,82,3.1136509129737777
131,83,3.176749068502499
131,84,3.240740282869754
131,85,3.3055237868226897
131,86,3.371245977783997
131,87,3.4379713104970127
131,88,3.5055418503499776
131,89,3.574016822597695
131,90,3.6435922383536883
131,91,3.7143479559152497
131,92,3.786217791189352
131,93,3.859103041494518
131,94,3.9329156210042573
131,95,4.00766754581471
131,96,4.083331344114955
132,40,1.5855311746352485
132,50,1.7606614335484227
132,64,2.1467351820829927
132,65,2.1846354852906376
132,66,2.224304762521064
132,67,2.2656599148370957
132,68,2.308879902485027
132,69,2.3537678018254886
132,70,2.4000110719112424
132,71,2.4471213373981797
132,72,2.4949389509361346
132,73,2.543612089484262
132,74,2.593233273356714
132,75,2.643799163490053
132,76,2.6952595582883863
132,77,2.7476796596726407
132,78,2.80092388058537
132,79,2.8550329236593415
132,80,2.9101028792775527
132,81,2.96630802393828
132,82,3.023668465459175
132,83,3.0820489243892664
132,84,3.141433713102951
132,85,3.2016346948400627
132,86,3.262734107193728
132,87,3.324700202395518
132,88,3.3874720036826043
132,89,3.4511111540956643
132,90,3.5156658717314024
132,91,3.581267123452177
132,92,3.6480197469305873
132,93,3.7158232288428437
132,94,3.784542102583221
132,95,3.8541900066765455
132,96,3.9248761604686733
133,40,1.6099450050810977
133,50,1.7761978415415125
133,64,2.1608015158201863
133,65,2.200681889253168
133,66,2.242531755630709
133,67,2.2862191857680023
133,68,2.3322763506469726
133,69,2.380248406104367
133,70,2.4296472165803724
133,71,2.4798998009933713
133,72,2.530829296995752
133,73,2.5825923107763793
133,74,2.6354605315949
133,75,2.6892732712395753
133,76,2.744075372240951
133,77,2.799930120464407
133,78,2.8566811807842942
133,79,2.914261671519446
133,80,2.972774870084717
133,81,3.0324549944622947
133,82,3.093405976804119
133,83,3.1553986884149077
133,84,3.2183099102136676
133,85,3.2820346442772155
133,86,3.3466659805703203
133,87,3.4121455181554223
133,88,3.478517180295466
133,89,3.54575526390693
133,90,3.6140600129545493
133,91,3.6834523211930335
133,92,3.7538884732854605
133,93,3.825343844974056
133,94,3.8976866885515014
133,95,3.97096297170397
133,96,4.045264061219887
134,40,1.5412910835957516
134,50,1.7347530919828715
134,64,2.167807925766466
134,65,2.2096162139376125
134,66,2.2532329614300592
134,67,2.298668942756932
134,68,2.345798672406528
134,69,2.3948574996287375
134,70,2.4451107452693863
134,71,2.4960936123440907
134,72,2.54776737808764
134,73,2.600180189721259
134,74,2.653470411850809
134,75,2.7077555536695557
134,76,2.7631111859467588
134,77,2.8195583552265493
134,78,2.876915638789559
134,79,2.935179006923629
134,80,2.994444076653983
134,81,3.054803299634143
134,82,3.1163520870236336
134,83,3.1790281423793134
134,84,3.242616748662832
134,85,3.3070883971028646
134,86,3.3724583442861404
134,87,3.4386890373635124
134,88,3.505791757115722
134,89,3.5738397080009126
134,90,3.642912924783802
134,91,3.713119412252836
134,92,3.78451485856069
134,93,3.8569597534681446
134,94,3.9304215148213664
134,95,4.004816550757841
134,96,4.080243525171728
135,40,1.5954223034494697
135,50,1.7652123983775425
135,64,2.1539480333103205
135,65,2.192591396607825
135,66,2.233322902532347
135,67,2.2762608088968617
135,68,2.321382361117649
135,69,2.3685615869841903
135,70,2.4174267928706086
135,71,2.467256730800346
135,72,2.5179251781513647
135,73,2.569381625660023
135,74,2.6218477343029454
135,75,2.6753106795546127
135,76,2.7297854230283303
135,77,2.785301566124147
135,78,2.8417070422034527
135,79,2.898935711785467
135,80,2.9570697686071497
135,81,3.016279500187359
135,82,3.0766319274932727
135,83,3.138036727256841
135,84,3.200317525961756
135,85,3.2634276879862205
135,86,3.3273989543413167
135,87,3.3922348856304243
135,88,3.457928227770144
135,89,3.5244856787432726
135,90,3.5919996709423714
135,91,3.660565400883918
135,92,3.7301983743568927
135,93,3.800856847684785
135,94,3.8723547542630836
135,95,3.9447427379233835
135,96,4.018083015311348
136,40,1.566222281005175
136,50,1.7524349483110968
136,64,2.1521826442244087
136,65,2.1908499682968863
136,66,2.2312543699972958
136,67,2.2732184941036833
136,68,2.316763915614354
136,69,2.3618222335624655
136,70,2.408223440564316
136,71,2.4554097294229975
136,72,2.503288214004661
136,73,2.5520575680139315
136,74,2.601999408418676
136,75,2.6529358458695125
136,76,2.704764972657331
136,77,2.7575890216349164
136,78,2.8112260097292054
136,79,2.865758192828705
136,80,2.921262447590723
136,81,2.9778884407835395
136,82,3.0357656357940157
136,83,3.09471772613579
136,84,3.154621206219744
136,85,3.2153806426958487
136,86,3.277098437171584
136,87,3.339629951871953
136,88,3.4030065795840256
136,89,3.467236766612528
136,90,3.5324617715930393
136,91,3.5987689059643584
136,92,3.6662358942658546
136,93,3.7347003547382633
136,94,3.8040571877831217
136,95,3.874326826024861
136,96,3.94562849760259
137,40,1.5851978022248174
137,50,1.7641734343427475
137,64,2.1659625609561814
137,65,2.206155637072691
137,66,2.248418649693568
137,67,2.2927520057256316
137,68,2.3390131284684994
137,69,2.3871764350483407
137,70,2.4369044131144983
137,71,2.487655916370442
137,72,2.5390783867679128
137,73,2.5912191257472417
137,74,2.644241181777059
137,75,2.698138094174258
137,76,2.7530102029942913
137,77,2.8088938237373515
137,78,2.865633159781953
137,79,2.923291282309755
137,80,2.9818953712692586
137,81,3.0414712691361103
137,82,3.102356550851609
137,83,3.164266961252226
137,84,3.2270062783955487
137,85,3.290564875450725
137,86,3.3549826251185415
137,87,3.42029427769796
137,88,3.486431590156189
137,89,3.553512494794467
137,90,3.6215559252907203
137,91,3.6907434700014665
137,92,3.7610310121347896
137,93,3.832363739493357
137,94,3.904643354667604
137,95,3.97784753125075
137,96,4.0519528328569745
138,40,1.572542265950757
138,50,1.751451548553195
138,64,2.1590517218963936
138,65,2.1997561629965103
138,66,2.2424654618037474
138,67,2.286865516423798
138,68,2.332796475988011
138,69,2.3805411722684386
138,70,2.4294620401697884
138,71,2.479239409142682
138,72,2.529681833862756
138,73,2.5809253510212935
138,74,2.6331623988302395
138,75,2.686341805430639
138,76,2.740477549624171
138,77,2.7957437623260963
138,78,2.8519534989084105
138,79,2.9091656723461847
138,80,2.9673363287934897
138,81,3.0266001244280414
138,82,3.0871458931411073
138,83,3.148857488524232
138,84,3.211477078462652
138,85,3.2750308057117556
138,86,3.339519944540592
138,87,3.40495185782944
138,88,3.471213776212202
138,89,3.5383997519451538
138,90,3.606534750996659
138,91,3.6756974784969176
138,92,3.74606682969978
138,93,3.817425431965378
138,94,3.8897373272584197
138,95,3.9629920091015785
138,96,4.037303311834481
139,40,1.5799163007027468
139,50,1.754161046017416
139,64,2.143177799013131
139,65,2.181898607531789
139,66,2.2227538767982273
139,67,2.26549223438376
139,68,2.310158719537533
139,69,2.357032045782784
139,70,2.405825129175899
139,71,2.4556630088006246
139,72,2.5063772855731385
139,73,2.5580181629538132
139,74,2.610830210766045
139,75,2.664608548616628
139,76,2.7193697264447203
139,77,2.7750768291107795
139,78,2.8316345249166837
139,79,2.8890932973016907
139,80,2.947555593172716
139,81,3.007037830764501
139,82,3.0677517222869604
139,83,3.129570981132494
139,84,3.1923669703036692
139,85,3.2560679624723665
139,86,3.320687925837471
139,87,3.3862250028522274
139,88,3.4526515374631677
139,89,3.5200618556229677
139,90,3.588551004665228
139,91,3.6582491936666663
139,92,3.729207034859636
139,93,3.8012413713612387
139,94,3.8742822221245508
139,95,3.9482146160860383
139,96,4.023225594083888
140,40,1.5799443733486083
140,50,1.7555712868672135
140,64,2.1511218375557553
140,65,2.190324027571383
140,66,2.2313153387258406
140,67,2.274102053273685
140,68,2.319109240651233
140,69,2.3659615284309137
140,70,2.413811253517553
140,71,2.4623549470821464
140,72,2.5114900739589827
140,73,2.5613817933280694
140,74,2.6121029204368984
140,75,2.663773960990965
140,76,2.716358562667094
140,77,2.7699726586170037
140,78,2.824532884220575
140,79,2.879917580169899
140,80,2.9361900763633857
140,81,2.9935677988746274
140,82,3.0520172749087546
140,83,3.1115443393846687
140,84,3.1720315287315977
140,85,3.233345075538531
140,86,3.2955681601681333
140,87,3.358717973090899
140,88,3.422721447049397
140,89,3.487604733319495
140,90,3.553438575432664
140,91,3.6203052547897987
140,92,3.688268811903952
140,93,3.757291789220407
140,94,3.827231718209284
140,95,3.898055045668257
140,96,3.969895953936571
141,40,1.6208105666626376
141,50,1.7843475345835123
141,64,2.175395989156728
141,65,2.215191405799612
141,66,2.257147194077844
141,67,2.300964726233103
141,68,2.34650919582136
141,69,2.3938477583090356
141,70,2.4422689623695035
141,71,2.4913679817882954
141,72,2.5411558357845365
141,73,2.5917666796511125
141,74,2.6433249578313927
141,75,2.695894033561655
141,76,2.749553479242789
141,77,2.8042519985169827
141,78,2.859990459326098
141,79,2.916624532686898
141,80,2.9742063284773255
141,81,3.0328713548161454
141,82,3.0926914978314057
141,83,3.1535631900376933
141,84,3.215346117106508
141,85,3.277953816229722
141,86,3.341414095206411
141,87,3.405797395904785
141,88,3.471037220671864
141,89,3.537225473576579
141,90,3.6044489374993254
141,91,3.6726914671000257
141,92,3.742098625591073
141,93,3.812479386903667
141,94,3.883726980639157
141,95,3.9558880210584704
141,96,4.029104370574405
142,40,1.5727314740382587
142,50,1.7485876026292118
142,64,2.155238830217594
142,65,2.196045097175816
142,66,2.2388101449019886
142,67,2.2833986755224522
142,68,2.3295679559015783
142,69,2.3777498741973533
142,70,2.4269767736811456
142,71,2.4768791681948485
142,72,2.527466046420283
142,73,2.578873119712142
142,74,2.631206698287023
142,75,2.6844752045683666
142,76,2.7387590032079525
142,77,2.793993210380075
142,78,2.8501174561288156
142,79,2.907206124566839
142,80,2.9652958788633947
142,81,3.0245321499806623
142,82,3.0849805637807792
142,83,3.14655658543107
142,84,3.209127376999237
142,85,3.2725288059248094
142,86,3.3368409777628125
142,87,3.4020640311275443
142,88,3.4681741128800274
142,89,3.5352219772777724
142,90,3.603277502488236
142,91,3.67247840950032
142,92,3.7428228360397178
142,93,3.8141510841216135
142,94,3.886491311318145
142,95,3.9597208377131032
142,96,4.034017122051833
143,40,1.604820912847013
143,50,1.7736801496074124
143,64,2.170544732953437
143,65,2.210797815888823
143,66,2.2530290183128714
143,67,2.2974183367347027
143,68,2.344119265648545
143,69,2.3928323447197446
143,70,2.443123732106816
143,71,2.4942492160260987
143,72,2.5460225529142684
143,73,2.598695636908954
143,74,2.6523611801578912
143,75,2.7070211854960964
143,76,2.7625986029566927
143,77,2.819149969758557
143,78,2.876682927719787
143,79,2.935157225255582
143,80,2.994614488991721
143,81,3.0551702803207634
143,82,3.116877846302522
143,83,3.17964144728308
143,84,3.2432779376008565
143,85,3.307785397644311
143,86,3.3731959162922784
143,87,3.439466928529468
143,88,3.5065572303630166
143,89,3.5745696441107455
143,90,3.6435745509145017
143,91,3.7136645799087398
143,92,3.784870001250277
143,93,3.8570314660673652
143,94,3.9301135231951267
143,95,4.004041398886081
143,96,4.078915331661493
144,40,1.5652392076947326
144,50,1.7494531718976405
144,64,2.1616112351031154
144,65,2.2022093297972463
144,66,2.2448386970507404
144,67,2.289183134064521
144,68,2.335583404842368
144,69,2.383762302795169
144,70,2.4329995397500817
144,71,2.4829180758589673
144,72,2.5336438382861903
144,73,2.5852743690772035
144,74,2.637937790681834
144,75,2.691513410965907
144,76,2.7460420644908905
144,77,2.8015573014467905
144,78,2.857938730035508
144,79,2.915225592684335
144,80,2.9735388151069677
144,81,3.0329755190545384
144,82,3.093592569509547
144,83,3.1552625409490207
144,84,3.2178384937548254
144,85,3.2812523572637255
144,86,3.3455403077611288
144,87,3.4107068129318776
144,88,3.4766766253469523
144,89,3.543504162042452
144,90,3.6113283189608616
144,91,3.68021899642386
144,92,3.7502285968460978
144,93,3.821229656313994
144,94,3.893149860851201
144,95,3.9659694837275135
144,96,4.03975502364085
145,40,1.5654643001677806
145,50,1.754762283669321
145,64,2.176966697198739
145,65,2.218191009861011
145,66,2.2609132661596743
145,67,2.305084283606942
145,68,2.350631510880727
145,69,2.3977377650395337
145,70,2.4462466908040614
145,71,2.4955616174808477
145,72,2.545572047808528
145,73,2.5963903657185794
145,74,2.6481924271205197
145,75,2.700854902509823
145,76,2.754376996558325
145,77,2.8088224152179486
145,78,2.8641317653128864
145,79,2.92032709556256
145,80,2.9775398218223765
145,81,3.0358530114513527
145,82,3.0953072259128733
145,83,3.1558749926780694
145,84,3.217390012889985
145,85,3.279761101449342
145,86,3.343054667623663
145,87,3.4071534617668693
145,88,3.4720425250598272
145,89,3.537819033995544
145,90,3.6045618095075853
145,91,3.672358663142912
145,92,3.741278957713372
145,93,3.8111760348563593
145,94,3.8819445989970864
145,95,3.9535897625746648
145,96,4.026305803893358
146,40,1.6019944793608485
146,50,1.7704692106915867
146,64,2.1570741016651684
146,65,2.195830662349439
146,66,2.236620051923405
146,67,2.279479357468667
146,68,2.324266883747585
146,69,2.371138230382333
146,70,2.419389955157035
146,71,2.46856396152786
146,72,2.518443086838948
146,73,2.569147693595294
146,74,2.620932841834822
146,75,2.673614453628933
146,76,2.7272952353802093
146,77,2.7820223226144085
146,78,2.837644122998641
146,79,2.894110382895769
146,80,2.951607285720039
146,81,3.010186736402746
146,82,3.0699542312948838
146,83,3.1308410901273382
146,84,3.1927044121001815
146,85,3.2554101959634627
146,86,3.3189766050372693
146,87,3.3834237799863085
146,88,3.4487805390588395
146,89,3.5150434798090178
146,90,3.5823109537256066
146,91,3.650689899004175
146,92,3.720381046086871
146,93,3.7910932531299837
146,94,3.862695416128106
146,95,3.9352216910705993
146,96,4.008809365603894
147,40,1.6011686156699585
147,50,1.7702229879473064
147,64,2.1528303354499063
147,65,2.1917855377376516
147,66,2.2327881906381823
147,67,2.2758806681146035
147,68,2.320890967792145
147,69,2.367561696114877
147,70,2.415376056056397
147,71,2.4639392597646035
147,72,2.513201071141656
147,73,2.563237144247781
147,74,2.6140937522243575
147,75,2.6659774324554117
147,76,2.7187863248167243
147,77,2.772545897494445
147,78,2.8272324716952193
147,79,2.882806814110597
147,80,2.939245394865731
147,81,2.9967230612584252
147,82,3.0553873589573004
147,83,3.115204178261899
147,84,3.1761065880561214
147,85,3.237893981120385
147,86,3.3006186176063848
147,87,3.3642986803071118
147,88,3.428818029226865
147,89,3.4942146853833984
147,90,3.560601500581552
147,91,3.6281515211468633
147,92,3.6968036698706404
147,93,3.766473694916063
147,94,3.837029814895306
147,95,3.9084026290290046
147,96,3.9807647669777126
148,40,1.5698636180186822
148,50,1.7530833683382383
148,64,2.1647618787208667
148,65,2.205131537549722
148,66,2.247215160722513
148,67,2.291331924085029
148,68,2.3383779201396635
148,69,2.388259002011824
148,70,2.4397059757418558
148,71,2.4921180598162493
148,72,2.5451562576905253
148,73,2.5989394970388187
148,74,2.6536048684075606
148,75,2.70922282726529
148,76,2.765857314831768
148,77,2.8235654352473794
148,78,2.882193371875015
148,79,2.941698042058136
148,80,3.002135549301828
148,81,3.063646806561138
148,82,3.1263185161060703
148,83,3.1901073827321653
148,84,3.2548211210639906
148,85,3.3203396157185017
148,86,3.3867143188519773
148,87,3.4539005751746603
148,88,3.521971631865071
148,89,3.590995271432612
148,90,3.661084098429149
148,91,3.732206915732241
148,92,3.8043921308136475
148,93,3.8775837684524506
148,94,3.951807394287375
148,95,4.026874495336343
148,96,4.102917888090837
149,40,1.551488664796771
149,50,1.7454921675903865
149,64,2.1643548787684974
149,65,2.2046604251242283
149,66,2.246799304680449
149,67,2.2910655096021584
149,68,2.3374371221997126
149,69,2.385981674612833
149,70,2.436183483771183
149,71,2.4874011702559633
149,72,2.5395231205878024
149,73,2.5925089515801982
149,74,2.6465025378395293
149,75,2.701532296695605
149,76,2.7575827783592564
149,77,2.814599449408974
149,78,2.872451583171061
149,79,2.9311552731467687
149,80,2.990733574493152
149,81,3.051249328393673
149,82,3.1130003296228095
149,83,3.1759769082732543
149,84,3.239860356780209
149,85,3.3045894445369024
149,86,3.3702659358369575
149,87,3.436816877347657
149,88,3.5041965691183803
149,89,3.572416159002284
149,90,3.641666352880262
149,91,3.7119980384986833
149,92,3.783397192140946
149,93,3.855791332322214
149,94,3.929008074229865
149,95,4.003071311268336
149,96,4.078116309181494
150,40,1.5752158728186498
150,50,1.7578429184115183
150,64,2.1683708880945214
150,65,2.209326172537175
150,66,2.2520610423352463
150,67,2.2965770819262636
150,68,2.3429343253387924
150,69,2.391034833893718
150,70,2.44082935904819
150,71,2.4916866606309958
150,72,2.543470020457522
150,73,2.5961394442839687
150,74,2.6498328127950135
150,75,2.704547681581518
150,76,2.760231926079986
150,77,2.8169488993366074
150,78,2.8744690082163755
150,79,2.932871702968882
150,80,2.9922748668171355
150,81,3.052776935360411
150,82,3.1144752551300208
150,83,3.1773123905245395
150,84,3.2411061159749117
150,85,3.305695508233134
150,86,3.371167179216255
150,87,3.437493511588528
150,88,3.504689892154545
150,89,3.5728234871118048
150,90,3.641929944197777
150,91,3.712177041821019
150,92,3.7835982235416266
150,93,3.856025236722428
150,94,3.929408232111693
150,95,4.003652514735945
150,96,4.078854817277845
151,40,1.5896502986813275
151,50,1.761816347718448
151,64,2.157717845845071
151,65,2.198067620835403
151,66,2.240315279317347
151,67,2.2846315260314727
151,68,2.3309599593424313
151,69,2.3790168681913917
151,70,2.4283799716366805
151,71,2.478506004544343
151,72,2.5293334495597297
151,73,2.58100618209509
151,74,2.6336343867871923
151,75,2.6872763282038243
151,76,2.7418521135971847
151,77,2.7973527774077676
151,78,2.853736905541539
151,79,2.9109855237570588
151,80,2.9691218417517726
151,81,3.028244995155122
151,82,3.0885111971472177
151,83,3.149787513448107
151,84,3.2119570520030636
151,85,3.2749221479210444
151,86,3.3388141657443615
151,87,3.403694678292349
151,88,3.4694412744157876
151,89,3.536074077844612
151,90,3.6036717491191332
151,91,3.6723580493827868
151,92,3.742145669985223
151,93,3.8128923053979804
151,94,3.8845183606012386
151,95,3.956940660065108
151,96,4.0302457621204315
152,40,1.5920840083903642
152,50,1.7696066502811965
152,64,2.1814492545570414
152,65,2.223063659148966
152,66,2.2668083569495385
152,67,2.3126591460691555
152,68,2.3602734768631892
152,69,2.4097904016330602
152,70,2.460766326062829
152,71,2.5125900937779346
152,72,2.5654460973310784
152,73,2.6192556133974927
152,74,2.6740087811381943
152,75,2.7298420488867157
152,76,2.7867084958009487
152,77,2.8445747061795275
152,78,2.90339966389114
152,79,2.9631462456672026
152,80,3.023896552658395
152,81,3.085711125113987
152,82,3.1487191544710944
152,83,3.212838687500096
152,84,3.2778492337394445
152,85,3.3437273695001117
152,86,3.410531778989394
152,87,3.4783207649011274
152,88,3.5469940330899767
152,89,3.616567704783245
152,90,3.6870637905286707
152,91,3.7586434140663307
152,92,3.8314494503515553
152,93,3.905323922664093
152,94,3.980126483250674
152,95,4.055826229137011
152,96,4.13255585772424
153,40,1.5893366490480916
153,50,1.7590928979186529
153,64,2.1514216379902114
153,65,2.190724250859267
153,66,2.2320131130352547
153,67,2.2750524225655067
153,68,2.319894740640501
153,69,2.3664349998517666
153,70,2.4138812178889664
153,71,2.4619882169853016
153,72,2.5108745288519287
153,73,2.5606385023220577
153,74,2.6113997429254048
153,75,2.6631500410748625
153,76,2.7159568937119962
153,77,2.7698108380569373
153,78,2.824619231894325
153,79,2.880381667038348
153,80,2.937205308059409
153,81,2.9952521536519763
153,82,3.0545601296767027
153,83,3.1150926092478386
153,84,3.176670834750638
153,85,3.239112524171612
153,86,3.3024143727069957
153,87,3.366571957800055
153,88,3.4315761875938935
153,89,3.497489047198811
153,90,3.564476000198378
153,91,3.63254560010338
153,92,3.7016879653679573
153,93,3.7718840989253635
153,94,3.8430353231365975
153,95,3.9151178142990997
153,96,3.988183328682082
154,40,1.5598043038866591
154,50,1.7459112183152938
154,64,2.149803380995554
154,65,2.189260013333621
154,66,2.230620022081979
154,67,2.273983507910188
154,68,2.3195113071616316
154,69,2.3674192488975074
154,70,2.4169248240679044
154,71,2.4673133580093505
154,72,2.518504937702609
154,73,2.570440304390867
154,74,2.623232003287289
154,75,2.677051794618238
154,76,2.7318088525814352
154,77,2.787474398574616
154,78,2.8439698122231167
154,79,2.9013272638640113
154,80,2.959645646116633
154,81,3.019015171968806
154,82,3.0796436811425965
154,83,3.141280412828892
154,84,3.2038562019015244
154,85,3.267259722078248
154,86,3.331433568653482
154,87,3.3964178493270625
154,88,3.462266978908401
154,89,3.5290313260786497
154,90,3.5967552515974885
154,91,3.6656511035255703
154,92,3.7356765558783094
154,93,3.8066861777770047
154,94,3.878569794615491
154,95,3.9513319551920043
154,96,4.025095587421292
155,40,1.610546657498075
155,50,1.7742332184665028
155,64,2.147873922984161
155,65,2.1856449372762503
155,66,2.225426373133352
155,67,2.267105982975777
155,68,2.3112898261196104
155,69,2.3579311216684844
155,70,2.4062601780472543
155,71,2.4555066571933084
155,72,2.5054740542462515
155,73,2.5561982814542654
155,74,2.607843462488243
155,75,2.6604303423138855
155,76,2.713882798426529
155,77,2.7682753639186064
155,78,2.823520881323667
155,79,2.8795519511037666
155,80,2.9364360429693246
155,81,2.9943514783019
155,82,3.0533020771459767
155,83,3.1133098631864895
155,84,3.1742029729625547
155,85,3.2358741846028343
155,86,3.2983671113640325
155,87,3.3617463954495035
155,88,3.4259261476390765
155,89,3.491007116117131
155,90,3.557067675129659
155,91,3.6241753486678396
155,92,3.6923525008853018
155,93,3.7614825961863136
155,94,3.83146814991692
155,95,3.9023776473341587
155,96,3.9742837495612133
156,40,1.593483108083674
156,50,1.7715601262064573
156,64,2.15398921253808
156,65,2.1913432293175257
156,66,2.230378860969447
156,67,2.271118261058367
156,68,2.313677456479751
156,69,2.358254252301983
156,70,2.4045995298350418
156,71,2.4519870219163646
156,72,2.500062945351495
156,73,2.54893433424865
156,74,2.5987033949536986
156,75,2.649362221842985
156,76,2.7009732858433466
156,77,2.753578888781072
156,78,2.80703380909349
156,79,2.8612824384947153
156,80,2.916436688663652
156,81,2.9726146460741547
156,82,3.0298826670528873
156,83,3.088217331656951
156,84,3.1474025263102763
156,85,3.207387976135013
156,86,3.2681947597814656
156,87,3.329925711709114
156,88,3.392539201023678
156,89,3.4560839174277205
156,90,3.520625085554421
156,91,3.586251298495908
156,92,3.6530266077803093
156,93,3.7208292778502994
156,94,3.789522687448887
156,95,3.859124713812445
156,96,3.929767616237025
157,40,1.6109578341946644
157,50,1.776364278926673
157,64,2.16713348763101
157,65,2.207074955508225
157,66,2.249080265576849
157,67,2.293041084471855
157,68,2.339116597583922
157,69,2.3873384735633842
157,70,2.437186060151214
157,71,2.4880084031277914
157,72,2.539483011614904
157,73,2.5917314248504337
157,74,2.6448968664521706
157,75,2.6990462273101348
157,76,2.754209642498016
157,77,2.8104245853443497
157,78,2.867560504496054
157,79,2.9256872598125065
157,80,2.9848499869670073
157,81,3.0451525109862994
157,82,3.1066068268022065
157,83,3.169189231627051
157,84,3.232739812075379
157,85,3.2971988904444416
157,86,3.362580275285822
157,87,3.4288663808905513
157,88,3.4960318119715175
157,89,3.564122918313979
157,90,3.6331637519528726
157,91,3.7032968836240467
157,92,3.7745826066419093
157,93,3.846911200022258
157,94,3.92022058022343
157,95,3.994453415084002
157,96,4.069696093211098
158,40,1.6037458004338048
158,50,1.7711678775253437
158,64,2.1597332992899863
158,65,2.1994300190707725
158,66,2.2407996079992807
158,67,2.2839680134880385
158,68,2.3289887529566418
158,69,2.375856362781145
158,70,2.4242662252564875
158,71,2.4736838034794855
158,72,2.5238842711451905
158,73,2.574897340592332
158,74,2.6269061208195166
158,75,2.6798862842048354
158,76,2.7338772260860456
158,77,2.78887031544802
158,78,2.8447807010777706
158,79,2.9015874257065177
158,80,2.9593278678542463
158,81,3.0180721164741406
158,82,3.0779143238866693
158,83,3.1388432065796077
158,84,3.2008203740292256
158,85,3.263683744013414
158,86,3.3274164410930025
158,87,3.392017109718783
158,88,3.45747069244221
158,89,3.523821984158433
158,90,3.5910939071154875
158,91,3.6593961942352675
158,92,3.7288979231729957
158,93,3.7994538345263846
158,94,3.8708909502563924
158,95,3.943289456209843
158,96,4.016737213941884
159,40,1.5962967920248066
159,50,1.7684566078043973
159,64,2.158604074342785
159,65,2.1977871714902597
159,66,2.238821074107094
159,67,2.2817721765105436
159,68,2.3267571806863927
159,69,2.3738872187815954
159,70,2.422931879130146
159,71,2.473060528459341
159,72,2.5240276798958807
159,73,2.575795138990594
159,74,2.6284760683192587
159,75,2.6822074766470645
159,76,2.736913851986219
159,77,2.792508126867709
159,78,2.848864660086161
159,79,2.9060030053046826
159,80,2.9640885615903065
159,81,3.0232262143538464
159,82,3.083515367032687
159,83,3.1450150073076646
159,84,3.2075660347879182
159,85,3.2710411282462086
159,86,3.3354374767795214
159,87,3.400827556302519
159,88,3.4670499223519755
159,89,3.534277420914436
159,90,3.60253230639151
159,91,3.671935445454894
159,92,3.742563470238201
159,93,3.814204334096064
159,94,3.8867630196632748
159,95,3.960198829427521
159,96,4.034645025903858
160,40,1.585591838306643
160,50,1.7613805632970614
160,64,2.1715873425909566
160,65,2.21358341713559
160,66,2.2577887077678405
160,67,2.304255838584473
160,68,2.3527053727743965
160,69,2.4032518114203087
160,70,2.4558802175316314
160,71,2.50957405766005
160,72,2.564011216926615
160,73,2.6193052125335976
160,74,2.6754777165509265
160,75,2.7325955475335975
160,76,2.7906855627785583
160,77,2.849785911942591
160,78,2.909882402481337
160,79,2.9709087756738373
160,80,3.0329343864910534
160,81,3.0960085480356554
160,82,3.16021749502891
160,83,3.2255101003324507
160,84,3.2916897336470434
160,85,3.358694191605828
160,86,3.4265714185634675
160,87,3.495447151745595
160,88,3.5651360234851643
160,89,3.6357395526766982
160,90,3.707268511345281
160,91,3.779898599059833
160,92,3.8536701259803996
160,93,3.9284821845328146
160,94,4.004213732295812
160,95,4.080836043302181
160,96,4.158449868195445
161,40,1.6007220146298515
161,50,1.7703117260907217
161,64,2.1619939612752
161,65,2.202021235392594
161,66,2.2440466137203616
161,67,2.2880574331411134
161,68,2.3336769705895697
161,69,2.381113838804633
161,70,2.4298676774186205
161,71,2.4794584692836246
161,72,2.529895185582688
161,73,2.5812567616949043
161,74,2.633577046768714
161,75,2.68686588296384
161,76,2.741196543995668
161,77,2.7965588597037914
161,78,2.8527997450960667
161,79,2.90986356090189
161,80,2.9678193607326464
161,81,3.026809626243007
161,82,3.086983710624672
161,83,3.148241808639125
161,84,3.2103778413580866
161,85,3.2733351930779104
161,86,3.33716893766026
161,87,3.401839443029232
161,88,3.46737812661546
161,89,3.533862056482623
161,90,3.601370207726851
161,91,3.6699479248309785
161,92,3.7396693199946127
161,93,3.810386332018356
161,94,3.8819533455923887
161,95,3.9543876552074444
161,96,4.027855250837602
162,40,1.584814751519776
162,50,1.7602791915006057
162,64,2.165979276281384
162,65,2.2060455597886577
162,66,2.2479593281732164
162,67,2.2917268103092607
162,68,2.337425342702982
162,69,2.38464098480898
162,70,2.4330118240427425
162,71,2.482162811300298
162,72,2.532004289301005
162,73,2.582619666294083
162,74,2.634228093733579
162,75,2.6868512455370412
162,76,2.740375632682562
162,77,2.794892196830388
162,78,2.850240973030877
162,79,2.906405181802187
162,80,2.9635409821436705
162,81,3.0217529849827214
162,82,3.0811196858681367
162,83,3.141537357282981
162,84,3.2028316816714666
162,85,3.2649933974899827
162,86,3.3280349058096235
162,87,3.391938163106006
162,88,3.4566985577730036
162,89,3.522425825803839
162,90,3.5891295187213648
162,91,3.656907707461422
162,92,3.725741577234931
162,93,3.7955877633580664
162,94,3.866464820000978
162,95,3.9382351164693534
162,96,4.0108792288396256
163,40,1.579649645876707
163,50,1.7594311688731314
163,64,2.154110928189536
163,65,2.192821785583506
163,66,2.233250334590875
163,67,2.2754111524345197
163,68,2.319576970143571
163,69,2.3656412372109235
163,70,2.4134138890284516
163,71,2.462002041937554
163,72,2.5112930383732497
163,73,2.561360030646016
163,74,2.6125580952073078
163,75,2.664877719428403
163,76,2.7182836422476524
163,77,2.772631906466442
163,78,2.827764148691789
163,79,2.8837439335239443
163,80,2.9406898003108526
163,81,2.9987235062231026
163,82,3.0579400500034337
163,83,3.118186809037393
163,84,3.179425296804542
163,85,3.241517130736823
163,86,3.304539473368666
163,87,3.368419261928082
163,88,3.433212541379211
163,89,3.498940685579106
163,90,3.5657145126872845
163,91,3.633585738951364
163,92,3.7026836068636833
163,93,3.772827437932771
163,94,3.8438502004429704
163,95,3.91576365538063
163,96,3.988632913647113
164,40,1.6126022407803573
164,50,1.7742899516117656
164,64,2.1642343352923685
164,65,2.204038899560128
164,66,2.2456738107847887
164,67,2.2892630326739143
164,68,2.3347408555044713
164,69,2.3816610449497473
164,70,2.4298894145778456
164,71,2.4789296668390435
164,72,2.528693446855054
164,73,2.5794309104326403
164,74,2.6311481834683543
164,75,2.683811616539483
164,76,2.7375348920791365
164,77,2.792327700819939
164,78,2.847960649511576
164,79,2.904435588055605
164,80,2.9618528865275557
164,81,3.020371736042937
164,82,3.0801464470869053
164,83,3.1410453730002237
164,84,3.2030087392415316
164,85,3.2658144481224385
164,86,3.329527073490036
164,87,3.394154947823444
164,88,3.459692681615535
164,89,3.526184840128688
164,90,3.593701881725288
164,91,3.662393049466549
164,92,3.7321955341940063
164,93,3.8029941622365557
164,94,3.8747035325028483
164,95,3.9472897361747297
164,96,4.020847276677403
165,40,1.578545433197783
165,50,1.7574077152702061
165,64,2.1576240715817074
165,65,2.19743035213735
165,66,2.2393744414459835
165,67,2.283364594022108
165,68,2.329558946103088
165,69,2.3781909615930124
165,70,2.4283793158093934
165,71,2.479230077901467
165,72,2.530701426334476
165,73,2.582980659983038
165,74,2.636180562716518
165,75,2.6903587065668813
165,76,2.7455494711746975
165,77,2.801568445044987
165,78,2.858428123924083
165,79,2.9161081708078034
165,80,2.974727926429294
165,81,3.0344375720526227
165,82,3.095446324451754
165,83,3.1576156412059877
165,84,3.220685158929924
165,85,3.284546056146115
165,86,3.3492894313210493
165,87,3.4149526748094874
165,88,3.4814178132931963
165,89,3.5487798130878376
165,90,3.617134804734575
165,91,3.6865582559495067
165,92,3.757136957171291
165,93,3.8287114451080884
165,94,3.901161484981547
165,95,3.9745325128777655
165,96,4.048873329550341
166,40,1.5594789400883657
166,50,1.7471487190244621
166,64,2.182357338420711
166,65,2.2259211772188214
166,66,2.271659422160532
166,67,2.3191791137939752
166,68,2.368158262406242
166,69,2.418786118933445
166,70,2.4704700444519263
166,71,2.5231852185116144
166,72,2.576921319597009
166,73,2.6315488394880258
166,74,2.6871696692934486
166,75,2.743753579225992
166,76,2.8012613966285587
166,77,2.85964635861893
166,78,2.918870405063775
166,79,2.9789639826394296
166,80,3.04009980402221
166,81,3.102423199568949
166,82,3.1659711461921805
166,83,3.230663835914441
166,84,3.296370492188855
166,85,3.3629834537501972
166,86,3.4305801869115284
166,87,3.4991299624459566
166,88,3.5685871872488546
166,89,3.6390125505715
166,90,3.710499920422617
166,91,3.78309066846807
166,92,3.856870427791697
166,93,3.931719795278797
166,94,4.007434743381667
166,95,4.084015488732969
166,96,4.16157047658869
167,40,1.5747252609410292
167,50,1.75574561201697
167,64,2.1607803077108425
167,65,2.2006547572079413
167,66,2.242458864207275
167,67,2.285917124449618
167,68,2.331017346095961
167,69,2.3779530757812983
167,70,2.426202093730867
167,71,2.4751958668338427
167,72,2.524850563530659
167,73,2.575230685444135
167,74,2.626679160826667
167,75,2.6791227329082337
167,76,2.7325243061846325
167,77,2.7868651855298827
167,78,2.8420097373633597
167,79,2.898009382504153
167,80,2.9549819082243496
167,81,3.0130047199565446
167,82,3.072243177625059
167,83,3.1325263661893405
167,84,3.1937019429888895
167,85,3.255685958398904
167,86,3.31852739551928
167,87,3.3821746921007065
167,88,3.446647173255595
167,89,3.5120190428179705
167,90,3.5783589057292002
167,91,3.645757233908777
167,92,3.714291077124332
167,93,3.783793636713552
167,94,3.854147852583127
167,95,3.925437118932165
167,96,3.9977586182915674
168,40,1.5829532884306627
168,50,1.761190677226703
168,64,2.156133092195156
168,65,2.194944656026355
168,66,2.235701368702632
168,67,2.278457589915178
168,68,2.323526264248306
168,69,2.370567807289705
168,70,2.4189133410169084
168,71,2.4679261953783684
168,72,2.517550423759257
168,73,2.5679336378265036
168,74,2.6191783669365982
168,75,2.671335229059462
168,76,2.7244727536503452
168,77,2.7786163220730957
168,78,2.833662376328554
168,79,2.8895659843683146
168,80,2.9464634952017468
168,81,3.0044973038462084
168,82,3.0638433424239206
168,83,3.1243077204901937
168,84,3.185646108917191
168,85,3.247726635702348
168,86,3.310651533376733
168,87,3.3745213982103284
168,88,3.4392030095559765
168,89,3.5048082669817022
168,90,3.57142651914701
168,91,3.639128208194361
168,92,3.708081258696451
168,93,3.7780757926338957
168,94,3.8489771632237337
168,95,3.9207249352656968
168,96,3.9933842407103777
169,40,1.5631810967988642
169,50,1.7474609191712507
169,64,2.16519146497908
169,65,2.2059684313339
169,66,2.2487611463686785
169,67,2.2934486687768687
169,68,2.3400181603374834
169,69,2.3883211767959374
169,70,2.437644660222399
169,71,2.487686917517185
169,72,2.5386206391743844
169,73,2.590391647259917
169,74,2.643159452880316
169,75,2.6969405789723107
169,76,2.7516659076748073
169,77,2.8072677607664405
169,78,2.8637672934008713
169,79,2.921139819669318
169,80,2.979511841580843
169,81,3.039022511046321
169,82,3.099702974550846
169,83,3.161480607368011
169,84,3.2241782321215178
169,85,3.2876889270341154
169,86,3.352165164729138
169,87,3.417552401900263
169,88,3.4837988739639476
169,89,3.55088082476805
169,90,3.6189120885111157
169,91,3.6880894670446436
169,92,3.758432364355926
169,93,3.82973643282757
169,94,3.901902226893699
169,95,3.9749268524474286
169,96,4.048851870715902
170,40,1.5884483493111217
170,50,1.7618569928316874
170,64,2.168655088830105
170,65,2.210291002871614
170,66,2.2538714578004693
170,67,2.299400959494682
170,68,2.3470832418027374
170,69,2.396880148720901
170,70,2.4483069599433884
170,71,2.50098168305267
170,72,2.5544941624678676
170,73,2.608836932240894
170,74,2.664213089036261
170,75,2.7206119179625428
170,76,2.778078553934801
170,77,2.8365382338365523
170,78,2.8959363398927103
170,79,2.9562479341181156
170,80,3.017453848261132
170,81,3.079705790323053
170,82,3.1430658426725566
170,83,3.2074570671192806
170,84,3.272846725531924
170,85,3.339087748168396
170,86,3.406183185217593
170,87,3.4740684461057176
170,88,3.542874431740438
170,89,3.612685113523372
170,90,3.683498899963217
170,91,3.7554205444083726
170,92,3.8285505978980297
170,93,3.9027915883989364
170,94,3.977938988177701
170,95,4.0540001383673605
170,96,4.131124505061898
171,40,1.5961718652432435
171,50,1.7714188150922199
171,64,2.1583089530561326
171,65,2.195859772622073
171,66,2.2353350178424303
171,67,2.2766676564939567
171,68,2.320697103752298
171,69,2.367025419725786
171,70,2.414622276586542
171,71,2.4630261676185685
171,72,2.5121838898943185
171,73,2.5621820798240345
171,74,2.6131746706903143
171,75,2.6650552885639462
171,76,2.7178333449279775
171,77,2.7717519866435536
171,78,2.8265646753463107
171,79,2.8821934357658097
171,80,2.9387754676955065
171,81,2.9965001241512548
171,82,3.0553892856509366
171,83,3.1153462848935805
171,84,3.1761777704840783
171,85,3.2378684377047406
171,86,3.3005250862986837
171,87,3.3640668213503755
171,88,3.4284978057632225
171,89,3.4938725045938437
171,90,3.5603186536527693
171,91,3.6278653630930844
171,92,3.6964793744820947
171,93,3.7661489162754114
171,94,3.8368031725483682
171,95,3.9083869193111083
171,96,3.9809299368143236
172,40,1.5949404848402378
172,50,1.7687293477770047
172,64,2.165844201142644
172,65,2.2057614311987868
172,66,2.2478367983633674
172,67,2.2917732027298823
172,68,2.337467035223917
172,69,2.384887758365671
172,70,2.433968116688017
172,71,2.4838952077404377
172,72,2.5345040593054686
172,73,2.5859767950312293
172,74,2.6385077570054767
172,75,2.6919988136076265
172,76,2.7464638107571293
172,77,2.80193633098789
172,78,2.8583581549823345
172,79,2.915666618257273
172,80,2.973961855206121
172,81,3.0332695105568614
172,82,3.0936832758614994
172,83,3.1551710993088946
172,84,3.217534061887579
172,85,3.2807174186412684
172,86,3.34474100098876
172,87,3.409733907362699
172,88,3.4755829256690367
172,89,3.5423313957452187
172,90,3.6100295407469796
172,91,3.6788015550634343
172,92,3.7487374280153025
172,93,3.8196572780514684
172,94,3.891510481545758
172,95,3.9643211112440433
172,96,4.0381271484487
173,40,1.5813531978685251
173,50,1.7600485984898415
173,64,2.1617111392690123
173,65,2.201932362111277
173,66,2.2440773661052016
173,67,2.2883770864265323
173,68,2.334295930036621
173,69,2.3820563794723433
173,70,2.4312459454804407
173,71,2.4812126732478132
173,72,2.531885814602261
173,73,2.583431252409328
173,74,2.6359802392291822
173,75,2.6896167625238947
173,76,2.7442807675953063
173,77,2.800008627064509
173,78,2.856570351196316
173,79,2.914055604343107
173,80,2.972513655624443
173,81,3.0319925250621402
173,82,3.0927462726872568
173,83,3.154632847944595
173,84,3.2173656527641565
173,85,3.280975690229803
173,86,3.3455253092891057
173,87,3.411073937992618
173,88,3.477497257001874
173,89,3.544899327553957
173,90,3.6133695724539328
173,91,3.6829455321171194
173,92,3.7536687455555464
173,93,3.8254279077393942
173,94,3.8981580668544025
173,95,3.971796897613942
173,96,4.04644383551981
174,40,1.5793498784761566
174,50,1.7592962116574273
174,64,2.1637245651559796
174,65,2.2025229490307723
174,66,2.243206441557436
174,67,2.2856086942163762
174,68,2.329409359212798
174,69,2.3749404061238706
174,70,2.421919065289177
174,71,2.469760373963517
174,72,2.518392992564938
174,73,2.567784622389276
174,74,2.6179978838327886
174,75,2.669063152878353
174,76,2.7210130465354334
174,77,2.7738598098354
174,78,2.827519262913935
174,79,2.882039480480825
174,80,2.9374948985204394
174,81,2.9940186378700764
174,82,3.05186259839871
174,83,3.1108961966305677
174,84,3.170964193181511
174,85,3.2319354936546683
174,86,3.2938163398107756
174,87,3.3565588372218125
174,88,3.420153750119379
174,89,3.484689182285225
174,90,3.5501736070990857
174,91,3.6166547629525274
174,92,3.684312517842791
174,93,3.7530156718475816
174,94,3.822645141856039
174,95,3.893151516038742
174,96,3.9646207924054355
175,40,1.592950618003632
175,50,1.763935370260238
175,64,2.1656190843082945
175,65,2.205918741423246
175,66,2.248263257414421
175,67,2.292671718995042
175,68,2.338894920141164
175,69,2.386860653649773
175,70,2.436197576415792
175,71,2.4864037858436356
175,72,2.5373688135271633
175,73,2.5891383135615906
175,74,2.64192659212043
175,75,2.6957576907351513
175,76,2.7505740076335083
175,77,2.8063191703383885
175,78,2.863017039699609
175,79,2.920694001209359
175,80,2.9793759126552963
175,81,3.039146119665335
175,82,3.1001497654131303
175,83,3.1623412266940862
175,84,3.225459417129099
175,85,3.2895225078901493
175,86,3.354528397377795
175,87,3.420440463619104
175,88,3.4872504492669716
175,89,3.554985154753029
175,90,3.623739383353743
175,91,3.6935692951960943
175,92,3.7645460646159474
175,93,3.836632582279722
175,94,3.9096457437875722
175,95,3.9834867427046743
175,96,4.0583140696020195
176,40,1.572997315287561
176,50,1.750072556843747
176,64,2.1657469556764424
176,65,2.2083649736048514
176,66,2.2528923496542235
176,67,2.299248808728689
176,68,2.347506317526688
176,69,2.397492393923153
176,70,2.448650494486545
176,71,2.500580436399857
176,72,2.5532401289390294
176,73,2.6067399337721016
176,74,2.661270362813172
176,75,2.716930063894643
176,76,2.773552615725714
176,77,2.8310786178678766
176,78,2.88947432263956
176,79,2.9487489330708376
176,80,3.0090429907517415
176,81,3.070327936809976
176,82,3.1328002381783926
176,83,3.19635664825599
176,84,3.260761194519956
176,85,3.325969523385014
176,86,3.392107903417883
176,87,3.4591408398699706
176,88,3.5269899246971095
176,89,3.5957881358403956
176,90,3.6656122500805277
176,91,3.7365041625577735
176,92,3.808497810398207
176,93,3.881563377151788
176,94,3.9555693857724057
176,95,4.030449485914247
176,96,4.106243155998264
177,40,1.5936958236213734
177,50,1.7635281582510125
177,64,2.1569409920568825
177,65,2.1972368216878384
177,66,2.239439598418826
177,67,2.283178627372513
177,68,2.3284833591945273
177,69,2.3755129234537637
177,70,2.423718986964871
177,71,2.4726959757501166
177,72,2.5224305866260774
177,73,2.573131450825581
177,74,2.62486823172896
177,75,2.6775233104942124
177,76,2.731197169886453
177,77,2.78579388675801
177,78,2.841234549832742
177,79,2.8975232436539544
177,80,2.9547084320973647
177,81,3.012933788147093
177,82,3.0722800330346507
177,83,3.1327369007052015
177,84,3.194087063105176
177,85,3.256322613963163
177,86,3.319478055332633
177,87,3.383504361140198
177,88,3.4484155420719533
177,89,3.514250049377527
177,90,3.5811583517584116
177,91,3.649163986606579
177,92,3.71835989444347
177,93,3.7885755630542852
177,94,3.859692614366505
177,95,3.931722951426278
177,96,4.004723282672677
178,40,1.599408382734971
178,50,1.7655569275652192
178,64,2.158770247529306
178,65,2.1985764285404272
178,66,2.2400624972076617
178,67,2.2831556704393816
178,68,2.3279259861179518
178,69,2.3745069614300607
178,70,2.422536517133585
178,71,2.471508657845521
178,72,2.521144314936276
178,73,2.5716480202533374
178,74,2.6231898228383823
178,75,2.6758738990133732
178,76,2.7295848070973143
178,77,2.7842487669620684
178,78,2.839866310159902
178,79,2.896375783495275
178,80,2.9539856195560885
178,81,3.012759360976221
178,82,3.072682433223595
178,83,3.1336341444169404
178,84,3.1955657932968538
178,85,3.258361807281531
178,86,3.322068019953581
178,87,3.3866295925345433
178,88,3.4520765094253383
178,89,3.5183774706521618
178,90,3.5856236080372277
178,91,3.653987044963365
178,92,3.723506498773432
178,93,3.794085026764742
178,94,3.8655539392900344
178,95,3.9379282393402724
178,96,4.0113909024842895
179,40,1.5910196407478427
179,50,1.7643511509622976
179,64,2.1690504785648215
179,65,2.2101179109675515
179,66,2.253370556110198
179,67,2.2986861149219817
179,68,2.3456682663767214
179,69,2.394786330827057
179,70,2.4452498512484238
179,71,2.4964702778540913
179,72,2.5484740692073213
179,73,2.6013589322375927
179,74,2.6551456238820705
179,75,2.709818063659598
179,76,2.7653997878096748
179,77,2.8218766112938596
179,78,2.87917139383966
179,79,2.9373960075059546
179,80,2.9966200566629793
179,81,3.056970912094723
179,82,3.118579362155697
179,83,3.181266605217347
179,84,3.244926006895334
179,85,3.3094511082682785
179,86,3.3748376758525365
179,87,3.441159568730685
179,88,3.508318650199364
179,89,3.57637880307798
179,90,3.6454573221798885
179,91,3.7156614564631045
179,92,3.7869705880135696
179,93,3.859322950518697
179,94,3.932635863158149
179,95,4.006859349985589
179,96,4.082088424643214
180,40,1.5787117466408502
180,50,1.7612436890261587
180,64,2.1679488852798
180,65,2.2078543503365435
180,66,2.2497302649306454
180,67,2.2934379679297776
180,68,2.3391654411212373
180,69,2.3871258129895527
180,70,2.4368022853301823
180,71,2.4872966561184677
180,72,2.538484840501434
180,73,2.5904772035781956
180,74,2.6434185177697636
180,75,2.6972890277213555
180,76,2.7520702537877844
180,77,2.807784690590938
180,78,2.864338672908463
180,79,2.921778436078512
180,80,2.9801735258069617
180,81,3.0396359768942434
180,82,3.100270295451434
180,83,3.1619575429558475
180,84,3.2245388175951955
180,85,3.287864011361215
180,86,3.3520333407648923
180,87,3.417055581626914
180,88,3.4828531179875464
180,89,3.5496043566303115
180,90,3.6174464423480615
180,91,3.6864366897152925
180,92,3.7566424461364876
180,93,3.82787304911973
180,94,3.9000359034189187
180,95,3.9731013016398964
180,96,4.047202290997086
181,40,1.5790079181747942
181,50,1.758244234057102
181,64,2.171827782435498
181,65,2.2133713887486133
181,66,2.2571418753224637
181,67,2.3031283499336053
181,68,2.350874031680994
181,69,2.400718158699639
181,70,2.4520297416395374
181,71,2.5043175385593974
181,72,2.55757848178901
181,73,2.6118406437577
181,74,2.666992385485458
181,75,2.723039270516601
181,76,2.7801022875820083
181,77,2.838123700850952
181,78,2.897080860322185
181,79,2.9570615221973453
181,80,3.018165245007384
181,81,3.0803916277497767
181,82,3.143930939771976
181,83,3.2086225071163144
181,84,3.274261466512365
181,85,3.3407695804904423
181,86,3.4080981243889914
181,87,3.476383489139515
181,88,3.5456326517506005
181,89,3.6158637789441226
181,90,3.6870525712394944
181,91,3.7594358925358344
181,92,3.8329528527419203
181,93,3.9074955410920227
181,94,3.98297587503734
181,95,4.059373999675529
181,96,4.136858499402116
182,40,1.6183032571895817
182,50,1.7822065369808673
182,64,2.164336117019053
182,65,2.2040942840337623
182,66,2.2459587733814246
182,67,2.2898883053860186
182,68,2.335932032795097
182,69,2.3844016294672192
182,70,2.4345308391174116
182,71,2.485563614328025
182,72,2.5373062783101528
182,73,2.5898219833376217
182,74,2.6432827379790407
182,75,2.6976935468621104
182,76,2.753115558093096
182,77,2.809523683794877
182,78,2.8667185802558315
182,79,2.9247642496059445
182,80,2.983713059070962
182,81,3.0437258437850736
182,82,3.1049144636528565
182,83,3.1671139276322675
182,84,3.2301779505703125
182,85,3.294030879314385
182,86,3.358717309468049
182,87,3.4242786732205674
182,88,3.4906752176572127
182,89,3.557993738393234
182,90,3.626267596399077
182,91,3.6956262493819936
182,92,3.766208802402072
182,93,3.837786406853434
182,94,3.9102861897146544
182,95,3.983724662914174
182,96,4.058221324195134
183,40,1.5636703435961385
183,50,1.7501352104969947
183,64,2.16547003807457
183,65,2.206325679154334
183,66,2.2492252818540273
183,67,2.2940091764302437
183,68,2.340334455554322
183,69,2.3885159926806674
183,70,2.437989704608242
183,71,2.488232548750444
183,72,2.5392218911932574
183,73,2.591054994147653
183,74,2.6439421081130923
183,75,2.697692865650623
183,76,2.7524243374296065
183,77,2.8082143352716304
183,78,2.8649007729291207
183,79,2.922418807128104
183,80,2.980992024986218
183,81,3.040722103843184
183,82,3.101599652467482
183,83,3.163452823321782
183,84,3.2262300135992383
183,85,3.28990112909539
183,86,3.354437582212502
183,87,3.4197804448338154
183,88,3.485997388905031
183,89,3.5531431173876395
183,90,3.621300006408651
183,91,3.690514094291747
183,92,3.7608955705263143
183,93,3.832292162176103
183,94,3.9045640875110954
183,95,3.9778026084470794
183,96,4.0520082247252684
184,40,1.5889916863215565
184,50,1.764797152979349
184,64,2.1764239004800685
184,65,2.2171787313043545
184,66,2.260229170678168
184,67,2.30503690518768
184,68,2.3516768859120654
184,69,2.4004771992083547
184,70,2.450260188182627
184,71,2.5008237991892854
184,72,2.5521284795682657
184,73,2.6042894156546916
184,74,2.6573519598475794
184,75,2.7113587940201143
184,76,2.766348489110176
184,77,2.8223390669763218
184,78,2.879321842527344
184,79,2.9371865941917688
184,80,2.9960071316074495
184,81,3.055969648205375
184,82,3.1171571623155874
184,83,3.1793830797177227
184,84,3.2425518352026916
184,85,3.3066131056232164
184,86,3.3715855917821957
184,87,3.437429219803694
184,88,3.5041182808383193
184,89,3.571758362613103
184,90,3.640386193734113
184,91,3.710076940102879
184,92,3.780948567689392
184,93,3.852885266081312
184,94,3.925678823663713
184,95,3.999368616928639
184,96,4.074193480851452
185,40,1.603354795342757
185,50,1.7722308624313305
185,64,2.1545614334783947
185,65,2.192467269820446
185,66,2.232313176070799
185,67,2.2737781346570882
185,68,2.3174964692623026
185,69,2.3636113130231955
185,70,2.410824439424939
185,71,2.458831575095509
185,72,2.507504349685322
185,73,2.5570089282650033
185,74,2.607489894461139
185,75,2.659003321344882
185,76,2.711468210010949
185,77,2.7648514075927286
185,78,2.8190791363147376
185,79,2.874168567633854
185,80,2.930170234924458
185,81,2.9872321206337524
185,82,3.0454343122283194
185,83,3.1047338776027225
185,84,3.1651106073911333
185,85,3.226402313915065
185,86,3.288720689765615
185,87,3.35194484595684
185,88,3.4161211570597567
185,89,3.4812761610097755
185,90,3.547388182243603
185,91,3.6145342411948898
185,92,3.682822777015831
185,93,3.7521327191644005
185,94,3.8223864849616485
185,95,3.8935870292122154
185,96,3.9658146164033976
186,40,1.5621423214195411
186,50,1.7494237784350792
186,64,2.163630976406767
186,65,2.205719528642927
186,66,2.24974677022786
186,67,2.2958106450193854
186,68,2.3436996400489454
186,69,2.393349372094307
186,70,2.4440223645766914
186,71,2.4953451098616757
186,72,2.5473302993821556
186,73,2.6001662890859967
186,74,2.653974767673345
186,75,2.7087067171468946
186,76,2.7644240472096433
186,77,2.821190294484935
186,78,2.878832720502196
186,79,2.9374165244240595
186,80,2.9970839275775316
186,81,3.057873260469074
186,82,3.1199296769092077
186,83,3.1830529196775412
186,84,3.247053972169
186,85,3.3118721496433916
186,86,3.3775520365966485
186,87,3.444080775061556
186,88,3.5114166109547824
186,89,3.579705100531644
186,90,3.649013434951476
186,91,3.7194264181211953
186,92,3.7911176618032076
186,93,3.8638215564185745
186,94,3.937358483472445
186,95,4.011758121576415
186,96,4.087185471699778
187,40,1.5964123950468774
187,50,1.7687398953008588
187,64,2.158311277526478
187,65,2.197690541948332
187,66,2.23915750020669
187,67,2.282675961873501
187,68,2.3282252763219846
187,69,2.375827373519641
187,70,2.4247125138661487
187,71,2.4744027023455346
187,72,2.5249622335137336
187,73,2.576453346815427
187,74,2.6290051589498966
187,75,2.6825489374604405
187,76,2.737033638173232
187,77,2.7923977869893575
187,78,2.848616130111015
187,79,2.9056532048255943
187,80,2.963657535258964
187,81,3.0227351786458683
187,82,3.0829238569598196
187,83,3.1442445775491077
187,84,3.206521142315016
187,85,3.269618751522197
187,86,3.333599810740897
187,87,3.3985738553448206
187,88,3.4644126797545356
187,89,3.5311977396875784
187,90,3.598973367009507
187,91,3.6678457475593387
187,92,3.737873144697701
187,93,3.8089318380993857
187,94,3.880941739586147
187,95,3.953934422164142
187,96,4.02796773048697
188,40,1.5750927776947878
188,50,1.7580716378427015
188,64,2.1810983543656577
188,65,2.2231751911921824
188,66,2.2671691349766916
188,67,2.3129842334978195
188,68,2.3605120467835787
188,69,2.4096243461197235
188,70,2.4598769507067084
188,71,2.5110283399147284
188,72,2.5629342388557936
188,73,2.6157234550574757
188,74,2.6695204902187624
188,75,2.724191530389852
188,76,2.779789450626015
188,77,2.8364452141177465
188,78,2.893969456554097
188,79,2.9524131616325127
188,80,3.0118021331664067
188,81,3.072358599621862
188,82,3.1342878425124274
188,83,3.197377675810294
188,84,3.2614271293183847
188,85,3.326310689861881
188,86,3.3921019934344407
188,87,3.4587505020944747
188,88,3.5262591971031387
188,89,3.594633781145967
188,90,3.6640733175991187
188,91,3.73463532806832
188,92,3.8063816911705444
188,93,3.879099779289798
188,94,3.9527580288955226
188,95,4.027411561042581
188,96,4.103140609728584
189,40,1.569909487670628
189,50,1.7526335218475204
189,64,2.1633749824763133
189,65,2.2044917390277496
189,66,2.2477762986299155
189,67,2.293016828233842
189,68,2.3401306900799264
189,69,2.389160951561773
189,70,2.439703701800636
189,71,2.491082591072897
189,72,2.543105469830782
189,73,2.5958932380523567
189,74,2.649693239389198
189,75,2.7044922339658894
189,76,2.7603642005844713
189,77,2.8172098441799713
189,78,2.874977589858007
189,79,2.933625025407621
189,80,2.993194910263454
189,81,3.0537933522135647
189,82,3.115556056600495
189,83,3.1784487506157317
189,84,3.2422538454155982
189,85,3.306918947248712
189,86,3.3724285923146455
189,87,3.438941468910375
189,88,3.5062855618690074
189,89,3.574569015650182
189,90,3.6438749472481256
189,91,3.714286605373993
189,92,3.7858206892000874
189,93,3.858419113087164
189,94,3.931944775469006
189,95,4.00632065976929
189,96,4.081634526572984
190,40,1.6127352514500142
190,50,1.777166910684673
190,64,2.1584878619524344
190,65,2.1963460418216214
190,66,2.2361782632482776
190,67,2.2779978154561618
190,68,2.3218110846182296
190,69,2.367271166016235
190,70,2.413809298962351
190,71,2.4610544657897906
190,72,2.508964693898936
190,73,2.5577118383966053
190,74,2.6075106436797735
190,75,2.6582703477393212
190,76,2.70999406624091
190,77,2.7628333865183663
190,78,2.8165421087121514
190,79,2.871143918857207
190,80,2.926791354749069
190,81,2.9834757661910247
190,82,3.0413749592818045
190,83,3.1003439652471547
190,84,3.160148783611076
190,85,3.2207463745563087
190,86,3.282193753325748
190,87,3.3445022545280256
190,88,3.407634032236163
190,89,3.471643733971779
190,90,3.5366738059138716
190,91,3.6028147059686506
190,92,3.6700763181858744
190,93,3.7384086188056505
190,94,3.8076213285825817
190,95,3.8777432979550817
190,96,3.9489014736847157
191,40,1.5881630475744093
191,50,1.7654633269872955
191,64,2.1532161328378594
191,65,2.192000642619984
191,66,2.232547261425243
191,67,2.2748030853542107
191,68,2.318792690093758
191,69,2.3646353463536958
191,70,2.4125410036010764
191,71,2.4614359398986223
191,72,2.511079736550368
191,73,2.561480724477152
191,74,2.6128414944334177
191,75,2.6652487297199183
191,76,2.718691584014355
191,77,2.7730086088656094
191,78,2.828059283562613
191,79,2.8839050675080053
191,80,2.940686026402881
191,81,2.9984737747455927
191,82,3.0574002808857133
191,83,3.117378731853944
191,84,3.1783084155770664
191,85,3.240061682422728
191,86,3.3026578012675176
191,87,3.366148526106656
191,88,3.4304977122740836
191,89,3.49573376681636
191,90,3.5619258409476577
191,91,3.629260026888717
191,92,3.697829156008877
191,93,3.767391705104793
191,94,3.8377622379201384
191,95,3.909025594560105
191,96,3.9812058578178378
192,40,1.5834253548488242
192,50,1.7595827587308586
192,64,2.169421116569143
192,65,2.2104101891183237
192,66,2.2530745693085286
192,67,2.2975496854653454
192,68,2.3435666129651866
192,69,2.3911880883080245
192,70,2.439845496166604
192,71,2.4892191123205247
192,72,2.5392304196651354
192,73,2.58993635482416
192,74,2.6414731851630533
192,75,2.6939571579057566
192,76,2.747441050670187
192,77,2.801952666830464
192,78,2.8573367908454896
192,79,2.913572575930942
192,80,2.9707498556139837
192,81,3.0290401267071143
192,82,3.088561742638924
192,83,3.1492089897916027
192,84,3.2108923573914607
192,85,3.2734553524255285
192,86,3.336926937826753
192,87,3.4013113820647427
192,88,3.466500774837068
192,89,3.5325750995190868
192,90,3.59962728634247
192,91,3.667753860023681
192,92,3.7369813163226464
192,93,3.807198672412979
192,94,3.8783281215399517
192,95,3.9503047256122357
192,96,4.023273834012178
193,40,1.5925303139073215
193,50,1.7673794228257884
193,64,2.170820170501773
193,65,2.2114971830144423
193,66,2.254408304320077
193,67,2.2992930614273415
193,68,2.346270560560448
193,69,2.39470793990776
193,70,2.4445451781398693
193,71,2.495413814518371
193,72,2.547106761235508
193,73,2.599720942229785
193,74,2.653313033082146
193,75,2.707870346662864
193,76,2.7634799554346934
193,77,2.8200664130774724
193,78,2.87750376735316
193,79,2.9357642604790324
193,80,2.994969890467964
193,81,3.0552772383512026
193,82,3.116783557252206
193,83,3.179377784889944
193,84,3.242820741724654
193,85,3.307105277727082
193,86,3.372295855509595
193,87,3.4384622953298662
193,88,3.505500852296916
193,89,3.573495250962033
193,90,3.6424525721337373
193,91,3.7125386093345067
193,92,3.783810011614367
193,93,3.8561408482016235
193,94,3.9294093973379116
193,95,4.003585117475293
193,96,4.078782137889221
194,40,1.5571404083260676
194,50,1.745137625617224
194,64,2.1533199113056476
194,65,2.193238453181066
194,66,2.2348014736297688
194,67,2.278086002331805
194,68,2.3233728728030334
194,69,2.3707506484976486
194,70,2.4196208468540252
194,71,2.4695673199831605
194,72,2.520565015742249
194,73,2.572469191914502
194,74,2.6255234077976457
194,75,2.6796175851522928
194,76,2.7348091543201285
194,77,2.7910477512359
194,78,2.8481872664608203
194,79,2.906256117781985
194,80,2.965423810057252
194,81,3.025814585024416
194,82,3.0873688162078503
194,83,3.1498564472073625
194,84,3.21324867364691
194,85,3.2774620654902753
194,86,3.3425193069991863
194,87,3.408422376362915
194,88,3.4752476001832617
194,89,3.5430483025128927
194,90,3.611864178521949
194,91,3.6817640295076473
194,92,3.752822850535523
194,93,3.8249483085688993
194,94,3.8979819992452365
194,95,3.9719649634288325
194,96,4.04707057333985
195,40,1.5830943810168956
195,50,1.759119764139962
195,64,2.1517265422379923
195,65,2.190647232654195
195,66,2.2313524344949722
195,67,2.27387318529081
195,68,2.318616639501165
195,69,2.365143717528281
195,70,2.4127705766315435
195,71,2.4610753788872266
195,72,2.5100365326547585
195,73,2.55982954728184
195,74,2.610609612153662
195,75,2.6623756551154867
195,76,2.7151807497255716
195,77,2.769117367686934
195,78,2.8239696180413185
195,79,2.879678604925768
195,80,2.9364219775526474
195,81,2.994240741224279
195,82,3.0532593416299996
195,83,3.1134230264648517
195,84,3.1745709779408378
195,85,3.2366420283160915
195,86,3.299667575322527
195,87,3.3635903882906044
195,88,3.42835758385871
195,89,3.494047377856825
195,90,3.5607384611361574
195,91,3.628482825612224
195,92,3.697431560490788
195,93,3.7674361871305666
195,94,3.838289876756054
195,95,3.910011145672444
195,96,3.9827339695302015
196,40,1.5849768735621323
196,50,1.7606147832499488
196,64,2.1683797141407544
196,65,2.2097699340516366
196,66,2.253037509020322
196,67,2.2980611080202027
196,68,2.3452584298274575
196,69,2.394431074225972
196,70,2.4448419915427877
196,71,2.496210032328574
196,72,2.5483478298341566
196,73,2.601350899262507
196,74,2.655420449481261
196,75,2.710486244011698
196,76,2.7665286448258457
196,77,2.823536678554095
196,78,2.8815008791951273
196,79,2.940404476087871
196,80,3.000336066647935
196,81,3.0613779876198315
196,82,3.123741414706065
196,83,3.187083307104966
196,84,3.251350905129739
196,85,3.3164022977466185
196,86,3.382299575078059
196,87,3.449028432116169
196,88,3.516698336450157
196,89,3.5853270471857224
196,90,3.6549531364335737
196,91,3.725700066974455
196,92,3.7974941495080055
196,93,3.8702475677807398
196,94,3.9439072820960446
196,95,4.01848629640944
196,96,4.09404708624703
197,40,1.590893274192209
197,50,1.7611163151402203
197,64,2.159333601371272
197,65,2.200886997191721
197,66,2.244414772862253
197,67,2.29004461706229
197,68,2.337599231452537
197,69,2.387049948394882
197,70,2.4378115994148377
197,71,2.489340199892829
197,72,2.5415987151045343
197,73,2.594621911923107
197,74,2.648544847259549
197,75,2.7034605793388446
197,76,2.759364768951813
197,77,2.8161500971728954
197,78,2.873862637114165
197,79,2.9324804490035508
197,80,2.9920748981576697
197,81,3.0527492118230892
197,82,3.1147470721105748
197,83,3.177851312408393
197,84,3.241872880797085
197,85,3.306729482011953
197,86,3.372440279565356
197,87,3.4389989305902917
197,88,3.506397820431318
197,89,3.5746929218020247
197,90,3.6439418624686652
197,91,3.7143127584363445
197,92,3.785801366481437
197,93,3.858277955798056
197,94,3.931688192245727
197,95,4.006009723045031
197,96,4.081451258752676
198,40,1.605043965851357
198,50,1.775439076574954
198,64,2.142924358839102
198,65,2.1783061693578
198,66,2.215384300930911
198,67,2.254296650099081
198,68,2.295670375133053
198,69,2.3392904449567813
198,70,2.3848982973007087
198,71,2.431532928742049
198,72,2.478925102659881
198,73,2.5271109170691535
198,74,2.576429939132119
198,75,2.626779307616232
198,76,2.6780552432469036
198,77,2.7302821613137325
198,78,2.7833459408755656
198,79,2.8372335653499388
198,80,2.8919893744263994
198,81,2.9477375208663483
198,82,3.004547818803803
198,83,3.062388773199523
198,84,3.121174436562817
198,85,3.180794331649886
198,86,3.2413699442759762
198,87,3.3028277161333595
198,88,3.36519663803856
198,89,3.428500964355855
198,90,3.4928644291943893
198,91,3.5583388550090356
198,92,3.624956320410072
198,93,3.6926523457157643
198,94,3.761295633779212
198,95,3.830810827918558
198,96,3.901267545086222
199,40,1.5999260898727332
199,50,1.7673438412510982
199,64,2.1541421420429065
199,65,2.192761829341032
199,66,2.233316057541316
199,67,2.2757197252639108
199,68,2.319571677895086
199,69,2.3651282635233914
199,70,2.4119208665171743
199,71,2.4595122502744236
199,72,2.5077845119452142
199,73,2.556831163226935
199,74,2.6068674843190465
199,75,2.6580539737883226
199,76,2.710241419938092
199,77,2.763393164710695
199,78,2.817356026204333
199,79,2.8721784816726017
199,80,2.9280854169903816
199,81,2.985085699966914
199,82,3.043286602186052
199,83,3.1025607242140114
199,84,3.162719712840655
199,85,3.2236980770176715
199,86,3.285635195733774
199,87,3.348510165618019
199,88,3.4122416933585327
199,89,3.4768497712273034
199,90,3.5424569724154775
199,91,3.6091636230433046
199,92,3.6769499381834554
199,93,3.745740296676921
199,94,3.815371696464752
199,95,3.8858997096347827
199,96,3.9574256624502384
200,40,1.5744067717927472
200,50,1.7548362213154296
200,64,2.1518549996596175
200,65,2.1905937671365883
200,66,2.231193414019236
200,67,2.273757167705034
200,68,2.31812652505844
200,69,2.3646606636957888
200,70,2.4128740855075232
200,71,2.461874728513751
200,72,2.5115818820015336
200,73,2.562129555447327
200,74,2.613710726964658
200,75,2.666387003870756
200,76,2.7200830571986936
200,77,2.7746808611965843
200,78,2.830040120711447
200,79,2.8861862047560036
200,80,2.9432806542990884
200,81,3.0014015063453052
200,82,3.060613595645232
200,83,3.1208039641631937
200,84,3.181795260659162
200,85,3.243593649357207
200,86,3.306294027189484
200,87,3.3698384137623845
200,88,3.4342493893913484
200,89,3.4995818799496448
200,90,3.565911957769573
200,91,3.6333212705557605
200,92,3.70183713498555
200,93,3.7713465895861398
200,94,3.841722663322379
200,95,3.9129124449619717
200,96,3.9849931524109534
201,40,1.6203109476306619
201,50,1.7762542000510975
201,64,2.1544821527120512
201,65,2.1932450817008924
201,66,2.233954474020557
201,67,2.2762670232498174
201,68,2.3201325448709778
201,69,2.3659566419452425
201,70,2.4134279339542166
201,71,2.461919434626896
201,72,2.511190996734488
201,73,2.5612734337284992
201,74,2.612327548848821
201,75,2.664338259781287
201,76,2.7173188452165116
201,77,2.7713257449225557
201,78,2.82617608344086
201,79,2.8818460633673544
201,80,2.9384494968260846
201,81,2.9961007939999087
201,82,3.054859622105842
201,83,3.1146663051246035
201,84,3.1753552559527667
201,85,3.2369024525627887
201,86,3.2993569819768798
201,87,3.3627157624704593
201,88,3.4269247746921137
201,89,3.4920414266154403
201,90,3.5581081945808597
201,91,3.6252723554168544
201,92,3.693522108736003
201,93,3.7628102714724143
201,94,3.83300057922496
201,95,3.9040929945104015
201,96,3.976149832122589
202,40,1.5750582461488722
202,50,1.7515986555895589
202,64,2.168031959248167
202,65,2.2105423504432498
202,66,2.2548968869300867
202,67,2.301162233648437
202,68,2.3491363531100315
202,69,2.3989072891606376
202,70,2.4500536460099314
202,71,2.502013460135902
202,72,2.554782683011446
202,73,2.6084265679056484
202,74,2.663121809047394
202,75,2.718784491453091
202,76,2.7754145540109207
202,77,2.833133019860624
202,78,2.891813561423996
202,79,2.95137147396851
202,80,3.011960316262363
202,81,3.073636972475474
202,82,3.136439236828582
202,83,3.2003629916092295
202,84,3.2651760993708434
202,85,3.330836450400011
202,86,3.397364795917569
202,87,3.4648059675840845
202,88,3.533107399213937
202,89,3.602302742167482
202,90,3.6724510844173084
202,91,3.743755559414133
202,92,3.816218727396463
202,93,3.889679922672877
202,94,3.964037881694409
202,95,4.039317618124405
202,96,4.115645729137951
203,40,1.6098653176209379
203,50,1.7742056071976837
203,64,2.1731111310935423
203,65,2.214438199589803
203,66,2.2580529897484536
203,67,2.303735056136214
203,68,2.3512820544521276
203,69,2.400455374747063
203,70,2.450504007698886
203,71,2.5011615826763984
203,72,2.5524951577277837
203,73,2.6047920562657563
203,74,2.6582552647532753
203,75,2.712900228397753
203,76,2.7685849615647067
203,77,2.8252318476743263
203,78,2.8828042559938187
203,79,2.94119479629609
203,80,3.0004665947961344
203,81,3.060833511192201
203,82,3.1225323616403005
203,83,3.1853538392161216
203,84,3.2490640255325762
203,85,3.313615636764685
203,86,3.3790977543313954
203,87,3.445586591167916
203,88,3.5129139505098266
203,89,3.581093921754752
203,90,3.650306468440844
203,91,3.720568669824113
203,92,3.7918654351776446
203,93,3.8641877942609204
203,94,3.9374241224177173
203,95,4.011552976139499
203,96,4.086682056253683
204,40,1.6069757828257567
204,50,1.7756321328669662
204,64,2.1637831711771325
204,65,2.2027294421484234
204,66,2.2436298319906514
204,67,2.286427628896797
204,68,2.331750818546144
204,69,2.3795316003827454
204,70,2.429162999358389
204,71,2.47961850899305
204,72,2.530739054117312
204,73,2.582693644151849
204,74,2.635521977439265
204,75,2.6891502584848435
204,76,2.743707785432898
204,77,2.799189199286719
204,78,2.855471385920214
204,79,2.912579648017675
204,80,2.9706862442249546
204,81,3.0298877339599377
204,82,3.0902893442679544
204,83,3.151693426391108
204,84,3.2140196539102166
204,85,3.277223174928567
204,86,3.3412942666207655
204,87,3.406230622002054
204,88,3.471977065534963
204,89,3.538575656410708
204,90,3.606087028487873
204,91,3.67469306859689
204,92,3.7443724561692315
204,93,3.815015436119266
204,94,3.8865413792114527
204,95,3.9589737103298708
204,96,4.032524412090556
205,40,1.6028518925716688
205,50,1.769740106431249
205,64,2.1664363345026203
205,65,2.2069083709935042
205,66,2.249355559937837
205,67,2.293472183447608
205,68,2.33942060684762
205,69,2.3870897879243853
205,70,2.435888748191147
205,71,2.4855064833806964
205,72,2.535942408983291
205,73,2.5872076931968238
205,74,2.6394131727325267
205,75,2.6926009658989347
205,76,2.74677591893191
205,77,2.801903665443977
205,78,2.8578806316016614
205,79,2.914773704782356
205,80,2.972610946340578
205,81,3.031574274647201
205,82,3.091893254442352
205,83,3.1533849781185577
205,84,3.2158538945091655
205,85,3.2792093991455546
205,86,3.3434935891796584
205,87,3.4087099264993763
205,88,3.4748277551919777
205,89,3.541899627251361
205,90,3.610004812669293
205,91,3.6792021011038183
205,92,3.749592193972555
205,93,3.821037177589651
205,94,3.8934560860112066
205,95,3.966800486532361
205,96,4.041113886583014
206,40,1.593802721111609
206,50,1.7679400178558986
206,64,2.151108423607612
206,65,2.188581050195555
206,66,2.2280210256702113
206,67,2.2695054464556135
206,68,2.3131399433948836
206,69,2.358817158440407
206,70,2.405852438985354
206,71,2.453761341777524
206,72,2.5023050761605594
206,73,2.551692642325686
206,74,2.6020051177848953
206,75,2.6532463778271813
206,76,2.705375868685749
206,77,2.7583925025068874
206,78,2.8121851979816928
206,79,2.866801082771939
206,80,2.922375082519677
206,81,2.9788850831578095
206,82,3.0364313449864575
206,83,3.0950211230347797
206,84,3.154441151385658
206,85,3.214706478611731
206,86,3.2758971691869228
206,87,3.3380200729634977
206,88,3.4009368050436177
206,89,3.4647634718573586
206,90,3.529518051498833
206,91,3.595283614678581
206,92,3.6622246834944514
206,93,3.7301387560189854
206,94,3.798885973524923
206,95,3.868519070327535
206,96,3.9390465393404153
207,40,1.5538277296846983
207,50,1.7405639858745912
207,64,2.1544210529305823
207,65,2.1955195558194003
207,66,2.2384269285661604
207,67,2.282942386290269
207,68,2.3291918033180425
207,69,2.3771800947991504
207,70,2.4261501358220947
207,71,2.4757703336556043
207,72,2.5260295921353264
207,73,2.5769897274010427
207,74,2.6287982737586564
207,75,2.6816342947104905
207,76,2.7354745634630326
207,77,2.790300291317594
207,78,2.8460151312728845
207,79,2.9025939425190863
207,80,2.9601443750795533
207,81,3.018766814035038
207,82,3.0785164533883234
207,83,3.139438730232933
207,84,3.2014456302990855
207,85,3.2643793867031268
207,86,3.32825951954546
207,87,3.393020385742717
207,88,3.4585672955250866
207,89,3.524999061210087
207,90,3.5923970288619955
207,91,3.6609157097317224
207,92,3.730634678527178
207,93,3.8013476856689046
207,94,3.873048510247786
207,95,3.9456557101231207
207,96,4.0192211140319625
208,40,1.5874174581136329
208,50,1.7684847613129397
208,64,2.1765909950993194
208,65,2.2167246280325634
208,66,2.25846935681676
208,67,2.30222284101005
208,68,2.347926853191615
208,69,2.39585150689784
208,70,2.444949133822832
208,71,2.4948886941719235
208,72,2.5456217794397586
208,73,2.5972470459664465
208,74,2.64983329361727
208,75,2.7033740487229077
208,76,2.757928437411453
208,77,2.8135134833842206
208,78,2.870122024704915
208,79,2.927655515857128
208,80,2.9862144611067185
208,81,3.045912964676212
208,82,3.106826367382336
208,83,3.1688069430153756
208,84,3.231756447570127
208,85,3.2955673093440447
208,86,3.3602610628266074
208,87,3.425884742329896
208,88,3.4924559026154904
208,89,3.55998015906514
208,90,3.628527516160627
208,91,3.69817046279226
208,92,3.768882674308731
208,93,3.840647713952958
208,94,3.913301207832716
208,95,3.986831897537775
208,96,4.061360208398927
209,40,1.586119611930787
209,50,1.7660759579025873
209,64,2.1763315546108766
209,65,2.2174014515853355
209,66,2.2605472749346496
209,67,2.305557004854304
209,68,2.3525159693168876
209,69,2.4013508155157512
209,70,2.4512271681479203
209,71,2.501738648963255
209,72,2.552880969798138
209,73,2.6047968358129836
209,74,2.657768997801709
209,75,2.7117750758004733
209,76,2.766766724689277
209,77,2.822763901975727
209,78,2.879631498338566
209,79,2.937426486372056
209,80,2.996181141504689
209,81,3.0560513572206736
209,82,3.1171342164072566
209,83,3.1793447263549535
209,84,3.242530043100596
209,85,3.306634532390877
209,86,3.3717016961804753
209,87,3.4377010960779226
209,88,3.5046372239373627
209,89,3.5725104175798053
209,90,3.6413553076514322
209,91,3.7113686784326423
209,92,3.782578583142559
209,93,3.854853271122227
209,94,3.9280286860092266
209,95,4.002097465131953
209,96,4.07719879133809
210,40,1.6209403673885567
210,50,1.7811615262078997
210,64,2.167415024331878
210,65,2.2061711756947577
210,66,2.24703559317982
210,67,2.289740345205187
210,68,2.3341409203261225
210,69,2.38040567264833
210,70,2.428350595991968
210,71,2.477248686761092
210,72,2.526987828315704
210,73,2.577518281257166
210,74,2.628945966348737
210,75,2.681380956992513
210,76,2.734792333578747
210,77,2.7891177091547457
210,78,2.844248816060513
210,79,2.900234864218462
210,80,2.957213354826129
210,81,3.0152868715454613
210,82,3.07444618066523
210,83,3.134695655492558
210,84,3.195939900370191
210,85,3.2579825017999027
210,86,3.320919090446725
210,87,3.384725008824284
210,88,3.4493692688617683
210,89,3.514937582169546
210,90,3.581532821124132
210,91,3.6491985253340453
210,92,3.7180548792998525
210,93,3.787879278732584
210,94,3.8585328673315304
210,95,3.930072682254928
210,96,4.002581592191111
211,40,1.573686823057283
211,50,1.753351226239731
211,64,2.1493854633095317
211,65,2.188538127819792
211,66,2.2297756016436128
211,67,2.272982884521774
211,68,2.3181313942261816
211,69,2.3655372002459694
211,70,2.4147227907625193
211,71,2.4648819630371426
211,72,2.515799449415245
211,73,2.5675191598368867
211,74,2.620294866654321
211,75,2.674009809741786
211,76,2.7287245387698165
211,77,2.784508197803389
211,78,2.841169658410271
211,79,2.898667358586045
211,80,2.957041136939364
211,81,3.0165512598870343
211,82,3.0772552158910655
211,83,3.1390211233025136
211,84,3.201788679343381
211,85,3.265401476162693
211,86,3.329877883483356
211,87,3.3952044236559997
211,88,3.4614289138767074
211,89,3.528613230059774
211,90,3.596912192340767
211,91,3.6663078921670054
211,92,3.7369157717747368
211,93,3.808589851452922
211,94,3.8811890909733613
211,95,3.9546872326741536
211,96,4.029175359162246
212,40,1.6009871818568542
212,50,1.7672908305451065
212,64,2.1619889298267507
212,65,2.202099522784114
212,66,2.2444337306549094
212,67,2.288604459630967
212,68,2.3346725439816574
212,69,2.382645743333043
212,70,2.431962370216382
212,71,2.482177807565855
212,72,2.53316803260043
212,73,2.5849789289027134
212,74,2.637771160953796
212,75,2.691523118206617
212,76,2.7461678152518756
212,77,2.801724270232173
212,78,2.8580859667116094
212,79,2.9154492091335684
212,80,2.973829905008877
212,81,3.0333426330201316
212,82,3.0942028181246997
212,83,3.1562583427722903
212,84,3.2192901886319096
212,85,3.283212590531269
212,86,3.3480559839272304
212,87,3.413849661942284
212,88,3.480517331618997
212,89,3.5480801460266753
212,90,3.616612257506575
212,91,3.686309043973293
212,92,3.7571691537648473
212,93,3.8290554349882644
212,94,3.9018345875658427
212,95,3.975567050758147
212,96,4.050326811863526
213,40,1.6015187185089659
213,50,1.7653495212647334
213,64,2.1463430910106056
213,65,2.1855081278946606
213,66,2.2268046741303373
213,67,2.2700767519544525
213,68,2.3150948839232157
213,69,2.36168485046128
213,70,2.409626612438212
213,71,2.4584317166370364
213,72,2.508120440783497
213,73,2.558624200409029
213,74,2.6101034266306185
213,75,2.6625890672527954
213,76,2.7161352683668065
213,77,2.77069898798606
213,78,2.8260973989214895
213,79,2.8823587342114756
213,80,2.9395896607114977
213,81,2.9978551340258823
213,82,3.057191668999136
213,83,3.1175973511143114
213,84,3.1789202734739668
213,85,3.2410836729528216
213,86,3.3040748762252186
213,87,3.3679954105026066
213,88,3.432805643100501
213,89,3.4984922057647783
213,90,3.5651546435772428
213,91,3.6329115857138308
213,92,3.7017809763272593
213,93,3.7717124723717106
213,94,3.8425753518263486
213,95,3.9142784137478976
213,96,3.9868625957800394
214,40,1.5935557710838004
214,50,1.7646241965453686
214,64,2.164811346580996
214,65,2.204843416178865
214,66,2.246950515420019
214,67,2.2907063237871825
214,68,2.336516409463313
214,69,2.3844143711209993
214,70,2.4337629329499717
214,71,2.4838046515668495
214,72,2.5344305996052423
214,73,2.585855642228621
214,74,2.6383416437236002
214,75,2.6918870853568304
214,76,2.746438358256354
214,77,2.802044175348495
214,78,2.8585036295094546
214,79,2.915895380137799
214,80,2.974283068599873
214,81,3.0336959807384742
214,82,3.094271795565675
214,83,3.155822429828672
214,84,3.218227883946988
214,85,3.281489497397694
214,86,3.3455955305981955
214,87,3.410541248559257
214,88,3.4763692160712676
214,89,3.5431645161254672
214,90,3.610994125432266
214,91,3.679963443923419
214,92,3.750194221123822
214,93,3.821439409080392
214,94,3.8936132659075584
214,95,3.9666494768788247
214,96,4.040624448001385
215,40,1.5714163755860358
215,50,1.7548242342812124
215,64,2.167354523257256
215,65,2.208362066851284
215,66,2.251098426276398
215,67,2.295327050467647
215,68,2.3408871824920854
215,69,2.387836900982945
215,70,2.4359510665836908
215,71,2.484761706604403
215,72,2.5343111063849872
215,73,2.5846370658277786
215,74,2.635914863740585
215,75,2.688133055118856
215,76,2.7413159779691254
215,77,2.795432821281917
215,78,2.8504235380353835
215,79,2.9062671868896386
215,80,2.9630578805620784
215,81,3.020956294866787
215,82,3.080149557191598
215,83,3.14042711811274
215,84,3.2016234844680533
215,85,3.2637419734175337
215,86,3.326805125682321
215,87,3.390720088019325
215,88,3.4554888519119293
215,89,3.5211584741761044
215,90,3.5878240603089955
215,91,3.65560196672546
215,92,3.724632836837232
215,93,3.7946880112293213
215,94,3.8656821720240115
215,95,3.937575023324582
215,96,4.010431309685004
216,40,1.6022145161640042
216,50,1.7697759925577476
216,64,2.1710281354397734
216,65,2.2115616987597906
216,66,2.2546328466935526
216,67,2.299721037739161
216,68,2.3463292766322286
216,69,2.394558576911696
216,70,2.443804704666879
216,71,2.493796878751376
216,72,2.5444003261197174
216,73,2.5959191391178194
216,74,2.648469442490942
216,75,2.7021025805396635
216,76,2.7568213271714965
216,77,2.812508492214842
216,78,2.8690319448250934
216,79,2.9264928971642545
216,80,2.984929481713656
216,81,3.044539509612334
216,82,3.1054198379874682
216,83,3.167450340736229
216,84,3.23043873914735
216,85,3.2943449035642987
216,86,3.359161646005501
216,87,3.42498070337332
216,88,3.4917345900297088
216,89,3.5593786952190145
216,90,3.6280297561547563
216,91,3.697799345418024
216,92,3.7687210862005127
216,93,3.8407008966864713
216,94,3.9136664850293013
216,95,3.9874829366249207
216,96,4.062218885766448
217,40,1.6113969192030806
217,50,1.7751993190662372
217,64,2.1634417917263535
217,65,2.2039247848843413
217,66,2.2463024984451616
217,67,2.29043842531258
217,68,2.3363720484255546
217,69,2.38406763215696
217,70,2.432897518190388
217,71,2.482501068148488
217,72,2.532885784164221
217,73,2.584045184636151
217,74,2.6361174867560457
217,75,2.689179660717458
217,76,2.743218839391097
217,77,2.798302342591062
217,78,2.8542177033065594
217,79,2.9109934946132214
217,80,2.968651681776138
217,81,3.0274010281000745
217,82,3.087283318924164
217,83,3.14818665961537
217,84,3.2100235172954608
217,85,3.27273927104475
217,86,3.3363312023088723
217,87,3.4008085505653165
217,88,3.466185246760247
217,89,3.5324315963996478
217,90,3.599564403453659
217,91,3.6677398452881453
217,92,3.737154895872523
217,93,3.8075490751396925
217,94,3.8787531105023296
217,95,3.9508554222637295
217,96,4.0239671106430865
218,40,1.5914208913465488
218,50,1.7625679808198276
218,64,2.1575412631175497
218,65,2.19747003298824
218,66,2.239175401320962
218,67,2.2827762469786013
218,68,2.3284473704493935
218,69,2.376268214327979
218,70,2.4254047985791685
218,71,2.47552020641964
218,72,2.526394487805568
218,73,2.5781088404045116
218,74,2.630734471693935
218,75,2.6843414117048
218,76,2.738927471013989
218,77,2.794724133772028
218,78,2.8514412029714915
218,79,2.909105925215951
218,80,2.9677416239743337
218,81,3.027422780281186
218,82,3.088320619754472
218,83,3.1504213711779117
218,84,3.213567561093839
218,85,3.2776818424557703
218,86,3.342699030604126
218,87,3.4086569743155817
218,88,3.4754744706346328
218,89,3.5432039108898774
218,90,3.611906577688178
218,91,3.6817490885325324
218,92,3.7528686309701014
218,93,3.825029023247514
218,94,3.8981161971489926
218,95,3.9721143742246183
218,96,4.047086278507856
219,40,1.5918210984383527
219,50,1.7645196993791434
219,64,2.1612415610883087
219,65,2.2012944152584155
219,66,2.243296704370763
219,67,2.28707277276015
219,68,2.332713330859084
219,69,2.380302686663816
219,70,2.429173902414416
219,71,2.4788885304518637
219,72,2.5295647826074488
219,73,2.581067055652201
219,74,2.633561706419255
219,75,2.6870497458425873
219,76,2.7416185377062563
219,77,2.7972550409176202
219,78,2.853811554538992
219,79,2.911301131989158
219,80,2.9698606347751593
219,81,3.029483565398238
219,82,3.0903090203067682
219,83,3.152152121711581
219,84,3.2149363082634723
219,85,3.2785690603612023
219,86,3.3431153883423446
219,87,3.4085307710184582
219,88,3.474796102065402
219,89,3.5420307262823707
219,90,3.610278362557618
219,91,3.6796342135041487
219,92,3.7500701990926237
219,93,3.821574008941968
219,94,3.89402961613354
219,95,3.967436180680034
219,96,4.041852188900358
220,40,1.5821926873643186
220,50,1.7584957786061817
220,64,2.1563178652684543
220,65,2.1968399989525946
220,66,2.239101100691771
220,67,2.2831853155934962
220,68,2.3291116085887476
220,69,2.37667837794154
220,70,2.4253202994715193
220,71,2.474545094033805
220,72,2.524446764644419
220,73,2.5751594043917785
220,74,2.6269752747600474
220,75,2.6797935204247976
220,76,2.733605099977784
220,77,2.7884564241172165
220,78,2.844205268770544
220,79,2.9008154142867526
220,80,2.9584581712367832
220,81,3.0170452862557586
220,82,3.076817590529754
220,83,3.137737278107342
220,84,3.1995489128169616
220,85,3.2622212410607356
220,86,3.325827151728326
220,87,3.3903555608198643
220,88,3.455707490066928
220,89,3.5219201005998313
220,90,3.5892047184474465
220,91,3.6575684931212082
220,92,3.727057260162299
220,93,3.797543741878483
220,94,3.868928567952002
220,95,3.9411891431020596
220,96,4.014505780323042
221,40,1.6196870979772915
221,50,1.7812652672104758
221,64,2.1578082034284307
221,65,2.195725177211874
221,66,2.235534161376284
221,67,2.2774316248997892
221,68,2.3215270131840837
221,69,2.3676699129834518
221,70,2.4152824443228695
221,71,2.463758489815962
221,72,2.5130116588596754
221,73,2.563097448481283
221,74,2.614127793975586
221,75,2.6661070521801595
221,76,2.719018910753372
221,77,2.772878916889189
221,78,2.8275832471539273
221,79,2.883179106518036
221,80,2.93979762485537
221,81,2.9975051484114976
221,82,3.056340103324156
221,83,3.116267051391215
221,84,3.1771216211546864
221,85,3.2388619040724222
221,86,3.3015550066471304
221,87,3.3652010885831074
221,88,3.4297023664885273
221,89,3.4951859592225967
221,90,3.561670050936799
221,91,3.629245981340931
221,92,3.6979632469196986
221,93,3.7677588536180844
221,94,3.8385134994659786
221,95,3.910227862670191
221,96,3.982970702334815
222,40,1.575040291817118
222,50,1.7554449467387425
222,64,2.1648938872137404
222,65,2.20653103723431
222,66,2.250269124511408
222,67,2.2956934326124836
222,68,2.342446145715227
222,69,2.390767033893671
222,70,2.440602616120087
222,71,2.4913595232586925
222,72,2.542935882324334
222,73,2.5953581790613502
222,74,2.648816614740298
222,75,2.7031852494947586
222,76,2.758513819071528
222,77,2.814832791817513
222,78,2.8720783316982295
222,79,2.930287575328338
222,80,2.989531417253242
222,81,3.049908394467646
222,82,3.11153012286339
222,83,3.174306300659141
222,84,3.2380752955192547
222,85,3.302710192001188
222,86,3.3682747036582388
222,87,3.4347262824703
222,88,3.502047925967612
222,89,3.5703291818666223
222,90,3.6396415290348476
222,91,3.710067580041133
222,92,3.781735418484591
222,93,3.8544262322785063
222,94,3.928034219755908
222,95,4.002549308549979
222,96,4.078153869471553
223,40,1.5993271091609305
223,50,1.7694618526702608
223,64,2.1659682333343326
223,65,2.205611869657806
223,66,2.2470869257299553
223,67,2.2904834841005335
223,68,2.335671608892823
223,69,2.3825447048263753
223,70,2.4308342945105252
223,71,2.479995564206262
223,72,2.53006175312138
223,73,2.5810724425180127
223,74,2.6330259267230733
223,75,2.685909533509075
223,76,2.739771730677856
223,77,2.79471210644699
223,78,2.850605776711892
223,79,2.9073981019576274
223,80,2.9652238544242064
223,81,3.0241579379127534
223,82,3.0842100083431063
223,83,3.145412075909168
223,84,3.2075257994554627
223,85,3.2705107909559468
223,86,3.334365565201564
223,87,3.399128388592127
223,88,3.464742799967021
223,89,3.5312292928134252
223,90,3.598659342566272
223,91,3.667135480003008
223,92,3.7366685654593055
223,93,3.807217482014233
223,94,3.878664268569564
223,95,3.950987412336603
223,96,4.024258470060934
224,40,1.6015168813501293
224,50,1.7675359291210102
224,64,2.1481214239290516
224,65,2.1872670325749666
224,66,2.2285790571044592
224,67,2.2719556736484123
224,68,2.3173470813886876
224,69,2.3645854378476034
224,70,2.413575734875705
224,71,2.463605705233736
224,72,2.5143790250922766
224,73,2.565940074077166
224,74,2.618345816206168
224,75,2.6717374103954503
224,76,2.726225138887905
224,77,2.7816541496529097
224,78,2.8379687773016
224,79,2.8951472476116953
224,80,2.9533262311319515
224,81,3.012548802697887
224,82,3.0730506533902373
224,83,3.1346143454020554
224,84,3.1970755212517257
224,85,3.260356098145359
224,86,3.324499916241016
224,87,3.389519205474292
224,88,3.4553639319271126
224,89,3.5220422059218777
224,90,3.5896718061808377
224,91,3.6584441345745526
224,92,3.7284782356153996
224,93,3.7995332626495593
224,94,3.871475496491854
224,95,3.944302930429469
224,96,4.018192988962355
225,40,1.6169440716675045
225,50,1.7829937090521524
225,64,2.1757879336635497
225,65,2.215858112170377
225,66,2.258024072513408
225,67,2.302001449112013
225,68,2.3476880959404682
225,69,2.395363602242384
225,70,2.444752304758568
225,71,2.495019417193402
225,72,2.546049552539419
225,73,2.5979981151896068
225,74,2.6509986911716568
225,75,2.7050813465429977
225,76,2.7602042670130618
225,77,2.8163209856555844
225,78,2.873293548700268
225,79,2.9311723746602683
225,80,2.98998551951327
225,81,3.049903060643981
225,82,3.1110308223851755
225,83,3.173237422768131
225,84,3.2363209610321375
225,85,3.300134382442364
225,86,3.364835975009298
225,87,3.4304133160576464
225,88,3.4968595901355757
225,89,3.564242243706058
225,90,3.6326346380858276
225,91,3.7021299005975905
225,92,3.772809147061487
225,93,3.8445136291199082
225,94,3.9170571379527557
225,95,3.9904438644739413
225,96,4.064869364370573
226,40,1.596017021974475
226,50,1.7702583436245465
226,64,2.16668874220729
226,65,2.2063619798257763
226,66,2.2480037420304027
226,67,2.2914769810852182
226,68,2.3366068248019882
226,69,2.3837300295831803
226,70,2.432016056975103
226,71,2.481072788013403
226,72,2.5308129965082347
226,73,2.5814064158616388
226,74,2.6329533222881594
226,75,2.6853867017682482
226,76,2.7387905433648876
226,77,2.7931987862255925
226,78,2.8485026784643184
226,79,2.904700901723084
226,80,2.9618201273212397
226,81,3.0200036052599533
226,82,3.079418518889719
226,83,3.139920362518479
226,84,3.201337763994852
226,85,3.2635500321074695
226,86,3.3266090653096416
226,87,3.3906125120467245
226,88,3.4554741983097306
226,89,3.521252427704992
226,90,3.5881214099680534
226,91,3.656061046660455
226,92,3.7251218930344447
226,93,3.795138850691254
226,94,3.866112007214557
226,95,3.938062469350447
226,96,4.011136310308579
227,40,1.5997688624164719
227,50,1.7697086015618337
227,64,2.1623704915562505
227,65,2.201959423837563
227,66,2.243396723344065
227,67,2.2865019467764256
227,68,2.331707263730265
227,69,2.3789532458153033
227,70,2.4279637853270293
227,71,2.477836708601626
227,72,2.5285155871872242
227,73,2.580056325581592
227,74,2.632700879365212
227,75,2.6863930232350954
227,76,2.741200748308695
227,77,2.7970570509933093
227,78,2.853783566530566
227,79,2.911355703443955
227,80,2.9697799168143884
227,81,3.0292000444884484
227,82,3.0897880938533677
227,83,3.1513923959485792
227,84,3.2138114037544483
227,85,3.2770216792906792
227,86,3.3410682223016743
227,87,3.406000131804375
227,88,3.4717917533799
227,89,3.5384916571292155
227,90,3.606207082321277
227,91,3.675049951532694
227,92,3.74514496446048
227,93,3.8162241823126566
227,94,3.8881745989461924
227,95,3.96108357112492
227,96,4.035006809876263
228,40,1.6107650078389808
228,50,1.7755034807433794
228,64,2.1562948885181967
228,65,2.1947423511625694
228,66,2.234941811551456
228,67,2.277129088090782
228,68,2.321579572130309
228,69,2.3681877905426907
228,70,2.41586599405163
228,71,2.4643054609996105
228,72,2.5134844906973495
228,73,2.563485089882999
228,74,2.6144264333984393
228,75,2.666326195642422
228,76,2.7191976656476418
228,77,2.773014079337435
228,78,2.827697268346062
228,79,2.8832908939610626
228,80,2.939867339903822
228,81,2.9975315750448313
228,82,3.0562030229999664
228,83,3.115815405197907
228,84,3.1763230275858376
228,85,3.237628208899011
228,86,3.29977207108986
228,87,3.3627438450394687
228,88,3.426563865539985
228,89,3.4912602953650103
228,90,3.556954865526544
228,91,3.623764154045274
228,92,3.691858758966623
228,93,3.7610199513744718
228,94,3.831112576528289
228,95,3.902195315853296
228,96,3.9742546642454673
229,40,1.5786449514417211
229,50,1.7585882374831832
229,64,2.15766169874087
229,65,2.196016468677095
229,66,2.236101263089182
229,67,2.277736041836802
229,68,2.321194831580159
229,69,2.3663828442851185
229,70,2.4128903525068974
229,71,2.4600026746062
229,72,2.507769530796285
229,73,2.556414596480541
229,74,2.60617185775178
229,75,2.65695729944493
229,76,2.7087210017298053
229,77,2.7613325839431866
229,78,2.8147209201752177
229,79,2.868934485768607
229,80,2.924047240498907
229,81,2.980260997226949
229,82,3.037698335928933
229,83,3.096182199579345
229,84,3.1555585203883414
229,85,3.215791186499031
229,86,3.2769418651255973
229,87,3.3389468660612964
229,88,3.4018166761076105
229,89,3.4656118619405802
229,90,3.530470044030868
229,91,3.5963769976055895
229,92,3.663308723607516
229,93,3.7313067853692017
229,94,3.8003485136375037
229,95,3.8703217006460044
229,96,3.941280051076979
230,40,1.5622666701726964
230,50,1.748781000382516
230,64,2.161337781092748
230,65,2.2033107721441065
230,66,2.2469948696126116
230,67,2.292308869597054
230,68,2.3389972104021117
230,69,2.387096509228107
230,70,2.4365964242452653
230,71,2.4869379772179228
230,72,2.538012764041907
230,73,2.5898920806659773
230,74,2.642815737768649
230,75,2.696682060127003
230,76,2.7515476328088373
230,77,2.807415509115202
230,78,2.864213338903856
230,79,2.9219303192927106
230,80,2.9806313128397495
230,81,3.0404635193259772
230,82,3.101554082497739
230,83,3.1637015277254172
230,84,3.226763934284053
230,85,3.2906426179486656
230,86,3.355364715047793
230,87,3.4209517730321046
230,88,3.4874059633603776
230,89,3.5547804003467807
230,90,3.623143662530308
230,91,3.6926378053085456
230,92,3.7634443706115066
230,93,3.835276088906633
230,94,3.9080566780975965
230,95,3.9817645587681416
230,96,4.056663248837459
231,40,1.6059966234142475
231,50,1.7734377163035304
231,64,2.1744229657085707
231,65,2.2150929032131756
231,66,2.2576531966924698
231,67,2.301969645042157
231,68,2.3485027821047173
231,69,2.39705237038145
231,70,2.4470579962818775
231,71,2.4980997977519124
231,72,2.5501525252393753
231,73,2.6030485253901716
231,74,2.656876687062792
231,75,2.711697263406087
231,76,2.767515133037948
231,77,2.824485049837433
231,78,2.882532532063463
231,79,2.941623407836562
231,80,3.00174573808407
231,81,3.062899118268097
231,82,3.1252512735935754
231,83,3.1886910063282725
231,84,3.2530425084310624
231,85,3.3182307294659266
231,86,3.3843628133098163
231,87,3.4513771275719334
231,88,3.5192562353339154
231,89,3.588029843916548
231,90,3.657827296703405
231,91,3.7287853481119058
231,92,3.800895615587594
231,93,3.874065107836863
231,94,3.9481577197530133
231,95,4.0231824096213495
231,96,4.099240542121233
232,40,1.6180963321945043
232,50,1.7777502951030189
232,64,2.153038175036734
232,65,2.191328638080556
232,66,2.2317995855157555
232,67,2.274453238320328
232,68,2.3191714466811613
232,69,2.365744466747852
232,70,2.4133089289672576
232,71,2.4616336117437467
232,72,2.510675852688069
232,73,2.560511572690402
232,74,2.6112781465919697
232,75,2.6630258426039197
232,76,2.715852181251015
232,77,2.7698142155663295
232,78,2.824942549340749
232,79,2.8810670405765544
232,80,2.9382755634141793
232,81,2.9966018957954614
232,82,3.0561030249623284
232,83,3.1167535260055175
232,84,3.178375239445968
232,85,3.2408295489865697
232,86,3.3042324298457997
232,87,3.3686518280441087
232,88,3.433947620582101
232,89,3.5001501344589996
232,90,3.567422375628816
232,91,3.6358478219512875
232,92,3.7054617941641137
232,93,3.776121869626027
232,94,3.847728510789064
232,95,3.9203886823409233
232,96,3.9941989645014764
233,40,1.5733443751113945
233,50,1.7569844593734776
233,64,2.1664111866866915
233,65,2.2068609266765793
233,66,2.2493045411029904
233,67,2.293947544994218
233,68,2.3410346490930856
233,69,2.390354919062511
233,70,2.441468678615921
233,71,2.493466932383053
233,72,2.5461794712330326
233,73,2.5997553619193465
233,74,2.6543114487843074
233,75,2.7098868023924307
233,76,2.7663877648476056
233,77,2.823868309631715
233,78,2.8822032103533743
233,79,2.9414063152119883
233,80,3.0015906942920747
233,81,3.062763201368063
233,82,3.125156874995792
233,83,3.188650583366596
233,84,3.2530108787285523
233,85,3.3182928581127977
233,86,3.3844963715418706
233,87,3.451652441303755
233,88,3.5196256187007022
233,89,3.588465876683385
233,90,3.658245214268838
233,91,3.7290534107547932
233,92,3.8010018191438752
233,93,3.873988391784967
233,94,3.947834659706243
233,95,4.022597107541585
233,96,4.098399896783919
234,40,1.5799320712669795
234,50,1.7562987990527423
234,64,2.1440659021063397
234,65,2.1824838280595706
234,66,2.222760385724701
234,67,2.264945850614466
234,68,2.3089485342064915
234,69,2.354690912677518
234,70,2.4015853265100837
234,71,2.4491938155268196
234,72,2.4974664441144405
234,73,2.5464905147551606
234,74,2.5963832158268034
234,75,2.6472040779447332
234,76,2.6989287791012444
234,77,2.751568481349758
234,78,2.8049316668783497
234,79,2.8591095767869863
234,80,2.9142235485895434
234,81,2.970403812735349
234,82,3.0278917769341964
234,83,3.08642206989579
234,84,3.1459787315009446
234,85,3.2063530234841715
234,86,3.267555631082893
234,87,3.329597348130373
234,88,3.392449211023845
234,89,3.4561573502945824
234,90,3.5207967309900585
234,91,3.5864137164657333
234,92,3.653053885587942
234,93,3.720684134966721
234,94,3.789159526042648
234,95,3.858457244546832
234,96,3.9287137253898545
235,40,1.6107711894363945
235,50,1.7758237027419561
235,64,2.1571037229854095
235,65,2.195651718464836
235,66,2.2363554974783
235,67,2.279044245388784
235,68,2.32366434346246
235,69,2.3704486709648767
235,70,2.4191017799691585
235,71,2.4687100336895353
235,72,2.5189084102056922
235,73,2.569918535567418
235,74,2.621941828994659
235,75,2.6750072188677523
235,76,2.728979121865583
235,77,2.783963514352095
235,78,2.839857744690069
235,79,2.896656208606938
235,80,2.9543841149123793
235,81,3.013135550681623
235,82,3.073081390915575
235,83,3.1341121924997344
235,84,3.196095046864748
235,85,3.258937888097712
235,86,3.3227056905951793
235,87,3.387384884195285
235,88,3.4529881779282814
235,89,3.519505479950247
235,90,3.5869911574724234
235,91,3.655666162071504
235,92,3.725482176136639
235,93,3.796342239090442
235,94,3.868134961224772
235,95,3.9408083462456447
235,96,4.014446288415634
236,40,1.6066956860263142
236,50,1.7728417051216656
236,64,2.1463578085149924
236,65,2.184074164376924
236,66,2.223327679213746
236,67,2.264510565287002
236,68,2.3081093707706106
236,69,2.3539725819104285
236,70,2.4013964194012773
236,71,2.449689365550392
236,72,2.4987331478385295
236,73,2.548630106506846
236,74,2.5995881469525233
236,75,2.651546855358413
236,76,2.704525887417097
236,77,2.758598735666158
236,78,2.813503490091727
236,79,2.8692676553080374
236,80,2.92594967517215
236,81,2.9836259199211446
236,82,3.0425022689090686
236,83,3.102411688161009
236,84,3.1631977396034747
236,85,3.2247588496786297
236,86,3.2871969991007317
236,87,3.3505449307407265
236,88,3.414758203393415
236,89,3.4798441167540473
236,90,3.545903839357843
236,91,3.6130729732814197
236,92,3.681363177843755
236,93,3.7507316268807633
236,94,3.8210313296334055
236,95,3.8922577892746895
236,96,3.964486475313056
237,40,1.6249254409557325
237,50,1.787699762570801
237,64,2.162914338482903
237,65,2.2005619115136366
237,66,2.240162606399748
237,67,2.281740795367639
237,68,2.3253885005916093
237,69,2.371122862697059
237,70,2.4184076963470127
237,71,2.4665907167711807
237,72,2.5155940836370485
237,73,2.5654954170001725
237,74,2.6162979480401543
237,75,2.6681614978654977
237,76,2.7210009609828814
237,77,2.77479562328422
237,78,2.829498043987563
237,79,2.8850354697070593
237,80,2.94160076864644
237,81,2.999352546113269
237,82,3.058277621472959
237,83,3.118178875194565
237,84,3.178952528975248
237,85,3.240584723251735
237,86,3.303120148525079
237,87,3.3665799562225596
237,88,3.4308460316020306
237,89,3.4961010174372933
237,90,3.562304218860539
237,91,3.629554515486358
237,92,3.6978783753629756
237,93,3.767229314934741
237,94,3.8375197062508226
237,95,3.9087202008519055
237,96,3.980917480719519
238,40,1.6203858712881973
238,50,1.7835529031500073
238,64,2.164176227029413
238,65,2.2029735159803523
238,66,2.2440381235408644
238,67,2.2869249018395585
238,68,2.3320891136378745
238,69,2.379511972651569
238,70,2.42833201547102
238,71,2.4780044272757493
238,72,2.5283812494567943
238,73,2.579626529456597
238,74,2.631844572735888
238,75,2.685084486315656
238,76,2.7392957619858853
238,77,2.7944246628634275
238,78,2.850493946619337
238,79,2.9075402047765233
238,80,2.9655830159788783
238,81,3.024806323976711
238,82,3.0852308303774834
238,83,3.146722192817113
238,84,3.2091183185033394
238,85,3.2723339069968462
238,86,3.3364279098814897
238,87,3.401349397123151
238,88,3.467131687423527
238,89,3.533907370151607
238,90,3.601767338239487
238,91,3.670760616963501
238,92,3.740815942750854
238,93,3.8118836957017965
238,94,3.8838490188490358
238,95,3.956718832466988
238,96,4.030558921744457
239,40,1.5731983667909173
239,50,1.7537556766513274
239,64,2.155251102515653
239,65,2.195464339618123
239,66,2.237474435933997
239,67,2.2811411702823987
239,68,2.3264733678286236
239,69,2.373541852604635
239,70,2.4223989752885373
239,71,2.4722129411287805
239,72,2.522752976914374
239,73,2.5740782035862044
239,74,2.626240574398606
239,75,2.6793097251304774
239,76,2.733294725122593
239,77,2.7881924379195357
239,78,2.843933945466838
239,79,2.900599731808797
239,80,2.958261059258991
239,81,3.0168396326803393
239,82,3.0765556476029294
239,83,3.137415770016763
239,84,3.1992759745563832
239,85,3.2619676005624028
239,86,3.3255009081224296
239,87,3.3898683861280876
239,88,3.455043313297246
239,89,3.521102293623687
239,90,3.5880539090994272
239,91,3.6560268433745753
239,92,3.7250337007089556
239,93,3.7949878981464984
239,94,3.8657537969860343
239,95,3.9373582596526386
239,96,4.009969805471863
240,40,1.5696781518681822
240,50,1.7547022382960282
240,64,2.1787514789628446
240,65,2.2210429554490934
240,66,2.2653563759530244
240,67,2.31165252256269
240,68,2.359706282739755
240,69,2.4095142396281157
240,70,2.4602666703974934
240,71,2.511753317880471
240,72,2.5641195920551945
240,73,2.6173453333197054
240,74,2.671545122472919
240,75,2.7267018011784394
240,76,2.782800507866159
240,77,2.8399462025228543
240,78,2.8979832747132486
240,79,2.9569096794426657
240,80,3.0167304869900473
240,81,3.0775943252025137
240,82,3.13971987379829
240,83,3.2030262016850015
240,84,3.2672977807265537
240,85,3.3324009177389176
240,86,3.3984044662001875
240,87,3.46538109908503
240,88,3.533276189743223
240,89,3.602046143066839
240,90,3.6718049872520124
240,91,3.742671946944864
240,92,3.8146981222549554
240,93,3.8877243468986746
240,94,3.961614031957739
240,95,4.036368430032407
240,96,4.1121860859772585
241,40,1.5873640950061494
241,50,1.761852281675858
241,64,2.1577602448530873
241,65,2.1983564652185237
241,66,2.240797690400501
241,67,2.2850187583736155
241,68,2.331321565886079
241,69,2.3795192924733293
241,70,2.4291612103525755
241,71,2.479754786972075
241,72,2.5311404895169094
241,73,2.583405278811876
241,74,2.6367130730931025
241,75,2.691005396310177
241,76,2.746354323613715
241,77,2.8027308248492315
241,78,2.8600724517393963
241,79,2.9182992805293964
241,80,2.9774512061257186
241,81,3.03764955360215
241,82,3.099103964978914
241,83,3.161668088608785
241,84,3.2252014254621764
241,85,3.2895514108553074
241,86,3.3548300794796386
241,87,3.421009328372737
241,88,3.4880884835849315
241,89,3.5561324870067734
241,90,3.6252330393150807
241,91,3.695335961043968
241,92,3.766655434237741
241,93,3.839022450943647
241,94,3.912348323302786
241,95,3.9865810549872776
241,96,4.061905669617849
242,40,1.6076904584589944
242,50,1.7759910421845757
242,64,2.1547718375824045
242,65,2.192541371159869
242,66,2.2320929170811
242,67,2.273223229347252
242,68,2.315722065874102
242,69,2.359829905347449
242,70,2.405458221731801
242,71,2.4519078627905713
242,72,2.498975642268442
242,73,2.546878049437872
242,74,2.5957604322455587
242,75,2.6455872101960445
242,76,2.6963953859187964
242,77,2.748161141043073
242,78,2.800882792225086
242,79,2.854605103119595
242,80,2.9094454833669636
242,81,2.965402534741134
242,82,3.0226223024195455
242,83,3.081005433500038
242,84,3.140473016535921
242,85,3.2009157467091565
242,86,3.2623277751513275
242,87,3.3246197948605927
242,88,3.3877755938352565
242,89,3.4518440806702455
242,90,3.5169093873900055
242,91,3.583131752684405
242,92,3.6506441372008904
242,93,3.7192142212036354
242,94,3.7886691641940002
242,95,3.859015154496994
242,96,3.930380432348527
243,40,1.5714263736554213
243,50,1.750776332224374
243,64,2.163125223841821
243,65,2.205109937528135
243,66,2.249192606174603
243,67,2.2955274794856124
243,68,2.3440407243014882
243,69,2.394553443833255
243,70,2.4464440139525987
243,71,2.4992111856393624
243,72,2.5527784810157685
243,73,2.6071613202036836
243,74,2.66252624680505
243,75,2.7188379163317284
243,76,2.7761085715657616
243,77,2.8343595600575675
243,78,2.893454636016573
243,79,2.9534170906995647
243,80,3.0143762216650267
243,81,3.076416995498009
243,82,3.139663213377662
243,83,3.204036218071036
243,84,3.2693015180709857
243,85,3.335433335836938
243,86,3.4024411550850817
243,87,3.470402288569976
243,88,3.5392491715753414
243,89,3.6090132625522378
243,90,3.6798363412763435
243,91,3.7517888034101103
243,92,3.8249319741139205
243,93,3.899148995884357
243,94,3.974310755630604
243,95,4.050351417868269
243,96,4.127335174617327
244,40,1.5807544785395102
244,50,1.7585563944711327
244,64,2.157578164247361
244,65,2.197401713477551
244,66,2.239199774484612
244,67,2.2831932721206
244,68,2.329298713140756
244,69,2.3774986844049555
244,70,2.4270974787458988
244,71,2.4777097060899775
244,72,2.5291790401766585
244,73,2.5814951757828934
244,74,2.6347977092153787
244,75,2.6889929067845877
244,76,2.7441459121069305
244,77,2.8003116393318273
244,78,2.8574312615461803
244,79,2.915491536720015
244,80,2.9744970449751347
244,81,3.03458240179482
244,82,3.0958573616559923
244,83,3.1582377249082416
244,84,3.2215127702029136
244,85,3.285628953356486
244,86,3.3506696030264536
244,87,3.4166555140984043
244,88,3.4834874951549155
244,89,3.551197517999907
244,90,3.6198757322309834
244,91,3.6895674737579234
244,92,3.7603515257237916
244,93,3.83212680746586
244,94,3.904785834133927
244,95,3.978327687843911
244,96,4.052851948247474
245,40,1.6005769002766719
245,50,1.7683518517969392
245,64,2.163361420860714
245,65,2.2032624090336057
245,66,2.2450307938799243
245,67,2.2886306478200598
245,68,2.3343718145059915
245,69,2.382591440165202
245,70,2.432353463796729
245,71,2.4829745102246807
245,72,2.5342739707769244
245,73,2.5865211505879664
245,74,2.639819471656319
245,75,2.694118981732833
245,76,2.7493749352644934
245,77,2.8056093997739415
245,78,2.8626749054126543
245,79,2.9206455312920414
245,80,2.9796705112731736
245,81,3.0397936089443935
245,82,3.1011626518509114
245,83,3.163619806179457
245,84,3.2269978890703843
245,85,3.2911982565626112
245,86,3.3562733676127143
245,87,3.422267698055858
245,88,3.489136117697908
245,89,3.556895281304296
245,90,3.62564523337437
245,91,3.695529512053726
245,92,3.766489489554291
245,93,3.8385097702434336
245,94,3.9114890311840163
245,95,3.9853405979544747
245,96,4.060163564632365
246,40,1.607921348351934
246,50,1.7733813176729418
246,64,2.1573269643666606
246,65,2.1956513865524934
246,66,2.2358103468507924
246,67,2.2778780201588202
246,68,2.3221072635711626
246,69,2.3685222073075463
246,70,2.416681597377751
246,71,2.465613214293493
246,72,2.5151437598813366
246,73,2.5654307692727265
246,74,2.6166012955434614
246,75,2.6686852372775074
246,76,2.7217755750835244
246,77,2.7758988349277525
246,78,2.8309339523921864
246,79,2.8868697102161915
246,80,2.9437418762866248
246,81,3.0017539346595172
246,82,3.0609606485775114
246,83,3.1213227207857646
246,84,3.182569900052716
246,85,3.2446060524486997
246,86,3.307485483037631
246,87,3.371300865863159
246,88,3.4359544966125557
246,89,3.5015100931809204
246,90,3.5681379495470296
246,91,3.635908429209671
246,92,3.7048934805016396
246,93,3.7748908078313637
246,94,3.8458089611786592
246,95,3.9176309004110736
246,96,3.9906143831134666
247,40,1.5935360861725432
247,50,1.7646153302467742
247,64,2.163595305225774
247,65,2.2052133165095316
247,66,2.249264654657431
247,67,2.2954433727590007
247,68,2.344155741624812
247,69,2.394633024557576
247,70,2.4461035247968708
247,71,2.498215026070183
247,72,2.5510933547526653
247,73,2.6048559643419447
247,74,2.6596477970113273
247,75,2.7154160125225095
247,76,2.772243820626623
247,77,2.830049079784816
247,78,2.8887774563291444
247,79,2.9483808286601247
247,80,3.00900198148652
247,81,3.070718014299468
247,82,3.1336558007938855
247,83,3.1977311564136515
247,84,3.262725181885283
247,85,3.328545189059275
247,86,3.395284018807906
247,87,3.46292096056694
247,88,3.5314153078276576
247,89,3.600790173340486
247,90,3.671243493111489
247,91,3.74272400330079
247,92,3.8153065928479837
247,93,3.8888792363935734
247,94,3.9633687859902476
247,95,4.03877105926198
247,96,4.115096124640935
248,40,1.5840470881944502
248,50,1.7566973145976268
248,64,2.1440070105063107
248,65,2.1827692733409187
248,66,2.223338316399238
248,67,2.2653565766216737
248,68,2.3091233604140995
248,69,2.355093606994292
248,70,2.4025674939743493
248,71,2.4507860447783045
248,72,2.4996642998541203
248,73,2.5493384527437084
248,74,2.6000308545132063
248,75,2.6517718695306334
248,76,2.7044782017557307
248,77,2.7583094181962977
248,78,2.813041832267454
248,79,2.868628157772817
248,80,2.925121777403054
248,81,2.9825986023536415
248,82,3.0411985409510476
248,83,3.1009504391018234
248,84,3.1616088768879793
248,85,3.2230837949386553
248,86,3.285463922206925
248,87,3.3487480654367783
248,88,3.41290407294115
248,89,3.4779946282388634
248,90,3.5440630822640298
248,91,3.6112483614101945
248,92,3.679765198572894
248,93,3.7493623790218407
248,94,3.819971363036637
248,95,3.8914306830406633
248,96,3.963849306422759
249,40,1.5711266073337824
249,50,1.7539324607939941
249,64,2.1490381975751647
249,65,2.187784271897499
249,66,2.228426622365045
249,67,2.2709682382105543
249,68,2.3161759869336542
249,69,2.3638709044696844
249,70,2.412928238316483
249,71,2.462663587291302
249,72,2.513059377843067
249,73,2.5643348361950817
249,74,2.616604802395711
249,75,2.6700085451909574
249,76,2.7243449794962338
249,77,2.7795530596027422
249,78,2.8355495817814047
249,79,2.8923700603023255
249,80,2.9501444357297832
249,81,3.008973340668512
249,82,3.0688877203222624
249,83,3.129838994278732
249,84,3.1917111962652602
249,85,3.254355931335994
249,86,3.31784799686233
249,87,3.382168525434233
249,88,3.447369511722256
249,89,3.5135261743201127
249,90,3.580722111489015
249,91,3.6490074946112805
249,92,3.718472569000815
249,93,3.788957157828494
249,94,3.8603217348659706
249,95,3.9325362460788753
249,96,4.005712484355249
250,40,1.584600799551584
250,50,1.7589162398257163
250,64,2.1487651580449767
250,65,2.187131090269752
250,66,2.2272919050273323
250,67,2.269178331387819
250,68,2.3127847954595904
250,69,2.3582941830620996
250,70,2.4059573749555714
250,71,2.4548432447692394
250,72,2.5046308991914175
250,73,2.555317869635655
250,74,2.606858933782326
250,75,2.659411864600301
250,76,2.712923383004143
250,77,2.7675146692863315
250,78,2.8229744943611657
250,79,2.879278736649682
250,80,2.9365104991948705
250,81,2.9947508668898117
250,82,3.0541515398854626
250,83,3.114649940719274
250,84,3.176108264025233
250,85,3.238460706547058
250,86,3.301660599124962
250,87,3.365629564941802
250,88,3.430492527527517
250,89,3.4962550780022266
250,90,3.563004526595429
250,91,3.6309303482927575
250,92,3.700086344196614
250,93,3.7701917678035386
250,94,3.8411078305560604
250,95,3.912946512540874
250,96,3.9859809352146107
251,40,1.5859272294021864
251,50,1.7558864636088636
251,64,2.158097434137443
251,65,2.2001208899286797
251,66,2.2444053884395463
251,67,2.291081903669724
251,68,2.3398770600419114
251,69,2.3908217710811406
251,70,2.4431626011005707
251,71,2.496447455659706
251,72,2.5505506821635544
251,73,2.6055463278045465
251,74,2.661714660653613
251,75,2.7189911075721445
251,76,2.77735260533413
251,77,2.836873510059911
251,78,2.897432761065935
251,79,2.9589664871298287
251,80,3.021456139275122
251,81,3.0849051127375438
251,82,3.149498536899246
251,83,3.215294560168979
251,84,3.2820097716462624
251,85,3.349609150776228
251,86,3.4182389527568233
251,87,3.4878609111208023
251,88,3.5583445406898937
251,89,3.629709064482239
251,90,3.701998919922815
251,91,3.775483616885599
251,92,3.850065845158235
251,93,3.925647971158595
251,94,4.002134619444341
251,95,4.079579919014691
251,96,4.158053884004135
252,40,1.6190464305365906
252,50,1.78327832496454
252,64,2.1629703776055513
252,65,2.2018021940185744
252,66,2.2426539111232393
252,67,2.285605215668501
252,68,2.3307936646176355
252,69,2.3784795420222986
252,70,2.4276247747809307
252,71,2.4775847178353763
252,72,2.5283515130782446
252,73,2.579976279262258
252,74,2.6326049096217305
252,75,2.6861911319278455
252,76,2.7407058970770586
252,77,2.796249651654777
252,78,2.8526387810560108
252,79,2.9098245499894575
252,80,2.9679410489465585
252,81,3.0270745163984403
252,82,3.087349970830824
252,83,3.148666011482435
252,84,3.2108889519286787
252,85,3.2740509926127217
252,86,3.3381385781613897
252,87,3.4031550995412854
252,88,3.4690581607394853
252,89,3.535883491881756
252,90,3.6037464571982465
252,91,3.6727569811004916
252,92,3.742916366925134
252,93,3.8142234541454627
252,94,3.88641153456322
252,95,3.9595199414249684
252,96,4.033649671972929
253,40,1.610147361479234
253,50,1.7771252573543865
253,64,2.170590572566382
253,65,2.211043629095013
253,66,2.253553336323649
253,67,2.2981306871345155
253,68,2.3446440267788518
253,69,2.3932281387786385
253,70,2.4433942798441937
253,71,2.4944716097265585
253,72,2.5462202866291466
253,73,2.5987817328168297
253,74,2.652206440676303
253,75,2.7067389265285287
253,76,2.7622540756840244
253,77,2.8187938459245028
253,78,2.8762342406132118
253,79,2.9345734225812024
253,80,2.9938845100779132
253,81,3.0542773139895902
253,82,3.1158456104963266
253,83,3.178594216165558
253,84,3.242267944604964
253,85,3.306799205498182
253,86,3.3723244058790938
253,87,3.438855155773905
253,88,3.5062120251964872
253,89,3.574524552208133
253,90,3.643842944458502
253,91,3.7142444672363215
253,92,3.785870037952824
253,93,3.8585247148813338
253,94,3.932069522469116
253,95,4.006461692552358
253,96,4.081824146577075
254,40,1.5979491526135257
254,50,1.7736420211999389
254,64,2.1679252712242536
254,65,2.2068293907779304
254,66,2.247700012095643
254,67,2.2906056783312594
254,68,2.3361838607777767
254,69,2.384536019682612
254,70,2.434729401072133
254,71,2.485877561285949
254,72,2.5378297069691405
254,73,2.5906159315335575
254,74,2.644478688384758
254,75,2.699360479229137
254,76,2.755192440880461
254,77,2.81190872429464
254,78,2.8695226106799137
254,79,2.9279856084787315
254,80,2.987383233974807
254,81,3.047813184274511
254,82,3.1094707139409685
254,83,3.1723318152472886
254,84,3.236109244466209
254,85,3.3006994525651248
254,86,3.3661622308181003
254,87,3.4325652559997613
254,88,3.49987419327654
254,89,3.5681352900044905
254,90,3.6373372537988002
254,91,3.7076623151199595
254,92,3.7790852437503077
254,93,3.851558253323419
254,94,3.92491938880896
254,95,3.9991746448441643
254,96,4.074347289304782
255,40,1.612390054909945
255,50,1.7720634800948618
255,64,2.1531197052710542
255,65,2.1926640499669476
255,66,2.2342612689574897
255,67,2.2777276741554413
255,68,2.3230922629978203
255,69,2.370399692290053
255,70,2.418908405531908
255,71,2.468186460748733
255,72,2.518172910544871
255,73,2.5690457027337947
255,74,2.6208373231078315
255,75,2.673492555269305
255,76,2.7271649304364534
255,77,2.781931272367724
255,78,2.8376290803045556
255,79,2.8942137731194038
255,80,2.9517817844314678
255,81,3.010430509263866
255,82,3.070214395708031
255,83,3.1310933505766783
255,84,3.193014433809929
255,85,3.255773436667553
255,86,3.3194161783352207
255,87,3.383960507701224
255,88,3.4493591433602306
255,89,3.515679458586506
255,90,3.5829652513324644
255,91,3.6513346317453417
255,92,3.720788891423676
255,93,3.7912839777874305
255,94,3.8626928272691305
255,95,3.935077723630017
255,96,4.0084750230801465
256,40,1.5996921771879986
256,50,1.772006418627519
256,64,2.155885190534115
256,65,2.1937539970608757
256,66,2.2333603298255915
256,67,2.274454029111768
256,68,2.3169863830429898
256,69,2.360938080847948
256,70,2.406078141500238
256,71,2.4519959927651303
256,72,2.4986095076870964
256,73,2.5459528072591615
256,74,2.594278762774219
256,75,2.643599335784831
256,76,2.693984668707996
256,77,2.745427202427732
256,78,2.797761606709683
256,79,2.851091961189204
256,80,2.905490553427181
256,81,2.9610030347666685
256,82,3.0176875571159956
256,83,3.0754912866610633
256,84,3.1343411431748347
256,85,3.194071773275313
256,86,3.2547394396068534
256,87,3.316315766099385
256,88,3.3787883034109782
256,89,3.4422239303514557
256,90,3.506725888383461
256,91,3.5724669359276184
256,92,3.639396053980101
256,93,3.7073695432066143
256,94,3.7762756780074245
256,95,3.8461729560908395
256,96,3.917068047891492
257,40,1.5716487690722174
257,50,1.7497853890374024
257,64,2.1478573313118345
257,65,2.1872867990155775
257,66,2.2286939145003015
257,67,2.272129203038164
257,68,2.317094900185902
257,69,2.363699617874238
257,70,2.411646698660982
257,71,2.460294000054333
257,72,2.509558265092642
257,73,2.55961778117136
257,74,2.61062799875835
257,75,2.662615215786689
257,76,2.7156101224839513
257,77,2.769539819720196
257,78,2.824287252815379
257,79,2.8798885163179984
257,80,2.936432130539978
257,81,2.993981987625359
257,82,3.052694686474336
257,83,3.112404326543994
257,84,3.1729138587730867
257,85,3.234195550132207
257,86,3.296311484474746
257,87,3.359301272697189
257,88,3.423147968184195
257,89,3.4878830769897906
257,90,3.553580413703668
257,91,3.6204186003929495
257,92,3.6884839965659943
257,93,3.7574996829284992
257,94,3.8273535414174393
257,95,3.8980658049917536
257,96,3.969684719674877
258,40,1.577748919513418
258,50,1.759571528721675
258,64,2.172359979920539
258,65,2.212936763631742
258,66,2.2555836545109758
258,67,2.300143834648179
258,68,2.3465879934902625
258,69,2.3949077799523524
258,70,2.444521760530423
258,71,2.4949224091083932
258,72,2.5460251583664535
258,73,2.5980686639119406
258,74,2.651144623598383
258,75,2.705274226110701
258,76,2.7604757462484333
258,77,2.816845670728691
258,78,2.874233306282738
258,79,2.932620285362046
258,80,2.9921791286640937
258,81,3.0527769111141723
258,82,3.114588516881041
258,83,3.1775013314971794
258,84,3.2413313649998843
258,85,3.3060109294683606
258,86,3.371608144801855
258,87,3.4381743721353555
258,88,3.5056003188680727
258,89,3.5739392008181583
258,90,3.643286318801855
258,91,3.7138628519308154
258,92,3.7857123163018027
258,93,3.858659297800114
258,94,3.932572696678833
258,95,4.007467060397136
258,96,4.08340555579666
259,40,1.5919242922593053
259,50,1.7622038086510559
259,64,2.1578716089433403
259,65,2.198969506173244
259,66,2.2424152925014997
259,67,2.2881437323234928
259,68,2.3358669451823917
259,69,2.385415965308849
259,70,2.436371336952616
259,71,2.4880763178439027
259,72,2.5404206662448474
259,73,2.5936027990921464
259,74,2.6477931675393496
259,75,2.702958247385199
259,76,2.7591994975311
259,77,2.8164345523328134
259,78,2.874582819021855
259,79,2.933548754533954
259,80,2.993415255425539
259,81,3.0543649840785645
259,82,3.1164670486569346
259,83,3.1797071202916216
259,84,3.2439528166779796
259,85,3.3090479365634495
259,86,3.37509325832192
259,87,3.442105294506036
259,88,3.5100056645543796
259,89,3.578843028615119
259,90,3.648725485861872
259,91,3.7197754886996814
259,92,3.792054073980124
259,93,3.865348854228479
259,94,3.9395697942833423
259,95,4.014691109083877
259,96,4.090781800221569
260,40,1.5862975563694874
260,50,1.7622611907754986
260,64,2.1696088378876817
260,65,2.2112871657316147
260,66,2.2547194483052158
260,67,2.299890431176791
260,68,2.3468183687874173
260,69,2.395792469788932
260,70,2.4459019601551635
260,71,2.4966785349471294
260,72,2.548143218127381
260,73,2.6004736324618998
260,74,2.653848555415843
260,75,2.708131578247089
260,76,2.7633815591767936
260,77,2.8196588731112033
260,78,2.876834592246455
260,79,2.9348366786053277
260,80,2.993831640105875
260,81,3.0539255617596757
260,82,3.115160587727705
260,83,3.1774259422281466
260,84,3.240603008169531
260,85,3.3045972129173564
260,86,3.3694009584201234
260,87,3.4350856442569375
260,88,3.5015999212681703
260,89,3.5689760017081635
260,90,3.6373447168812394
260,91,3.706802192639851
260,92,3.777373011607982
260,93,3.8489201727683717
260,94,3.9213280659786385
260,95,3.9945973526981566
260,96,4.06888057888246
261,40,1.5884361348724232
261,50,1.7643876449829898
261,64,2.172875718443966
261,65,2.2153663550171734
261,66,2.2598580900764063
261,67,2.3059919083369453
261,68,2.3536830775128603
261,69,2.4029127758095927
261,70,2.4531010165993137
261,71,2.5039787991970486
261,72,2.5555742165033664
261,73,2.6080437135726773
261,74,2.6615643167098586
261,75,2.7161497653102495
261,76,2.7717515604840632
261,77,2.82828178834316
261,78,2.885711133957463
261,79,2.944059398988001
261,80,3.0034012706190296
261,81,3.0638450644408293
261,82,3.1254751455626923
261,83,3.188220764607048
261,84,3.2518942967128566
261,85,3.316433633628674
261,86,3.38193551643767
261,87,3.4483646568018846
261,88,3.515695058819538
261,89,3.583950782811254
261,90,3.653296409100964
261,91,3.7237466511579465
261,92,3.7953937679138097
261,93,3.867970717967518
261,94,3.941404221513559
261,95,4.015755071848204
261,96,4.091082871935244
262,40,1.558586286418907
262,50,1.743734441160357
262,64,2.158309685578758
262,65,2.199043357986102
262,66,2.2418484765776583
262,67,2.2866982038042982
262,68,2.3332522126603212
262,69,2.38191385934305
262,70,2.4324468572029065
262,71,2.483924121620074
262,72,2.5361874040835124
262,73,2.589301208560059
262,74,2.6434120888533577
262,75,2.69851239619156
262,76,2.754550770432548
262,77,2.811445429950662
262,78,2.8691253221701776
262,79,2.9276980568772686
262,80,2.9872584649753096
262,81,3.0479126815050774
262,82,3.109656303219852
262,83,3.17247556156493
262,84,3.2362730895501057
262,85,3.300941836177058
262,86,3.366532155683243
262,87,3.433033881536928
262,88,3.5004060249999283
262,89,3.5687082382401862
262,90,3.638007704385093
262,91,3.708515701839619
262,92,3.7802670755929375
262,93,3.8530558825027894
262,94,3.926760007965303
262,95,4.00139645085846
262,96,4.07701986820383
263,40,1.6007192804258783
263,50,1.7677344822006102
263,64,2.1575007184475705
263,65,2.1977596781404176
263,66,2.2395374239767016
263,67,2.2830033157001948
263,68,2.329011025700015
263,69,2.377432995583644
263,70,2.4271353411490333
263,71,2.4775616433699743
263,72,2.5286707733938365
263,73,2.5806412564843977
263,74,2.6335172530526956
263,75,2.6874230171111053
263,76,2.742317489578356
263,77,2.7981989475874585
263,78,2.8549170324756883
263,79,2.9124613682452547
263,80,2.9709221816809737
263,81,3.0303518481525504
263,82,3.0909457924787738
263,83,3.152550483653603
263,84,3.215101533862815
263,85,3.278479712880335
263,86,3.3427645627684863
263,87,3.407921822179561
263,88,3.4738730695094597
263,89,3.540700417074815
263,90,3.6085293286787694
263,91,3.6774890158313096
263,92,3.7475976064902423
263,93,3.8187872009219426
263,94,3.8908949933968238
263,95,3.963908031724878
263,96,4.037863278443764
264,40,1.6090217886108378
264,50,1.7756848323431038
264,64,2.1584640798006047
264,65,2.1980733744503853
264,66,2.239724368067499
264,67,2.2832726135251735
264,68,2.3284687118627065
264,69,2.375815626591259
264,70,2.424634917618091
264,71,2.4742335581301886
264,72,2.5246146684406012
264,73,2.5759883324648776
264,74,2.6282698419179926
264,75,2.6814605487802927
264,76,2.7355114954165836
264,77,2.7905035063312265
264,78,2.846393908248757
264,79,2.9031231146025034
264,80,2.9608083920827135
264,81,3.019499868917639
264,82,3.0794229432758096
264,83,3.1405171164745154
264,84,3.2024750484446054
264,85,3.265251354647326
264,86,3.328840254230864
264,87,3.393363773434351
264,88,3.458764220169247
264,89,3.525094926541135
264,90,3.5923712550488283
264,91,3.660710724079424
264,92,3.7301494142423817
264,93,3.800610555653902
264,94,3.8720011859257184
264,95,3.9443312238579846
264,96,4.0177567385982815
265,40,1.6071938662972873
265,50,1.7741766474988778
265,64,2.1603439089507517
265,65,2.1996001145203583
265,66,2.2411553821722148
265,67,2.284764673290697
265,68,2.3306042710207477
265,69,2.378783820789086
265,70,2.4283311937790097
265,71,2.4786843317301575
265,72,2.529906151112346
265,73,2.5820338987820524
265,74,2.6352921978414052
265,75,2.6895352247951614
265,76,2.744755582067827
265,77,2.8008751554487885
265,78,2.857836857259456
265,79,2.9156961081003177
265,80,2.9745147783226837
265,81,3.03442528540268
265,82,3.0955018027920627
265,83,3.157675071289548
265,84,3.2208362625790468
265,85,3.2848704142739993
265,86,3.3497996080328525
265,87,3.4155595876855385
265,88,3.4822150269195866
265,89,3.5498209919706003
265,90,3.618528738669522
265,91,3.688328249320537
265,92,3.7592771127464717
265,93,3.831252694345663
265,94,3.904186905824087
265,95,3.978041392755617
265,96,4.052811932974816
266,40,1.575635838695012
266,50,1.7527479600675382
266,64,2.155804359031526
266,65,2.1965031577091105
266,66,2.239264782992051
266,67,2.2836467850133015
266,68,2.3301573570794867
266,69,2.378816747089258
266,70,2.429004071007254
266,71,2.4800931439349996
266,72,2.532164016500502
266,73,2.5850792227781025
266,74,2.63899004608476
266,75,2.6938565501901834
266,76,2.749761186981113
266,77,2.8067332191880854
266,78,2.8646854973182267
266,79,2.923604894232521
266,80,2.9834953308591503
266,81,3.0444708508273983
266,82,3.1066227249947365
266,83,3.1699604078714336
266,84,3.234262695482151
266,85,3.2994190024904873
266,86,3.3654547280127485
266,87,3.4323835669655036
266,88,3.500237597880049
266,89,3.56907912529987
266,90,3.6389215773049877
266,91,3.709854838881027
266,92,3.7819626197519702
266,93,3.8550493548990037
266,94,3.9290669709582344
266,95,4.004005565333427
266,96,4.079955150153762
267,40,1.5915310843711983
267,50,1.770022953782833
267,64,2.1673593448013158
267,65,2.2073347519401896
267,66,2.249259782173294
267,67,2.293071843140512
267,68,2.33950092962902
267,69,2.388088504267734
267,70,2.437702733760899
267,71,2.4880187274951275
267,72,2.539067340544265
267,73,2.5908858454016643
267,74,2.6436478625517585
267,75,2.6973540081849827
267,76,2.751940653237226
267,77,2.807393192339476
267,78,2.863680156708059
267,79,2.9208642363455666
267,80,2.9791246123294712
267,81,3.0384665976539025
267,82,3.098956297648404
267,83,3.1605255136252275
267,84,3.2229934800958047
267,85,3.286332472894113
267,86,3.350603077395947
267,87,3.4158438718729744
267,88,3.4819717779850548
267,89,3.5489901677161306
267,90,3.6169600814604004
267,91,3.6861032542653906
267,92,3.756428764412145
267,93,3.8277748494246713
267,94,3.9000417209892313
267,95,3.973208419627853
267,96,4.047303975291269
268,40,1.599728092083569
268,50,1.7695929364354563
268,64,2.1615328441572124
268,65,2.2017204743958185
268,66,2.2439872002448835
268,67,2.288016475528283
268,68,2.3338403959435157
268,69,2.381771466869465
268,70,2.431256953666883
268,71,2.481661705065436
268,72,2.532869372840727
268,73,2.584919461928756
268,74,2.637980845446746
268,75,2.6920995200157822
268,76,2.747246827612358
268,77,2.8034690608660955
268,78,2.8605325347654036
268,79,2.918483128661259
268,80,2.977359491984922
268,81,3.037259658592855
268,82,3.0983798923482366
268,83,3.160592846544737
268,84,3.223661653225234
268,85,3.287506493731934
268,86,3.3522740876365855
268,87,3.4179274450173507
268,88,3.484420613277992
268,89,3.5517673464740582
268,90,3.620071938765074
268,91,3.6894588868457245
268,92,3.7599588821908103
268,93,3.831413187174262
268,94,3.903699027085498
268,95,3.9768296596764996
268,96,4.050914574327743
269,40,1.598415105084703
269,50,1.7681516269250215
269,64,2.1627155497544712
269,65,2.2028902119912632
269,66,2.2451312621190467
269,67,2.2894782306309804
269,68,2.335443481805807
269,69,2.383254283919704
269,70,2.4322589263365195
269,71,2.4820271114025254
269,72,2.5325165747150926
269,73,2.5838342732757997
269,74,2.636196939169935
269,75,2.6895598517796175
269,76,2.743926060169222
269,77,2.799361399398492
269,78,2.855780988443418
269,79,2.913201922007492
269,80,2.9717695806492364
269,81,3.031484389963035
269,82,3.0924422952891435
269,83,3.1545238041855583
269,84,3.2175032802279144
269,85,3.281344621814
269,86,3.346059915108398
269,87,3.4115992030323232
269,88,3.4780257451104317
269,89,3.5453692616710377
269,90,3.613685348715311
269,91,3.683138103182746
269,92,3.753778261747544
269,93,3.8254841756952915
269,94,3.898101350591945
269,95,3.971647479224965
269,96,4.046321778197967
270,40,1.5947676938235105
270,50,1.763711707485995
270,64,2.163079811256711
270,65,2.2034000933332742
270,66,2.2456109287215944
270,67,2.289410815446444
270,68,2.3348521109133986
270,69,2.3822850189208578
270,70,2.4312584988883224
270,71,2.481055553321277
270,72,2.5314727674375406
270,73,2.582629406882792
270,74,2.6346338988149145
270,75,2.6875636516593664
270,76,2.741537471360504
270,77,2.7965924116321235
270,78,2.8524695090701
270,79,2.909208788317378
270,80,2.9669161617712674
270,81,3.0256265967699134
270,82,3.0853819895148833
270,83,3.1462503216326727
270,84,3.208143052321722
270,85,3.2708487694750676
270,86,3.334365911085931
270,87,3.3987746616690653
270,88,3.464113348348704
270,89,3.530425872633888
270,90,3.5977487348700166
270,91,3.6661326708322592
270,92,3.735702091466294
270,93,3.806355913271659
270,94,3.8779103572453617
270,95,3.950404779628064
270,96,4.023901766130617
271,40,1.5737784696445885
271,50,1.7543184257329758
271,64,2.172248713989498
271,65,2.2146782672149166
271,66,2.2590279775181776
271,67,2.305039035004277
271,68,2.352872434330706
271,69,2.4027573433882172
271,70,2.4539883736410846
271,71,2.5060297895099355
271,72,2.5588402922836937
271,73,2.612497588570885
271,74,2.6671576326485367
271,75,2.722744203143481
271,76,2.7792895039419
271,77,2.8367269562438873
271,78,2.8949876317111345
271,79,2.9540604360479854
271,80,3.0140310211766224
271,81,3.075055685834126
271,82,3.1373022596538958
271,83,3.2007263929283387
271,84,3.2650598224720273
271,85,3.33022789315723
271,86,3.396329332543455
271,87,3.463327921316452
271,88,3.5311622356998873
271,89,3.5998349303126886
271,90,3.6694728225906723
271,91,3.7401520653545113
271,92,3.8118545473193484
271,93,3.884632044202376
271,94,3.9583100643306306
271,95,4.0328026461843285
271,96,4.108245880066157
272,40,1.5595182014516973
272,50,1.7450941841940042
272,64,2.161769524743433
272,65,2.2036488439192308
272,66,2.247787912387066
272,67,2.2938243117851806
272,68,2.341982413887072
272,69,2.392291655977911
272,70,2.443950143750389
272,71,2.496569384330051
272,72,2.5500870869044734
272,73,2.604441651892985
272,74,2.659761207622754
272,75,2.7160370568794123
272,76,2.773325131792229
272,77,2.8316595600811807
272,78,2.8908760582018256
272,79,2.950973306109021
272,80,3.0120881720935513
272,81,3.074261787840546
272,82,3.137699977199138
272,83,3.202226904870945
272,84,3.2676610306191893
272,85,3.3338982890887543
272,86,3.4010309478942107
272,87,3.469048673847383
272,88,3.537896591341763
272,89,3.607697065385313
272,90,3.6784228366305176
272,91,3.750258580512531
272,92,3.823260657041827
272,93,3.8972203378451815
272,94,3.9720571778681144
272,95,4.047794967049951
272,96,4.124701703839493
273,40,1.6117740322102967
273,50,1.776303326360597
273,64,2.1727952437040465
273,65,2.2135078597340967
273,66,2.255970097408863
273,67,2.300235640339104
273,68,2.346847603438126
273,69,2.3953198534467273
273,70,2.4449959441857976
273,71,2.4954814404460492
273,72,2.5465360516013322
273,73,2.5983004672659233
273,74,2.6509801561971225
273,75,2.704665452513246
273,76,2.7592936672759003
273,77,2.814871114334067
273,78,2.8713391605098493
273,79,2.9286714433508134
273,80,2.9870508762706542
273,81,3.046530381069158
273,82,3.107139975296206
273,83,3.1688595243838082
273,84,3.2315489986017996
273,85,3.2951199926407737
273,86,3.3596389922976826
273,87,3.4251089465634275
273,88,3.4914239421732987
273,89,3.5587039189931433
273,90,3.6270224420192227
273,91,3.696433582900883
273,92,3.767094056880718
273,93,3.8388123567699397
273,94,3.9114125780888465
273,95,3.984938358914329
273,96,4.059438551484906
274,40,1.6143044670017204
274,50,1.7768804460600904
274,64,2.1519861854094837
274,65,2.189815497297307
274,66,2.229714969169482
274,67,2.27143804704901
274,68,2.3156098866485024
274,69,2.3621902042927556
274,70,2.4107220522422423
274,71,2.460238557537726
274,72,2.5104665432432833
274,73,2.561596431095583
274,74,2.6135937996812673
274,75,2.6665564200322955
274,76,2.7205197713238594
274,77,2.7756872340803103
274,78,2.831855199136005
274,79,2.888882018008739
274,80,2.9469571652507502
274,81,3.006103812370667
274,82,3.066400271314383
274,83,3.127765676828107
274,84,3.1901165057374783
274,85,3.2532871409407775
274,86,3.3173255299598208
274,87,3.3822887575957212
274,88,3.4481019270662494
274,89,3.5148353768281932
274,90,3.582535264525741
274,91,3.651416318921275
274,92,3.721505061794088
274,93,3.79266378829739
274,94,3.864762884126546
274,95,3.937783386927503
274,96,4.011852827238837
275,40,1.615047316566264
275,50,1.7846745367426924
275,64,2.1608137291569505
275,65,2.1980635089181444
275,66,2.237115276976494
275,67,2.2778324973798143
275,68,2.3198229865606756
275,69,2.3636095218433892
275,70,2.408981739706157
275,71,2.4552006878354473
275,72,2.50220759595007
275,73,2.5500994003423454
275,74,2.5990554211632673
275,75,2.6490614961624073
275,76,2.7001060723176447
275,77,2.7522355152735507
275,78,2.805197907282684
275,79,2.8590926784385498
275,80,2.9139994284101776
275,81,2.96999828600151
275,82,3.0270765290090256
275,83,3.085204013276444
275,84,3.1442990977711327
275,85,3.2042665107087513
275,86,3.2651972948432357
275,87,3.327025548992402
275,88,3.389708881660682
275,89,3.4533738186782337
275,90,3.5180130169795225
275,91,3.5838071935569262
275,92,3.6507905779507315
275,93,3.718855281367485
275,94,3.7878142226333016
275,95,3.8576930375639287
275,96,3.9285712490205107
276,40,1.5785260700035266
276,50,1.7545435829690865
276,64,2.163571923639914
276,65,2.2050648769180072
276,66,2.2485905790192664
276,67,2.2940250768439223
276,68,2.3409825991564945
276,69,2.389434806838777
276,70,2.43909545601929
276,71,2.489612838710724
276,72,2.540970789874785
276,73,2.593109790991652
276,74,2.646130127314129
276,75,2.700172433839689
276,76,2.7551701621421776
276,77,2.8111207987510194
276,78,2.8678661612575933
276,79,2.9255346984484545
276,80,2.9842401550691626
276,81,3.0440918673297954
276,82,3.105219073664263
276,83,3.1673752675704527
276,84,3.2304298348468015
276,85,3.294292223379114
276,86,3.359093928297999
276,87,3.424720695295901
276,88,3.491228494089647
276,89,3.5586139899038733
276,90,3.6269163490399174
276,91,3.69642239900102
276,92,3.7671843671030234
276,93,3.838898494543507
276,94,3.9115127155032
276,95,3.9849937470888688
276,96,4.059381309825632
277,40,1.6000311186514966
277,50,1.7701171750319302
277,64,2.1627754668672794
277,65,2.2025686486351823
277,66,2.2442166238592725
277,67,2.2876696764861637
277,68,2.3329476510929172
277,69,2.3799863787626028
277,70,2.4287058970857642
277,71,2.4785483242401427
277,72,2.529157722382597
277,73,2.5806796876869544
277,74,2.6332418215974847
277,75,2.68688795477744
277,76,2.7415569504947435
277,77,2.7973730173973186
277,78,2.854102512198592
277,79,2.911727769441489
277,80,2.970337164323128
277,81,3.029953250870131
277,82,3.0907336950172337
277,83,3.152659438928322
277,84,3.21560973280292
277,85,3.2794299700480347
277,86,3.3441775396819815
277,87,3.4098534793182633
277,88,3.476418791978333
277,89,3.543852350689475
277,90,3.6122230812948164
277,91,3.6816648758201174
277,92,3.752180330748753
277,93,3.8237261189973104
277,94,3.8961706943152894
277,95,3.9695701509144317
277,96,4.04400720192141
278,40,1.5897978018045986
278,50,1.7658059394735681
278,64,2.1666234377315936
278,65,2.206580235081771
278,66,2.2487338618359107
278,67,2.2935997736951363
278,68,2.3409608159360653
278,69,2.3905876795845504
278,70,2.4415377420983337
278,71,2.4933044526679
278,72,2.5457984715398285
278,73,2.5991232135288085
278,74,2.653416614226493
278,75,2.7086204517842893
278,76,2.7648027334406784
278,77,2.821984226545767
278,78,2.880042227449633
278,79,2.9390183043224782
278,80,2.9989829744394716
278,81,3.0600881218413516
278,82,3.122531550502594
278,83,3.186193580390328
278,84,3.2508935410489426
278,85,3.316421013239382
278,86,3.382853569938111
278,87,3.450196904887351
278,88,3.5184453547571124
278,89,3.587599983323129
278,90,3.657722013174786
278,91,3.7290085700898024
278,92,3.801467155352139
278,93,3.8749586938160006
278,94,3.949363766062757
278,95,4.024653184452044
278,96,4.100959343736914
279,40,1.5264170176580303
279,50,1.726487267611172
279,64,2.1545011171835027
279,65,2.1958596029392417
279,66,2.2392773614549486
279,67,2.284691037983445
279,68,2.332153480807066
279,69,2.381342095952374
279,70,2.432039822590834
279,71,2.4835157418826714
279,72,2.535635225440655
279,73,2.5886819377566965
279,74,2.6426802129135982
279,75,2.6977763780651207
279,76,2.753923554847217
279,77,2.8110642528043632
279,78,2.8690412426173957
279,79,2.9278901052583333
279,80,2.987703285218503
279,81,3.048555430799234
279,82,3.1104871162835854
279,83,3.1735586467510513
279,84,3.237605310324758
279,85,3.3024373275877528
279,86,3.3681408786977975
279,87,3.434715540644138
279,88,3.5021796834816272
279,89,3.5705473047132066
279,90,3.639921324109875
279,91,3.7103331639274746
279,92,3.7818106138350327
279,93,3.854300652556149
279,94,3.9277319210857073
279,95,4.002095092012706
279,96,4.077482908742479
280,40,1.5753858458915688
280,50,1.7577576077114516
280,64,2.162255820323719
280,65,2.202421642146439
280,66,2.2446312969383118
280,67,2.2887263234663235
280,68,2.3343873074544015
280,69,2.3814326312922547
280,70,2.4293236286271847
280,71,2.4778832874399583
280,72,2.5272091687367615
280,73,2.5773906215559745
280,74,2.6285517818228534
280,75,2.6806786136958833
280,76,2.7337971890775377
280,77,2.787793482631086
280,78,2.8426503118382516
280,79,2.898381555472083
280,80,2.955046950018178
280,81,3.012792109321744
280,82,3.071780764695429
280,83,3.1319058637082184
280,84,3.1930349997977707
280,85,3.255021971544365
280,86,3.3179244287082184
280,87,3.381748589044351
280,88,3.4464303513333605
280,89,3.5120312600773747
280,90,3.5786194689679043
280,91,3.6462437027103007
280,92,3.7150554543247303
280,93,3.7848488317088442
280,94,3.8555933708051926
280,95,3.9272400876074407
280,96,3.999899781262656
281,40,1.5722200562754935
281,50,1.7567134252359289
281,64,2.1663621744768893
281,65,2.2079494397067583
281,66,2.251923640994358
281,67,2.298098484945308
281,68,2.3461736062087546
281,69,2.395937503775894
281,70,2.4468060263974634
281,71,2.498554989172073
281,72,2.551279980280821
281,73,2.604822887573326
281,74,2.6593871614873157
281,75,2.715056308622517
281,76,2.7717234952801957
281,77,2.829423499561416
281,78,2.8879888406299417
281,79,2.947466584453445
281,80,3.008019924309611
281,81,3.0697108044211943
281,82,3.132529917749194
281,83,3.1964244018511607
281,84,3.261263536427552
281,85,3.3269183591451243
281,86,3.3934724509776233
281,87,3.46092474467162
281,88,3.529252361109977
281,89,3.5985025891713573
281,90,3.668694306841665
281,91,3.740008945389949
281,92,3.81261417070262
281,93,3.8861702454952733
281,94,3.9605808308301818
281,95,4.035903450000879
281,96,4.112262522542583
282,40,1.5834170310028979
282,50,1.7592223333314796
282,64,2.1497222229286
282,65,2.1887760034351693
282,66,2.229998391864068
282,67,2.272968780852914
282,68,2.317530366476708
282,69,2.363445738292527
282,70,2.410393357209833
282,71,2.4580806498142884
282,72,2.506500135696527
282,73,2.55583722278996
282,74,2.6062609225364786
282,75,2.657670605421412
282,76,2.71005021399115
282,77,2.7634571599085067
282,78,2.817750102565404
282,79,2.872953009988273
282,80,2.9291520005431573
282,81,2.9865613642473563
282,82,3.045261591064336
282,83,3.104964889630283
282,84,3.165516301381489
282,85,3.2268725930459627
282,86,3.2890598304901983
282,87,3.3522111650489834
282,88,3.4161798657252502
282,89,3.4810584566240763
282,90,3.546947023879931
282,91,3.613860127590547
282,92,3.6819098734348907
282,93,3.7509573491173294
282,94,3.820924850315463
282,95,3.89177685552102
282,96,3.9636482763012433
283,40,1.5795493830922278
283,50,1.7552441234383651
283,64,2.164117370185075
283,65,2.2060143512154284
283,66,2.250246131690183
283,67,2.2962124347781594
283,68,2.343629832385924
283,69,2.3925839236715687
283,70,2.4427596484674945
283,71,2.4937105771233146
283,72,2.5453938016605786
283,73,2.597910548882114
283,74,2.651393337263638
283,75,2.7058247193554896
283,76,2.7612234354746557
283,77,2.817626999868901
283,78,2.8748867589199483
283,79,2.933078179159562
283,80,2.9922482906833383
283,81,3.052549691976745
283,82,3.1140841839945104
283,83,3.1766731395263372
283,84,3.2402274988305098
283,85,3.3046297891495806
283,86,3.3699793147430457
283,87,3.4361625185817735
283,88,3.503216883105212
283,89,3.571165249069348
283,90,3.640021064693839
283,91,3.709904750698887
283,92,3.7808739904270663
283,93,3.8528421972564773
283,94,3.9257176849770263
283,95,3.9994646519674864
283,96,4.074197018069013
284,40,1.6022995424222888
284,50,1.7713970079292487
284,64,2.165047606145723
284,65,2.2047491681687954
284,66,2.2467028872441257
284,67,2.290587668186852
284,68,2.3363003326831704
284,69,2.3837037295328907
284,70,2.432427385005971
284,71,2.481960435885284
284,72,2.53230024205749
284,73,2.5834564855473703
284,74,2.6356341015850573
284,75,2.688803446725188
284,76,2.742972716131413
284,77,2.798146848072248
284,78,2.85416122624793
284,79,2.911019224723174
284,80,2.9687535154637468
284,81,3.0275482801279185
284,82,3.0875220623406747
284,83,3.1485792249928055
284,84,3.2105669235907177
284,85,3.273377267763766
284,86,3.3370748923233533
284,87,3.4016928385807104
284,88,3.467199528967468
284,89,3.5335971850649663
284,90,3.6009282016435122
284,91,3.6693004265946296
284,92,3.7389249633935817
284,93,3.809537118807719
284,94,3.880967758621532
284,95,3.9532585855017794
284,96,4.026543007021511
285,40,1.5617594565586304
285,50,1.7453599002164806
285,64,2.153394112877514
285,65,2.1937625636637565
285,66,2.236110870828701
285,67,2.2801923053968616
285,68,2.326038986694982
285,69,2.373973976480687
285,70,2.4237140384681233
285,71,2.4743603044480396
285,72,2.5257603480475135
285,73,2.5780288323737954
285,74,2.6311141523453223
285,75,2.685084036942898
285,76,2.7400633173336306
285,77,2.7960503415709432
285,78,2.85289992382553
285,79,2.9106057544242447
285,80,2.96923467962596
285,81,3.0289143348955045
285,82,3.0896702282636
285,83,3.1515111638625255
285,84,3.2143020208503152
285,85,3.2779048387237744
285,86,3.3424142058369757
285,87,3.407775934787094
285,88,3.473953851487358
285,89,3.5410446146994916
285,90,3.6091370533864584
285,91,3.6783181981510116
285,92,3.7485563224393106
285,93,3.819809053092286
285,94,3.8919175066145995
285,95,3.9648542757592473
285,96,4.038745927648623
286,40,1.5866054422255362
286,50,1.758445811969655
286,64,2.1583280324519043
286,65,2.1982109986740563
286,66,2.240057144670515
286,67,2.2835894344037397
286,68,2.3291275274657828
286,69,2.376347391282229
286,70,2.424640981180292
286,71,2.473608271695299
286,72,2.5232635714161162
286,73,2.5737878177581726
286,74,2.6252727275905317
286,75,2.6776971529764255
286,76,2.731030758052897
286,77,2.785258578947264
286,78,2.84041158398015
286,79,2.8965338215494207
286,80,2.9536607204148444
286,81,3.0119278552357196
286,82,3.071429328409825
286,83,3.1320257698819836
286,84,3.193611855073249
286,85,3.2561536648736538
286,86,3.3196638074197615
286,87,3.3840745870985254
286,88,3.4493078605885383
286,89,3.515515574651906
286,90,3.5827649792863347
286,91,3.6510722432655527
286,92,3.72049229273223
286,93,3.790977392412397
286,94,3.862305450936172
286,95,3.93451664488469
286,96,4.007712685500843
287,40,1.587600119820102
287,50,1.7628299869312831
287,64,2.1608356373155133
287,65,2.2003111706995466
287,66,2.2416696826256324
287,67,2.2848382369298443
287,68,2.3301678242646755
287,69,2.3774413957474776
287,70,2.425845157203214
287,71,2.4751287490370197
287,72,2.5251535933453426
287,73,2.5759690673830375
287,74,2.6276612622179103
287,75,2.680197903709942
287,76,2.733616885105079
287,77,2.78798471193406
287,78,2.843157081997099
287,79,2.89912883037666
287,80,2.9559307244050523
287,81,3.013704548695313
287,82,3.0726812916225397
287,83,3.1327876061299538
287,84,3.1937741363173258
287,85,3.255608366943822
287,86,3.318339402578176
287,87,3.381961615805192
287,88,3.4463767300703063
287,89,3.5116988249717513
287,90,3.5779388405085712
287,91,3.645243095652474
287,92,3.713647000352431
287,93,3.783105727829878
287,94,3.853458769857716
287,95,3.9246946526143396
287,96,3.996957786260197
288,40,1.5580910749241537
288,50,1.742750030125805
288,64,2.1509658078017218
288,65,2.1907841609854053
288,66,2.2328218972314207
288,67,2.2771523609737256
288,68,2.3239523348856075
288,69,2.373350260110464
288,70,2.4243888932377557
288,71,2.47630710266787
288,72,2.5288207500197726
288,73,2.582136943913195
288,74,2.6364129393385696
288,75,2.691625107268117
288,76,2.7478559594281515
288,77,2.8051174054178767
288,78,2.863227217179201
288,79,2.922210381690232
288,80,2.9821761173249994
288,81,3.04323352223546
288,82,3.105403429787322
288,83,3.1687072185985388
288,84,3.2330019743569958
288,85,3.2981158672206337
288,86,3.3640693806617588
288,87,3.430924107872797
288,88,3.4986245838093213
288,89,3.5671763953969773
288,90,3.636778069195842
288,91,3.707512425395537
288,92,3.779405144799671
288,93,3.8523404736186215
288,94,3.9262397149924295
288,95,4.000985312976799
288,96,4.076667187731388
289,40,1.5940408552940917
289,50,1.764111367758312
289,64,2.1653834184084344
289,65,2.2061630098974625
289,66,2.248921927423079
289,67,2.293450606537526
289,68,2.339642777005271
289,69,2.3877094932790337
289,70,2.4372237465219984
289,71,2.487566499121826
289,72,2.5385354209439788
289,73,2.590358194029702
289,74,2.6433934802405736
289,75,2.6975499604121107
289,76,2.7527158118561923
289,77,2.8089096710529358
289,78,2.86602727197322
289,79,2.924101629013289
289,80,2.9830797307044707
289,81,3.043168384060971
289,82,3.104472104579221
289,83,3.166745288483451
289,84,3.229884126947836
289,85,3.2938036195401823
289,86,3.3586790439664638
289,87,3.4244288303435972
289,88,3.491038282256607
289,89,3.5585206632826267
289,90,3.626998321852724
289,91,3.6966294268733106
289,92,3.7674010956754374
289,93,3.839152976251186
289,94,3.9117467442427816
289,95,3.9852036082874145
289,96,4.059627803594954
290,40,1.5964246516509046
290,50,1.7689105740373225
290,64,2.150216402951265
290,65,2.1879771462040773
290,66,2.227415651178638
290,67,2.2686154712743507
290,68,2.3120928562960956
290,69,2.3578337883776688
290,70,2.4051929530567953
290,71,2.4534769401345584
290,72,2.5025152275874545
290,73,2.5523271245133436
290,74,2.6030787015619827
290,75,2.6547505350009875
290,76,2.7072698852282606
290,77,2.760788283926405
290,78,2.815127296676282
290,79,2.870325532185718
290,80,2.9263949408825036
290,81,2.9834724339473406
290,82,3.041595849404726
290,83,3.100690697425975
290,84,3.1606547548339954
290,85,3.2214231615370017
290,86,3.2831018131268546
290,87,3.3456778699705314
290,88,3.4091001085034205
290,89,3.4734729740060097
290,90,3.538895004828719
290,91,3.6053482803528776
290,92,3.6728996565655874
290,93,3.7414688986819122
290,94,3.8108957102898735
290,95,3.881299877891811
290,96,3.9528333660469865
291,40,1.5905998818899068
291,50,1.7663665705739702
291,64,2.163847112862131
291,65,2.2037449230632333
291,66,2.245666818683462
291,67,2.2893486813206056
291,68,2.334669843228532
291,69,2.3817154550383886
291,70,2.43001126531866
291,71,2.479186685030383
291,72,2.5292062561324875
291,73,2.5800763041057997
291,74,2.63193725232592
291,75,2.6847405099252333
291,76,2.7385668810466925
291,77,2.793421943150747
291,78,2.8492030355561786
291,79,2.9060441092420612
291,80,2.9640664643827996
291,81,3.0232156223073465
291,82,3.0835853107069724
291,83,3.14506150367522
291,84,3.207386632066126
291,85,3.270534131877292
291,86,3.334561024591954
291,87,3.399494005528312
291,88,3.4653218549918985
291,89,3.5321075180384796
291,90,3.5998580552165054
291,91,3.668651874903836
291,92,3.7385114934902566
291,93,3.809355581012036
291,94,3.88112367500291
291,95,3.95375131811364
291,96,4.027301591777835
292,40,1.5995020933145145
292,50,1.7677308194890444
292,64,2.155644300617519
292,65,2.1941317310425315
292,66,2.23448823711848
292,67,2.276789614030017
292,68,2.321212245917037
292,69,2.3674061548622625
292,70,2.415076568965158
292,71,2.463577267498245
292,72,2.512904944477258
292,73,2.5630922023401603
292,74,2.614146904575223
292,75,2.666073762745862
292,76,2.7189161392714256
292,77,2.772690784608392
292,78,2.827265039729792
292,79,2.882748244055381
292,80,2.9391882796885374
292,81,2.996641425659107
292,82,3.0552188167501972
292,83,3.1148420380140993
292,84,3.1753675686488383
292,85,3.23673847717839
292,86,3.29897370319427
292,87,3.3620603965544875
292,88,3.425991381300755
292,89,3.4907731306660708
292,90,3.5566313076079963
292,91,3.6235416126478452
292,92,3.6914478465224843
292,93,3.760336719819831
292,94,3.8301462683371477
292,95,3.9008607760303993
292,96,3.972515943100695
293,40,1.564456897093471
293,50,1.746269272194644
293,64,2.1593115482783123
293,65,2.2001771347293695
293,66,2.2430561723789415
293,67,2.288045505758694
293,68,2.334953520355145
293,69,2.383877311344541
293,70,2.434421490117307
293,71,2.4859648781911003
293,72,2.5382595383053155
293,73,2.591381463559812
293,74,2.645683750494863
293,75,2.7010988399539158
293,76,2.757622297303179
293,77,2.81524859358791
293,78,2.873771403553615
293,79,2.933222720771528
293,80,2.9936639863417533
293,81,3.055155304978441
293,82,3.117876654050275
293,83,3.1817363776664482
293,84,3.246542021895536
293,85,3.3122434342356186
293,86,3.378885168113052
293,87,3.4464315948476614
293,88,3.5149007544215625
293,89,3.5842637023910275
293,90,3.6545883147263076
293,91,3.7260653261975243
293,92,3.7988497051443764
293,93,3.8726614020115697
293,94,3.947404391690978
293,95,4.0230268222855985
293,96,4.099606902854199
294,40,1.5629392854743274
294,50,1.7493400867849493
294,64,2.170975209107391
294,65,2.2123517339946277
294,66,2.2555965507197353
294,67,2.30042877848515
294,68,2.346561034690475
294,69,2.394202237744963
294,70,2.4430784793188383
294,71,2.492738896932221
294,72,2.5431979614853377
294,73,2.5944583223810556
294,74,2.6466959955518097
294,75,2.700012064817652
294,76,2.7542700295786404
294,77,2.809360381766151
294,78,2.865279863913861
294,79,2.9220466027368226
294,80,2.9797796535982872
294,81,3.0386684505689336
294,82,3.0986949589082977
294,83,3.159770361319141
294,84,3.2217812438918347
294,85,3.284597396528718
294,86,3.348270299315147
294,87,3.4127438386602815
294,88,3.4780187430580627
294,89,3.5441676248554526
294,90,3.611250190938393
294,91,3.679445369448524
294,92,3.7487814172173257
294,93,3.819065614211496
294,94,3.8901981699715296
294,95,3.962231818138932
294,96,4.035291648544755
295,40,1.570770200239172
295,50,1.7506947765673144
295,64,2.1662570059737076
295,65,2.2083821488699504
295,66,2.2525275293916875
295,67,2.2985275452321003
295,68,2.3465577554045374
295,69,2.3964908525191535
295,70,2.4477138812797237
295,71,2.4998075247688103
295,72,2.5526887829997724
295,73,2.6062836658289217
295,74,2.6607462358962586
295,75,2.7160624131311133
295,76,2.772393546864004
295,77,2.829715022786286
295,78,2.8879216920494075
295,79,2.9469994993451705
295,80,3.0069497179971565
295,81,3.0679323722345395
295,82,3.130118783770654
295,83,3.193445495227466
295,84,3.2577217463871255
295,85,3.3228391773813377
295,86,3.388848321792241
295,87,3.4557780974226606
295,88,3.5235643128465624
295,89,3.592269322360582
295,90,3.66194270809337
295,91,3.732778769020095
295,92,3.804800687561391
295,93,3.877781854022316
295,94,3.9516416772903242
295,95,4.026416488161288
295,96,4.102172686823959
296,40,1.5778143795142066
296,50,1.754149367906591
296,64,2.1634167282006462
296,65,2.2042444623293016
296,66,2.2471549567532727
296,67,2.2919440433086735
296,68,2.3386270637204456
296,69,2.387472739419927
296,70,2.4376155218784605
296,71,2.488515242062727
296,72,2.5401515168206066
296,73,2.592653009298986
296,74,2.646156567325254
296,75,2.700652070001786
296,76,2.756143152425783
296,77,2.8125733578619356
296,78,2.8698105513204597
296,79,2.9279132448361125
296,80,2.986938266629021
296,81,3.0469714569321136
296,82,3.1081609014658076
296,83,3.1705130287655865
296,84,3.2337576399719152
296,85,3.2977740621945992
296,86,3.3626711927609794
296,87,3.428479929838252
296,88,3.4951077764281404
296,89,3.56259502826475
296,90,3.63107958465606
296,91,3.7006799591202695
296,92,3.771439559239006
296,93,3.8432296528859244
296,94,3.9159115741372448
296,95,3.9894369073840057
296,96,4.063877299673848
297,40,1.584193228219384
297,50,1.7606127826897218
297,64,2.1584372755233967
297,65,2.198027717487474
297,66,2.2398403571328664
297,67,2.283610585819703
297,68,2.329307112597776
297,69,2.3769092660076416
297,70,2.425963038997834
297,71,2.475843983466757
297,72,2.52652995428158
297,73,2.5781266354201997
297,74,2.6309010883619273
297,75,2.684748869451207
297,76,2.739534797257087
297,77,2.795291599654292
297,78,2.85193720814349
297,79,2.9094457262469375
297,80,2.967870631895377
297,81,3.0273797710432517
297,82,3.0880264953475143
297,83,3.1497508952106457
297,84,3.2123647038878342
297,85,3.275781589657665
297,86,3.3401047415897906
297,87,3.4052714278560483
297,88,3.47126759413161
297,89,3.538157954458791
297,90,3.606023304464585
297,91,3.675030774916231
297,92,3.745262019891215
297,93,3.8164901556019775
297,94,3.888662995872436
297,95,3.9617561729554804
297,96,4.035817107062912
298,40,1.5994536392133747
298,50,1.7685390621544834
298,64,2.162194509288826
298,65,2.202467113118976
298,66,2.24473462165333
298,67,2.288678012583197
298,68,2.334320359578782
298,69,2.3817231168619584
298,70,2.430709084271866
298,71,2.4806063727001746
298,72,2.5312980643277005
298,73,2.5828443332611815
298,74,2.635410140781617
298,75,2.6889079085211174
298,76,2.743421598406507
298,77,2.7990322355250368
298,78,2.855488208206543
298,79,2.9128889804676255
298,80,2.9712880451710086
298,81,3.0307912322433754
298,82,3.091498637271119
298,83,3.153390204307142
298,84,3.216214449253761
298,85,3.2799369756126326
298,86,3.3445930208069505
298,87,3.4101589038903297
298,88,3.476582647960203
298,89,3.543919506083549
298,90,3.61233177011343
298,91,3.6819456650547835
298,92,3.7527885226398086
298,93,3.824659959919512
298,94,3.897508637082309
298,95,3.9713173167440403
298,96,4.046125542636159
299,40,1.639257371671527
299,50,1.791946022684631
299,64,2.1569536836683834
299,65,2.19436492730459
299,66,2.2339740056505883
299,67,2.2755138860363773
299,68,2.318972563109765
299,69,2.3643655671606854
299,70,2.4109239736063914
299,71,2.458294736921035
299,72,2.506370796513367
299,73,2.555333106121756
299,74,2.6052884573150026
299,75,2.6562307815828112
299,76,2.708316884317976
299,77,2.761375188991268
299,78,2.815340587869481
299,79,2.870201067423033
299,80,2.925990640695998
299,81,2.9828360818773203
299,82,3.0409069709993695
299,83,3.100083353710208
299,84,3.160146133356259
299,85,3.221046358453902
299,86,3.2828108112142775
299,87,3.3455073207601815
299,88,3.409023031423602
299,89,3.473454788988828
299,90,3.5388806163723556
299,91,3.6053443934627696
299,92,3.6729837206236833
299,93,3.7415920541320835
299,94,3.8110610496490747
299,95,3.8814308864404627
299,96,3.9528594099699763
300,40,1.5877139546530359
300,50,1.761766724585827
300,64,2.1658494976999885
300,65,2.206526457468028
300,66,2.2491654593893173
300,67,2.293680474525378
300,68,2.3405810622643184
300,69,2.3893801967228026
300,70,2.4395941242389436
300,71,2.490520162942349
300,72,2.5421129411116583
300,73,2.5945480448256872
300,74,2.6480854688192728
300,75,2.702623920024142
300,76,2.7581476246257104
300,77,2.814612859994931
300,78,2.872012872690654
300,79,2.9303954260730514
300,80,2.9897572821387275
300,81,3.0502345651400526
300,82,3.112026123142291
300,83,3.17492422784047
300,84,3.2387823102323754
300,85,3.303538722206831
300,86,3.3692978276812373
300,87,3.4360065147616554
300,88,3.5036184494631675
300,89,3.572107739029833
300,90,3.6416522508786384
300,91,3.7122597704105607
300,92,3.7840367431071327
300,93,3.856846494697832
300,94,3.9306286944584032
300,95,4.005334963195795
300,96,4.081077533233186
301,40,1.5721157413197309
301,50,1.753481227740127
301,64,2.1620145030470233
301,65,2.2023278142314777
301,66,2.2444857435577372
301,67,2.288421951905222
301,68,2.3337864633988663
301,69,2.3806334454726934
301,70,2.4283287344666165
301,71,2.4766839504092024
301,72,2.5256984126001916
301,73,2.5755401146282937
301,74,2.6261848500628737
301,75,2.6777011667757162
301,76,2.73013077443321
301,77,2.7835054179624734
301,78,2.837819066989117
301,79,2.8930575320081484
301,80,2.949293976943308
301,81,3.006618894899427
301,82,3.0652412944847556
301,83,3.124910580412831
301,84,3.185441997502722
301,85,3.2468871668297408
301,86,3.309279789041928
301,87,3.3726637894345197
301,88,3.4368775820868227
301,89,3.501931231926809
301,90,3.5679617607384797
301,91,3.6352329659194895
301,92,3.7035876557480822
301,93,3.7729707099866063
301,94,3.8433668583116964
301,95,3.914756197276537
301,96,3.987277272564109
302,40,1.6060619076971543
302,50,1.7780619468260013
302,64,2.170247762247555
302,65,2.2093411674522505
302,66,2.2503595791897526
302,67,2.2933326149820656
302,68,2.3384431472768687
302,69,2.3856488760335806
302,70,2.4347032608315766
302,71,2.484611931968748
302,72,2.5353217086183735
302,73,2.586920797165192
302,74,2.639608036491664
302,75,2.693366775875816
302,76,2.748214934432025
302,77,2.8040932330102706
302,78,2.8608880508668744
302,79,2.918604739074662
302,80,2.9772219545645893
302,81,3.0368993484664415
302,82,3.0977595690297077
302,83,3.1597687604917657
302,84,3.2226835525405253
302,85,3.2864560095478703
302,86,3.3512050339871484
302,87,3.416908591121905
302,88,3.483535441548465
302,89,3.5510718593746664
302,90,3.6196376669870767
302,91,3.689286853249689
302,92,3.7600873501465255
302,93,3.8319348728380547
302,94,3.9047792448408165
302,95,3.978485082399672
302,96,4.053154236815452
303,40,1.5896322917457464
303,50,1.7625922914763976
303,64,2.157676754611619
303,65,2.1974328327338526
303,66,2.239198433818591
303,67,2.2824746928181523
303,68,2.327207166566289
303,69,2.3736897141127318
303,70,2.4215152827155677
303,71,2.47002537998043
303,72,2.5192293450156367
303,73,2.569214294575861
303,74,2.6203432407878156
303,75,2.6724669982659677
303,76,2.7255950786990786
303,77,2.779653576158587
303,78,2.8346086274845543
303,79,2.890476774535597
303,80,2.9474772607845448
303,81,3.0057278458047745
303,82,3.0652425387903133
303,83,3.125885277429109
303,84,3.1875280098706185
303,85,3.2500406297472906
303,86,3.3134719136872004
303,87,3.377781513647842
303,88,3.4429463397127966
303,89,3.5090017023898064
303,90,3.576021584249815
303,91,3.6442388743235727
303,92,3.7136625267543533
303,93,3.7841627617674174
303,94,3.8555945402378073
303,95,3.927971733370226
303,96,4.0013684327687065
304,40,1.5714836363160374
304,50,1.7535089283667373
304,64,2.161752903494351
304,65,2.2018812046497747
304,66,2.2439845514147314
304,67,2.2879284306117174
304,68,2.3338413093342836
304,69,2.382338885712998
304,70,2.432509593033055
304,71,2.48357829108465
304,72,2.5353347044751935
304,73,2.5879153261885177
304,74,2.641682237405927
304,75,2.696378953286823
304,76,2.75205066808246
304,77,2.808725348546048
304,78,2.866199009368239
304,79,2.924459631371954
304,80,2.983597335434083
304,81,3.043747816805327
304,82,3.1051157815992614
304,83,3.16755191195399
304,84,3.2308335058340596
304,85,3.294931022186659
304,86,3.3599381980373293
304,87,3.4258242394466434
304,88,3.4925464470763394
304,89,3.5602696915345424
304,90,3.6290753308229737
304,91,3.6990318349169766
304,92,3.7703206109022975
304,93,3.8426929663126614
304,94,3.9160329532287808
304,95,3.990313481916701
304,96,4.065615711577293
305,40,1.6071070982649491
305,50,1.7742082221013593
305,64,2.165211168753595
305,65,2.2047459991553175
305,66,2.246385710332629
305,67,2.289977530049755
305,68,2.3352219140449435
305,69,2.382025367852134
305,70,2.4299265085580406
305,71,2.478527280171946
305,72,2.5279002236091075
305,73,2.5781914643572463
305,74,2.6295161363550013
305,75,2.6818132112847324
305,76,2.7351406954228135
305,77,2.7895621937141226
305,78,2.844900288662334
305,79,2.9010252805784176
305,80,2.9581601046692487
305,81,3.0163542659337743
305,82,3.0756685476403964
305,83,3.136142214243562
305,84,3.1975628317939613
305,85,3.259799480834565
305,86,3.322964103099613
305,87,3.3870837662978315
305,88,3.452053612506896
305,89,3.517951110150512
305,90,3.584828447340721
305,91,3.6527548682888256
305,92,3.721755786707692
305,93,3.7917106814662054
305,94,3.862506940619911
305,95,3.934211803425461
305,96,4.006962088799059
306,40,1.594651370145801
306,50,1.767394901050496
306,64,2.1597243660081773
306,65,2.199121817240474
306,66,2.2406452271959143
306,67,2.283946412419805
306,68,2.3293157786181715
306,69,2.3766237258311245
306,70,2.4254871687203154
306,71,2.4752212265813744
306,72,2.525868490187514
306,73,2.5773913360246636
306,74,2.6298739468938086
306,75,2.6833300502355586
306,76,2.737808969366038
306,77,2.7932243727238153
306,78,2.849443862569247
306,79,2.906498675809096
306,80,2.964481755802145
306,81,3.0235025154355015
306,82,3.0836955786887397
306,83,3.145054341114006
306,84,3.207364282313195
306,85,3.2705815284766526
306,86,3.334707959650315
306,87,3.3997773289641273
306,88,3.465684329244413
306,89,3.5325332883690637
306,90,3.6004470829909954
306,91,3.669467760601539
306,92,3.739574218935738
306,93,3.8107068071953742
306,94,3.8826790260762225
306,95,3.9555483487928322
306,96,4.0293556718736685
307,40,1.5688772088084102
307,50,1.755274567438177
307,64,2.175826246058419
307,65,2.2190953530794233
307,66,2.2649284914423427
307,67,2.3131201639024455
307,68,2.363588516441731
307,69,2.415998487316247
307,70,2.4697778267822477
307,71,2.524438404873639
307,72,2.5799541516207536
307,73,2.636362067600481
307,74,2.6937490909021395
307,75,2.752136488263994
307,76,2.811615531772173
307,77,2.872018592177608
307,78,2.9332478176976693
307,79,2.995312649825768
307,80,3.0582148815558323
307,81,3.1220927563427243
307,82,3.1870129376704734
307,83,3.252933623928027
307,84,3.3197685280036504
307,85,3.387360898079861
307,86,3.4558054905805267
307,87,3.5252014378044567
307,88,3.5954792320826794
307,89,3.6667351952774805
307,90,3.738954874455904
307,91,3.8121749672162055
307,92,3.886621248942624
307,93,3.9620823764662108
307,94,4.038520254107647
307,95,4.115838984637987
307,96,4.19411188908499
308,40,1.5645271114026995
308,50,1.7508944800432764
308,64,2.1604162866896925
308,65,2.2000819620986736
308,66,2.2416893494344725
308,67,2.2852052143186854
308,68,2.3305952864269677
308,69,2.3778367648457968
308,70,2.4262828685624296
308,71,2.475423711885092
308,72,2.5254640982015695
308,73,2.5763887162113526
308,74,2.628274430215657
308,75,2.6811812104190635
308,76,2.7350634833907543
308,77,2.790032104337793
308,78,2.845908318675583
308,79,2.902694952273298
308,80,2.9604211664056965
308,81,3.019220088180248
308,82,3.079203109556997
308,83,3.1402651917806175
308,84,3.2022861931087334
308,85,3.2651865347622113
308,86,3.328968151502244
308,87,3.3936714802650796
308,88,3.459228541608681
308,89,3.5256892720295454
308,90,3.593068825347233
308,91,3.6614554836100686
308,92,3.7309892544325054
308,93,3.801457306270826
308,94,3.872809203162128
308,95,3.9450950616660423
308,96,4.018380000312838
309,40,1.5757367735536254
309,50,1.7565477907641536
309,64,2.149157204502231
309,65,2.187000922619033
309,66,2.2266631739665628
309,67,2.2680291236220897
309,68,2.3109266778988817
309,69,2.3554546771031597
309,70,2.4008833135644485
309,71,2.447016405493378
309,72,2.493820631984935
309,73,2.5414412551150045
309,74,2.5900055808805345
309,75,2.639487207435469
309,76,2.689940982230159
309,77,2.741359903261759
309,78,2.793618620260607
309,79,2.8467992212689444
309,80,2.900903211288276
309,81,2.9560421177766347
309,82,3.0123081132627934
309,83,3.069721367144508
309,84,3.1281359666841135
309,85,3.187455679389367
309,86,3.247665339752172
309,87,3.308808158501749
309,88,3.370834322455533
309,89,3.4337755938262084
309,90,3.4977318801463175
309,91,3.5627636895002857
309,92,3.6290158423772816
309,93,3.6962702030269874
309,94,3.764434682396372
309,95,3.833509244238054
309,96,3.9036096903081425
310,40,1.6037487197172628
310,50,1.7768184644791851
310,64,2.17271087088996
310,65,2.2136496508417043
310,66,2.256973102063518
310,67,2.302468767864334
310,68,2.349830219817372
310,69,2.3992784518290566
310,70,2.4502872520376404
310,71,2.5022046320721953
310,72,2.554864031810726
310,73,2.6083820536279
310,74,2.662742549263731
310,75,2.718032756240067
310,76,2.7743237372310676
310,77,2.8315501655838933
310,78,2.889667534216671
310,79,2.9486985828334986
310,80,3.0086111681109333
310,81,3.0694964805568334
310,82,3.1315031864806517
310,83,3.1946281841090203
310,84,3.2586497481044527
310,85,3.323491700940474
310,86,3.3891452092943144
310,87,3.4557254833283224
310,88,3.5232033830917135
310,89,3.5916300399536487
310,90,3.66100470092392
310,91,3.731462781580129
310,92,3.8030506015459506
310,93,3.8756870137472306
310,94,3.94920108089337
310,95,4.02359261688758
310,96,4.0989479179363055
311,40,1.6120405726376688
311,50,1.7769380938604367
311,64,2.1701904504757055
311,65,2.2100487781718003
311,66,2.2520633715340903
311,67,2.295955576992201
311,68,2.3417716077734343
311,69,2.389758532625189
311,70,2.4391687882461817
311,71,2.4893525745527336
311,72,2.540376524546563
311,73,2.592278318257302
311,74,2.6450946275931693
311,75,2.6988794404472762
311,76,2.7537067576539855
311,77,2.8096100490163893
311,78,2.8664574221408454
311,79,2.9242047434099945
311,80,2.982918230172354
311,81,3.042671145445345
311,82,3.1035839197885124
311,83,3.1655060064890606
311,84,3.228362964464407
311,85,3.2919794442101207
311,86,3.356484398802549
311,87,3.42190038138203
311,88,3.4882468311998025
311,89,3.5554903270005713
311,90,3.623665648530914
311,91,3.6929268043695798
311,92,3.7633350241433843
311,93,3.83474130593987
311,94,3.907038751183527
311,95,3.980175844268146
311,96,4.0542725280726835
312,40,1.6138263864171942
312,50,1.7797824991355504
312,64,2.162263458496932
312,65,2.201365386795964
312,66,2.242344372499536
312,67,2.2851879058484252
312,68,2.3296207703323084
312,69,2.3754180778182263
312,70,2.422162365130734
312,71,2.469577204777365
312,72,2.517749165611584
312,73,2.566705390607072
312,74,2.6166742510624594
312,75,2.667586183673005
312,76,2.7194520245955087
312,77,2.7722876950957733
312,78,2.8259379164257696
312,79,2.880400057940969
312,80,2.9357610329947335
312,81,2.992161289423194
312,82,3.0497088560578947
312,83,3.1083055739186722
312,84,3.1677936690956052
312,85,3.22810011750132
312,86,3.289284570902693
312,87,3.3513595513681116
312,88,3.414311379716829
312,89,3.47819267743957
312,90,3.543128145052715
312,91,3.6091137011806853
312,92,3.6762843577438202
312,93,3.7445458720815443
312,94,3.8137240577905516
312,95,3.8838262544565056
312,96,3.954944112347418
313,40,1.5748914379277599
313,50,1.7561559706857193
313,64,2.1702128357382646
313,65,2.2118999275178766
313,66,2.255395776036252
313,67,2.300745533306436
313,68,2.3481008755443633
313,69,2.3972222067935656
313,70,2.447800039708918
313,71,2.4992670254059592
313,72,2.551684116608882
313,73,2.6049814909358506
313,74,2.6592254050066364
313,75,2.7145377234458428
313,76,2.770818916155057
313,77,2.828167031199654
313,78,2.886495165993384
313,79,2.9457678291429676
313,80,3.0059783164807534
313,81,3.067248299199716
313,82,3.1296980615110117
313,83,3.1932031378605252
313,84,3.257648907353206
313,85,3.322978968261637
313,86,3.389230373131845
313,87,3.4563430806336504
313,88,3.524280780856623
313,89,3.5931483058206863
313,90,3.663071669533188
313,91,3.7340643691297712
313,92,3.8062452779162452
313,93,3.879412205620226
313,94,3.9534766145009677
313,95,4.028429463030879
313,96,4.104433809042515
314,40,1.591266265175001
314,50,1.7679832550052565
314,64,2.1565668190079843
314,65,2.194882389685942
314,66,2.234943438450056
314,67,2.276538193415821
314,68,2.3197800079292037
314,69,2.3646354436061907
314,70,2.4109516513625446
314,71,2.4582253981351
314,72,2.5064098082395745
314,73,2.555350423467279
314,74,2.6052295781481214
314,75,2.656109967805045
314,76,2.707887438735522
314,77,2.7607274208841712
314,78,2.8144510025874068
314,79,2.869147274229446
314,80,2.924818138773084
314,81,2.9815277616652747
314,82,3.0393031911669715
314,83,3.0981546710435213
314,84,3.157970419850934
314,85,3.2186478694267184
314,86,3.280311827609715
314,87,3.3429202173239894
314,88,3.4064478896162917
314,89,3.470984149103319
314,90,3.5365551904664603
314,91,3.6032804651481047
314,92,3.671235067827866
314,93,3.740367904189117
314,94,3.810490474764777
314,95,3.88151210655208
314,96,3.953576438655074
315,40,1.6014934087965729
315,50,1.773347014253649
315,64,2.1628833479755873
315,65,2.2022872924102073
315,66,2.2434423340648824
315,67,2.2862369500156654
315,68,2.330529309313917
315,69,2.37649298518494
315,70,2.4236211163570367
315,71,2.4715061528714086
315,72,2.520164030700408
315,73,2.569663519965939
315,74,2.6202023547115623
315,75,2.6717372432025788
315,76,2.724261779387911
315,77,2.7777741222339407
315,78,2.8320971109893383
315,79,2.8872607682143476
315,80,2.9433966885479883
315,81,3.0006262781077675
315,82,3.0590867923747087
315,83,3.1186784420981764
315,84,3.179307438202942
315,85,3.2407422102205574
315,86,3.3030179975100102
315,87,3.36618049249455
315,88,3.4301918242212106
315,89,3.495208791151811
315,90,3.561199841527066
315,91,3.628246858541054
315,92,3.696564834171161
315,93,3.7659425528234713
315,94,3.83622017242315
315,95,3.907365154193882
315,96,3.979504359157492
316,40,1.589281132866719
316,50,1.7650023064386047
316,64,2.147541573320462
316,65,2.1853113376128044
316,66,2.225269296871703
316,67,2.2673828929778095
316,68,2.311956264018459
316,69,2.3584057121751516
316,70,2.4056805072851275
316,71,2.4535274123976487
316,72,2.5020865869908224
316,73,2.5515750817309337
316,74,2.602237278465416
316,75,2.6539086807571155
316,76,2.706620135193145
316,77,2.7604947308479595
316,78,2.815360981207758
316,79,2.8711153065578863
316,80,2.927819547653484
316,81,2.9855126354150237
316,82,3.044359003312903
316,83,3.104302737267005
316,84,3.165177790498732
316,85,3.2268682782335625
316,86,3.289496185162559
316,87,3.3530735344114904
316,88,3.417534284214722
316,89,3.482888090640335
316,90,3.5493146251628134
316,91,3.6168995557669485
316,92,3.6857473931115403
316,93,3.755702029308801
316,94,3.8265436269314534
316,95,3.898336737872283
316,96,3.9712195940466026
317,40,1.5803158833240383
317,50,1.7588147281615938
317,64,2.1621207481072258
317,65,2.2016887639853535
317,66,2.243331210755968
317,67,2.286570754485429
317,68,2.3313082163094245
317,69,2.377648185294782
317,70,2.4256051274312536
317,71,2.474406895990408
317,72,2.5239363997136497
317,73,2.574402800579231
317,74,2.6260382819747154
317,75,2.6787476904159915
317,76,2.732407442038843
317,77,2.7870791315085635
317,78,2.842570340268457
317,79,2.8989904064641294
317,80,2.956416662645558
317,81,3.014946475121153
317,82,3.0747184076575182
317,83,3.135701178058056
317,84,3.1977221821968453
317,85,3.260666368437624
317,86,3.3245797055098123
317,87,3.389458948670195
317,88,3.455239177669969
317,89,3.5219852287074986
317,90,3.5898810129306495
317,91,3.65889230229031
317,92,3.7291271000519974
317,93,3.8004692991194258
317,94,3.872756079339559
317,95,3.946034703751077
317,96,4.020288543202116
318,40,1.5877463035206918
318,50,1.7630357963711387
318,64,2.1578812773094453
318,65,2.1979698848844604
318,66,2.23993080598039
318,67,2.283466263337289
318,68,2.32856374238002
318,69,2.3754696908736808
318,70,2.424116086848148
318,71,2.4736109721939328
318,72,2.5238364594263074
318,73,2.574980659094328
318,74,2.627065507864871
318,75,2.6801093823480406
318,76,2.734039906900713
318,77,2.78890976302144
318,78,2.8446320484334837
318,79,2.9012529052562046
318,80,2.9587990578365044
318,81,3.0174499472672585
318,82,3.0772178385573214
318,83,3.138065681672926
318,84,3.1999387290611025
318,85,3.2626759226624484
318,86,3.32634988665629
318,87,3.3909346211559557
318,88,3.456376745610588
318,89,3.522732141925615
318,90,3.5901267379438306
318,91,3.6587119620538013
318,92,3.72858029126669
318,93,3.799466724381094
318,94,3.8712652035047963
318,95,3.943996074105058
318,96,4.017859228877787
319,40,1.572402305172469
319,50,1.7607768998907487
319,64,2.1693417782998043
319,65,2.2093701779658774
319,66,2.2513631182500786
319,67,2.2950269152504164
319,68,2.3408803661545123
319,69,2.3888548942627414
319,70,2.43798084333143
319,71,2.4878715639804696
319,72,2.5383906297564955
319,73,2.5897121129032077
319,74,2.642169314474225
319,75,2.6956536291205966
319,76,2.750077215515849
319,77,2.805573885942355
319,78,2.8619541157923174
319,79,2.9192315059908513
319,80,2.977473226419388
319,81,3.036825404301685
319,82,3.0974564420180357
319,83,3.159071940546725
319,84,3.22161087334317
319,85,3.2849876034953818
319,86,3.3492643018654293
319,87,3.414362990594305
319,88,3.4802748990412393
319,89,3.547141600043367
319,90,3.615029549700699
319,91,3.6840178011323736
319,92,3.7541806108002733
319,93,3.8253657310259808
319,94,3.8974878457975812
319,95,3.9705597432561937
319,96,4.044675064534619
320,40,1.6024257796495502
320,50,1.771368444358224
320,64,2.161761027844934
320,65,2.2012570598911445
320,66,2.2426531733385264
320,67,2.2860444403970437
320,68,2.331357506333965
320,69,2.3786534981191165
320,70,2.4270941115934246
320,71,2.476384815311218
320,72,2.526422246905833
320,73,2.577274285508631
320,74,2.629088636901799
320,75,2.681899390395796
320,76,2.7356872881171306
320,77,2.7904924216631404
320,78,2.8462286809164046
320,79,2.9029213866858496
320,80,2.960595737695894
320,81,3.019279387918556
320,82,3.0791010425134635
320,83,3.1399483044363654
320,84,3.2017943740747103
320,85,3.264469793441115
320,86,3.328081920875988
320,87,3.39255166839438
320,88,3.457935395001403
320,89,3.524246533122135
320,90,3.591512271219106
320,91,3.659835398983178
320,92,3.7294002674812585
320,93,3.799942032128035
320,94,3.8714060992871833
320,95,3.943838463978072
320,96,4.01730613566882
321,40,1.5732619445707772
321,50,1.7524547905547707
321,64,2.1667983630982794
321,65,2.208075287727655
321,66,2.2511257085116583
321,67,2.29594848651581
321,68,2.343146158613189
321,69,2.392212489826335
321,70,2.4424134272184874
321,71,2.4934242518753127
321,72,2.545158112658273
321,73,2.5977488908258217
321,74,2.651342158415574
321,75,2.7058279352750114
321,76,2.7612862633461956
321,77,2.817748016809249
321,78,2.8751007848146166
321,79,2.933390939785022
321,80,2.9926653326816246
321,81,3.0530150980734216
321,82,3.114692774267348
321,83,3.1773904148637095
321,84,3.241027385183484
321,85,3.30548811925612
321,86,3.3708587289368745
321,87,3.4371002969423676
321,88,3.5042271025836564
321,89,3.572222017028837
321,90,3.6412589985721153
321,91,3.711357652650426
321,92,3.78261035193413
321,93,3.854842864162626
321,94,3.9279943124998575
321,95,4.002017329222793
321,96,4.076928091069369
322,40,1.5805733279104983
322,50,1.7597752869249843
322,64,2.1678726378991406
322,65,2.2092258311227817
322,66,2.252364356072299
322,67,2.2971337589889984
322,68,2.343966880459727
322,69,2.392445175488115
322,70,2.4420890481504642
322,71,2.492407291475976
322,72,2.5433957510165466
322,73,2.595239400294825
322,74,2.648133827222802
322,75,2.702104026265124
322,76,2.757077396909182
322,77,2.813031461238221
322,78,2.869872884100359
322,79,2.927605222926925
322,80,2.986205969635235
322,81,3.0458117931241437
322,82,3.106629011524494
322,83,3.1684939469953193
322,84,3.231159414166671
322,85,3.2946320114656213
322,86,3.3590463331715554
322,87,3.4243605096405294
322,88,3.4905376598475613
322,89,3.557602446728243
322,90,3.6256991766464988
322,91,3.6948805548561596
322,92,3.7652115677785343
322,93,3.836519608143375
322,94,3.908675307350735
322,95,3.981696004578634
322,96,4.055714186531459
323,40,1.5834383912498644
323,50,1.7611459418826743
323,64,2.162675823696407
323,65,2.2022599838489048
323,66,2.2439269289366455
323,67,2.28761280619534
323,68,2.3335196494596038
323,69,2.3815626758685062
323,70,2.430886430924414
323,71,2.4810350582338487
323,72,2.53200880787412
323,73,2.583836282626292
323,74,2.6366546907477515
323,75,2.69034521601335
323,76,2.744977513300214
323,77,2.800690771292693
323,78,2.857309757578738
323,79,2.914812169550277
323,80,2.973363348282602
323,81,3.03302148293574
323,82,3.0939413021865407
323,83,3.1560495091972918
323,84,3.219068697400421
323,85,3.2829468893880565
323,86,3.3477021206184356
323,87,3.413347160602404
323,88,3.4798477657883637
323,89,3.5472056441168878
323,90,3.6155096063503365
323,91,3.6849246001926144
323,92,3.7555447726647357
323,93,3.8271956532091096
323,94,3.8997775998444957
323,95,3.9732036530528725
323,96,4.0475891119435605
324,40,1.6286663133565813
324,50,1.788666436196419
324,64,2.1521986684702394
324,65,2.188774395435948
324,66,2.227217221843871
324,67,2.2675235260892044
324,68,2.310389372709601
324,69,2.355298532925338
324,70,2.4019241788817873
324,71,2.4494765525292044
324,72,2.4979062700569505
324,73,2.5471406088556967
324,74,2.5972493529551492
324,75,2.648266307220867
324,76,2.700300118255292
324,77,2.7532682579318446
324,78,2.807139165061087
324,79,2.8619482177343682
324,80,2.9176629812454102
324,81,2.9743833440720584
324,82,3.0322128043588563
324,83,3.091072981312635
324,84,3.1509708684853943
324,85,3.2117200903469527
324,86,3.273291226799241
324,87,3.335719266612998
324,88,3.3989820843611565
324,89,3.4630992264207556
324,90,3.5282176858288943
324,91,3.594465594835352
324,92,3.661887509293677
324,93,3.730332981371
324,94,3.7996798752583407
324,95,3.869936465093846
324,96,3.9411470321839035
325,40,1.576366843499919
325,50,1.7529164275728337
325,64,2.1503727020320382
325,65,2.190635172672149
325,66,2.2330820128492093
325,67,2.2777085450133674
325,68,2.324122672397987
325,69,2.3724925878279683
325,70,2.422262962983759
325,71,2.473076748092022
325,72,2.524712348167634
325,73,2.577174983800105
325,74,2.6305858933287274
325,75,2.684967016654583
325,76,2.7403768527862664
325,77,2.7969132644816863
325,78,2.8543537472544043
325,79,2.9126165696449777
325,80,2.9718628162030707
325,81,3.0321607034125257
325,82,3.093657986659713
325,83,3.156318826948273
325,84,3.2198849978619606
325,85,3.284248280943406
325,86,3.349477105421478
325,87,3.4155926168608026
325,88,3.4825197761249167
325,89,3.55032851876764
325,90,3.6190627446694283
325,91,3.6888350314094316
325,92,3.7598453648427324
325,93,3.831767149836046
325,94,3.904474723195687
325,95,3.978026203863849
325,96,4.052635864234309
326,40,1.575135907918961
326,50,1.7538759732712506
326,64,2.154471343548289
326,65,2.1946816951739296
326,66,2.2367610790721972
326,67,2.2810939790515916
326,68,2.327349645184128
326,69,2.3757261435981416
326,70,2.426217319821149
326,71,2.4779178707594407
326,72,2.5303313471031696
326,73,2.583412870503814
326,74,2.6373161671590806
326,75,2.692144151893692
326,76,2.7479043539615082
326,77,2.8045306899418607
326,78,2.8619509104219834
326,79,2.9201248328651843
326,80,2.9792414466158608
326,81,3.03942202473739
326,82,3.100666703799651
326,83,3.162908356108403
326,84,3.2260574191319575
326,85,3.290073526074391
326,86,3.35494501039223
326,87,3.420647273169995
326,88,3.487185180178715
326,89,3.5546186834385507
326,90,3.623060058521401
326,91,3.6927051130380546
326,92,3.7634026011672725
326,93,3.83515649957835
326,94,3.907737098085783
326,95,3.9812379824691133
326,96,4.055855344113045
327,40,1.5924860292372283
327,50,1.7645902351612244
327,64,2.158636185366874
327,65,2.1975100697325294
327,66,2.2381645982357843
327,67,2.2805679878101306
327,68,2.325107374998922
327,69,2.3717015875216423
327,70,2.4196537693261435
327,71,2.4683361380927407
327,72,2.5176922895109133
327,73,2.567810020110067
327,74,2.618895349057738
327,75,2.6709881225283914
327,76,2.724086293213787
327,77,2.778127093346953
327,78,2.8331026866597044
327,79,2.8889922436076305
327,80,2.9459263850330917
327,81,3.004156063374656
327,82,3.0636824498856225
327,83,3.124363612289617
327,84,3.186074281517719
327,85,3.2487338752099015
327,86,3.3123793429814263
327,87,3.3769341749099153
327,88,3.4423617808680973
327,89,3.508755551035967
327,90,3.5761878350780467
327,91,3.644763723905582
327,92,3.7145513412326823
327,93,3.78533507157662
327,94,3.8570268820434865
327,95,3.9296026407940334
327,96,4.0031542700582055
328,40,1.5684321900793587
328,50,1.750885398344691
328,64,2.1605843030342267
328,65,2.2018965825965977
328,66,2.2451130151856598
328,67,2.2904219599447613
328,68,2.337362430204522
328,69,2.385924593825759
328,70,2.435710586169501
328,71,2.4862013990486815
328,72,2.5373273343154645
328,73,2.589272784312078
328,74,2.642360693771735
328,75,2.6964048706306394
328,76,2.7514096443464906
328,77,2.8073999239702054
328,78,2.8642222490005973
328,79,2.9218635460528137
328,80,2.98044200213486
328,81,3.0401220951305277
328,82,3.1009774611690144
328,83,3.1629237605833036
328,84,3.225805289353854
328,85,3.289523804354305
328,86,3.354142932308786
328,87,3.4196731284009774
328,88,3.4861195805950596
328,89,3.5534187856106616
328,90,3.621692088376057
328,91,3.691136287410003
328,92,3.7617739310978595
328,93,3.8333926656381507
328,94,3.9059599356993706
328,95,3.9794500702666618
328,96,4.054018145045532
329,40,1.597288360785247
329,50,1.773476960726633
329,64,2.1607462839224088
329,65,2.1988254178553475
329,66,2.238749176420161
329,67,2.28069146546612
329,68,2.3253631983215133
329,69,2.3721207551746226
329,70,2.420264192193283
329,71,2.4692131745716885
329,72,2.518860948599155
329,73,2.5692631388530183
329,74,2.620460056972269
329,75,2.672685954965265
329,76,2.7258881081868234
329,77,2.7800507883279475
329,78,2.835005156408068
329,79,2.890820343895387
329,80,2.9476373919686245
329,81,3.0056107438115793
329,82,3.064773559783597
329,83,3.1249884193512534
329,84,3.1861103946325766
329,85,3.248116737809355
329,86,3.311017082259209
329,87,3.3748391131744766
329,88,3.439497201693514
329,89,3.505060721403914
329,90,3.571668552203257
329,91,3.6393934318253303
329,92,3.708322039547185
329,93,3.77830104931122
329,94,3.8492904350751016
329,95,3.9211694014024685
329,96,3.9939782735864795
330,40,1.6079049677372672
330,50,1.7752034022282708
330,64,2.166561586473799
330,65,2.2060970462735545
330,66,2.247351342934847
330,67,2.2904845344709384
330,68,2.3355025472594515
330,69,2.382328228519581
330,70,2.430622633911319
330,71,2.4798097054383947
330,72,2.5299149442284716
330,73,2.5808809393514065
330,74,2.6328048944799116
330,75,2.685719060554725
330,76,2.739580657269743
330,77,2.794550232991839
330,78,2.8504668128518453
330,79,2.907309339448854
330,80,2.965105007491043
330,81,3.023923044298871
330,82,3.08377933896356
330,83,3.144598426731662
330,84,3.206364584195993
330,85,3.2690454749004703
330,86,3.3326566375316453
330,87,3.3971079667663306
330,88,3.4624153547546603
330,89,3.5286240155295174
330,90,3.5958330505201266
330,91,3.6640556316893726
330,92,3.7333237044150698
330,93,3.803610349237662
330,94,3.8747412575757627
330,95,3.946776511416469
330,96,4.019853013219457
331,40,1.6265616157686174
331,50,1.7824361203535717
331,64,2.1664142609433705
331,65,2.2065135793500716
331,66,2.2485416527937456
331,67,2.29233466254001
331,68,2.3385874227043026
331,69,2.387053470316829
331,70,2.4369799638140996
331,71,2.4876725234659274
331,72,2.5390965050902294
331,73,2.5913803243979485
331,74,2.6447008882105387
331,75,2.6991214241270463
331,76,2.754517363770995
331,77,2.811045119490623
331,78,2.868468079154188
331,79,2.9266711507747125
331,80,2.985718653125714
331,81,3.0457776960040563
331,82,3.106905980183302
331,83,3.1689943992674454
331,84,3.231963510165957
331,85,3.295767028818222
331,86,3.360409981921446
331,87,3.425883355689259
331,88,3.49220559772035
331,89,3.559441113131851
331,90,3.6277025417785786
331,91,3.6969739477402594
331,92,3.7673622535470295
331,93,3.8387406340282375
331,94,3.910968472341762
331,95,3.9841197462289473
331,96,4.058309021148133
332,40,1.6208721693449752
332,50,1.78396940988319
332,64,2.169946063425783
332,65,2.208847060960185
332,66,2.2497803073392153
332,67,2.292744348354065
332,68,2.338309776664375
332,69,2.386214613626308
332,70,2.4352828404750686
332,71,2.4850742442254745
332,72,2.5356274097436953
332,73,2.587056269412569
332,74,2.6395494956941574
332,75,2.6930633598577165
332,76,2.7476748217591718
332,77,2.803317548662346
332,78,2.859846199934167
332,79,2.9172880579649285
332,80,2.975653347170757
332,81,3.0350656408809864
332,82,3.0957249091088292
332,83,3.1574047597721084
332,84,3.2199839882279626
332,85,3.2834155292213913
332,86,3.347710222805188
332,87,3.412827182812708
332,88,3.4788284305590222
332,89,3.545769939888908
332,90,3.613707453160696
332,91,3.6827125965240777
332,92,3.7528991742760223
332,93,3.8240837142562536
332,94,3.8961884502842987
332,95,3.9692260751634456
332,96,4.043269928045676
333,40,1.6057080529972716
333,50,1.7727042621028712
333,64,2.1564571499418825
333,65,2.1952302772673047
333,66,2.235863269500982
333,67,2.278418364030576
333,68,2.3234760368873415
333,69,2.370612550468407
333,70,2.4188760036624783
333,71,2.4678508499097473
333,72,2.5174530930653782
333,73,2.5678674058012954
333,74,2.619202897314909
333,75,2.6714648115022555
333,76,2.7246430184033907
333,77,2.7787170269937147
333,78,2.8336246238249325
333,79,2.8894038063010297
333,80,2.946062914032808
333,81,3.0037408046125362
333,82,3.0625609962342284
333,83,3.122457536356622
333,84,3.183237293066392
333,85,3.2448227275910995
333,86,3.307333610656351
333,87,3.3707903503659273
333,88,3.4350991470818344
333,89,3.500210394831032
333,90,3.566293426854685
333,91,3.633422852847356
333,92,3.7016261544604188
333,93,3.7708140674832493
333,94,3.840850209674625
333,95,3.911751095830826
333,96,3.98359863989474
334,40,1.5865144763221166
334,50,1.7654290041757486
334,64,2.1594980042475704
334,65,2.1987268915993194
334,66,2.2399261551220517
334,67,2.282945755346433
334,68,2.3281677302627917
334,69,2.3750382646280723
334,70,2.4238699226341667
334,71,2.473748496831905
334,72,2.5243694392556195
334,73,2.5757661006482513
334,74,2.627976281705444
334,75,2.6811269525239085
334,76,2.7352410548792636
334,77,2.790341804056694
334,78,2.8462919519970096
334,79,2.9031145115650787
334,80,2.9609384587923357
334,81,3.019836611487249
334,82,3.079915530298164
334,83,3.1411160589339913
334,84,3.2031914882355563
334,85,3.2660756639058137
334,86,3.3297976802304596
334,87,3.3943465082850097
334,88,3.4597005314291933
334,89,3.525917567862635
334,90,3.5931863037519363
334,91,3.6615087550213503
334,92,3.7308937236714637
334,93,3.801175695993461
334,94,3.8723002206221215
334,95,3.9442869752150367
334,96,4.01722623393241
335,40,1.5940619487094656
335,50,1.768913060946428
335,64,2.1661897229556044
335,65,2.2070657956066655
335,66,2.2500289706209964
335,67,2.2949579372110875
335,68,2.3416017659081043
335,69,2.3900041544456445
335,70,2.440013693475942
335,71,2.490905793664366
335,72,2.542516263648476
335,73,2.5948880941707158
335,74,2.648260250005056
335,75,2.702661590914701
335,76,2.758023391764655
335,77,2.81431888060833
335,78,2.8714374283413435
335,79,2.9293854079515347
335,80,2.98819401708191
335,81,3.048050213464067
335,82,3.1092004574440315
335,83,3.171392301234338
335,84,3.234438058944784
335,85,3.298229300271248
335,86,3.3628028872245643
335,87,3.428221589979171
335,88,3.494509332384514
335,89,3.5616295322568883
335,90,3.629751732381971
335,91,3.6989631459850174
335,92,3.769284218141986
335,93,3.8405531183619357
335,94,3.912643469061784
335,95,3.9856487130118117
335,96,4.059693125459474
336,40,1.6043305527718177
336,50,1.7727495981118317
336,64,2.14614172793641
336,65,2.183721845824946
336,66,2.2233363951910783
336,67,2.265049105592257
336,68,2.3097338597026016
336,69,2.3568899708197333
336,70,2.405588850956569
336,71,2.455212458756475
336,72,2.505541760870318
336,73,2.556677329417737
336,74,2.6087139576422147
336,75,2.6616726507237445
336,76,2.71562800781125
336,77,2.770649189026417
336,78,2.8265271409304003
336,79,2.8832728718805294
336,80,2.940950809188871
336,81,2.9996819573446025
336,82,3.059513258996598
336,83,3.120357012135227
336,84,3.182124172077012
336,85,3.2447233745658854
336,86,3.3081834610279
336,87,3.3725022855560622
336,88,3.4376905857019233
336,89,3.503792433132987
336,90,3.5708285886620015
336,91,3.638952961996674
336,92,3.7081955719039303
336,93,3.778404985164271
336,94,3.8494716941463167
336,95,3.921416590921411
336,96,3.994266391909765
337,40,1.5764379416273908
337,50,1.759029582746571
337,64,2.1636523129455005
337,65,2.203816129076776
337,66,2.2456615208820194
337,67,2.2894105877386637
337,68,2.3351750881798434
337,69,2.3830554014644614
337,70,2.432573612407432
337,71,2.4831111389871148
337,72,2.53453664622769
337,73,2.5868639453518174
337,74,2.6401903670365563
337,75,2.694465982173308
337,76,2.7496635531684794
337,77,2.8058577140828094
337,78,2.862920348654409
337,79,2.920899821412215
337,80,2.9799161679505803
337,81,3.039975996970414
337,82,3.101236950178321
337,83,3.16365176315197
337,84,3.22708423429293
337,85,3.291425843658364
337,86,3.356662531795258
337,87,3.4227838213769424
337,88,3.4897758884415144
337,89,3.557692518448871
337,90,3.626596581803395
337,91,3.696661312082721
337,92,3.767950964687839
337,93,3.8403085864480726
337,94,3.913584635156162
337,95,3.9878397234476344
337,96,4.0632572815662815
338,40,1.5999045176857065
338,50,1.7698149688174478
338,64,2.1650082345694734
338,65,2.205688572982118
338,66,2.24834594824769
338,67,2.2925625691323264
338,68,2.3380532626603014
338,69,2.385196524437863
338,70,2.4338535289462966
338,71,2.4833367938736695
338,72,2.5336560336262526
338,73,2.5848594689286863
338,74,2.6370393443687172
338,75,2.690170251118433
338,76,2.7443816925945375
338,77,2.799580500277021
338,78,2.8556641293735106
338,79,2.912696166847751
338,80,2.97070956575366
338,81,3.029817918280533
338,82,3.0901305503560392
338,83,3.1515413881679444
338,84,3.213938729183309
338,85,3.277184181558666
338,86,3.3413532525492737
338,87,3.4064421528803095
338,88,3.4724058481093736
338,89,3.539274803533675
338,90,3.6071378120335207
338,91,3.6760158092988333
338,92,3.745943099200364
338,93,3.816851950079692
338,94,3.888625394471326
338,95,3.9613024752964314
338,96,4.0350035079190345
339,40,1.5772133119546923
339,50,1.7543625715953186
339,64,2.1560278077981327
339,65,2.196192910836148
339,66,2.2383232620165705
339,67,2.2821774497541565
339,68,2.3274680155801852
339,69,2.374439946743407
339,70,2.4229668733962693
339,71,2.472323315788357
339,72,2.5225545553283175
339,73,2.5736058655630645
339,74,2.6255780963118704
339,75,2.6785886551896736
339,76,2.7327252087804443
339,77,2.787832230096374
339,78,2.8438133683780467
339,79,2.9007170334870223
339,80,2.9586806782511577
339,81,3.017695139445452
339,82,3.0778278389361375
339,83,3.1391295701658706
339,84,3.201352292834196
339,85,3.2645026334948715
339,86,3.328553871302228
339,87,3.393432851134331
339,88,3.45916256386428
339,89,3.525879386388212
339,90,3.5935909827565147
339,91,3.662333400860485
339,92,3.73235557075658
339,93,3.8034342225998485
339,94,3.8754320733564684
339,95,3.9483213730859226
339,96,4.0222051931330975
340,40,1.5749409143389794
340,50,1.7508811743817705
340,64,2.148551954038166
340,65,2.188148043053283
340,66,2.2295495505554306
340,67,2.2726859819810743
340,68,2.31845288280098
340,69,2.3662778621946994
340,70,2.415345523748059
340,71,2.465168469245926
340,72,2.515753738474289
340,73,2.5671997037161507
340,74,2.6195628764676053
340,75,2.672916565922372
340,76,2.727211212221113
340,77,2.782628142659007
340,78,2.8389888950664863
340,79,2.8962679004521488
340,80,2.9544359661121753
340,81,3.013678853209754
340,82,3.0741759839895684
340,83,3.135750799976029
340,84,3.198305633943063
340,85,3.261678068535674
340,86,3.325908993492105
340,87,3.39090492498785
340,88,3.456743999298349
340,89,3.5234759542786493
340,90,3.5911642993476534
340,91,3.659970057328996
340,92,3.7299040448948735
340,93,3.800895700579829
340,94,3.8727979210111716
340,95,3.9455711314539856
340,96,4.019330524881733
341,40,1.5853658902514376
341,50,1.7587682832027731
341,64,2.1547010479263142
341,65,2.1952615674617895
341,66,2.237815496288169
341,67,2.282220262575301
341,68,2.328290259562092
341,69,2.3763457810964796
341,70,2.425573473395751
341,71,2.4756242892969182
341,72,2.5264254402497404
341,73,2.5780014165453125
341,74,2.630498072957469
341,75,2.683968297632438
341,76,2.738388805438518
341,77,2.7938576749575867
341,78,2.8501961881605693
341,79,2.907389434262197
341,80,2.965459949359505
341,81,3.024587272876957
341,82,3.0848827321155827
341,83,3.1462262508601277
341,84,3.2084162360851645
341,85,3.2714032215111652
341,86,3.335243628601564
341,87,3.3999941445008597
341,88,3.465584353868136
341,89,3.5320632192584682
341,90,3.5995356517351533
341,91,3.668180650871615
341,92,3.7379749252539893
341,93,3.8088245262823968
341,94,3.8805855371235087
341,95,3.953322060935502
341,96,4.0271022937253225
342,40,1.570686276394392
342,50,1.7499793337032061
342,64,2.1652887410245745
342,65,2.2069370871533223
342,66,2.2507838876302206
342,67,2.296492117444464
342,68,2.34416350352421
342,69,2.39382297946437
342,70,2.4451934839117033
342,71,2.4974727456888006
342,72,2.550459247115293
342,73,2.6042617827287677
342,74,2.6591834358448496
342,75,2.715217091588506
342,76,2.7722741573827006
342,77,2.8304261391338557
342,78,2.8895030899210177
342,79,2.9494850771638674
342,80,3.010493603851865
342,81,3.0725693606818543
342,82,3.1358161522339696
342,83,3.200328291377773
342,84,3.2658246481343065
342,85,3.3322268252399443
342,86,3.399492580158472
342,87,3.467651511441117
342,88,3.5366504358503392
342,89,3.6065646436213683
342,90,3.6775003704316735
342,91,3.7495118795307
342,92,3.8227132139882745
342,93,3.896928416072959
342,94,3.972135823611931
342,95,4.048271538365507
342,96,4.125522962930061
343,40,1.55062216018612
343,50,1.7435444068144
343,64,2.1717322734523314
343,65,2.214029511636192
343,66,2.2580973097975434
343,67,2.3036900653278134
343,68,2.351216374785826
343,69,2.400422381330864
343,70,2.45118457204924
343,71,2.5028540586789085
343,72,2.5552498407946103
343,73,2.6085108432078323
343,74,2.6629550448180654
343,75,2.7183474251723796
343,76,2.7747482736248954
343,77,2.832047664346988
343,78,2.8901304154633265
343,79,2.949067674775532
343,80,3.008959342845208
343,81,3.0699582825838245
343,82,3.132170617379818
343,83,3.195454950004838
343,84,3.259672018134413
343,85,3.3246994068244926
343,86,3.3905801187356013
343,87,3.4573148793125092
343,88,3.5249472014116
343,89,3.593566287102053
343,90,3.6632896506803423
343,91,3.7340764982587817
343,92,3.8059649633860335
343,93,3.878799922250012
343,94,3.952567814475425
343,95,4.027224795551955
343,96,4.1028311034775875
344,40,1.5824943162864094
344,50,1.7614347335373952
344,64,2.1539268211340583
344,65,2.192865373565168
344,66,2.2337299423273866
344,67,2.2765472714085275
344,68,2.3210719900141648
344,69,2.367409709638305
344,70,2.4151252265656336
344,71,2.463623487129853
344,72,2.512914248715852
344,73,2.56294131339922
344,74,2.6138829137017154
344,75,2.6657423806851854
344,76,2.7184971943964404
344,77,2.7722180243831556
344,78,2.8267243495570735
344,79,2.882209017361179
344,80,2.9386878618705863
344,81,2.9961426354400698
344,82,3.0547233324667946
344,83,3.114423251448602
344,84,3.1749803718169103
344,85,3.2363483215815076
344,86,3.2986592071791394
344,87,3.361961337434768
344,88,3.4261308202601333
344,89,3.4912599323525733
344,90,3.5573903463770575
344,91,3.62466806962773
344,92,3.6930527578338856
344,93,3.76247886333868
344,94,3.832859358953056
344,95,3.90413315038922
344,96,3.976393020471436
345,40,1.5837548245261832
345,50,1.7621073189158858
345,64,2.173044194598933
345,65,2.2139716276558183
345,66,2.256917817982288
345,67,2.3017591442602177
345,68,2.348364755415835
345,69,2.3969694988242325
345,70,2.4470559736902806
345,71,2.4980687638408616
345,72,2.5498191158391377
345,73,2.6024342031175602
345,74,2.65601370858547
345,75,2.710505566718175
345,76,2.7660308443349404
345,77,2.822543094814629
345,78,2.8799327215291766
345,79,2.9382556301572955
345,80,2.9976778841668166
345,81,3.0581622662811716
345,82,3.1197562486960786
345,83,3.182396474704378
345,84,3.2459212659539824
345,85,3.3102234755766036
345,86,3.3753801470440394
345,87,3.4413782041959626
345,88,3.5081928099171344
345,89,3.575865159877333
345,90,3.6444302472206056
345,91,3.7140594635713624
345,92,3.7848046293387556
345,93,3.8565000320501808
345,94,3.929059533522545
345,95,4.002500952985574
345,96,4.0769033163252395
346,40,1.5821243286799922
346,50,1.7658702723450401
346,64,2.177126060266428
346,65,2.218309571755361
346,66,2.2617505223791268
346,67,2.3070442594665175
346,68,2.3538236282113036
346,69,2.402065393271919
346,70,2.4515682782544337
346,71,2.5019762334111637
346,72,2.5531351297188647
346,73,2.605174284844796
346,74,2.6580996724380412
346,75,2.711989551477026
346,76,2.7669512108818886
346,77,2.8229256889393017
346,78,2.87978964663953
346,79,2.9375482460089755
346,80,2.996227484395379
346,81,3.056014601371471
346,82,3.1169929492890365
346,83,3.179134011403262
346,84,3.2421550944793847
346,85,3.306087309697789
346,86,3.37096009573145
346,87,3.4367719783901425
346,88,3.5034192238720965
346,89,3.570978593504637
346,90,3.639501144412602
346,91,3.709068289050828
346,92,3.7798690315788592
346,93,3.8516575745509805
346,94,3.9243640849215753
346,95,3.9979896389081904
346,96,4.0726606683757485
347,40,1.5610727582380428
347,50,1.748001353260238
347,64,2.158631787068863
347,65,2.198336616508705
347,66,2.2397945952171305
347,67,2.283056056065573
347,68,2.328177885888924
347,69,2.3749304566098783
347,70,2.4229847838903855
347,71,2.471711249339669
347,72,2.5211189147793034
347,73,2.571287328055276
347,74,2.622302628546426
347,75,2.6743190528493326
347,76,2.727293161426244
347,77,2.781293246469911
347,78,2.836157070434129
347,79,2.891827807538924
347,80,2.9484308004890982
347,81,3.006002444835282
347,82,3.0647160820177897
347,83,3.1245116330983422
347,84,3.1852946507922892
347,85,3.2469750649861777
347,86,3.309585362147609
347,87,3.373071539399676
347,88,3.437387104993533
347,89,3.5026349648428887
347,90,3.5689186833378823
347,91,3.6363163974108437
347,92,3.7048325617355973
347,93,3.774348000233128
347,94,3.8447448743519326
347,95,3.916012421520791
347,96,3.9881986803946554
348,40,1.5751933873305575
348,50,1.758074752377857
348,64,2.166823212225988
348,65,2.206959807394312
348,66,2.2492796110264592
348,67,2.2940062222798505
348,68,2.3416424479127906
348,69,2.391911129486562
348,70,2.4438658471432086
348,71,2.4968895201213455
348,72,2.550859202278664
348,73,2.6056960348509675
348,74,2.6614006241811827
348,75,2.7180336785931685
348,76,2.7756122316990575
348,77,2.834178594191209
348,78,2.893665954601845
348,79,2.9540368106861585
348,80,3.0153726671446233
348,81,3.077765411041004
348,82,3.1413240713045205
348,83,3.2060013342229228
348,84,3.2715792246222346
348,85,3.337922174130098
348,86,3.4050550687505803
348,87,3.473076176100797
348,88,3.5419973829839266
348,89,3.6118313806749254
348,90,3.6825950711981843
348,91,3.754478851881354
348,92,3.827456938776975
348,93,3.9015074137756045
348,94,3.976512548734412
348,95,4.052447194180306
348,96,4.129433223158529
349,40,1.5881497175110888
349,50,1.7624568047311922
349,64,2.1598999956969513
349,65,2.199740009525038
349,66,2.241720505197794
349,67,2.285439919711808
349,68,2.3313561033104446
349,69,2.3795770422290228
349,70,2.429482316472474
349,71,2.480487465280954
349,72,2.5323624952818045
349,73,2.5850763875151044
349,74,2.6389605669576603
349,75,2.6938976501604475
349,76,2.7499201525618417
349,77,2.8068943132787485
349,78,2.864722183534209
349,79,2.9234742726007075
349,80,2.9833217809910373
349,81,3.0443704943817638
349,82,3.106569475356613
349,83,3.1697946018037317
349,84,3.233873945500497
349,85,3.2987920797905
349,86,3.36460736000293
349,87,3.4312338722864664
349,88,3.498737423196375
349,89,3.567263747355329
349,90,3.6367854908785704
349,91,3.707460737157074
349,92,3.7793142982248407
349,93,3.8521447606372576
349,94,3.925900758663464
349,95,4.000498427583463
349,96,4.076074852423725
350,40,1.5670135492273412
350,50,1.7512023557507255
350,64,2.1576867049261277
350,65,2.19794630639954
350,66,2.2399672798482255
350,67,2.2837043418091754
350,68,2.329637525388266
350,69,2.377283930642124
350,70,2.426611109596754
350,71,2.4766877249897936
350,72,2.527481492976449
350,73,2.5790796460510252
350,74,2.6314946896616744
350,75,2.6848494869720976
350,76,2.739107911729151
350,77,2.7943112405194084
350,78,2.8504092609065514
350,79,2.907261173570453
350,80,2.9649717270755835
350,81,3.0236978413823623
350,82,3.0836485750229117
350,83,3.1445974919729776
350,84,3.206376824376883
350,85,3.2689609290966146
350,86,3.332421777695009
350,87,3.396775606061513
350,88,3.461995875107223
350,89,3.528094884254406
350,90,3.595148026537301
350,91,3.663311949326607
350,92,3.7326242965345484
350,93,3.802894606075143
350,94,3.874008560708311
350,95,3.9460231186607118
350,96,4.019131937412908
351,40,1.5794759144372579
351,50,1.756654010613909
351,64,2.1510000794142083
351,65,2.1902714811940447
351,66,2.2315669371040165
351,67,2.274752636347304
351,68,2.319489752792919
351,69,2.3658873135552927
351,70,2.413670697971103
351,71,2.462331746143696
351,72,2.512150732228901
351,73,2.5629522190012968
351,74,2.614897901698031
351,75,2.6678982458163674
351,76,2.7219688409026275
351,77,2.777079646444445
351,78,2.8330500962047145
351,79,2.889893769392524
351,80,2.947740827137806
351,81,3.006800045693324
351,82,3.0671679497037667
351,83,3.1286428996653726
351,84,3.1911024280061384
351,85,3.254417868147943
351,86,3.3186690921504063
351,87,3.3838173102089577
351,88,3.4498801980301277
351,89,3.516898937586099
351,90,3.5849709439879547
351,91,3.654210533841187
351,92,3.72466955166026
351,93,3.796226288678117
351,94,3.868704809093953
351,95,3.942106307427097
351,96,4.016574169715852
352,40,1.5641855311620632
352,50,1.7489356864375258
352,64,2.151698152746026
352,65,2.1911759658868344
352,66,2.2323058929346344
352,67,2.2751179560497086
352,68,2.319557744567277
352,69,2.366367565902605
352,70,2.41501690339671
352,71,2.4645604913665045
352,72,2.5147027508745916
352,73,2.5655997079445707
352,74,2.6175536902049594
352,75,2.6704374951003955
352,76,2.7242767756433803
352,77,2.779016548952225
352,78,2.8345460552701573
352,79,2.8908833021124
352,80,2.948198127629762
352,81,3.006517145898831
352,82,3.066028951264548
352,83,3.1267251540764427
352,84,3.1883430634823546
352,85,3.250847524474204
352,86,3.3143036561098977
352,87,3.378595836023103
352,88,3.4437164232781505
352,89,3.5097839652768448
352,90,3.576910265538042
352,91,3.645197735569082
352,92,3.714859679426258
352,93,3.785589651647995
352,94,3.8571849074066997
352,95,3.9296587355953254
352,96,4.003080860855343
353,40,1.6023650387032717
353,50,1.771992589540028
353,64,2.1563272635100135
353,65,2.1948230380934404
353,66,2.2351863522008593
353,67,2.27719183325637
353,68,2.320828186906202
353,69,2.3661782096322086
353,70,2.4129015425939637
353,71,2.4603188139289913
353,72,2.5083966684286785
353,73,2.5572928544738374
353,74,2.607240064623854
353,75,2.6582320428682786
353,76,2.7100868834868184
353,77,2.762883661134251
353,78,2.816626140114563
353,79,2.8713822769726702
353,80,2.9272448812856773
353,81,2.984279578523657
353,82,3.0425034897342753
353,83,3.1018723217195587
353,84,3.1621860968906885
353,85,3.22345978612553
353,86,3.285697858855631
353,87,3.34880378310286
353,88,3.412847276384718
353,89,3.477942230357831
353,90,3.5441754926272577
353,91,3.6114746317361393
353,92,3.6800378531828595
353,93,3.7497765744623863
353,94,3.820465352871623
353,95,3.8920578715191616
353,96,3.964578056750619
354,40,1.5862085555034762
354,50,1.7654588087676104
354,64,2.1588952389464486
354,65,2.197767456694539
354,66,2.2385191896389953
354,67,2.2812209124109613
354,68,2.3258250757201746
354,69,2.372206632515665
354,70,2.4197897109066324
354,71,2.4682362506235016
354,72,2.517428996047334
354,73,2.5673356598644297
354,74,2.6181827066964956
354,75,2.6700267106736484
354,76,2.7227424054971054
354,77,2.7764907834771693
354,78,2.8311822777331326
354,79,2.886867934013493
354,80,2.943539841058847
354,81,3.0012652398797446
354,82,3.0601961279577523
354,83,3.1202441621687873
354,84,3.1813184695449346
354,85,3.2432927692847984
354,86,3.3062682491950697
354,87,3.3701823523764345
354,88,3.434992520986432
354,89,3.500755432359059
354,90,3.567547181477129
354,91,3.63536319792262
354,92,3.704395202280417
354,93,3.7745962132333144
354,94,3.8458585937392407
354,95,3.918097738857585
354,96,3.9914034063724326
355,40,1.6048436013218355
355,50,1.7701750190916794
355,64,2.171350928059386
355,65,2.2123180327943297
355,66,2.2550982857750084
355,67,2.299871934504249
355,68,2.3469746846286967
355,69,2.3958087644291703
355,70,2.446034448624941
355,71,2.497168111554846
355,72,2.5491045908954932
355,73,2.601921759752518
355,74,2.655701307288831
355,75,2.710527718125135
355,76,2.766348766689342
355,77,2.823170524518911
355,78,2.880969693893875
355,79,2.939683472129696
355,80,2.999343131682215
355,81,3.0600798065621158
355,82,3.1220372762586104
355,83,3.1851194897298356
355,84,3.249110798049891
355,85,3.3139586487136588
355,86,3.3797072032577686
355,87,3.446411708185294
355,88,3.5139802990026556
355,89,3.5824716050519605
355,90,3.651825955436033
355,91,3.7222079194513658
355,92,3.793670759954874
355,93,3.866106815977935
355,94,3.9394510689765605
355,95,4.013675239939532
355,96,4.088920505037523
356,40,1.576014575362715
356,50,1.7568078818684103
356,64,2.1580442660523156
356,65,2.198259802165502
356,66,2.2404854861845
356,67,2.284469030558334
356,68,2.3301225781782082
356,69,2.3769709289521255
356,70,2.424863757991464
356,71,2.473494726105362
356,72,2.522842948965677
356,73,2.5730759112287074
356,74,2.624287884682197
356,75,2.6763917480259174
356,76,2.729416516746684
356,77,2.783426693188019
356,78,2.8382545039116867
356,79,2.8939252260091233
356,80,2.950572978616501
356,81,3.0081976536430584
356,82,3.0669294746608617
356,83,3.126684112475413
356,84,3.1873647348358762
356,85,3.2488078608134936
356,86,3.311094196867792
356,87,3.3742709336522596
356,88,3.438332191836963
356,89,3.5033832212397886
356,90,3.569455952629212
356,91,3.6366866671121496
356,92,3.7051017905399695
356,93,3.7745661994562036
356,94,3.844995571729488
356,95,3.9162794187689567
356,96,3.9885290576777748
357,40,1.5809410581370396
357,50,1.7566080041629393
357,64,2.158327833613659
357,65,2.1978945780963723
357,66,2.2395282616503653
357,67,2.282965967692583
357,68,2.3281485662979255
357,69,2.3752491219901084
357,70,2.4236496863228267
357,71,2.472834897571686
357,72,2.5228425810796056
357,73,2.5737599982940984
357,74,2.6258108697538876
357,75,2.6788880191100155
357,76,2.733053236989365
357,77,2.7882725199764486
357,78,2.8443150728807005
357,79,2.9011216450896766
357,80,2.958745809463241
357,81,3.017370639054006
357,82,3.0771646608188292
357,83,3.1380817799912357
357,84,3.1999631979844807
357,85,3.2626676850297316
357,86,3.3262289973893377
357,87,3.3906692996081262
357,88,3.4559930187453136
357,89,3.5222324774779126
357,90,3.5894849120272374
357,91,3.657803539553081
357,92,3.7271640708728606
357,93,3.7975072745990106
357,94,3.868758588784055
357,95,3.940935047714942
357,96,4.014055369377434
358,40,1.5699854536043656
358,50,1.7494285726288312
358,64,2.1605556646381325
358,65,2.202520808896696
358,66,2.2464862658528855
358,67,2.292559988852269
358,68,2.3407234268136423
358,69,2.3910812509206627
358,70,2.442786400602853
358,71,2.495397609060452
358,72,2.5489498233015384
358,73,2.603369666338329
358,74,2.658684930154197
358,75,2.71494931843161
358,76,2.772223159998172
358,77,2.8305629802274086
358,78,2.889805289247188
358,79,2.949920811296881
358,80,3.0110202665718875
358,81,3.073205791951784
358,82,3.136613643660109
358,83,3.2011089584353325
358,84,3.266433489026795
358,85,3.3325601764431836
358,86,3.399524470078425
358,87,3.467325179489593
358,88,3.5359768232042965
358,89,3.6055535133505887
358,90,3.676197335531768
358,91,3.74802219593711
358,92,3.8211190780603657
358,93,3.8952633390418594
358,94,3.970396329016278
358,95,4.046476884167009
358,96,4.123665739821538
359,40,1.5740911899879828
359,50,1.7543566974780185
359,64,2.160038298036819
359,65,2.2011869438826053
359,66,2.2441876754546835
359,67,2.2888387426737626
359,68,2.33545077828931
359,69,2.383486692865384
359,70,2.432769051985667
359,71,2.4828821569427233
359,72,2.5336582001690675
359,73,2.5854004938454644
359,74,2.638217113866083
359,75,2.6920813505881562
359,76,2.7469704011959815
359,77,2.802735575999042
359,78,2.8593734710708336
359,79,2.916857465804852
359,80,2.975325154509738
359,81,3.034821753945862
359,82,3.0954323468294493
359,83,3.1571146291254975
359,84,3.2196660216647555
359,85,3.2830006115954378
359,86,3.347157746401296
359,87,3.4122310499052144
359,88,3.4781745316106436
359,89,3.5449823462510275
359,90,3.6128064473329164
359,91,3.6816714388723213
359,92,3.7516298087260207
359,93,3.8225448746850237
359,94,3.8943276250292413
359,95,3.9670342795379336
359,96,4.040738625557613
360,40,1.5896967436591485
360,50,1.7669938727012289
360,64,2.1581955162478597
360,65,2.196777213353402
360,66,2.237085805427268
360,67,2.279134333162925
360,68,2.322638332797287
360,69,2.367968822089452
360,70,2.4151256948928954
360,71,2.4634115166653623
360,72,2.512653431546826
360,73,2.5627270722335718
360,74,2.613825666695023
360,75,2.6660352108592758
360,76,2.719249188041054
360,77,2.7735444499023085
360,78,2.8287132836114384
360,79,2.884751696069288
360,80,2.941713970195165
360,81,2.999644143498694
360,82,3.0586557164243446
360,83,3.1186185731804983
360,84,3.179421455970758
360,85,3.241045917988088
360,86,3.303533796057446
360,87,3.366875167478341
360,88,3.431061281340188
360,89,3.4961928037252417
360,90,3.562395822960561
360,91,3.6297096012991594
360,92,3.6981299169774875
360,93,3.76758318249375
360,94,3.837954502440833
360,95,3.9092742174649704
360,96,3.9817466977973623
361,40,1.6115611751107803
361,50,1.7788302626343566
361,64,2.156112372253385
361,65,2.1935703105931954
361,66,2.233274857216733
361,67,2.2748764173436173
361,68,2.3182489448692993
361,69,2.363222912067874
361,70,2.409049277958757
361,71,2.4555031064410153
361,72,2.5026377080588063
361,73,2.550606294842499
361,74,2.5995007490762934
361,75,2.6493781129429754
361,76,2.7002115519037924
361,77,2.751963852150998
361,78,2.804504324653894
361,79,2.857904891480337
361,80,2.912337629088784
361,81,2.967832330168234
361,82,3.0245965644786743
361,83,3.082600863865599
361,84,3.141588117704405
361,85,3.201500919571595
361,86,3.262289686563132
361,87,3.3239845803133097
361,88,3.386498570361266
361,89,3.449912217089899
361,90,3.514289600916924
361,91,3.5797364590227567
361,92,3.646372324504051
361,93,3.7141040657482525
361,94,3.782723026967019
361,95,3.852234701987243
361,96,3.922626415000816
362,40,1.6006432072807528
362,50,1.7648411698784026
362,64,2.1471678720753102
362,65,2.1861571294918303
362,66,2.227229995366737
362,67,2.2704224100020776
362,68,2.3159239497250708
362,69,2.3638355668814306
362,70,2.4130366924274007
362,71,2.4629825058688373
362,72,2.513549443570689
362,73,2.564855898178991
362,74,2.6170997104737848
362,75,2.670287258698229
362,76,2.7244290674186913
362,77,2.7796394806475915
362,78,2.835774387074186
362,79,2.8927994186100063
362,80,2.9508042857511496
362,81,3.0098838203703995
362,82,3.0701559964592677
362,83,3.1315216645316957
362,84,3.1937580886029338
362,85,3.2567929563504077
362,86,3.320751744608706
362,87,3.385640590413119
362,88,3.4513740496438374
362,89,3.517956245719227
362,90,3.5855187826878288
362,91,3.6542461498479915
362,92,3.7241410311779317
362,93,3.7950244925633605
362,94,3.866839176797008
362,95,3.939577718738345
362,96,4.013324333484101
363,40,1.6076497436156867
363,50,1.7744487837593357
363,64,2.157148194626608
363,65,2.1959026295216018
363,66,2.236740841958587
363,67,2.2799524321450835
363,68,2.325634227656812
363,69,2.37388485164207
363,70,2.4237392475766084
363,71,2.4745129280166718
363,72,2.5260915456147472
363,73,2.578477371073728
363,74,2.631992435246014
363,75,2.686565655032806
363,76,2.7421862412482145
363,77,2.798864697430935
363,78,2.8564921643929226
363,79,2.914951225210572
363,80,2.97430842820369
363,81,3.0346902137627487
363,82,3.0961938265515236
363,83,3.1588231737515526
363,84,3.222508070171129
363,85,3.2870744977042268
363,86,3.352546457917955
363,87,3.4188518679557274
363,88,3.486080961098659
363,89,3.5542862819949375
363,90,3.623459400217233
363,91,3.693666524330461
363,92,3.764975117217354
363,93,3.8372715066142415
363,94,3.9104896939753044
363,95,3.9845808556968056
363,96,4.059740431438975
364,40,1.5883199791187095
364,50,1.7642822506349474
364,64,2.1609690481009354
364,65,2.200272726448619
364,66,2.24131148491242
364,67,2.2837850936685515
364,68,2.3278068016317874
364,69,2.37355367439214
364,70,2.420654029179909
364,71,2.4685174579388773
364,72,2.517025260745102
364,73,2.5663425789869407
364,74,2.6166405244988633
364,75,2.667955845533034
364,76,2.7203769517667027
364,77,2.77381513905618
364,78,2.8280466396817014
364,79,2.883098704860318
364,80,2.9390379988071658
364,81,2.995932137894796
364,82,3.053951781902729
364,83,3.1129490231453367
364,84,3.1728527617618085
364,85,3.2336098783580853
364,86,3.295280899490159
364,87,3.357788058831276
364,88,3.421165604899224
364,89,3.4854314374751096
364,90,3.5506462310947304
364,91,3.6170444564658757
364,92,3.684693168791859
364,93,3.753369191688244
364,94,3.822903706725673
364,95,3.893316437995241
364,96,3.964720739220748
365,40,1.5805542807274509
365,50,1.7559683500022631
365,64,2.154957424556934
365,65,2.1954188313194107
365,66,2.237722443692388
365,67,2.281932386365643
365,68,2.328126232410624
365,69,2.3759464919456974
365,70,2.4250104067693554
365,71,2.4747367959281807
365,72,2.5251819564419495
365,73,2.5764639708067296
365,74,2.6287776358664825
365,75,2.6821731782184424
365,76,2.7365525720520854
365,77,2.79187494423873
365,78,2.8481433405053824
365,79,2.9054034088799128
365,80,2.963717672385483
365,81,3.0231625354122764
365,82,3.083926763178102
365,83,3.145772923270858
365,84,3.2085235523705053
365,85,3.2721365091033436
365,86,3.33666693636828
365,87,3.402163217395835
365,88,3.468561662403034
365,89,3.535931634547919
365,90,3.6043348918789366
365,91,3.6738737728181623
365,92,3.744543012771132
365,93,3.816241879272326
365,94,3.8888704495915984
365,95,3.962400524995636
365,96,4.036946264668959
366,40,1.5773775399291299
366,50,1.7576414064145154
366,64,2.170108392953326
366,65,2.211221573338306
366,66,2.254379171944894
366,67,2.2994280187717804
366,68,2.3459760417951556
366,69,2.393761940900533
366,70,2.4423062130101196
366,71,2.491503750927662
366,72,2.541444424608504
366,73,2.5921728947328413
366,74,2.643943809390588
366,75,2.69679741537362
366,76,2.750601374868662
366,77,2.8054159029090635
366,78,2.8611446980674184
366,79,2.9177643418906096
366,80,2.9753056075832203
366,81,3.0338748630782533
366,82,3.0936560787141856
366,83,3.1545761735290982
366,84,3.216546129344888
366,85,3.2793452495712625
366,86,3.343098572304254
366,87,3.4077449162227094
366,88,3.4732444913435465
366,89,3.539691323237081
366,90,3.6072342514754343
366,91,3.675808168958573
366,92,3.745518269911099
366,93,3.816287677185409
366,94,3.888027268956316
366,95,3.9606435722031264
366,96,4.034165782754164
367,40,1.578338375595384
367,50,1.7564646247473017
367,64,2.1626141183255454
367,65,2.2026136717674283
367,66,2.2445764050439054
367,67,2.288120257872766
367,68,2.333464585468147
367,69,2.3807619627115195
367,70,2.4290554322991786
367,71,2.4780826991793727
367,72,2.527932315199677
367,73,2.5787393041493165
367,74,2.630677756639897
367,75,2.6835882339058146
367,76,2.7374266035139496
367,77,2.792248787192534
367,78,2.8479518639171015
367,79,2.9046092992741714
367,80,2.9623255376526454
367,81,3.0211359609136013
367,82,3.081202994740785
367,83,3.1425088584363974
367,84,3.2048721779986704
367,85,3.2680961416719576
367,86,3.332262337911806
367,87,3.3973241369687726
367,88,3.46330157163891
367,89,3.5301808723825454
367,90,3.5980252820159744
367,91,3.667030003926233
367,92,3.737284446077918
367,93,3.808603123701329
367,94,3.880853180752825
367,95,3.9539835796430927
367,96,4.028094499626452
368,40,1.5830493415454487
368,50,1.7602032812396546
368,64,2.1587152742808895
368,65,2.198080433716213
368,66,2.2395853614041052
368,67,2.282922706997713
368,68,2.3284499524317246
368,69,2.3761117077198404
368,70,2.425338530823198
368,71,2.4755873773345303
368,72,2.5267268333157276
368,73,2.578760263634242
368,74,2.631727991725254
368,75,2.685651430647983
368,76,2.740520868613609
368,77,2.7963430840692003
368,78,2.8529657986926877
368,79,2.910401999154025
368,80,2.968783482059975
368,81,3.0282776573860724
368,82,3.088997447137435
368,83,3.1507633635364876
368,84,3.2134399954797104
368,85,3.2768943763561387
368,86,3.341227197563976
368,87,3.406386220379704
368,88,3.4724323819749876
368,89,3.5393341580509485
368,90,3.6072168886001847
368,91,3.676166890415347
368,92,3.746347173703783
368,93,3.8175243719335743
368,94,3.8895886112305655
368,95,3.962482077648299
368,96,4.0363187136199965
369,40,1.5671486382961555
369,50,1.7543678999230812
369,64,2.1717287234734086
369,65,2.2125426712516796
369,66,2.2554344456418125
369,67,2.3002272965673307
369,68,2.3467440605645433
369,69,2.3951230613020367
369,70,2.4450344274575
369,71,2.495712680410709
369,72,2.5470291028376266
369,73,2.59913322840678
369,74,2.652139808749733
369,75,2.7061147742743215
369,76,2.7610526369552044
369,77,2.816944354018627
369,78,2.8737181335677056
369,79,2.931388274250199
369,80,2.990134438555732
369,81,3.0500208771042234
369,82,3.1111439944367287
369,83,3.1733788312442135
369,84,3.23651814136097
369,85,3.3005159988539186
369,86,3.365412930518633
369,87,3.4312165347797214
369,88,3.497865115662951
369,89,3.5653927154718077
369,90,3.6339299565528673
369,91,3.703579152346699
369,92,3.774428579721981
369,93,3.84627128147742
369,94,3.9190164074971237
369,95,3.992652935120837
369,96,4.067226165033164
370,40,1.5695627851032197
370,50,1.7565308809746507
370,64,2.1591847243779947
370,65,2.198470903490821
370,66,2.239648826633096
370,67,2.2824761593529015
370,68,2.327268094073495
370,69,2.373914465264265
370,70,2.421977900605436
370,71,2.470910139264999
370,72,2.520882064717355
370,73,2.57181977244808
370,74,2.6237031469968053
370,75,2.676539403840242
370,76,2.7302693586079463
370,77,2.78501533410586
370,78,2.8406275706222117
370,79,2.8971633349921837
370,80,2.954658032766665
370,81,3.0130713347502076
370,82,3.072493646682334
370,83,3.1329076188923803
370,84,3.194112780762685
370,85,3.256164472069929
370,86,3.319118080219901
370,87,3.3829905620744514
370,88,3.447722423836881
370,89,3.5133645840324768
370,90,3.579961074724536
370,91,3.6476693860096043
370,92,3.716490920206569
370,93,3.7863424008630355
370,94,3.8570722396812194
370,95,3.928695963129413
370,96,4.0013806576707625
371,40,1.551064617945107
371,50,1.7393775764851478
371,64,2.145416687941423
371,65,2.1852981574311685
371,66,2.2270306558143904
371,67,2.2703201850117485
371,68,2.315453937344434
371,69,2.362979017167687
371,70,2.4121276766774513
371,71,2.462234575320239
371,72,2.513152982707534
371,73,2.5649136472772023
371,74,2.6177507095994303
371,75,2.671538524841295
371,76,2.7262520835359663
371,77,2.781794613311325
371,78,2.8380945250789535
371,79,2.8952373420932176
371,80,2.9533223009409806
371,81,3.01248166465496
371,82,3.0726775856579462
371,83,3.133807951360793
371,84,3.195856218927335
371,85,3.2587496512265552
371,86,3.322490234754775
371,87,3.3870311779021005
371,88,3.4524060577842413
371,89,3.518727064124874
371,90,3.5860479456735614
371,91,3.654567012490774
371,92,3.7243116469217528
371,93,3.795116025245496
371,94,3.8668244914193988
371,95,3.939446585119129
371,96,4.013069722151904
372,40,1.593039828482126
372,50,1.766453246549042
372,64,2.1511620520750054
372,65,2.1890243983302002
372,66,2.2291444090810906
372,67,2.2710922429063536
372,68,2.314762232765899
372,69,2.3601393186679647
372,70,2.4069361071119064
372,71,2.4544382208861952
372,72,2.5026579676801
372,73,2.5516350734531263
372,74,2.6017103318474133
372,75,2.652729566901103
372,76,2.7047686092197973
372,77,2.757816561342625
372,78,2.8117345685189994
372,79,2.8665335852150218
372,80,2.922383412869152
372,81,2.9793330400895304
372,82,3.037377883459028
372,83,3.0965593076756353
372,84,3.156715814455797
372,85,3.21769727424047
372,86,3.2795955240652646
372,87,3.342356946820228
372,88,3.4059858618722036
372,89,3.470522024042252
372,90,3.5360921900382287
372,91,3.602733146603091
372,92,3.67055819056635
372,93,3.7394407229566746
372,94,3.80924376359432
372,95,3.879933469849729
372,96,3.951648818481849
373,40,1.5798468679948319
373,50,1.7558522480495582
373,64,2.1624031910761583
373,65,2.2030150455229935
373,66,2.2456209067665602
373,67,2.2905994696293845
373,68,2.3378909941000177
373,69,2.387116483617543
373,70,2.4380481515933474
373,71,2.4898770710443525
373,72,2.542423942801779
373,73,2.5957468629293237
373,74,2.6499070015221635
373,75,2.7049544184482315
373,76,2.760985823420219
373,77,2.81819245696948
373,78,2.8763486973621735
373,79,2.9353111943962307
373,80,2.9951402250822756
373,81,3.0559050676862842
373,82,3.1177288544922437
373,83,3.180575579069055
373,84,3.2443266910532724
373,85,3.308923334666136
373,86,3.374412425507123
373,87,3.4407520829064513
373,88,3.5078770571081357
373,89,3.5758826856691366
373,90,3.6448262531808466
373,91,3.7147867082728085
373,92,3.7857821230189748
373,93,3.8577903716428104
373,94,3.930633118004385
373,95,4.004327637087344
373,96,4.0789718228246254
374,40,1.5986726970214362
374,50,1.7685347988521447
374,64,2.1716371015600404
374,65,2.2121357090962337
374,66,2.254532312456464
374,67,2.298535502504407
374,68,2.3439087233618783
374,69,2.390868776500658
374,70,2.4391042712757383
374,71,2.4882868717647093
374,72,2.538288142093295
374,73,2.5891132336594866
374,74,2.64094505848072
374,75,2.6937596584452574
374,76,2.7474912639171727
374,77,2.8022574542185406
374,78,2.857997514393134
374,79,2.9147167564095784
374,80,2.972533673999255
374,81,3.031487232932238
374,82,3.091547732587088
374,83,3.152731144803016
374,84,3.214884713491018
374,85,3.277840148052742
374,86,3.3416793066166997
374,87,3.406468891248605
374,88,3.4721536259811785
374,89,3.5387920790578127
374,90,3.606444764183026
374,91,3.6752189913083275
374,92,3.745171221291323
374,93,3.8162086716631842
374,94,3.888204565512254
374,95,3.961153124358907
374,96,4.035087402353339
375,40,1.601308165027524
375,50,1.7685525856959639
375,64,2.149528760125531
375,65,2.188243102466922
375,66,2.229166084746708
375,67,2.2723124765742595
375,68,2.3180237981047975
375,69,2.36640764425336
375,70,2.4163830954950676
375,71,2.4671877279772163
375,72,2.518637358640847
375,73,2.5707691215678765
375,74,2.6238290421715775
375,75,2.6778112167252686
375,76,2.732762207791276
375,77,2.7886445648496423
375,78,2.8453839764378452
375,79,2.903024905672879
375,80,2.9616905318811755
375,81,3.021459436312531
375,82,3.08247282939222
375,83,3.144573785111257
375,84,3.207685252657761
375,85,3.2716371128040134
375,86,3.33648568142421
375,87,3.4021792926723586
375,88,3.468735349201711
375,89,3.5362151467436433
375,90,3.604648926998669
375,91,3.6742892896374437
375,92,3.745045419519288
375,93,3.8168125547229113
375,94,3.889541223140007
375,95,3.963182231984094
375,96,4.037796503037807
376,40,1.5910468366186679
376,50,1.7662441834328484
376,64,2.153408126136153
376,65,2.191609854553485
376,66,2.231721294880735
376,67,2.2733448813903854
376,68,2.3166178997786786
376,69,2.361515924325888
376,70,2.407518151079997
376,71,2.454236504757884
376,72,2.501625136595555
376,73,2.549801565308563
376,74,2.598959842209609
376,75,2.6489878222754855
376,76,2.6998625747466325
376,77,2.751695604312472
376,78,2.8042961862532136
376,79,2.85778695410243
376,80,2.9122761072503147
376,81,2.967891555662827
376,82,3.02470382461025
376,83,3.082547973850544
376,84,3.1414188857130467
376,85,3.2012272609949526
376,86,3.261915568031754
376,87,3.3234953752417096
376,88,3.385943346026725
376,89,3.449322340435404
376,90,3.5136518844667353
376,91,3.579040033759878
376,92,3.645592193181784
376,93,3.713196808495407
376,94,3.781788737340329
376,95,3.8512751111075736
376,96,3.921793163646447
377,40,1.5892206898612886
377,50,1.76615123258227
377,64,2.1732122889769294
377,65,2.2146908528577134
377,66,2.2579495332724013
377,67,2.303091554270494
377,68,2.3501547311041078
377,69,2.398972847675581
377,70,2.449346711734914
377,71,2.5006264413599544
377,72,2.5527160159917104
377,73,2.6056966070871974
377,74,2.6597679726104473
377,75,2.7149202606518053
377,76,2.77119515401242
377,77,2.8285375251600318
377,78,2.8867985471459625
377,79,2.94590180821361
377,80,3.0059922806166073
377,81,3.067248784938067
377,82,3.1297240332181238
377,83,3.1932252002430674
377,84,3.2576150288066312
377,85,3.3228476135268057
377,86,3.3889831816621934
377,87,3.4560697050999893
377,88,3.5240389208867735
377,89,3.5929530410228567
377,90,3.662850158305943
377,91,3.7338966302586294
377,92,3.806112092183894
377,93,3.879324966767105
377,94,3.953374811249059
377,95,4.0282929349379355
377,96,4.104227294479253
378,40,1.5581051307715734
378,50,1.7505047064811974
378,64,2.167342097023539
378,65,2.207606286997668
378,66,2.2499184405693367
378,67,2.2941739926985645
378,68,2.3401316028041976
378,69,2.3880137487748394
378,70,2.437274622900577
378,71,2.4872328214246067
378,72,2.53793160111825
378,73,2.589488008963574
378,74,2.64201485771569
378,75,2.69564103635401
378,76,2.7502458675147095
378,77,2.8058540698714474
378,78,2.8623973817766597
378,79,2.9198916456552437
378,80,2.9783220635303147
378,81,3.037787243024646
378,82,3.0984751132075568
378,83,3.1603209362398994
378,84,3.2230203710237015
378,85,3.2865514182510163
378,86,3.3510474523399476
378,87,3.416542887484195
378,88,3.4829688252881343
378,89,3.5502946412704492
378,90,3.618572627721072
378,91,3.6878965085247124
378,92,3.758367974883625
378,93,3.8297929974094176
378,94,3.902092774227992
378,95,3.975261363061125
378,96,4.04947035710166
379,40,1.588005115514045
379,50,1.7639189623578604
379,64,2.160452117614144
379,65,2.2004612030820496
379,66,2.2427177685764694
379,67,2.286849905364299
379,68,2.3332435143073265
379,69,2.3815668257474254
379,70,2.4314218742604727
379,71,2.4821174997693767
379,72,2.533425433968805
379,73,2.5854078726873695
379,74,2.638340010185982
379,75,2.6922554666853675
379,76,2.747144752355917
379,77,2.802949663556518
379,78,2.859576926737231
379,79,2.91714523746299
379,80,2.9756400067079936
379,81,3.0350853328665597
379,82,3.095651289664696
379,83,3.1571955235846154
379,84,3.219549490908405
379,85,3.282645804833196
379,86,3.346569948802383
379,87,3.411300150655676
379,88,3.4768287478420823
379,89,3.5431826176982195
379,90,3.610543891045734
379,91,3.6790130843988886
379,92,3.748544985587376
379,93,3.819087037612315
379,94,3.8905439551113297
379,95,3.9628880921003886
379,96,4.036119262851443
380,40,1.5837980549608899
380,50,1.7641194066888861
380,64,2.168246952537828
380,65,2.2077803375593303
380,66,2.249301674986428
380,67,2.2928392992058733
380,68,2.33835970335521
380,69,2.3856657269654953
380,70,2.4343498911038854
380,71,2.4838411144446297
380,72,2.534108443445514
380,73,2.5851590308892596
380,74,2.63708319068082
380,75,2.6899532716284345
380,76,2.7437616592304015
380,77,2.798482816091291
380,78,2.8540762442688257
380,79,2.9105819803673936
380,80,2.9680757441648002
380,81,3.026610981809311
380,82,3.0862611294919544
380,83,3.146945922840743
380,84,3.2085757840059967
380,85,3.271075074846168
380,86,3.334438703059072
380,87,3.398644307323954
380,88,3.463735047086203
380,89,3.529720126647848
380,90,3.596701211890193
380,91,3.664762814465222
380,92,3.7339940679513495
380,93,3.8042720259598415
380,94,3.8754242919893205
380,95,3.9474632123393154
380,96,4.020530970462283
381,40,1.5943654669021703
381,50,1.7645969075021097
381,64,2.1552424165727424
381,65,2.1947582141485174
381,66,2.236148342040234
381,67,2.2791586262379813
381,68,2.324092759692089
381,69,2.370857148237027
381,70,2.418960327364037
381,71,2.4677543696782145
381,72,2.5172782502694875
381,73,2.567639663755517
381,74,2.6189430645855585
381,75,2.6712479130349815
381,76,2.7245623996455506
381,77,2.778860317963609
381,78,2.8340272593982085
381,79,2.8901230116611316
381,80,2.9472239996966545
381,81,3.005443146435474
381,82,3.064810090589825
381,83,3.125248268308191
381,84,3.186657554517853
381,85,3.248954266500819
381,86,3.312140020087003
381,87,3.3762399232081677
381,88,3.4412074503536663
381,89,3.507085173739327
381,90,3.5739798018200624
381,91,3.641990878899202
381,92,3.711283886555422
381,93,3.7816109760167222
381,94,3.852798482973056
381,95,3.9248355795705985
381,96,3.9977908839095724
382,40,1.5799943539680394
382,50,1.7558833003498127
382,64,2.1597701066310107
382,65,2.200237218452515
382,66,2.242544988740013
382,67,2.2864242465363676
382,68,2.3320389520624873
382,69,2.379357262458898
382,70,2.4279284339304184
382,71,2.4773835881818393
382,72,2.527523546690911
382,73,2.5784953580784666
382,74,2.630484505314822
382,75,2.6835142493384923
382,76,2.7374830955413145
382,77,2.7924402981781777
382,78,2.848243576116657
382,79,2.9049404968620323
382,80,2.9625718241054093
382,81,3.021194976892699
382,82,3.080828302415782
382,83,3.1415558814248303
382,84,3.203250880110698
382,85,3.2657366261852134
382,86,3.3291233031192418
382,87,3.393376469568491
382,88,3.4584953268156298
382,89,3.524508927489425
382,90,3.591428353751299
382,91,3.659337591539221
382,92,3.728354233736917
382,93,3.7983414847762313
382,94,3.8692174186085255
382,95,3.940946934399169
382,96,4.013599435513113
383,40,1.6092624341623143
383,50,1.772470903588655
383,64,2.1644134195764657
383,65,2.204391471990149
383,66,2.246349470123069
383,67,2.2899700962816394
383,68,2.3355800410198198
383,69,2.383084572865784
383,70,2.4321899644534595
383,71,2.4823048614107193
383,72,2.5333134893638336
383,73,2.5852061045830346
383,74,2.638038558563993
383,75,2.691852432406531
383,76,2.746753833302477
383,77,2.802716604269605
383,78,2.859583500572828
383,79,2.9174106413810508
383,80,2.9762374746786024
383,81,3.036209821884853
383,82,3.0975602587328455
383,83,3.1601121332242004
383,84,3.2236455011533103
383,85,3.288064578235592
383,86,3.3533493605512517
383,87,3.419497065469934
383,88,3.4865428523740447
383,89,3.5546032446986677
383,90,3.6237012309652954
383,91,3.6938494558313315
383,92,3.76509680190535
383,93,3.8374229918065055
383,94,3.910670478756839
383,95,3.984781163880025
383,96,4.0599662470296884
384,40,1.5695256047199377
384,50,1.753344298366656
384,64,2.159369928222711
384,65,2.199852953476082
384,66,2.2422296276674674
384,67,2.2867217503879886
384,68,2.333338397348001
384,69,2.381707067021182
384,70,2.431510765822079
384,71,2.4821293020466086
384,72,2.5335279178585184
384,73,2.5856513511645924
384,74,2.638633370805382
384,75,2.692619147998708
384,76,2.7475272678097657
384,77,2.803426134724676
384,78,2.8601958286153426
384,79,2.917791249006174
384,80,2.976338607688465
384,81,3.03596969563337
384,82,3.096859363441451
384,83,3.158908334593229
384,84,3.221861473566486
384,85,3.285663669285337
384,86,3.3503565964888367
384,87,3.4159609484048277
384,88,3.4824179716592667
384,89,3.5497617148718943
384,90,3.6181058936571953
384,91,3.6875361148026693
384,92,3.7580849109665744
384,93,3.8296253728536414
384,94,3.9021124970691843
384,95,3.975482945765961
384,96,4.049904488717386
385,40,1.615250047467282
385,50,1.7779235060288732
385,64,2.158669877488613
385,65,2.1971397417890906
385,66,2.2376198268874274
385,67,2.280257013595543
385,68,2.325475607795582
385,69,2.3726451977321052
385,70,2.4214885920046587
385,71,2.4712390586371593
385,72,2.521686519117864
385,73,2.5728263166070517
385,74,2.6249451423180394
385,75,2.678117741214769
385,76,2.732331653053087
385,77,2.7874931848980316
385,78,2.843549438829749
385,79,2.900478795268274
385,80,2.958305798079289
385,81,3.0171095955823555
385,82,3.077089712207659
385,83,3.1380997436443625
385,84,3.199966997049432
385,85,3.262653082379491
385,86,3.3261694588575628
385,87,3.390545228895265
385,88,3.455720414227688
385,89,3.5218224862702843
385,90,3.5889212653811455
385,91,3.657018612395684
385,92,3.72634615328048
385,93,3.7966647904938675
385,94,3.867892918721968
385,95,3.9400067531496763
385,96,4.013055843310371
386,40,1.6167232710094344
386,50,1.781937062249852
386,64,2.1647279535572035
386,65,2.203462502549577
386,66,2.244017023287557
386,67,2.286440375778113
386,68,2.3308355580897717
386,69,2.3773899438441086
386,70,2.425383401346707
386,71,2.474299494931085
386,72,2.5238674221333173
386,73,2.5741710580584596
386,74,2.625371873357632
386,75,2.6775284304683886
386,76,2.7306169970507845
386,77,2.7847808833985237
386,78,2.839962236198766
386,79,2.8960534459290406
386,80,2.953098731403934
386,81,3.0112311245832
386,82,3.070588720937449
386,83,3.131060597985285
386,84,3.1925298221860867
386,85,3.2548227587393153
386,86,3.317984842449821
386,87,3.382043514492051
386,88,3.4469847624218373
386,89,3.5128583230544446
386,90,3.5797005985713897
386,91,3.6476353221788544
386,92,3.716823521789599
386,93,3.7870532049875187
386,94,3.8582157285808076
386,95,3.930303111528707
386,96,4.003397808817287
387,40,1.577302406839301
387,50,1.753742677733867
387,64,2.155880178660497
387,65,2.1962971329702183
387,66,2.238956689503361
387,67,2.2836419505713565
387,68,2.3298917121194753
387,69,2.3781816554370154
387,70,2.428142361469474
387,71,2.479175840119301
387,72,2.5310695555347564
387,73,2.58388195022647
387,74,2.6377375394298275
387,75,2.692538633213749
387,76,2.748393387947911
387,77,2.805205216515295
387,78,2.862876441961677
387,79,2.9213978954187305
387,80,2.9807896756670775
387,81,3.0412186537750703
387,82,3.102821529255178
387,83,3.16556552944287
387,84,3.229292969874199
387,85,3.293910314296511
387,86,3.3594131105639446
387,87,3.4257962305716116
387,88,3.4930522816267784
387,89,3.5612073829036173
387,90,3.630343771749085
387,91,3.700526808957582
387,92,3.7720267127016704
387,93,3.844623760603209
387,94,3.9181690212289464
387,95,3.992647928330694
387,96,4.068197592288097
388,40,1.602697652678984
388,50,1.7747199913492893
388,64,2.1609394255050303
388,65,2.2001949067851387
388,66,2.2413950242342366
388,67,2.2844485847895664
388,68,2.3295965579813664
388,69,2.376778258420118
388,70,2.42540458534062
388,71,2.474830405436623
388,72,2.524931161156246
388,73,2.575756597562
388,74,2.627484219694957
388,75,2.6800976232604037
388,76,2.733606914449016
388,77,2.7880427898606897
388,78,2.8433949990741207
388,79,2.899677845266053
388,80,2.9569551906544653
388,81,3.015384554374024
388,82,3.075061406363541
388,83,3.135798806448636
388,84,3.197524193001575
388,85,3.260074845908502
388,86,3.32352260871886
388,87,3.387890509994726
388,88,3.453112475588987
388,89,3.519266896171252
388,90,3.5864235519317065
388,91,3.6545854153427317
388,92,3.7238780898716004
388,93,3.794173629167024
388,94,3.8654016279749426
388,95,3.9375528988951825
388,96,4.0106405107233885
389,40,1.5856912334045092
389,50,1.761693960650347
389,64,2.1695535219740796
389,65,2.2116257896264533
389,66,2.2558349459995064
389,67,2.301863632838578
389,68,2.349703806163406
389,69,2.3993414993116504
389,70,2.4503024847903827
389,71,2.502184881749666
389,72,2.555024325796871
389,73,2.6089343344692577
389,74,2.663828644763412
389,75,2.7196863870714805
389,76,2.776566817090825
389,77,2.8344840215180294
389,78,2.893395845243174
389,79,2.9532920355934404
389,80,3.0142996835131504
389,81,3.0763865282693423
389,82,3.1396775403246453
389,83,3.2042140885699912
389,84,3.2697512292389126
389,85,3.3362073769278133
389,86,3.4035998235027347
389,87,3.4719755283851175
389,88,3.541218690295817
389,89,3.6114466042631794
389,90,3.6826505106800687
389,91,3.7550028064876937
389,92,3.8285170370501382
389,93,3.903063687072775
389,94,3.978540677304148
389,95,4.054892416442475
389,96,4.132314048651396
390,40,1.5887240023223963
390,50,1.7598547438230883
390,64,2.1459718417405242
390,65,2.18519726429727
390,66,2.2265758072442887
390,67,2.2701017391899763
390,68,2.316257507093746
390,69,2.3644745264155183
390,70,2.4144738170508853
390,71,2.465324652545536
390,72,2.5167683818889883
390,73,2.5689035957625577
390,74,2.6218090703897325
390,75,2.675577472626061
390,76,2.7302365561418114
390,77,2.785797290627593
390,78,2.842099848868073
390,79,2.8991972604277736
390,80,2.957141247781009
390,81,3.0159628724839362
390,82,3.0757738224880216
390,83,3.1366455934691873
390,84,3.198422197488142
390,85,3.26101374619483
390,86,3.3244468181179743
390,87,3.388727646466704
390,88,3.4538430460154945
390,89,3.519824564519367
390,90,3.586747849830636
390,91,3.6547065730266044
390,92,3.7237774404503874
390,93,3.793891432312793
390,94,3.864965409879552
390,95,3.9369591179121572
390,96,4.009906149565298
391,40,1.5952763231943434
391,50,1.769784112362239
391,64,2.1830512675624427
391,65,2.2243503601531263
391,66,2.2675781281679863
391,67,2.3125970903637647
391,68,2.3596094572293373
391,69,2.408783315692951
391,70,2.459278930903775
391,71,2.5107480858751527
391,72,2.563107701470677
391,73,2.6163737925403145
391,74,2.6705691194157812
391,75,2.7257178655568732
391,76,2.7819368436120806
391,77,2.839193686602057
391,78,2.8974598151014703
391,79,2.9566883727638427
391,80,3.0168934454367613
391,81,3.0782525562975334
391,82,3.1409487901587925
391,83,3.2046916068430793
391,84,3.2692635360450373
391,85,3.3347044240432866
391,86,3.4010786385596443
391,87,3.468393465871966
391,88,3.536530319670785
391,89,3.605608902775985
391,90,3.6756880806534804
391,91,3.746943253135359
391,92,3.819355201524436
391,93,3.8928424841856457
391,94,3.967309412463974
391,95,4.042649779167323
391,96,4.1188951860048775
392,40,1.5935935055874926
392,50,1.7655669191045587
392,64,2.1617958948739124
392,65,2.2017977949571663
392,66,2.2436712300085517
392,67,2.2872502187236146
392,68,2.3328714821704306
392,69,2.380791611388885
392,70,2.430454221511946
392,71,2.4809097251930368
392,72,2.5320260611731147
392,73,2.584064139573114
392,74,2.637229732893159
392,75,2.6915208589308306
392,76,2.7468391803358574
392,77,2.80313830846082
392,78,2.860367334757847
392,79,2.918505283509228
392,80,2.977630356911808
392,81,3.037786298787762
392,82,3.0991708741777373
392,83,3.1616051919321455
392,84,3.2248990190485056
392,85,3.2890574472676857
392,86,3.3541666109099086
392,87,3.4201881254005038
392,88,3.487076819491457
392,89,3.5549041012836677
392,90,3.6237558228207494
392,91,3.6938815723113567
392,92,3.7651354661832435
392,93,3.837399982623417
392,94,3.910616206952718
392,95,3.9847901400116164
392,96,4.060093391929
393,40,1.5636636149668832
393,50,1.7467462877053423
393,64,2.163259340347292
393,65,2.2053567487175063
393,66,2.249570754597846
393,67,2.2956030861883057
393,68,2.343807498601709
393,69,2.3940212368612444
393,70,2.445379704246053
393,71,2.497716591722475
393,72,2.5510399781040136
393,73,2.605222513100195
393,74,2.6603003782289
393,75,2.7162662446869312
393,76,2.7733170132646032
393,77,2.8312835572175095
393,78,2.890040869003871
393,79,2.949739939957278
393,80,3.010402506169441
393,81,3.072097314116248
393,82,3.1349632575006385
393,83,3.1989269536031664
393,84,3.2638248083283576
393,85,3.329534801335284
393,86,3.396133466633144
393,87,3.46359615858726
393,88,3.5319326993171143
393,89,3.601175383705991
393,90,3.671402259769428
393,91,3.7427520209449074
393,92,3.815340725720791
393,93,3.8889786680993454
393,94,3.9635857020769523
393,95,4.039131788679191
393,96,4.115628672496967
394,40,1.5963434843569522
394,50,1.767204791586892
394,64,2.1615019056066362
394,65,2.2015758166798016
394,66,2.243648370454569
394,67,2.287701134443349
394,68,2.3336736547401657
394,69,2.3815370717821285
394,70,2.4306529677414774
394,71,2.4805317096669777
394,72,2.531129341776345
394,73,2.5825647102424694
394,74,2.635033290660471
394,75,2.6885014362384902
394,76,2.7429555832836554
394,77,2.7984107093318524
394,78,2.8547911825374594
394,79,2.9121023486919615
394,80,2.9704167739368437
394,81,3.0299535699252096
394,82,3.0907922184559
394,83,3.1527866309730666
394,84,3.215705927013136
394,85,3.2794369640746894
394,86,3.3441177644235554
394,87,3.409742132606332
394,88,3.476194481076842
394,89,3.543591607550155
394,90,3.6119777873066017
394,91,3.6813628221380426
394,92,3.75187693400707
394,93,3.823406787459892
394,94,3.895912781572073
394,95,3.9693420421074386
394,96,4.043696760654402
395,40,1.5789460903203762
395,50,1.7573413818872181
395,64,2.171871497289479
395,65,2.2140619241080532
395,66,2.2581621094120234
395,67,2.304062445943918
395,68,2.3514882788581786
395,69,2.400529302402445
395,70,2.4509217225163624
395,71,2.502139231756675
395,72,2.554185368629735
395,73,2.6070792476940863
395,74,2.66096827700943
395,75,2.715930829890874
395,76,2.7718907959102705
395,77,2.8287928176561055
395,78,2.8866924879466223
395,79,2.9455392641432456
395,80,3.005391837686166
395,81,3.0663328022151433
395,82,3.1285397888363997
395,83,3.1918471768628947
395,84,3.25608795816839
395,85,3.3211671950011157
395,86,3.387169349695499
395,87,3.454133265770823
395,88,3.5219898208748384
395,89,3.590780799720407
395,90,3.6605784170378186
395,91,3.7315485984259005
395,92,3.803623613423195
395,93,3.876741201162849
395,94,3.950835874730249
395,95,4.025846190324589
395,96,4.102006549886809
396,40,1.5862966723637872
396,50,1.762277301316869
396,64,2.165804434623931
396,65,2.2060885892157085
396,66,2.2482803739273614
396,67,2.2922090760716527
396,68,2.338053670281713
396,69,2.38588090004229
396,70,2.434967966002621
396,71,2.484864053812229
396,72,2.535698884199163
396,73,2.5874587418422057
396,74,2.640223601047954
396,75,2.6940113950682707
396,76,2.7488710253863324
396,77,2.8046534487230703
396,78,2.861314427764942
396,79,2.918866781651776
396,80,2.97750865910375
396,81,3.037362720194152
396,82,3.0985144726679907
396,83,3.160801239906231
396,84,3.2240023473244013
396,85,3.2881021185518877
396,86,3.353091366699436
396,87,3.418986584797654
396,88,3.4857684421345563
396,89,3.5534764777178225
396,90,3.6221691907077025
396,91,3.6919350635976618
396,92,3.7628080802986315
396,93,3.8346962832588893
396,94,3.9075073600511745
396,95,3.9811692799583374
396,96,4.055732395463397
397,40,1.617431492337973
397,50,1.7766013727268306
397,64,2.157379995386366
397,65,2.197029293903558
397,66,2.2388035516600304
397,67,2.2824721782994013
397,68,2.3284384765304877
397,69,2.3766611565718576
397,70,2.4261932230191166
397,71,2.476599700494473
397,72,2.527680552256146
397,73,2.5795351772666155
397,74,2.63231501611201
397,75,2.685994762170163
397,76,2.7406514335779666
397,77,2.796244554223368
397,78,2.852722606515615
397,79,2.9101058253918044
397,80,2.968506209640065
397,81,3.0280340491661804
397,82,3.0887933014178843
397,83,3.1506569364171657
397,84,3.2135043935287406
397,85,3.277203257547069
397,86,3.34175487003972
397,87,3.4071918882102326
397,88,3.473528735046533
397,89,3.5408227589710184
397,90,3.609084994404699
397,91,3.6784436684180957
397,92,3.7491482127060296
397,93,3.8209372037796334
397,94,3.8936184446335425
397,95,3.9671968495210375
397,96,4.041753745738176
398,40,1.5873943599942393
398,50,1.762036246223004
398,64,2.1574742191349774
398,65,2.197546169619592
398,66,2.239401316267728
398,67,2.2829488261617477
398,68,2.3280518359339495
398,69,2.374996929708089
398,70,2.423252810179665
398,71,2.4722844534823674
398,72,2.522024066280686
398,73,2.5725915944710778
398,74,2.624193932840924
398,75,2.6767407489307944
398,76,2.730175497851763
398,77,2.784574398595837
398,78,2.8398740586426263
398,79,2.8960066987178243
398,80,2.9530094831662685
398,81,3.01099503989346
398,82,3.070209393640556
398,83,3.1304536614691862
398,84,3.1915127553784397
398,85,3.2533699307502193
398,86,3.3161141052747354
398,87,3.3796978257025563
398,88,3.444105124540898
398,89,3.5093798925788064
398,90,3.5756114740905733
398,91,3.642978757313301
398,92,3.7115721258899597
398,93,3.781131614830547
398,94,3.851556137850886
398,95,3.922849426452236
398,96,3.9951461292171624
399,40,1.6005456541169023
399,50,1.770380638172128
399,64,2.1672956080567127
399,65,2.207614345784148
399,66,2.2497516490632155
399,67,2.293589003116924
399,68,2.339181089793541
399,69,2.386934522775007
399,70,2.4363681335804688
399,71,2.486641233840382
399,72,2.5375881823074256
399,73,2.5893289871874385
399,74,2.642041791408731
399,75,2.695783868936725
399,76,2.7505269367245018
399,77,2.8063193643118325
399,78,2.8630951811691165
399,79,2.9207544317400354
399,80,2.979346266819735
399,81,3.0389243673213873
399,82,3.0995659188097333
399,83,3.161319080056071
399,84,3.2240707823585684
399,85,3.2876952589823127
399,86,3.35219630773127
399,87,3.4176103241056124
399,88,3.483821781788214
399,89,3.550968966039407
399,90,3.619080186792843
399,91,3.688257752792075
399,92,3.7587001758424408
399,93,3.8302051229406855
399,94,3.902626695169439
399,95,3.9759214592987746
399,96,4.050243977540671
