mechanism,workload,propagation_time_s,execution_time_s,floor_rate,balanced_floor_rate,safe_payload_bytes,execution_capacity_gas,payload_capacity_gas,safe_common_limit,physical_binding_constraint,shared_limit,shared_target,target_limit_ratio,n_replications,burn_in_blocks,measured_blocks,daily_block_length,equilibrium_fee_wei,equilibrium_floor_bounded,equilibrium_binding_branch,equilibrium_regular_gas,equilibrium_state_gas,equilibrium_execution_gas,equilibrium_data_gas,m_execution,m_data,m_state,included_execution,included_execution_p05,included_execution_p95,included_data,included_data_p05,included_data_p95,included_state,included_state_p05,included_state_p95,included_execution_metered,included_execution_metered_p05,included_execution_metered_p95,included_data_metered,included_data_metered_p05,included_data_metered_p95,included_state_metered,included_state_metered_p05,included_state_metered_p95,included_regular_metered,included_regular_metered_p05,included_regular_metered_p95,shared_gas_used,shared_gas_used_p05,shared_gas_used_p95,shared_target_utilisation,shared_target_utilisation_p05,shared_target_utilisation_p95,shared_fee_wei,shared_fee_wei_p05,shared_fee_wei_p95,shared_fee_log_return_sd,shared_fee_log_return_sd_p05,shared_fee_log_return_sd_p95,shared_limit_hit_fraction,shared_limit_hit_fraction_p05,shared_limit_hit_fraction_p95,shared_near_limit_fraction,shared_near_limit_fraction_p05,shared_near_limit_fraction_p95,shared_fee_floor_bounded_fraction,shared_fee_floor_bounded_fraction_p05,shared_fee_floor_bounded_fraction_p95,shared_target_deviation,shared_target_deviation_p05,shared_target_deviation_p95,shared_rationed_gas,shared_rationed_gas_p05,shared_rationed_gas_p95,regular_binding_fraction,regular_binding_fraction_p05,regular_binding_fraction_p95,runtime_bal_bytes,runtime_bal_bytes_p05,runtime_bal_bytes_p95,runtime_bal_floor_gas,runtime_bal_floor_gas_p05,runtime_bal_floor_gas_p95,base_fee_burn_eth_per_block,base_fee_burn_eth_per_block_p05,base_fee_burn_eth_per_block_p95,base_fee_exposure_proxy_eth_per_block,base_fee_exposure_proxy_eth_per_block_p05,base_fee_exposure_proxy_eth_per_block_p95,equilibrium_log_rmse,equilibrium_log_rmse_p05,equilibrium_log_rmse_p95
shared_fee_8131_8279,full_multiscale_60d,3.0,6.0,96,95.02262443438914,5619286.0,600000000.0,539451456.0,533959303.1674208,transfer payload,50000000.0,25000000.0,0.5,32,7200,50400,8,2006587788.0675867,False,regular,24999999.999999605,6220249.454845206,23236024.52470252,1763975.4752970845,1.4479558695732846,4.032547620151323,5.656315259465248,16143654.336157069,15943806.145322906,16315053.475659708,432603.83118840575,386101.3749431179,509271.3263986248,1121306.0497906962,920526.510477376,1395535.888696757,23375299.052400835,23085927.6914587,23623477.44248362,1744495.5499271494,1556972.1806640201,2053660.875280083,6342460.519961832,5206788.147955478,7893590.942366912,25119794.602328025,24974946.920738347,25221757.84099637,25262297.193620265,25241581.47456305,25291305.639330525,1.0104918877448106,1.009663258982522,1.011652225573221,3748223785.7766614,1791986388.002532,8421717208.724941,0.05100530986377387,0.04898501141449643,0.05320981284309721,0.027203621031746034,0.021574404761904763,0.03306448412698413,0.03311321924603175,0.026530753968253967,0.04046924603174603,0.0,0.0,0.0,0.31861629100881056,0.3029153259810649,0.3357612293071696,105489.14272523855,67605.21788639706,139101.81730313276,0.9836458333333333,0.9649186507936508,0.9941984126984127,74509.80942685711,73407.82855743474,75428.22007172185,7152941.704978283,7047151.541513735,7241109.126885298,0.0937057269533403,0.04479497151354974,0.21054072221242426,0.11234588121398836,0.055237045528867545,0.24554579425700995,1.055975950392684,0.8001907148446676,1.4164294358643978
shared_fee_8131_8279,full_multiscale_60d,3.0,6.0,96,95.02262443438914,5619286.0,600000000.0,539451456.0,533959303.1674208,transfer payload,75000000.0,37500000.0,0.5,32,7200,50400,8,88961794.74952982,False,regular,37499999.999999434,17658916.77992371,33893947.85903833,3606052.140961105,1.4479558695732846,4.032547620151323,5.656315259465248,23174515.471841834,22644689.825870566,23571511.870393783,855612.8113685556,769451.8816875236,1009811.9420907076,2939892.6028557476,2472443.981734126,3527536.3350206474,33555675.70197023,32788511.548035797,34130508.96745283,3450299.4062552536,3102851.3543199827,4072114.7438782714,16628959.390721984,13984922.622055832,19952857.600095265,37005975.10822551,36309417.31075427,37451126.70403038,37901472.65774746,37869234.122837655,37944486.76410536,1.0107059375399323,1.0098462432756707,1.0118529803761427,185390806.14861077,89049861.80694078,394618411.92073154,0.05155698532189783,0.049410090272320434,0.05396631651454169,0.029382440476190475,0.02390079365079365,0.03596428571428571,0.03533048115079365,0.029048611111111112,0.04220833333333333,0.0,0.0,0.0,0.32259349329518383,0.3062222093467761,0.3410387786509109,285296.54937640775,155880.42783749764,449115.9558598195,0.9351500496031746,0.8918511904761905,0.9650972222222223,110434.72489800633,108576.75619358258,112535.45582106322,10601733.590208607,10423368.594583927,10803403.758822069,0.0069521522562457465,0.0033389052273973584,0.014798095467219205,0.009476669173502922,0.004834011210103046,0.01943500245075106,1.0210638147744446,0.7696620390755623,1.4219901771849919
shared_fee_8131_8279,full_multiscale_60d,3.0,6.0,96,95.02262443438914,5619286.0,600000000.0,539451456.0,533959303.1674208,transfer payload,100000000.0,50000000.0,0.5,32,7200,50400,8,10187467.497035936,False,regular,49999999.99999921,36485227.67286612,44070740.95137499,5929259.048624221,1.4479558695732846,4.032547620151323,5.656315259465248,29217637.506430306,28263299.164659336,30000325.259248465,1328108.6908754515,1199760.624057472,1574649.2643597596,5405489.474376495,4674326.717624921,6204724.453165885,42305849.72250043,40924009.91897429,43439147.04823696,5355661.54069211,4838091.849294238,6349848.143567034,30575152.598794788,26439465.540628143,35095877.605219744,47661511.263192505,46087547.42076175,48844146.762285754,50557553.937224306,50510789.1305058,50614964.59753707,1.0111510787444864,1.0102157826101161,1.0122992919507414,28029038.779387858,14555268.27074911,55208843.41843755,0.05267230145742006,0.05044370403991621,0.05513935482734216,0.0328844246031746,0.025785714285714287,0.04119543650793651,0.03879898313492064,0.03199702380952381,0.04828670634920635,0.0,0.0,0.0,0.3321753944677508,0.31431578663199744,0.3516156329122203,752711.7202995367,418955.8833427367,1203405.93634145,0.8487568204365079,0.7734742063492064,0.9081001984126984,143658.6067449118,140372.8662325672,147380.768791377,13791226.247511532,13475795.158326453,14148553.803972192,0.0014014420781184181,0.0007276974488199244,0.0027602912985022626,0.00209551151323528,0.001118119780058951,0.003993834453206703,1.0579029227682615,0.7612189729647181,1.517788606896531
shared_fee_8131_8279,full_multiscale_60d,3.0,6.0,96,95.02262443438914,5619286.0,600000000.0,539451456.0,533959303.1674208,transfer payload,125000000.0,62500000.0,0.5,32,7200,50400,8,2041657.8574558252,False,state,62120584.112113014,62500000.00000275,53546380.709798254,8574203.402314762,1.4479558695732846,4.032547620151323,5.656315259465248,34205920.540318206,32585307.34968481,35619337.99225557,1796251.7318589115,1609637.063023591,2140954.2039418034,8172811.590380353,7283849.86084538,9024026.189047985,49528663.42051111,47182087.038825795,51575229.516200356,7243470.646500343,6490938.107803112,8633499.779958546,46227998.91140327,41199751.11555381,51042737.03492697,56772134.06701143,53940061.29174919,58931956.28881035,63238664.736406535,63181157.3381103,63311438.15840976,1.0118186357825045,1.0108985174097647,1.012983010534556,8142847.228716106,4167081.133593811,16928061.19075352,0.05425503200768532,0.0520534867965658,0.05679902668338335,0.038931051587301584,0.03100297619047619,0.04831150793650794,0.044430183531746034,0.03637103174603175,0.0530515873015873,0.0,0.0,0.0,0.34569818722570866,0.3277860288565471,0.3684757741125858,1554326.0822460335,938758.5411847373,2315536.3911506524,0.7369370039682539,0.6330277777777777,0.820750992063492,172980.88320705754,167560.83263499915,177953.0508670978,16606164.787877522,16085839.93295992,17083492.88324139,0.0005089210272898731,0.0002604161146760163,0.0010580082249207704,0.000792875926471459,0.00042183995750330193,0.0016093778439823516,1.19940492564923,0.8736968475758777,1.647232926488058
shared_fee_8131_8279,full_multiscale_60d,3.0,6.0,96,95.02262443438914,5619286.0,600000000.0,539451456.0,533959303.1674208,transfer payload,150000000.0,75000000.0,0.5,32,7200,50400,8,1184472.6608413283,False,state,66913082.369939044,75000000.00000046,57197805.08629793,9715277.283641119,1.4479558695732846,4.032547620151323,5.656315259465248,38270230.965855315,36000033.72577044,40268592.90708447,2232376.9843558795,1992900.5393037507,2669650.621008241,10993166.232060764,10067632.739284202,11781846.73499479,55413605.556935444,52126460.13806597,58307145.45927045,9002166.495544877,8036466.326967574,10765493.258382207,62180813.90824072,56945704.68990331,66641839.471827656,64415772.05248034,60334241.42311254,67671557.63977526,75938458.20883408,75868734.42987536,76029562.37796791,1.0125127761177877,1.0115831257316714,1.0137274983729054,3468671.9868212296,1717859.2501083668,6755735.270679415,0.055833729236962226,0.05375742149989054,0.05844740543970648,0.04663628472222223,0.03790277777777778,0.05708730158730158,0.05165302579365079,0.0430406746031746,0.06218452380952381,0.0,0.0,0.0,0.35903183157360163,0.34116023945358653,0.3826113974843235,2621912.0595017513,1750630.453938185,3684701.746315218,0.6123040674603174,0.49433432539682537,0.711531746031746,198342.09890050854,189901.3702948975,204630.63090073023,19040841.49444882,18230531.548310157,19644540.5664701,0.00026014562116395625,0.0001288370978131935,0.0005066799593260006,0.0004077733830787349,0.0002087729109008568,0.0007833493031089578,1.069632905247846,0.8443510701878952,1.3873786751311776
shared_fee_8131_8279,full_multiscale_60d,3.0,6.0,96,95.02262443438914,5619286.0,600000000.0,539451456.0,533959303.1674208,transfer payload,175000000.0,87500000.0,0.5,32,7200,50400,8,747485.4019818847,False,state,71276363.86782265,87500000.00000663,60478631.076628886,10797732.791193763,1.4479558695732846,4.032547620151323,5.656315259465248,41601178.19764292,38779833.09119672,44144680.63877389,2627213.812642092,2324394.990312893,3144399.406474543,13734030.579830127,12866290.700562049,14411138.055770803,60236670.15244128,56151486.94547092,63919549.44135098,10594364.807798535,9373233.486477926,12679940.343384052,77684006.7426569,72775796.42230591,81513940.09111953,70831034.9602399,65643553.89145738,74994926.05298711,88645896.35032734,88562117.54034445,88753748.47833383,1.0130959582894554,1.012138486175365,1.0143285540381008,1846154.3112866646,847444.1545912306,3459363.754609982,0.05712330157797549,0.05515512472973108,0.05968951351885101,0.05427579365079365,0.04506150793650794,0.0650188492063492,0.05897755456349206,0.0498640873015873,0.06968353174603174,0.0,0.0,0.0,0.3697993658848264,0.35294475867731223,0.3927132402681977,3825434.7256313274,2737666.5790544213,5126934.4394775815,0.49003782242063487,0.3739880952380953,0.6022430555555555,220249.04884082085,209048.56582118513,229869.6500546678,21143908.688718803,20068662.318833772,22067486.40524811,0.00016153504154058543,7.414959002257286e-05,0.0003026924365274363,0.0002507204982283342,0.00012091899688785201,0.0004585678958641838,1.0674599524354829,0.8896731030681654,1.3405710679652527
shared_fee_8131_8279,full_multiscale_60d,3.0,6.0,96,95.02262443438914,5619286.0,600000000.0,539451456.0,533959303.1674208,transfer payload,200000000.0,100000000.0,0.5,32,7200,50400,8,501674.6078754611,False,state,75304754.83021508,99999999.99999495,63472340.56784292,11832414.262372158,1.4479558695732846,4.032547620151323,5.656315259465248,44393779.601159394,41131599.55472105,47376978.08854836,2983673.0467066313,2614917.542692212,3570129.4817764517,16361342.537919361,15589420.946137471,16918923.46707357,64280233.74604149,59556741.00019614,68599773.5059581,12031803.643806484,10544779.513675384,14396717.145369763,92544911.46257296,88178679.58386658,95698764.98053497,76312037.38984804,70203256.32799453,81229583.39964992,101354310.52313152,101260855.18027847,101478365.44424067,1.013543105231315,1.0126085518027845,1.014783654442407,1122810.8167708088,498940.35074082215,2130819.7749927836,0.05809382903646322,0.05610173005478571,0.06060853896602545,0.06079241071428571,0.05275694444444444,0.07149801587301588,0.06543774801587302,0.05709325396825397,0.07622420634920635,0.0,0.0,0.0,0.37770690055125816,0.36066569282852634,0.39976677270433686,5058813.724003505,3791545.0489859954,6533027.076992591,0.38512338789682543,0.2820525793650794,0.498094246031746,239480.7865502782,225934.90455177132,251679.42130997553,22990155.50882671,21689750.83697005,24161224.44575765,0.00011227843535809873,4.98928401383255e-05,0.0002130802367459328,0.0001716239020273139,8.06735008697864e-05,0.00031366602105743725,1.097836459876718,0.9423241431588185,1.3356159435168382
shared_fee_8131_8279,full_multiscale_60d,3.0,6.0,96,95.02262443438914,5619286.0,600000000.0,539451456.0,533959303.1674208,transfer payload,225000000.0,112500000.0,0.5,32,7200,50400,8,352911.6609491433,False,state,79062810.79351595,112500000.00000536,66235747.7973526,12827062.996163353,1.4479558695732846,4.032547620151323,5.656315259465248,46804687.43118699,43192737.56366459,50132450.31152535,3309184.583163335,2879688.0649445546,3958140.790550385,18888590.308244206,18216386.50281576,19371733.963741727,67771121.88953003,62541177.87824675,72589575.68466474,13344444.415476773,11612479.253070217,15961391.225158045,106839821.59030525,103037624.94818951,109572634.42140871,81115566.30500697,74218147.662051,86704627.46677971,114061271.16532587,113959617.90266883,114202206.60100718,1.0138779659140078,1.0129743813570562,1.015130725342286,743349.8544353625,325837.5981517492,1412602.2806727618,0.05880984067244792,0.056805182620234804,0.06128015325272513,0.0657905505952381,0.05793154761904762,0.07660714285714286,0.07048859126984128,0.062422619047619046,0.0814295634920635,0.0,0.0,0.0,0.3833231164334827,0.36661357420185353,0.40471041110145967,6269925.677619744,4849533.2861406,7981493.37771906,0.30238405257936507,0.21800694444444446,0.40527380952380954,256765.6928484427,241324.50829961256,270778.36170561117,24649506.5134505,23167152.796762805,25994722.723738674,8.36247794009111e-05,3.665530595183876e-05,0.00015891628407922121,0.0001257595994813913,5.8414614499975413e-05,0.0002310156948004384,1.1288099035152936,0.9847166399730101,1.354639867001126
shared_fee_8131_8279,full_multiscale_60d,3.0,6.0,96,95.02262443438914,5619286.0,600000000.0,539451456.0,533959303.1674208,transfer payload,250000000.0,125000000.0,0.5,32,7200,50400,8,257644.57999920848,False,state,82596942.81258595,125000000.00000334,68809492.02887829,13787450.783707663,1.4479558695732846,4.032547620151323,5.656315259465248,48943037.97515418,45049856.361333445,52530198.684615664,3610992.121008415,3125598.1265317053,4321968.466414459,21340399.184817582,20754831.12386427,21759469.99442473,70867359.11087269,65230203.94182655,76061409.51524141,14561497.683957625,12604123.286694767,17428543.6536085,120708025.55216846,117395867.99354318,123078422.16734631,85428856.79483032,77871388.33686103,91714539.33857754,126766064.05863252,126651115.61791039,126923071.41650686,1.0141285124690602,1.0132089249432832,1.0153845713320548,521588.98712666146,227160.8575637669,989196.3938756592,0.05934080858891362,0.05735085345172346,0.061764923071752305,0.06959511408730158,0.06165277777777778,0.08042261904761905,0.07441096230158731,0.06630257936507936,0.08505357142857144,0.0,0.0,0.0,0.3873102923965953,0.3711862116861513,0.40825220797521056,7441845.825409546,5864125.265748453,9377498.769194992,0.23938368055555556,0.17035813492063492,0.329906746031746,272649.68048395216,255680.7026154805,288006.2606998474,26174369.326459408,24545347.45108613,27648601.02718535,6.519694115157817e-05,2.8393993540269896e-05,0.00012364829069030415,9.651847661810878e-05,4.459367631291308e-05,0.00017753934034976828,1.1534518540877983,1.007241315975707,1.3755140311057832
shared_fee_8131_8279,full_multiscale_60d,3.0,6.0,96,95.02262443438914,5619286.0,600000000.0,539451456.0,533959303.1674208,transfer payload,275000000.0,137500000.0,0.5,32,7200,50400,8,193825.34889992862,False,state,85941802.91219766,137499999.99999177,71223775.62858163,14718027.283616042,1.4479558695732846,4.032547620151323,5.656315259465248,50880882.08516274,46754749.33042332,54682114.12386288,3894715.3873304143,3355708.315075107,4674823.905271631,23738632.143191244,23224892.610266805,24106876.352069065,73673271.86427745,67698813.72341406,79177288.1063239,15705625.26634597,13532053.579878192,18851450.01382943,134273187.2303618,131367314.47089043,136356092.56824625,89378897.13062346,81254632.56954621,96262317.68519431,139468728.35648635,139338531.51190433,139641322.09678057,1.0143180244108099,1.0133711382683952,1.0155732516129494,381804.25049893325,165793.96139886387,721813.8824573932,0.05973989353765139,0.057729275024751864,0.062123894932004625,0.07250868055555557,0.0644484126984127,0.0823234126984127,0.07739521329365079,0.06913194444444445,0.08749900793650793,0.0,0.0,0.0,0.39015488439411017,0.3737224002358691,0.4107395847010801,8575578.336674267,6831606.815119025,10710827.284680929,0.19209821428571427,0.13307738095238095,0.26950694444444445,287508.26112400665,269277.7335635299,303961.4781384121,27600793.067904636,25850662.422098868,29180301.901287567,5.2496685695032445e-05,2.2795756414944618e-05,9.924833781253655e-05,7.658692801715069e-05,3.533671970486738e-05,0.00014083723293383408,1.1718237830839657,1.026799333487197,1.3931323196332983
shared_fee_8131_8279,full_multiscale_60d,3.0,6.0,96,95.02262443438914,5619286.0,600000000.0,539451456.0,533959303.1674208,transfer payload,300000000.0,150000000.0,0.5,32,7200,50400,8,149473.1157370768,False,state,89124050.63668549,149999999.9999987,73501735.5231773,15622315.11350819,1.4479558695732846,4.032547620151323,5.656315259465248,52665596.60763423,48339152.45397296,56650035.926823646,4164390.5885573365,3576309.172122736,5009295.574627833,26099304.03629498,25644262.839013405,26429091.742652036,76257459.73260283,69992959.52592763,82026752.03178053,16793103.35726746,14421637.040968787,20200222.948099844,147625891.68190676,145052035.2140387,149491274.91775894,93050563.08987036,84426202.63541536,100457188.10283281,152169576.1342041,152024219.96263507,152357552.8971571,1.014463840894694,1.0134947997509005,1.0157170193143807,288706.40852996847,125222.44870126821,544006.963833795,0.060046464434842156,0.05802904695596089,0.062398394607430616,0.07472532242063493,0.06677281746031746,0.0840595238095238,0.07964471726190477,0.0710406746031746,0.08968353174603175,0.0,0.0,0.0,0.3922403273804457,0.37573538027176717,0.41253249521531077,9675870.56727757,7757125.862404143,12005352.769875988,0.15715587797619046,0.10703869047619048,0.22305456349206348,301592.30242878245,282287.6142895212,318969.58298043394,28952861.03316312,27099610.97179403,30621079.966121662,4.3304772458334626e-05,1.87825957708271e-05,8.160012010210944e-05,6.233045961317598e-05,2.8734006691555187e-05,0.00011451281778497338,1.1853609825937506,1.038675074337382,1.4067570061817247
shared_fee_8131_8279,full_multiscale_60d,3.0,6.0,96,95.02262443438914,5619286.0,600000000.0,539451456.0,533959303.1674208,transfer payload,325000000.0,162500000.0,0.5,32,7200,50400,8,117693.76672129458,False,state,92164702.32439743,162500000.00000328,75661538.49123295,16503163.833164483,1.4479558695732846,4.032547620151323,5.656315259465248,54329188.49993248,49826160.54172542,58474505.66841643,4422893.160424279,3789163.281211272,5329155.347763562,28433821.825005338,28026986.71945462,28732944.402890544,78666267.37763055,72146081.61469236,84668503.70297948,17835527.28825244,15279981.372013163,21490072.715040684,160830660.27368978,158529472.65807736,162522591.87543118,96501794.6658829,87426435.17875744,104374979.78838219,164869181.6915676,164709047.2224563,165072582.63357922,1.014579579640416,1.0135941367535772,1.0158312777451028,224023.04413772497,97140.46374810452,420853.44185405073,0.06028715932807787,0.058255530824986135,0.06261902606444249,0.07640811011904762,0.06860515873015874,0.08581150793650794,0.08135850694444445,0.07279960317460317,0.09154563492063492,0.0,0.0,0.0,0.3938049639268818,0.3772634924247301,0.413901136091231,10750467.353308419,8650114.308371272,13289054.271337466,0.13080233134920632,0.0879454365079365,0.18733630952380953,315072.72103034076,294830.4981382647,333248.4627429152,30246981.218912713,28303727.821273413,31991852.42331986,3.6402725916857564e-05,1.5784672347862725e-05,6.838788474612522e-05,5.175142184362118e-05,2.384192827976909e-05,9.49774039636553e-05,1.1954930152625607,1.0443286573169144,1.417196481227028
shared_fee_8131_8279,full_multiscale_60d,3.0,6.0,96,95.02262443438914,5619286.0,600000000.0,539451456.0,533959303.1674208,transfer payload,350000000.0,175000000.0,0.5,32,7200,50400,8,94328.02942269108,False,state,95080663.72820413,175000000.00001046,77717743.53039083,17362920.197813306,1.4479558695732846,4.032547620151323,5.656315259465248,55893717.700894974,51231633.71275789,60183884.158721395,4672205.872926012,3995568.2776753968,5637099.432612422,30749625.792884342,30381770.392811414,31024370.435155578,80931636.61728308,74181144.74221684,87143608.32133973,18840892.673724756,16112319.34929203,22731871.901537586,173929577.59514636,171848871.48243767,175483619.9076854,99772529.29100776,90283676.03587414,108067137.83585794,177567311.66214558,177392493.4518096,177786050.1460869,1.0146703523551177,1.0136713911531978,1.015920286549068,177546.23871651848,77008.48372035129,333359.0158414076,0.06048069040288251,0.058416365688428284,0.06279773805169868,0.07770523313492064,0.0702390873015873,0.08723412698412698,0.08266803075396825,0.07431746031746032,0.09280853174603175,0.0,0.0,0.0,0.3950210411826477,0.37839204318902114,0.4149900967354257,11804879.987423018,9520016.87698216,14594952.572403071,0.11089161706349206,0.07403769841269842,0.15886011904761904,328066.3129412653,306990.44743802736,346950.075816806,31494366.042361464,29471082.954050627,33307207.278413378,3.106969016579692e-05,1.3475903178562544e-05,5.833796948004811e-05,4.367049181818867e-05,2.010940667520627e-05,8.00626162525543e-05,1.20319699341169,1.0487024875971138,1.42521520446157
shared_fee_8131_8279,full_multiscale_60d,3.0,6.0,96,95.02262443438914,5619286.0,600000000.0,539451456.0,533959303.1674208,transfer payload,375000000.0,187500000.0,0.5,32,7200,50400,8,76764.77445877087,False,state,97885767.54392162,187500000.00001308,79682221.25328617,18203546.29063545,1.4479558695732846,4.032547620151323,5.656315259465248,57375287.16137457,52567086.29050975,61797894.15094899,4913842.131754504,4196463.113459293,5935218.822022113,33052058.71012769,32716094.614997648,33306387.265624117,83076883.81376499,76114821.14070977,89480623.56313512,19815302.394205928,16922437.341232963,23934052.535822507,186952864.03885272,185052545.20093548,188391426.52822492,102892186.20797102,93018370.39538348,111573053.1593741,190264908.91190442,190075247.72954956,190498615.21588036,1.0147461808634903,1.0137346545575976,1.0159926144846951,143220.599379442,62152.72017808895,269420.3409680263,0.060638253031924466,0.05855372026592031,0.06294370433448326,0.07872705853174604,0.07140178571428571,0.08833630952380953,0.08375248015873016,0.07560714285714286,0.09392857142857143,0.0,0.0,0.0,0.3959974588406686,0.37913855529333435,0.415899084446243,12843641.752535384,10372979.222899841,15878482.67682347,0.0952591765873016,0.0627579365079365,0.13718948412698412,340658.1276291573,318826.4755081388,360180.42137401126,32703180.252399094,30607341.64878133,34577320.45190508,2.6853070148898797e-05,1.1653123155371804e-05,5.051643730485143e-05,3.735125457915373e-05,1.7192886020970592e-05,6.837549179050722e-05,1.2091786639993065,1.0521340678277313,1.4314665134467046
shared_fee_8131_8279,full_multiscale_60d,3.0,6.0,96,95.02262443438914,5619286.0,600000000.0,539451456.0,533959303.1674208,transfer payload,400000000.0,200000000.0,0.5,32,7200,50400,8,63308.22922671631,False,state,100591497.90366645,199999999.99998695,81564794.00591955,19026703.897746902,1.4479558695732846,4.032547620151323,5.656315259465248,58785451.55235944,53841183.25318661,63330968.8786812,5148834.5000331625,4392444.423541669,6224908.971018267,35344183.63030453,35035057.51989915,35581066.96528694,85118739.62075472,77959657.31622292,91700448.11364911,20762920.309661716,17712741.306799907,25102241.856738,199917845.20143813,198169330.46605337,201257732.02381432,105881659.93041658,95645515.69349098,114921078.98117518,202961127.98043498,202756506.17195442,203209853.90512905,1.014805639902175,1.013782530859772,1.0160492695256451,117285.81303751472,50933.30769301406,220943.88562684986,0.060769385788986434,0.058667924607268065,0.0630685154580248,0.07957775297619049,0.07243849206349207,0.08933928571428572,0.08463107638888889,0.07654166666666666,0.09480357142857143,0.0,0.0,0.0,0.3967950004687586,0.37972203730576193,0.4166703141496796,13869542.240209613,11211641.916488903,17145142.19199384,0.08280629960317461,0.053892857142857145,0.11899007936507937,352907.2805862926,330380.94163510174,373015.94153777184,33879098.936284095,31716570.396969765,35809530.3876261,2.345644186009505e-05,1.0186190375763426e-05,4.4188862558931024e-05,3.231379518328506e-05,1.4869472378437464e-05,5.9072703013807805e-05,1.2138791441601087,1.0548483598355323,1.436419177962227
shared_fee_8131_8279,full_multiscale_60d,3.0,6.0,96,95.02262443438914,5619286.0,600000000.0,539451456.0,533959303.1674208,transfer payload,425000000.0,212500000.0,0.5,32,7200,50400,8,52824.37891763159,False,state,103207509.81107071,212499999.9999876,83373693.53520703,19833816.275863677,1.4479558695732846,4.032547620151323,5.656315259465248,60133319.88970755,55061335.21986606,64811328.66847712,5377993.050349302,4584092.208116193,6507195.066273722,37628422.02668395,37341526.34726727,37850565.21059489,87070393.49122992,79726383.51814784,93843943.76036444,21687013.07637644,18485570.124393295,26240573.978362657,212838217.69912136,211215445.28976214,214094729.58006367,108757406.56760636,98177630.07491559,118132299.77741957,215656987.75600052,215437664.3442411,215920760.80521408,1.0148564129694142,1.0138243027964289,1.0160976979068896,97306.12589311646,42287.423195433774,183505.87339884188,0.0608787378339116,0.05876509208815392,0.06317481392949377,0.0802579365079365,0.07317162698412699,0.0900704365079365,0.08535714285714285,0.07725992063492064,0.09556746031746031,0.0,0.0,0.0,0.3974663578938776,0.38030005561330626,0.4173412186203584,14885477.214052804,12039961.952255739,18397275.47548396,0.07278149801587303,0.04761805555555555,0.10496130952380953,364860.2889647891,341688.0121974964,385513.59011124755,35026587.74061976,32802049.170959655,37009304.65067977,2.0676897184386486e-05,8.985645815717323e-06,3.899506060965307e-05,2.8231890485314496e-05,1.2986629084627829e-05,5.1553995097683046e-05,1.2176455944654805,1.0570617061462486,1.4403795714370646
shared_fee_8131_8279,full_multiscale_60d,3.0,6.0,96,95.02262443438914,5619286.0,600000000.0,539451456.0,533959303.1674208,transfer payload,450000000.0,225000000.0,0.5,32,7200,50400,8,44535.26644046533,False,state,105742010.12468356,225000000.00000715,85115895.78368536,20626114.34099821,1.4479558695732846,4.032547620151323,5.656315259465248,61426200.570103854,56233550.093734816,66228685.925956346,5601971.963361649,4771792.572672486,6783021.404366828,39906549.19522256,39639054.6547176,40115900.288464375,88942427.66106772,81423698.92516674,95896214.5206144,22590218.70900847,19242480.78278613,27352856.821614873,225724023.16552645,224210989.7142459,226908178.948816,111532646.37007615,100624606.66800885,121225458.52279879,228351915.10666126,228118146.31100532,228630693.918792,1.0148974004740499,1.0138584280489127,1.0161364174168535,81652.19538700116,35510.99989777949,154114.23029257762,0.06097177031672684,0.058850283558841074,0.0632654383778553,0.08078993055555556,0.0736984126984127,0.0904970238095238,0.0859517609126984,0.07795138888888889,0.09620634920634921,0.0,0.0,0.0,0.3980535132993793,0.3808396497319977,0.417940658194294,15893158.055156197,12859882.01218884,19637727.325686302,0.06464905753968253,0.04221726190476191,0.0932688492063492,376554.12738267373,352775.15186668816,397720.64360913885,36149196.228736684,33866414.57920206,38181181.78647733,1.8371139593118624e-05,7.989574134139142e-06,3.4675738337912866e-05,2.487710969787448e-05,1.143911511369782e-05,4.5388768798925203e-05,1.2206940731272633,1.0588681595037566,1.443570645621737
shared_fee_8131_8279,full_multiscale_60d,3.0,6.0,96,95.02262443438914,5619286.0,600000000.0,539451456.0,533959303.1674208,transfer payload,475000000.0,237500000.0,0.5,32,7200,50400,8,37895.07442306996,False,state,108202042.58366069,237500000.00000367,86797370.73081948,21404671.852841206,1.4479558695732846,4.032547620151323,5.656315259465248,62669954.96890928,57362509.82665962,67589570.40134718,5821295.174560778,4955869.393893288,7053006.284190527,42179790.123908386,41929058.91680656,42378403.48717636,90743329.14312577,83058382.79696679,97866715.18456857,23474650.002373416,19984779.330125235,28441583.70622471,238582190.51893127,237163975.766175,239705610.31631926,114217979.14549918,102994492.1799752,124213468.22976254,241045915.70694965,240797465.05142865,241339642.72135204,1.0149301713976828,1.0138840633744364,1.0161669167214824,69205.16641704515,30120.296130415638,130709.39313415744,0.06105139423542822,0.05892710420463174,0.06334208261056463,0.08126860119047619,0.07418253968253968,0.09111904761904763,0.08641927083333334,0.0784345238095238,0.09653273809523809,0.0,0.0,0.0,0.398574969196396,0.3813258395313799,0.4184736701446571,16893969.962054208,13674274.008861786,20867237.333799202,0.0579985119047619,0.038228174603174604,0.08323809523809524,388017.95066212164,363664.858450844,409671.49572025053,37249723.26356368,34911826.41128103,39328463.58914405,1.643566035966967e-05,7.1531835899389064e-06,3.104349137189755e-05,2.20857661454313e-05,1.0151830073656173e-05,4.026380383154919e-05,1.2231946066083932,1.0603582178885407,1.4461694155879525
shared_fee_8131_8279,full_multiscale_60d,3.0,6.0,96,95.02262443438914,5619286.0,600000000.0,539451456.0,533959303.1674208,transfer payload,500000000.0,250000000.0,0.5,32,7200,50400,8,32513.150702776144,False,state,110593704.78999232,250000000.00000274,88423272.13360794,22170432.65638438,1.4479558695732846,4.032547620151323,5.656315259465248,63869536.58580226,58452450.26937821,68900035.48160905,6036411.057277896,5136614.545363958,7317398.521088579,44449293.195426136,44213003.24737184,44638685.7316595,92480270.38633792,84636568.45848665,99764210.7894032,24342115.043281145,20713642.76054225,29507757.991914444,251419215.3737472,250082684.93491054,252490479.26647294,116822385.42961913,105294627.62560146,127107383.95147413,253739623.93823257,253476342.27187607,254048276.21941298,1.0149584957529303,1.0139053690875042,1.016193104877652,59178.87168555547,25774.96035159903,111834.35873940546,0.06111989183248726,0.05899410613513613,0.06340753920729462,0.08167906746031747,0.07449107142857143,0.09149503968253968,0.08685949900793652,0.07900595238095239,0.0967797619047619,0.0,0.0,0.0,0.3990476834676403,0.38179970637891125,0.4189576081245564,17889290.00121437,14485633.983126504,22088170.587134317,0.05250124007936508,0.0345625,0.07519940476190476,399276.64813844743,374377.5784318447,421393.92366078735,38330558.22129096,35940247.52945709,40453816.67143559,1.4794187932836598e-05,6.443372952561493e-06,2.7958584537267333e-05,1.9738062496929208e-05,9.069125024630637e-06,3.595900973514071e-05,1.225279546190257,1.0616214682310674,1.4483586354649975
shared_fee_8131_8279,full_multiscale_60d,3.0,6.0,96,95.02262443438914,5619286.0,600000000.0,539451456.0,533959303.1674208,transfer payload,525000000.0,262500000.0,0.5,32,7200,50400,8,28104.879612834324,False,state,112922315.95941868,262499999.99998045,89998083.87911603,22924232.080302663,1.4479558695732846,4.032547620151323,5.656315259465248,65029030.10047313,59506651.06424907,70165057.25792931,6247686.900378703,5314307.065216115,7576420.511467842,46715851.191688016,46492224.41278048,46897121.227041356,94159165.82663795,86163004.68712877,101595906.49556413,25194094.941572808,21430196.30859062,30552276.502785675,264239581.95445535,262974678.39249584,265264902.42151192,119353260.76821084,107530948.64676434,129916418.8298844,266433881.06393677,266155573.8802872,266757995.6950921,1.0149862135769019,1.0139259957344273,1.0162209359813033,51009.0081545346,22231.606846958963,96437.05911192628,0.06117838287117634,0.05905207636355096,0.06346235911789848,0.08203807043650793,0.07477777777777778,0.09184821428571428,0.0872482638888889,0.0794454365079365,0.09708234126984128,0.0,0.0,0.0,0.39948311522436764,0.38224652860178204,0.4193994329486864,18880575.73114759,15293215.723792579,23300988.280774236,0.04778893849206349,0.03096626984126984,0.0680843253968254,410350.35058333044,384929.7700416074,432912.59009860153,39393633.65599972,36953257.92399431,41559608.64946575,1.3389379389454155e-05,5.835463542992419e-06,2.53147204281712e-05,1.7744546696722728e-05,8.149841130131484e-06,3.230794145009065e-05,1.227044965070956,1.0626954671326807,1.4502058800938566
shared_fee_8131_8279,full_multiscale_60d,3.0,6.0,96,95.02262443438914,5619286.0,600000000.0,539451456.0,533959303.1674208,transfer payload,533959303.1674208,266979651.5837104,0.5,32,7200,50400,8,26719.968495497193,False,state,113742390.1831887,266979651.5837113,90550783.97764835,23191606.20554035,1.4479558695732846,4.032547620151323,5.656315259465248,65435431.58575786,59876250.934679404,70608105.97583571,6322517.271664839,5377288.911697196,7668161.232984291,47527414.03089394,47307918.23822435,47705920.14557807,94747617.24265933,86698168.98891138,102237421.48716348,25495851.977217663,21684173.603730466,30922225.331007484,268830037.22585773,267588499.824395,269839724.08625585,120243469.21987703,108317840.16602917,130903873.41785629,270982791.181607,270699983.07570785,271311890.94398594,1.014994174927378,1.0139348878085974,1.016226852251012,48450.76665584536,21121.412070890387,91611.90085550204,0.06119752872083828,0.059070907077755724,0.06348000141896529,0.08216331845238095,0.07484623015873015,0.09203075396825397,0.08736793154761904,0.07960912698412698,0.0971795634920635,0.0,0.0,0.0,0.3996311021946536,0.38240019168266476,0.4195465908369337,19234763.780434027,15576071.336708361,23733694.361458182,0.04628038194444445,0.029802579365079365,0.06571527777777778,414276.6341657889,388674.6780718438,436994.92685690254,39770556.87991574,37312769.09489701,41951512.97826264,1.2934894874672751e-05,5.6386610572849796e-06,2.4458499285136342e-05,1.7102910412216155e-05,7.853984753099019e-06,3.113334224321774e-05,1.2276050183273164,1.0630373683846333,1.4508287996763565
shared_fee_8131_8279,full_multiscale_60d,3.5,5.5,82,81.18030855011673,6775042.0,550000000.0,555553444.0,550000000.0,execution,50000000.0,25000000.0,0.5,32,7200,50400,8,1809103294.6667218,False,regular,25000000.000000313,6439837.973654982,23529537.797066905,1470462.2029334065,1.4479558695732846,3.0874605142255307,5.656315259465248,16335271.324542731,16157366.296962509,16494166.64860397,471440.63326955156,419438.1412125889,557966.3159892395,1157371.315037148,947585.307117308,1439492.7517741406,23652751.995443866,23395153.366532315,23882825.412566237,1455554.3400212168,1294998.6991540072,1722698.9688846671,6546457.030112,5359841.23229278,8142224.817749713,25108306.33546505,24951096.7288378,25217271.25971878,25262374.01023853,25241582.542331368,25291687.549012225,1.010494960409541,1.0096633016932548,1.011667501960489,3407706490.254631,1616763880.4854739,7707845920.18108,0.05100690540946362,0.04896060106318695,0.05322627332266559,0.027455357142857142,0.0217390873015873,0.03344345238095238,0.03337859623015872,0.02660218253968254,0.04062698412698413,0.0,0.0,0.0,0.3185832051308073,0.3028489106532104,0.33587197661505636,106927.9830603367,67459.70084332145,142187.80306048557,0.9823425099206349,0.9628829365079365,0.9933740079365079,75454.10520762166,74557.79668151481,76300.4916564593,6187236.627024977,6113739.327884214,6256640.315829663,0.08519283550988108,0.040415312172822876,0.19269438914138662,0.10269675662602473,0.050158831442575026,0.22571504679825005,1.0578345527176363,0.8107494127842139,1.4149958995739065
shared_fee_8131_8279,full_multiscale_60d,3.5,5.5,82,81.18030855011673,6775042.0,550000000.0,555553444.0,550000000.0,execution,75000000.0,37500000.0,0.5,32,7200,50400,8,77419328.48529305,False,regular,37499999.99999877,18500117.521558683,34469474.6309856,3030525.369013168,1.4479558695732846,3.0874605142255307,5.656315259465248,23500212.548526403,22971496.639205657,23887537.008087922,936701.1861672498,840016.2439061735,1112851.9905905349,3047074.0888820356,2566092.8948319755,3641902.9185702694,34027270.69585857,33261713.39162061,34588099.420509934,2892027.9259196,2593516.9843683634,3435886.5791255413,17235211.665664576,14514630.398243343,20599751.05179984,36919298.62177816,36184635.31810065,37387707.13067,37902048.504667446,37869439.59763012,37945685.90147519,1.0107212934577987,1.0098517226034698,1.0118849573726716,165534052.43672138,78435728.11216575,353970281.0287343,0.051590329338659355,0.049413219570704534,0.054046760361628594,0.02985925099206349,0.02409027777777778,0.03683829365079365,0.035888516865079365,0.029172619047619048,0.04323511904761904,0.0,0.0,0.0,0.32278481460459063,0.3060817214190501,0.3416248653436017,302137.0644639749,163540.4531310904,479015.5145802233,0.9289880952380952,0.8833144841269841,0.9613859126984127,112158.53834510136,110438.5172207336,114166.35949999793,9197000.144298311,9055958.412100155,9361641.47899983,0.0062075265456353656,0.0029409772577951407,0.013273819347238284,0.008548236248637871,0.004324292375954414,0.01759427612620181,1.0235786008870549,0.7663355299565026,1.440643976854686
shared_fee_8131_8279,full_multiscale_60d,3.5,5.5,82,81.18030855011673,6775042.0,550000000.0,555553444.0,550000000.0,execution,100000000.0,50000000.0,0.5,32,7200,50400,8,8603200.453679793,False,regular,49999999.99999975,38609853.38296529,44982568.16505367,5017431.834946073,1.4479558695732846,3.0874605142255307,5.656315259465248,29616609.442422003,28595855.325251725,30450601.70256634,1453415.2336699264,1308772.716972279,1735885.8024997276,5590926.896221404,4853266.1126056025,6378054.094290314,42883543.47901443,41405536.56366677,44091127.46726947,4487362.144729765,4040784.0857475903,5359478.872422565,31624045.117652006,27451603.1709771,36076284.69922957,47370905.62374412,45688939.10533717,48659378.96071982,50560817.488639176,50514069.64238196,50619542.96673818,1.0112163497727837,1.010281392847639,1.0123908593347635,25277570.32562766,12769007.180810366,50302321.6529897,0.05282511125139223,0.050596798524911515,0.05529300951177984,0.0338609871031746,0.02665079365079365,0.042095238095238095,0.039804067460317456,0.03276190476190476,0.049298611111111106,0.0,0.0,0.0,0.33339770319368744,0.3154214153911461,0.3533383217071601,811141.5448255717,453112.021524378,1287859.0776158476,0.8340730406746031,0.7542619047619048,0.8965813492063491,145908.80991759727,142744.1154237266,149522.47443564175,11964522.413242977,11705017.46474558,12260842.903722623,0.0012638689772840547,0.0006384004137154076,0.0025149731230093945,0.0019077579032625524,0.0009946756891242364,0.003668783934796942,1.0787607963693442,0.7710711267953834,1.5526103395481943
shared_fee_8131_8279,full_multiscale_60d,3.5,5.5,82,81.18030855011673,6775042.0,550000000.0,555553444.0,550000000.0,execution,125000000.0,62500000.0,0.5,32,7200,50400,8,2041657.8574558252,False,state,60525970.16889999,62500000.00000275,53546380.709798254,6979589.459101735,1.4479558695732846,3.0874605142255307,5.656315259465248,34609256.09269194,32869685.12309542,36088452.511991955,1959611.0235983087,1744905.86178508,2352146.161269827,8411515.555318778,7538220.834028747,9220813.347318284,50112675.500978276,47593853.505011894,52254486.6385551,6050221.6586008575,5387327.94930217,7262158.396607777,47578183.79077946,42638553.53273607,52155827.241119355,56162897.159579106,53203367.58705587,58430553.51413921,63246251.37154746,63189606.30850642,63318559.67109855,1.0119400219447594,1.0110337009361028,1.0130969547375768,7520265.472520523,3761185.5359688615,15301367.165264387,0.05452979226736911,0.05238253617556237,0.05713984061489593,0.04033668154761905,0.03218650793650794,0.05023511904761905,0.045853174603174604,0.038003968253968255,0.05480257936507937,0.0,0.0,0.0,0.34792740380958714,0.33037943223704597,0.37138304672666894,1676134.0791015807,1043035.4510863118,2468567.82504225,0.7129117063492063,0.6065128968253968,0.7988720238095237,175386.31709750148,169268.96668998862,180348.28946259114,14381678.00199512,13880055.268579068,14788559.735932473,0.00047000975304797567,0.00023505293919669828,0.0009563387316276185,0.0007354050473753323,0.0003835240380770629,0.001467726841718427,1.1548929730610435,0.8458947989820037,1.5768680418964072
shared_fee_8131_8279,full_multiscale_60d,3.5,5.5,82,81.18030855011673,6775042.0,550000000.0,555553444.0,550000000.0,execution,150000000.0,75000000.0,0.5,32,7200,50400,8,1184472.6608413283,False,state,65106253.68956362,75000000.00000046,57197805.08629793,7908448.603265688,1.4479558695732846,3.0874605142255307,5.656315259465248,38629804.569347814,36229097.5110248,40740299.545302995,2424994.013216125,2156939.326464615,2916739.441084838,11248305.55001286,10368319.57026333,11967045.892358031,55934252.26665604,52458134.39043183,58990155.85479528,7487073.263038076,6659465.00203971,9005317.854633681,63623962.32566258,58646484.200290084,67689384.29166147,63421325.52969402,59240599.55147278,66720020.283047,75949490.9482174,75879315.15882504,76041950.5960004,1.0126598793095654,1.0117242021176671,1.0138926746133385,3277625.7156546144,1576089.50869168,6230687.705223041,0.056156211556259036,0.05405562115282617,0.05877019734762484,0.04840897817460317,0.039202380952380954,0.05935714285714285,0.05345362103174603,0.044432539682539685,0.06409325396825397,0.0,0.0,0.0,0.36168320635818074,0.3441213150569867,0.38543261763120756,2805089.86580961,1922958.8355052618,3899738.892814861,0.5791201636904761,0.46153472222222225,0.6828115079365079,200594.65949369167,191353.64391373086,207638.82390132846,16448762.078482717,15690998.800925931,17026383.559908934,0.0002458172256236308,0.00011820449390762145,0.00046730160522783876,0.0003850746181452325,0.0001922881107011635,0.0007235582762151918,1.0628917337999624,0.8520676570143395,1.3613906054114795
shared_fee_8131_8279,full_multiscale_60d,3.5,5.5,82,81.18030855011673,6775042.0,550000000.0,555553444.0,550000000.0,execution,175000000.0,87500000.0,0.5,32,7200,50400,8,747485.4019818847,False,state,69268222.18328112,87500000.00000663,60478631.076628886,8789591.106652234,1.4479558695732846,3.0874605142255307,5.656315259465248,41898010.83199842,38954809.384553075,44553730.764843665,2841696.3639809117,2499565.5960720377,3415601.555668684,13977074.974422403,13177774.326756025,14568872.771095766,60666470.7076371,56404844.89647195,64511835.97234329,8773625.317209348,7717310.080589061,10545534.935454344,79058742.46051729,74537646.01022114,82406137.36835995,69440096.02484652,64219319.91626074,73563076.3010242,88658573.62219603,88575178.88944899,88766738.48305868,1.0132408413965261,1.01228775873656,1.0144770112349561,1774209.4340998158,805029.3577429155,3366359.8410585322,0.05743512886953494,0.05548486043088516,0.05998770197716598,0.05643043154761905,0.04774305555555555,0.06725396825396826,0.06108320932539683,0.05194246031746032,0.07184027777777778,0.0,0.0,0.0,0.37236355728944903,0.3555781886938573,0.39518716913505897,4046873.8688747543,2940962.099255268,5320481.1089765895,0.4528751240079365,0.3414871031746032,0.566188492063492,222192.40067883104,210188.52305389897,232759.61054730407,18219776.85566414,17235458.890419714,19086288.064878933,0.0001552398836555047,7.043840311869089e-05,0.0002945547570039509,0.0002400405424170933,0.00011464306889294276,0.0004381083316339362,1.0784604513678413,0.9100992131544599,1.3313518327141352
shared_fee_8131_8279,full_multiscale_60d,3.5,5.5,82,81.18030855011673,6775042.0,550000000.0,555553444.0,550000000.0,execution,200000000.0,100000000.0,0.5,32,7200,50400,8,501674.6078754611,False,state,73104185.06538334,99999999.99999495,63472340.56784292,9631844.497540416,1.4479558695732846,3.0874605142255307,5.656315259465248,44631127.114288196,41263622.59187977,47714405.66837831,3215745.977072916,2803456.4636158654,3860142.066867304,16579975.899243664,15888408.518169964,17057269.862075645,64623902.470804945,59747904.53176964,69088353.75072946,9928488.72799222,8655561.134764384,11918036.210753674,93781570.6804601,89869847.5499449,96481295.80567624,74552391.19879724,68489154.4431653,79406840.77041666,101367627.6417137,101274605.53290713,101492489.85436822,1.0136762764171368,1.0127460553290712,1.0149248985436823,1091093.0097687119,481832.3393757451,2084564.8698826327,0.058375477330170976,0.05638897994511968,0.06087517229181182,0.06288938492063492,0.05498611111111111,0.07366765873015874,0.06756944444444443,0.05954563492063492,0.07840476190476191,0.0,0.0,0.0,0.3799851224725863,0.3629921599604678,0.4018524373124816,5295052.669472043,4037511.3318311507,6787645.052214268,0.34857762896825395,0.2543660714285714,0.458265873015873,241098.2294953713,226822.8103500785,253912.87239314304,19770054.81862045,18599470.448706437,20820855.53623773,0.0001091066757676598,4.8181384455370613e-05,0.00020845478245078413,0.00016585499255011347,7.75498036613458e-05,0.00030557807040452746,1.1137823878610909,0.9664181693523467,1.3471523603161515
shared_fee_8131_8279,full_multiscale_60d,3.5,5.5,82,81.18030855011673,6775042.0,550000000.0,555553444.0,550000000.0,execution,225000000.0,112500000.0,0.5,32,7200,50400,8,352911.6609491433,False,state,76677258.16029617,112500000.00000536,66235747.7973526,10441510.362943577,1.4479558695732846,3.0874605142255307,5.656315259465248,46993932.305158146,43294757.49953651,50392434.152591676,3556838.0558303976,3080998.844467595,4264877.694604032,19081276.359258484,18491131.931365445,19485397.860225186,68045140.11558326,62688898.243205726,72966020.81333072,10981597.052871063,9512462.276668126,13167641.480091132,107929714.64094305,104591671.70816281,110215553.25353785,79026737.16845432,72283403.69882315,84642058.7737794,114074652.10704678,113972952.62722948,114215754.41493142,1.0139969076181936,1.0130929122420398,1.015251150354946,727596.8623960478,317847.31407931616,1388178.7888622475,0.05905852644868197,0.05707812646011613,0.061503734043279516,0.06776475694444445,0.05997519841269842,0.07868849206349206,0.0724826388888889,0.06466269841269841,0.08346031746031746,0.0,0.0,0.0,0.3852932144574339,0.3688961140376759,0.40648356629150734,6506036.249689939,5095106.492300573,8236323.105831364,0.26883060515873014,0.1943918650793651,0.3663839285714286,258103.30846652042,242035.73867940615,272559.89003627555,21164471.294254676,19846930.571711306,22349910.982974596,8.18525850662896e-05,3.5756448711782236e-05,0.00015616865269332963,0.0001222958826736629,5.660125424632885e-05,0.00022591569727647287,1.1445669870296014,1.0011284835986878,1.3703162183843403
shared_fee_8131_8279,full_multiscale_60d,3.5,5.5,82,81.18030855011673,6775042.0,550000000.0,555553444.0,550000000.0,execution,250000000.0,125000000.0,0.5,32,7200,50400,8,257644.57999920848,False,state,80032779.09620756,125000000.00000334,68809492.02887829,11223287.067329278,1.4479558695732846,3.0874605142255307,5.656315259465248,49095593.66068357,45131531.68753274,52740623.84700177,3873342.3968283962,3339435.659308296,4653686.815916843,21509868.942194577,21005143.95396843,21855143.92730992,71088253.01117165,65348466.20979576,76366095.86422293,11958791.708283326,10310375.737911008,14368074.28971515,121666599.92683834,118811716.2741007,123619584.09385934,83047044.71945494,75744343.01781449,89298195.05530971,126779258.97235852,126662170.5939169,126935970.51583275,1.014234071778868,1.0132973647513352,1.015487764126662,512974.61422177905,222993.36879390548,975155.2322010398,0.05955912362431814,0.05758540852096292,0.06195567788367631,0.07132440476190477,0.06356746031746031,0.08150396825396826,0.0761997767857143,0.06807936507936509,0.08668154761904762,0.0,0.0,0.0,0.3889854219477553,0.37285749248972455,0.4096881365010155,7670110.9967759345,6096579.989379775,9603711.3039913,0.20997333829365078,0.14916567460317462,0.29299900793650796,273765.0753675801,256263.07231167413,289497.3349084026,22448736.18014157,21013571.92955728,23738781.46248901,6.412015764948464e-05,2.7873088980297457e-05,0.00012189316988013953,9.425529348656254e-05,4.338227486749239e-05,0.00017408961976352738,1.1674574260601274,1.0218805881543276,1.391113853707006
shared_fee_8131_8279,full_multiscale_60d,3.5,5.5,82,81.18030855011673,6775042.0,550000000.0,555553444.0,550000000.0,execution,275000000.0,137500000.0,0.5,32,7200,50400,8,193825.34889992862,False,state,83204572.35889544,137499999.99999177,71223775.62858163,11980796.730313811,1.4479558695732846,3.0874605142255307,5.656315259465248,51005936.23298113,46821157.91075235,54855750.118820965,4171329.7416454596,3582317.6459648805,5023644.476210631,23888664.26960711,23452495.59087271,24190681.40868145,73854344.75162575,67794970.41709125,79428705.36439307,12878815.86914492,11060264.281329848,15510303.95780745,135121816.236418,132654708.68319108,136830120.38878387,86733160.62077053,78935980.97769608,93523928.13498807,139481732.0489303,139349272.92245495,139653601.73777598,1.0144125967194932,1.0134492576178542,1.0156625580929164,376740.19429667643,163446.40301096707,713149.4666478703,0.059933662403938395,0.05794083583057673,0.06228912469057898,0.07399801587301588,0.06595238095238096,0.08321825396825397,0.07890376984126984,0.07074007936507937,0.08874603174603175,0.0,0.0,0.0,0.39160144537437724,0.3750805161543415,0.41189698538314923,8792520.034968922,7046960.658257148,10919915.378115531,0.16726376488095238,0.11585416666666666,0.23721329365079366,288451.7294940526,269765.63036529545,305227.81636564905,23653041.818512313,22120781.68995423,25028680.941983223,5.1800389730242475e-05,2.2472988394765137e-05,9.805700417291402e-05,7.501279268760782e-05,3.448781848176184e-05,0.0001383631660402518,1.1838519646863477,1.038859388421799,1.4071580847750773
shared_fee_8131_8279,full_multiscale_60d,3.5,5.5,82,81.18030855011673,6775042.0,550000000.0,555553444.0,550000000.0,execution,300000000.0,150000000.0,0.5,32,7200,50400,8,149473.1157370768,False,state,86218642.3630093,149999999.9999987,73501735.5231773,12716906.83983201,1.4479558695732846,3.0874605142255307,5.656315259465248,52770110.613882154,48394461.35648129,56795275.72118885,4455072.928229257,3815490.0076640537,5375131.299292839,26233692.5132071,25852771.907397542,26501939.232026715,76408791.4014022,70073044.37595518,82237052.84452786,13754861.75390293,11780174.741084779,16595505.645344362,148386035.2745609,146231428.23927715,149903323.2835215,90163653.15530515,81927000.3545124,97424892.30994976,152182405.04613984,152034802.5473968,152369350.89789036,1.0145493669742653,1.0135653503159787,1.0157956726526025,285553.94306741154,123812.91077666517,538458.0603814123,0.06022033357818528,0.05820852610368247,0.06254670654982963,0.07600756448412699,0.06820337301587302,0.08532738095238095,0.08091021825396827,0.07242162698412699,0.09094444444444444,0.0,0.0,0.0,0.3934994688009361,0.37690875981406313,0.4135041945522357,9881947.815663103,7955568.5922344085,12227222.604714718,0.13578745039682538,0.09304563492063492,0.19461210317460317,302404.2390401773,282707.0090922431,320058.3840060215,24797147.60129454,23181974.74556393,26244787.48849376,4.2831910924074287e-05,1.8571185231252986e-05,8.076779864905021e-05,6.118117553984932e-05,2.8115128166346816e-05,0.00011267766791532257,1.1956740209298513,1.045285890160001,1.4190690467470526
shared_fee_8131_8279,full_multiscale_60d,3.5,5.5,82,81.18030855011673,6775042.0,550000000.0,555553444.0,550000000.0,execution,325000000.0,162500000.0,0.5,32,7200,50400,8,117693.76672129458,False,state,89095475.49122147,162500000.00000328,75661538.49123295,13433936.99998853,1.4479558695732846,3.0874605142255307,5.656315259465248,54418137.22764658,49873134.5503969,58598294.564614564,4727461.727787964,4040687.0356447194,5711933.749990553,28555598.765922047,28218496.853311125,28797629.911805574,78795061.2100155,72214097.90626556,84847744.5618172,14595851.41705772,12475461.672896009,17635369.912967872,161519469.0428475,159612714.35055113,162888473.50657564,93390912.6270732,84757248.85782759,101068682.95907772,164881828.89439186,164719362.48241764,165083902.01832032,1.0146574085808728,1.0136576152764163,1.0159009354973558,221962.80609580537,96256.5979623887,417183.6229470721,0.06044462228918117,0.05840251330250571,0.06275083087806442,0.07747643849206351,0.07020833333333333,0.08687103174603175,0.08247891865079365,0.07440178571428571,0.09246428571428572,0.0,0.0,0.0,0.39492178904122677,0.3783519758559323,0.41473174997724566,10946358.456778679,8834318.97207323,13548345.376180332,0.11259548611111111,0.07639880952380954,0.1619434523809524,315782.9207266575,295200.8934796437,334199.6061140111,25894199.49958591,24206473.26533078,27404367.70134891,3.606794398010354e-05,1.5641059522768795e-05,6.779254426150416e-05,5.087872311248688e-05,2.3372516896330052e-05,9.356650127548385e-05,1.2043659870472232,1.0500446102169039,1.4279054193972351
shared_fee_8131_8279,full_multiscale_60d,3.5,5.5,82,81.18030855011673,6775042.0,550000000.0,555553444.0,550000000.0,execution,350000000.0,175000000.0,0.5,32,7200,50400,8,94328.02942269108,False,state,91851541.05135539,175000000.00001046,77717743.53039083,14133797.520964568,1.4479558695732846,3.0874605142255307,5.656315259465248,55970728.878667824,51272082.53174175,60290869.0839447,4990535.359709142,4259264.764389859,6036893.260906704,30861264.640518565,30559198.508868378,31082027.116682578,81043145.40416174,74239712.84708075,87298517.77177162,15408080.867948307,13150311.779685773,18638669.571643617,174561042.11256906,172852460.8427489,175809744.27521232,96451226.27211004,87452313.16384088,104504532.52735072,177579732.84306136,177402253.5815432,177796585.40646312,1.0147413305317792,1.013727163323104,1.015980488036932,176144.1237531007,76429.50190189823,331735.07957553456,0.06062455674525614,0.05855867933981773,0.06291521146024777,0.07865451388888889,0.07147420634920636,0.088140873015873,0.08367869543650794,0.07571924603174603,0.09363789682539683,0.0,0.0,0.0,0.3960234211445107,0.3793375749246945,0.41572549268977393,11991656.749791197,9693067.025933001,14841929.19618248,0.09507750496031747,0.06382539682539683,0.13701289682539683,328697.2102043221,307323.1192513112,347792.8223233569,26953171.236754414,25200495.778607517,28519011.430515267,3.0824324404061477e-05,1.3374593913560724e-05,5.805379392345234e-05,4.2986760062841886e-05,1.97424252996808e-05,7.891521636652661e-05,1.21089397559652,1.0536740754278509,1.4346011764776903
shared_fee_8131_8279,full_multiscale_60d,3.5,5.5,82,81.18030855011673,6775042.0,550000000.0,555553444.0,550000000.0,execution,375000000.0,187500000.0,0.5,32,7200,50400,8,76764.77445877087,False,state,94500306.83475131,187500000.00001308,79682221.25328617,14818085.581465136,1.4479558695732846,3.0874605142255307,5.656315259465248,57442689.24445109,52602193.89627435,61900146.94935364,5245732.99538721,4472096.180285266,6351795.155756128,33155119.39411738,32881811.69476926,33358251.62117678,83174479.05557711,76165655.40454194,89628681.1027653,16195993.491427992,13807420.37244957,19610916.73784587,187535807.75835454,185989893.2480011,188684787.67396143,99370472.54700536,90031155.37037183,107768302.8379848,190277192.55105132,190084715.51654962,190508815.23932913,1.0148116936056069,1.013785149421598,1.0160470146097553,142235.9343031781,61763.01726439844,268255.1334194177,0.060770497619995846,0.05868713390566104,0.06305642429870649,0.07961371527777777,0.07255158730158731,0.08928769841269842,0.08462921626984127,0.07666468253968255,0.09472817460317459,0.0,0.0,0.0,0.3969059392422869,0.38012920768325653,0.4165620331641812,13022254.477646928,10535344.401394162,16114611.652631491,0.08133308531746031,0.054255952380952384,0.11737202380952381,341224.14263605,319129.673470128,360937.3525157348,27980379.696156096,26168633.224550493,29596862.906290255,2.666844989646025e-05,1.158006574587423e-05,5.029796783666651e-05,3.680253248011895e-05,1.6898574277835165e-05,6.744345429937942e-05,1.215890585189798,1.0564460647396834,1.439714872235581
shared_fee_8131_8279,full_multiscale_60d,3.5,5.5,82,81.18030855011673,6775042.0,550000000.0,555553444.0,550000000.0,execution,400000000.0,200000000.0,0.5,32,7200,50400,8,63308.22922671631,False,state,97052947.9177235,199999999.99998695,81564794.00591955,15488153.91180396,1.4479558695732846,3.0874605142255307,5.656315259465248,58845008.759657115,53872066.91638485,63441235.98333391,5494092.721096405,4679844.67914998,6658044.0844630655,35439880.76250234,35190599.701894596,35628406.521547616,85204975.82863668,78004375.49762414,91860110.0150514,16962794.33787908,14448835.659584029,20556448.212752618,200459138.35057515,199049126.08356526,201525499.47826615,102167770.16651586,92507648.43053158,110886309.1147434,202973255.90234005,202765987.13416576,203219549.57716763,1.0148662795117005,1.0138299356708287,1.0160977478858382,116577.93340829597,50663.01596484005,220097.62027367527,0.060891404070051613,0.058798508703338956,0.06317477887757694,0.08030753968253967,0.0733720238095238,0.0900297619047619,0.08540240575396826,0.07745535714285715,0.09559027777777777,0.0,0.0,0.0,0.3976319780864984,0.38081621472433375,0.4172808958392563,14040492.679900723,11366158.185868071,17371110.080064543,0.07049417162698413,0.04722222222222223,0.10210218253968253,353419.3303201994,330659.37415676523,373703.2111632489,28980385.08625635,27114068.68085475,30643663.31538641,2.331486829621609e-05,1.0132140547446162e-05,4.4019614876409994e-05,3.186513763961312e-05,1.4627820358528078e-05,5.831249666588187e-05,1.219776127341394,1.0586277409925589,1.4436533957435589
shared_fee_8131_8279,full_multiscale_60d,3.5,5.5,82,81.18030855011673,6775042.0,550000000.0,555553444.0,550000000.0,execution,425000000.0,212500000.0,0.5,32,7200,50400,8,52824.37891763159,False,state,99518854.60934325,212499999.9999876,83373693.53520703,16145161.07413621,1.4479558695732846,3.0874605142255307,5.656315259465248,60186549.50474028,55088826.19232154,64911540.07886143,5736467.469268139,4883019.638636585,6956326.55522741,37717927.29559839,37488975.348413244,37894061.39958212,87147467.6247517,79766189.23307453,93989045.46022917,17711116.80250466,15076130.324478274,21477383.563323297,213344487.71748504,212049463.32493794,214340757.7375607,104858584.42725646,94893303.78437346,113878396.18213397,215668888.2201951,215446876.08600008,215930033.14706382,1.0149124151538593,1.013867652169412,1.016141332456771,96785.77857664804,42095.28795833064,182876.54150598473,0.060992366417582385,0.058893068063097194,0.06327354224477162,0.08087859623015872,0.07399007936507937,0.09053571428571429,0.08605840773809523,0.07818948412698414,0.09619642857142857,0.0,0.0,0.0,0.3982545069086635,0.3814088761941348,0.41791494420352043,15049362.519600928,12188766.625328412,18613291.541773375,0.061875,0.041572420634920636,0.08922321428571428,365328.1754457351,341945.82337678137,386146.53280320344,29956910.386550277,28039557.51689607,31664015.68986268,2.056632525898636e-05,8.944821578586187e-06,3.8861330259351306e-05,2.7858868108228125e-05,1.2784547397582308e-05,5.092457459786209e-05,1.22286395259674,1.0603930979829845,1.4467585795496765
shared_fee_8131_8279,full_multiscale_60d,3.5,5.5,82,81.18030855011673,6775042.0,550000000.0,555553444.0,550000000.0,execution,450000000.0,225000000.0,0.5,32,7200,50400,8,44535.26644046533,False,state,101906004.84475487,225000000.00000715,85115895.78368536,16790109.061069526,1.4479558695732846,3.0874605142255307,5.656315259465248,61474223.12198452,56258246.21442688,66319619.20556852,5973502.934885399,5082039.777938982,7247112.988587958,39990782.11962058,39778884.101705536,40156472.74972264,89011962.19693543,81459457.81807882,96027881.89656724,18442954.44306898,15690597.146110086,22375175.194396283,226200471.14114827,225001909.148964,227137669.58054292,107454916.64000458,97197576.38887319,116759377.29546088,228363679.36343718,228127355.99491262,228639478.34872416,1.0149496860597207,1.0138993599773893,1.016175459327663,81260.72976510147,35371.52819143048,153637.00821618875,0.06107796759323886,0.05897521003352778,0.06335585809250426,0.08140190972222222,0.07434424603174603,0.0911577380952381,0.08656684027777778,0.07882242063492063,0.09659722222222222,0.0,0.0,0.0,0.3988009057380505,0.3819274825653091,0.4184815986607635,16050760.0986834,12999462.586232072,19842936.200478375,0.05501178075396826,0.037323412698412696,0.07926190476190476,376985.2114529077,353015.7613074948,398308.44482851843,30912787.339138433,28947292.42721457,32661292.47593851,1.8283061001310822e-05,7.95819387089165e-06,3.4568363020391354e-05,2.456217497591903e-05,1.126759531756385e-05,4.485423319199173e-05,1.2253525359653683,1.0618353859335916,1.449253491660306
shared_fee_8131_8279,full_multiscale_60d,3.5,5.5,82,81.18030855011673,6775042.0,550000000.0,555553444.0,550000000.0,execution,475000000.0,237500000.0,0.5,32,7200,50400,8,37895.07442306996,False,state,104221242.66734129,237500000.00000367,86797370.73081948,17423871.936521817,1.4479558695732846,3.0874605142255307,5.656315259465248,62713608.871083826,57384885.01973785,67672870.8933937,6205715.552246944,5277275.040807702,7531961.240910606,42259487.81947734,42062580.62097771,42416426.98262262,90806538.06700903,83090781.08911741,97987330.62096447,19159901.730077714,16293378.311201777,23254632.92598846,239032985.81052157,237919216.61894858,239920683.19382665,109966439.79708667,99428503.6562618,119542569.39653376,241057565.6074987,240806469.87251893,241348375.75419766,1.0149792236105206,1.013921978410606,1.0162036873860953,68904.8644521405,30016.78926236008,130338.04936233204,0.061151310781776984,0.05904655453853571,0.06342628900559942,0.08183035714285714,0.07464682539682539,0.09160813492063492,0.08702442956349207,0.07937896825396826,0.09685714285714285,0.0,0.0,0.0,0.39929251788930076,0.3824060630638441,0.4189994683130765,17045974.054352686,13796863.51938224,21062315.759921674,0.04933531746031746,0.03319146825396826,0.07068948412698411,388417.85484988475,363892.4691327307,410220.9733911094,31850264.097690552,29839182.468883917,33638119.81807097,1.6364339856700983e-05,7.128605119734431e-06,3.0955301794803094e-05,2.1816456015133084e-05,1.0004289819854389e-05,3.980608389253837e-05,1.2273739641379562,1.063024028547697,1.4512814170989425
shared_fee_8131_8279,full_multiscale_60d,3.5,5.5,82,81.18030855011673,6775042.0,550000000.0,555553444.0,550000000.0,execution,500000000.0,250000000.0,0.5,32,7200,50400,8,32513.150702776144,False,state,106470490.1446071,250000000.00000274,88423272.13360794,18047218.010999165,1.4479558695732846,3.0874605142255307,5.656315259465248,63909420.19401325,58472763.71883799,68976676.65847161,6433550.618860024,5469051.124155612,7811443.368573956,44524923.35111955,44340827.20515652,44674529.73444217,92538020.09094685,84665981.43686338,99875183.83129239,19863333.502001613,16885479.39611119,24117522.959581252,251847003.37747157,250805697.5378525,252693224.24637473,112401353.59294826,101592698.91443864,122237475.78329718,253751228.11365092,253485039.5995903,254056811.333103,1.0150049124546037,1.0139401583983612,1.016227245332412,58945.280806959294,25696.566926004227,111539.66979297712,0.06121415818674841,0.05910802817817665,0.06348568310371587,0.08219618055555555,0.07487599206349206,0.09195634920634921,0.08742745535714286,0.07988293650793651,0.09715674603174602,0.0,0.0,0.0,0.3997407921551568,0.3828412005370356,0.4194679076684282,18036034.89150866,14582321.589442523,22273427.00636136,0.044482886904761904,0.029720238095238095,0.06344642857142857,399649.25066523906,374594.5088769445,421911.24855471327,32771238.5545496,30716749.72790945,34596722.38148649,1.4735791281028224e-05,6.423779977818217e-06,2.788491242267439e-05,1.9505462198208177e-05,8.940990923428011e-06,3.556319025022957e-05,1.2290456761775905,1.0639974120440543,1.4529399208007783
shared_fee_8131_8279,full_multiscale_60d,3.5,5.5,82,81.18030855011673,6775042.0,550000000.0,555553444.0,550000000.0,execution,525000000.0,262500000.0,0.5,32,7200,50400,8,28104.879612834324,False,state,108658911.13946384,262499999.99998045,89998083.87911603,18660827.260347817,1.4479558695732846,3.0874605142255307,5.656315259465248,65065633.75042846,59525127.943827726,70235924.45720781,6657389.621005932,5657642.62752159,8085928.919349678,46787821.515289664,46614914.40959315,46930950.614339195,94212166.29643834,86189758.3933669,101698519.07271968,20554427.58267069,17467748.216072008,24964986.259326234,264646668.7940716,263668651.6936476,265456252.1010995,114766593.8791092,103695484.8724516,124852811.05544087,266445452.8151524,266164864.97718495,266766568.93091598,1.0150302964386757,1.013961390389276,1.016253595927299,50825.190168423396,22171.14673088743,96198.1045841485,0.06126716584772626,0.05916019827456904,0.0635357178546495,0.08253720238095238,0.07513194444444445,0.09234920634920635,0.0877436755952381,0.08029861111111111,0.09742162698412699,0.0,0.0,0.0,0.4001521735612374,0.3832380122709175,0.41988558804605686,19022551.442841303,15364321.011031333,23478635.656902634,0.040429687500000006,0.027142857142857142,0.05745535714285714,410698.89699813596,385135.7129939523,433402.04695145745,33677309.55384715,31581128.465504084,35538967.85001951,1.3341128189204484e-05,5.81959390160446e-06,2.5251991926940125e-05,1.7541898740232437e-05,8.037789885971288e-06,3.19623505320737e-05,1.230453608825616,1.0648279311267912,1.4543354331157974
shared_fee_8131_8279,full_multiscale_60d,3.5,5.5,82,81.18030855011673,6775042.0,550000000.0,555553444.0,550000000.0,execution,550000000.0,275000000.0,0.5,32,7200,50400,8,24459.55889629373,False,state,110791039.63142955,274999999.9999798,91525734.44585241,19265305.185577147,1.4479558695732846,3.0874605142255307,5.656315259465248,66185368.80421361,60544981.463469975,71454324.69734162,6877473.467882136,5843250.699579572,8356778.609954287,49048127.48106742,48883495.26088839,49187927.43017298,95833493.23993355,87666461.2832373,103462708.85191089,21233927.76971984,18040805.80967271,25801223.984358348,277431671.91935235,276500460.18015045,278222424.5047514,117067421.00965337,105741876.13398647,127395083.95234549,279137002.62575954,278842406.7688773,279472636.7635329,1.0150436459118528,1.013972388250463,1.016264133685574,44137.0199478509,19265.800854634785,83556.85565799817,0.06131445289238449,0.05920693466607508,0.06358014142400575,0.08281622023809523,0.07539682539682539,0.09256150793650794,0.08805741567460318,0.08069742063492064,0.09773412698412698,0.0,0.0,0.0,0.4005336284747381,0.38360360094406953,0.4202727270083095,20004591.812414095,16142917.141848426,24677447.929167464,0.03699156746031746,0.024444444444444446,0.0526031746031746,421580.4362685331,395529.3521160318,444748.91019589826,34569595.77401972,32433406.873514608,36469410.63606366,1.2137212713256007e-05,5.297765316665132e-06,2.2978103943243775e-05,1.5859479844256684e-05,7.264212113803661e-06,2.8879805609093933e-05,1.2316061915662293,1.0654861373912607,1.4550546551870265
shared_fee_8131_8279,full_multiscale_60d,4.0,5.0,64,63.04535015954887,7930799.0,500000000.0,507571136.0,500000000.0,execution,50000000.0,25000000.0,0.5,32,7200,50400,8,1616044955.0430844,False,regular,25000000.000000708,6687851.184176778,23853463.050618015,1146536.9493826907,1.4479558695732846,2.161501805529043,5.656315259465248,16546440.306668289,16388487.501199182,16690701.388392564,525665.4018404109,465976.8145406435,626021.5204238404,1197972.0511411817,977968.0263163433,1488660.1629361883,23958515.362584323,23729806.670789637,24167399.04261811,1136226.7151821996,1007209.7259642719,1353146.6466961668,6776107.593282759,5531695.470522212,8420331.195774088,25094742.077766493,24923573.88275583,25210806.33632791,25262538.93053484,25241668.535349652,25292161.12580526,1.0105015572213936,1.0096667414139862,1.0116864450322103,3075015619.7018623,1446509068.8807626,7003806908.84776,0.05101625236670262,0.04894284894054113,0.05325149168471371,0.027788318452380955,0.021732142857142856,0.0337281746031746,0.033710937499999996,0.02676388888888889,0.04096626984126984,0.0,0.0,0.0,0.3186173351394078,0.30276196995165433,0.3360501447112437,109642.10925039167,69285.69676788485,149586.1800259147,0.9807614087301588,0.9599732142857142,0.9924811507936508,76497.16021385592,75726.5830501593,77306.27539167712,4895818.253686779,4846501.315210195,4947601.625067336,0.07687559770590154,0.03615977974285261,0.1750938341284944,0.09322703436954291,0.04519776324221508,0.20609438414291162,1.060656245383876,0.814816489825894,1.4143465008202256
shared_fee_8131_8279,full_multiscale_60d,4.0,5.0,64,63.04535015954887,7930799.0,500000000.0,507571136.0,500000000.0,execution,75000000.0,37500000.0,0.5,32,7200,50400,8,66425030.80442605,False,regular,37499999.999999896,19473716.7488722,35115102.532672405,2384897.4673274895,1.4479558695732846,2.161501805529043,5.656315259465248,23858255.00579673,23363607.98972974,24235732.65953151,1049605.0643400745,938318.5678618496,1256656.8930692563,3167444.6058975086,2667524.6426026355,3768408.7250880464,34545700.37341965,33829473.3231387,35092271.357777886,2268723.2416634946,2028177.2785948145,2716266.14329972,17916065.25784897,15088360.340952775,21315307.7756174,36814423.6150831,36040173.384649225,37305764.843846366,37902973.26582389,37870154.41383199,37947232.511066474,1.0107459537553038,1.009870784368853,1.011926200295106,146666903.62050897,68782372.82036893,314844544.307276,0.051645918594019805,0.04945098164882215,0.05414747954386213,0.030513392857142857,0.024586309523809524,0.03799107142857143,0.036598462301587295,0.02959623015873016,0.044503968253968254,0.0,0.0,0.0,0.32318245022206826,0.30620344773018615,0.34243572938220745,324623.57296544407,174045.5429596877,521395.08991018723,0.9213659474206348,0.8726527777777778,0.955610119047619,114060.32794271302,112452.29857928267,115955.41324536735,7299860.988333633,7196947.109074091,7421146.4477035105,0.005500009749512363,0.002579203636388406,0.011806629701693966,0.007657580058069102,0.003846786033730186,0.015809637964776153,1.0282047789672095,0.7753270910854692,1.4585090129135585
shared_fee_8131_8279,full_multiscale_60d,4.0,5.0,64,63.04535015954887,7930799.0,500000000.0,507571136.0,500000000.0,execution,100000000.0,50000000.0,0.5,32,7200,50400,8,7127800.090390119,False,regular,50000000.000000015,41120468.92685538,46019677.17025021,3980322.8297498054,1.4479558695732846,2.161501805529043,5.656315259465248,30046784.244126,28928695.39427744,30943772.507507835,1627095.7340936912,1459789.2893002098,1959419.6235617965,5794928.951566906,5053307.139566265,6564312.749784963,43506417.60808429,41887474.295242295,44805217.02898618,3516970.3670121073,3155337.184514388,4235289.054117838,32777945.056265067,28583098.28429362,37129822.374511264,47023387.975096494,45224368.10516102,48402774.8072085,50565191.54368234,50518856.86871456,50625308.8338514,1.0113038308736466,1.0103771373742914,1.012506176677028,22717186.98527202,11159921.011419004,45498082.4988905,0.05302859784451576,0.05081967418023132,0.055465217902267,0.03493923611111111,0.027797619047619047,0.043027777777777776,0.04099392361111111,0.03390178571428572,0.04999603174603174,0.0,0.0,0.0,0.3350579859783571,0.31709906015221295,0.3560049597886526,884261.5235498648,506809.38091865624,1389458.412960522,0.8168415178571429,0.7322063492063492,0.882719246031746,148345.43293314625,144830.3361854932,151833.9390758389,9494107.70772136,9269141.515871564,9717372.100853689,0.0011358499725654307,0.000557953399608653,0.0022747874282708198,0.0017305159320980725,0.0008808447529571611,0.003408645933547091,1.1086382617091495,0.7879631920386516,1.5952884554892695
shared_fee_8131_8279,full_multiscale_60d,4.0,5.0,64,63.04535015954887,7930799.0,500000000.0,507571136.0,500000000.0,execution,125000000.0,62500000.0,0.5,32,7200,50400,8,2041657.8574558252,False,state,58849329.8955297,62500000.00000275,53546380.709798254,5302949.185731451,1.4479558695732846,2.161501805529043,5.656315259465248,35031555.39943841,33159209.72778152,36596470.73616239,2185013.9267372657,1932878.8902050797,2642236.5220410484,8666260.254743055,7816321.754652402,9424968.279892521,50724146.260898486,48013072.35575284,52990074.60809351,4722911.547748705,4177921.2110472233,5711199.013026562,49019100.12140107,44211580.013731174,53310591.901533455,55447057.80864708,52360762.47890741,57813089.3507256,63255549.06743453,63200318.96105214,63328465.79864505,1.0120887850789524,1.0112051033768343,1.0132554527783209,6949461.623606029,3396643.6006583874,13827565.644713212,0.05486418418599118,0.05279952402984572,0.057520801546513754,0.041981646825396825,0.033998015873015874,0.052001984126984126,0.04758804563492064,0.03956746031746032,0.05742559523809524,0.0,0.0,0.0,0.35069186249977524,0.33327822387708433,0.3746563129789834,1822040.5976166467,1180622.0758296272,2644582.710083865,0.6844289434523809,0.5740962301587301,0.776421626984127,177917.27274689142,171019.39652464667,182863.79563460028,11386705.455801051,10945241.377577387,11703282.920614418,0.0004343345792601032,0.00021227349080604939,0.0008642250619947427,0.0006817349431699207,0.0003483975133971527,0.0013328207085594173,1.118232163440216,0.8412935223502486,1.5083293563873996
shared_fee_8131_8279,full_multiscale_60d,4.0,5.0,64,63.04535015954887,7930799.0,500000000.0,507571136.0,500000000.0,execution,150000000.0,75000000.0,0.5,32,7200,50400,8,1184472.6608413283,False,state,63206482.43427539,75000000.00000046,57197805.08629793,6008677.347977456,1.4479558695732846,2.161501805529043,5.656315259465248,38992053.560354725,36453044.50506333,41226968.79346099,2689842.3302268097,2377500.175252782,3252542.3534210166,11509931.706064235,10686593.83899009,12154923.026322648,56458772.81943147,52782399.75492219,59694831.449206226,5814099.053373706,5138970.921454534,7030376.169479256,65103802.34441055,60446743.803183526,68752076.5914099,62272871.872805074,58012071.84465094,65574092.460780725,75962152.71956256,75891131.71688624,76055117.99409449,1.012828702927501,1.0118817562251499,1.01406823992126,3104912.9361992544,1461849.9051599405,5830191.239135599,0.05652504586241988,0.054476670081905314,0.05912359676215976,0.050694444444444445,0.041063492063492066,0.06151190476190476,0.055554315476190476,0.04628472222222222,0.06632638888888889,0.0,0.0,0.0,0.3647689144933911,0.3477324465469491,0.38843855471167305,3013754.0504931016,2126490.208921493,4135864.865657384,0.5411067708333333,0.42440972222222223,0.6490188492063492,202876.24888037727,192785.0183940004,211141.779704103,12984079.928344145,12338241.177216025,13513073.901062593,0.00023286380654345077,0.00010963624584996981,0.0004372625719731316,0.0003640648180559282,0.00017913133342363984,0.0006692870883873548,1.0641353840992602,0.8690258048769159,1.3423074928537952
shared_fee_8131_8279,full_multiscale_60d,4.0,5.0,64,63.04535015954887,7930799.0,500000000.0,507571136.0,500000000.0,execution,175000000.0,87500000.0,0.5,32,7200,50400,8,747485.4019818847,False,state,67156782.46003886,87500000.00000663,60478631.076628886,6678151.383409966,1.4479558695732846,2.161501805529043,5.656315259465248,42186601.28908236,39119395.006779954,44961814.77142328,3136755.562900082,2742350.564871822,3783695.968871134,14217418.634926595,13496222.483716773,14727171.167194696,61084336.95387481,56643157.61422317,65102723.60494843,6780102.812711789,5927595.697364075,8178465.668287894,80418201.97494295,76338889.17978723,83301523.00176455,67864439.76658657,62644058.454378374,71997814.06862228,88672728.26989,88589166.39655177,88780761.87418954,1.0134026087987427,1.0124476159605917,1.0146372785621662,1709633.8767864835,766705.874199173,3278542.451638906,0.057781750638598646,0.05585967366583204,0.06030570246825756,0.058796502976190476,0.05032936507936508,0.06966071428571428,0.06344680059523809,0.05472420634920635,0.0744781746031746,0.0,0.0,0.0,0.3752566836652807,0.35860500423839187,0.39776278483449834,4288506.334549006,3195213.512497184,5559597.100414969,0.4117764136904762,0.3068214285714286,0.5252857142857142,224093.02220393333,211269.99996720586,235372.67696789128,14341953.421051733,13521279.997901175,15063851.325945042,0.0001495895352935903,6.708520724419625e-05,0.0002868708142551143,0.00023015962560647978,0.00010886510574885344,0.00042445867933444374,1.0940636330576858,0.9418434669606441,1.335585626332567
shared_fee_8131_8279,full_multiscale_60d,4.0,5.0,64,63.04535015954887,7930799.0,500000000.0,507571136.0,500000000.0,execution,200000000.0,100000000.0,0.5,32,7200,50400,8,501674.6078754611,False,state,70790418.83514225,99999999.99999495,63472340.56784292,7318078.267299333,1.4479558695732846,2.161501805529043,5.656315259465248,44855249.90797889,41384891.01747357,48029267.2235596,3535964.258882203,3066239.084016309,4254972.016005586,16789793.54890469,16184900.594927577,17186231.125687376,64948422.38543454,59923495.86040145,69544259.38765661,7642993.129860053,6627681.316285007,9197129.69507165,94968365.45394264,91546900.20801927,97210741.36892395,72591415.51529469,66616862.42208179,77508137.58260106,101382127.6136049,101289961.84858741,101506949.35292846,1.013821276136049,1.0128996184858743,1.0150694935292845,1062746.5223059566,466799.04343526624,2040751.8026830857,0.058681412742451644,0.05672646190116023,0.06114716791886458,0.06515687003968254,0.05759623015873016,0.07604761904761904,0.06990389384920635,0.06230456349206349,0.08060416666666667,0.0,0.0,0.0,0.38249171328748466,0.36586758334922986,0.4039807264193665,5544019.1421030145,4298549.1085911915,7053124.6746837245,0.30983692956349207,0.2265138888888889,0.41471825396825396,242634.75819132454,227651.35369258653,255997.44359709203,15528624.52424477,14569686.636325538,16383836.39021389,0.00010627204924373333,4.667813641729119e-05,0.00020407346895020805,0.00016049604485590476,7.465845004032323e-05,0.0002977215680817774,1.1316989265682293,0.9918429657883152,1.3633750398712352
shared_fee_8131_8279,full_multiscale_60d,4.0,5.0,64,63.04535015954887,7930799.0,500000000.0,507571136.0,500000000.0,execution,225000000.0,112500000.0,0.5,32,7200,50400,8,352911.6609491433,False,state,74168993.61380558,112500000.00000536,66235747.7973526,7933245.816452979,1.4479558695732846,2.161501805529043,5.656315259465248,47168405.477285445,43387214.62108167,50635552.408292875,3899878.81281473,3362919.568885485,4690855.900960395,19261724.202581674,18760106.77301708,19589248.208112672,68297769.56924796,62822772.075031176,73318045.3186735,8429595.095243482,7268956.719994834,10139293.499402503,108950384.53066956,106113078.20940915,110802963.56099395,76727364.66449139,70155346.53795129,82332671.43071836,114088977.8170021,113984773.50546488,114229437.50497432,1.014124247262241,1.0131979867152434,1.0153727778219939,713536.4004987222,310783.5528134329,1364984.3545269321,0.059323911901240575,0.05739422564672772,0.06172996197687375,0.06972780257936508,0.062070436507936505,0.0804156746031746,0.07449714781746032,0.0665595238095238,0.08536805555555556,0.0,0.0,0.0,0.38741104498799706,0.37167395646479245,0.4082026418340468,6747656.317373928,5341156.489455964,8479887.914691826,0.23455295138888888,0.17033035714285713,0.3245843253968254,259344.0730919033,242688.38143120173,274238.72721706843,16598020.67788181,15532056.411596911,17551278.54189238,8.02708008917659e-05,3.496182558672432e-05,0.00015355928987674687,0.00011905277668025014,5.491097708292726e-05,0.00022093440787172416,1.160833190644154,1.016736422564172,1.3877235710922344
shared_fee_8131_8279,full_multiscale_60d,4.0,5.0,64,63.04535015954887,7930799.0,500000000.0,507571136.0,500000000.0,execution,250000000.0,125000000.0,0.5,32,7200,50400,8,257644.57999920848,False,state,77336715.7808873,125000000.00000334,68809492.02887829,8527223.752009023,1.4479558695732846,2.161501805529043,5.656315259465248,49233648.606687546,45204021.89007207,52935246.71948155,4238107.227185768,3640319.2069456913,5111568.0082057975,21665569.468445525,21246094.2484271,21943671.618068427,71288150.48056194,65453428.82404916,76647901.19478346,9160676.423587732,7868556.538515225,11048663.478821293,122547291.18937856,120174607.10141915,124120324.62198235,80448826.90414949,73387612.04511926,86619270.39017642,126793315.78355265,126673597.01847307,126948722.69589005,1.014346526268421,1.0133887761477847,1.0155897815671204,505296.555104715,219318.67838416967,961701.8028597649,0.059790795349459885,0.057840273548903746,0.062145012828245166,0.07306299603174604,0.06524107142857143,0.08252777777777777,0.07793340773809523,0.06995138888888888,0.08790674603174603,0.0,0.0,0.0,0.39077308529247945,0.3746713059556548,0.41101647260292834,7898105.398398734,6322140.622583884,9824361.132599818,0.1810044642857143,0.12907539682539682,0.25572222222222224,274780.55765579216,256792.15683282982,290884.10839122604,17585955.6899707,16434698.037301108,18616582.937038466,6.316041510936348e-05,2.7413784654331005e-05,0.00012021150657178829,9.211913194021696e-05,4.22959291638613e-05,0.00017068382261894023,1.1812386620347737,1.0354187407802842,1.4069441352966605
shared_fee_8131_8279,full_multiscale_60d,4.0,5.0,64,63.04535015954887,7930799.0,500000000.0,507571136.0,500000000.0,execution,275000000.0,137500000.0,0.5,32,7200,50400,8,193825.34889992862,False,state,80326539.71488196,137499999.99999177,71223775.62858163,9102764.086300336,1.4479558695732846,2.161501805529043,5.656315259465248,51117483.18847251,46879161.94552809,55013370.880751446,4557281.306749072,3901733.9278121144,5507566.348767657,24024570.63548305,23669218.317275766,24265258.058639698,74015859.82056242,67878957.69970451,79656933.27179584,9850571.77284186,8433604.92965981,11904614.606932119,135890545.48758066,133880560.74761808,137251949.43194324,83866431.59340432,76386056.32589567,90513983.90019302,139495368.08408427,139360151.8134442,139665608.0432561,1.014511767884249,1.0135283768250487,1.0157498766782262,372229.9403941468,161386.25536513378,704957.6862212839,0.06013674178001778,0.05816033964265809,0.06245119894487751,0.07544332837301587,0.06752281746031746,0.08457738095238096,0.0803689236111111,0.07210615079365079,0.09026785714285714,0.0,0.0,0.0,0.3931099952092483,0.3768443936371471,0.41296813047209985,9006251.644949894,7251983.303809348,11153659.559715066,0.14258308531746033,0.1002063492063492,0.2039126984126984,289298.4351598695,270207.20661268436,306384.98093030794,18515099.850231647,17293261.2232118,19608638.779539708,5.11802382857861e-05,2.2189744015263916e-05,9.693064023036949e-05,7.351455642755025e-05,3.368707971764644e-05,0.00013592678363989153,1.1953493452337958,1.045951607828125,1.4207660429993805
shared_fee_8131_8279,full_multiscale_60d,4.0,5.0,64,63.04535015954887,7930799.0,500000000.0,507571136.0,500000000.0,execution,300000000.0,150000000.0,0.5,32,7200,50400,8,149473.1157370768,False,state,83163781.00113425,149999999.9999987,73501735.5231773,9662045.477956943,1.4479558695732846,2.161501805529043,5.656315259465248,52862187.43486661,48442371.02076453,56925246.93126091,4861818.492351089,4153038.6153232157,5884593.187349654,26353926.91107985,26047564.28951483,26566238.0961209,76542114.5747982,70142415.45556295,82425245.42102724,10508829.449371353,8976800.465452952,12719558.799260046,149066118.93396097,147333235.362674,150267017.92966193,87050944.02416964,79200039.23461497,94110156.18667929,152195634.49253282,152045226.5763045,152380778.6881864,1.0146375632835518,1.01363484384203,1.0158718579212427,282744.9126600396,122585.83553360982,533167.9343635509,0.06040022351485772,0.05838823375551414,0.06268822695316022,0.07722098214285714,0.06981547619047619,0.0863998015873016,0.08220486111111111,0.07419345238095239,0.09220039682539682,0.0,0.0,0.0,0.39479019576434066,0.3786851364989179,0.4143880010871002,10081958.68343737,8143029.476348239,12491434.521365952,0.11529947916666666,0.07995436507936508,0.1654404761904762,303123.9330554976,283085.8197985631,321039.23397960246,19399931.715551846,18117492.467108037,20546510.974694557,4.2410563430701226e-05,1.83871416141157e-05,7.997428496672906e-05,6.007810026823437e-05,2.7525251691169525e-05,0.00011085792951329088,1.205288519442445,1.0512197947652888,1.4306450309525705
shared_fee_8131_8279,full_multiscale_60d,4.0,5.0,64,63.04535015954887,7930799.0,500000000.0,507571136.0,500000000.0,execution,325000000.0,162500000.0,0.5,32,7200,50400,8,117693.76672129458,False,state,85868368.80592386,162500000.00000328,75661538.49123295,10206830.31469092,1.4479558695732846,2.161501805529043,5.656315259465248,54495677.99738879,49913650.82864934,58707664.35400091,5154693.783275615,4396192.756071304,6246833.9539615875,28663419.795185618,28395228.263225917,28853959.270727985,78907336.82269491,72272763.68917368,85006107.1903134,11141879.919499593,9502378.579701718,13502542.870328005,162129338.77596182,160612362.92127815,163207090.11899963,90049216.7421945,81862648.29409927,97472179.0120913,164894704.13384902,164729181.23890886,165094449.9431652,1.0147366408236864,1.0137180383932853,1.0159658458040937,220123.3512216695,95487.5310040543,414990.4892159253,0.06060569162562311,0.05856976698846391,0.06287693871902723,0.07855406746031746,0.07142757936507937,0.0879236111111111,0.08353360615079365,0.07572619047619047,0.0934920634920635,0.0,0.0,0.0,0.3960433612880822,0.379809242065841,0.4154945760579388,11134152.77028272,9009184.661844324,13795693.41325365,0.09516989087301587,0.0653095238095238,0.1371845238095238,316405.85452152306,295535.3051633926,335048.43978778535,20249974.689377476,18914259.530457128,21443100.146418262,3.576903845904108e-05,1.5516100012509618e-05,6.743616733503784e-05,5.003418238078094e-05,2.292154420288859e-05,9.213656940209648e-05,1.2124653684526188,1.0550562182920702,1.4377661001065989
shared_fee_8131_8279,full_multiscale_60d,4.0,5.0,64,63.04535015954887,7930799.0,500000000.0,507571136.0,500000000.0,execution,350000000.0,175000000.0,0.5,32,7200,50400,8,94328.02942269108,False,state,88456313.54146113,175000000.00001046,77717743.53039083,10738570.0110703,1.4479558695732846,2.161501805529043,5.656315259465248,56037042.67401981,51306629.91993786,60402066.837328374,5437939.0191487465,4632351.766444724,6596692.692751828,30958947.59107984,30721308.886211928,31131906.967624966,81139164.85337538,74289735.94059862,87459527.21146657,11754115.008246839,10012836.707015984,14258763.165903214,175113567.676419,173769408.24383423,176091880.43724024,92893279.86162236,84396148.36057805,100645524.2587063,177592299.42532682,177411693.1000153,177806561.18192965,1.0148131395732962,1.013781103428659,1.0160374924681694,174895.08212363633,75928.62625804872,330201.43270351074,0.060770061160162064,0.05871651136317091,0.06304021214035517,0.07958829365079365,0.07264880952380953,0.08913095238095238,0.08461991567460318,0.07691964285714285,0.09464087301587301,0.0,0.0,0.0,0.3970181127045902,0.380700178023818,0.4164047257062735,12168439.167944007,9854605.956989901,15075145.438225735,0.08009796626984127,0.055304563492063495,0.11563988095238095,329243.9919534966,307623.5876890917,348541.56049134297,21071615.48502378,19687909.612101868,22306659.87144595,3.060574696998605e-05,1.3286946600602346e-05,5.778541130281197e-05,4.232158919420101e-05,1.9386279737912885e-05,7.776055280793956e-05,1.2177633309590297,1.0578598968864261,1.442969003839958
shared_fee_8131_8279,full_multiscale_60d,4.0,5.0,64,63.04535015954887,7930799.0,500000000.0,507571136.0,500000000.0,execution,375000000.0,187500000.0,0.5,32,7200,50400,8,76764.77445877087,False,state,90940699.32406408,187500000.00001308,79682221.25328617,11258478.070777904,1.4479558695732846,2.161501805529043,5.656315259465248,57500092.85739536,52632001.47021602,62009660.81181947,5712981.430397081,4862477.423976786,6934481.918248352,33244307.047631264,33031328.0601049,33403064.395084463,83257596.9538743,76208815.456189,89787252.34272176,12348619.676757203,10510253.731270116,14988895.186702296,188040281.24388143,186835604.94678938,188938262.850831,95606216.63063169,86818124.6335084,103661338.32715197,190289429.31256133,190094025.27480704,190518386.46007743,1.0148769563336604,1.0138348014656375,1.016098061120413,141364.59601572977,61427.52686162063,267166.4572527522,0.060902615848814706,0.05883631359951664,0.0631709769639146,0.08036334325396825,0.07348313492063492,0.08997718253968254,0.08546378968253968,0.07779265873015873,0.09549305555555555,0.0,0.0,0.0,0.39779618870265054,0.38140498935278894,0.4171828866925059,13189200.475748284,10675963.146898232,16334987.478279103,0.06823102678571429,0.04719642857142857,0.09878968253968254,341709.28081875126,319402.82888580865,361604.85097141616,21869393.97240008,20441781.048691753,23142710.462170634,2.6505077377261693e-05,1.1517167979624773e-05,5.009384597667361e-05,3.6266982404025176e-05,1.661021201961905e-05,6.651695129832509e-05,1.2217786979925216,1.0599869008695155,1.4468523079041438
shared_fee_8131_8279,full_multiscale_60d,4.0,5.0,64,63.04535015954887,7930799.0,500000000.0,507571136.0,500000000.0,execution,400000000.0,200000000.0,0.5,32,7200,50400,8,63308.22922671631,False,state,93332376.27653272,199999999.99998695,81564794.00591955,11767582.270613175,1.4479558695732846,2.161501805529043,5.656315259465248,58895373.03587954,53898253.99714342,63538241.97413843,5980897.8354590405,5087187.539660841,7263487.04576304,35522052.71588774,35330147.38383136,35669168.5611552,85277901.07800992,78042293.23491555,92000570.40882206,12927721.470029492,10995965.052041827,15700040.36385374,200923928.824409,199838451.76632637,201756062.4249061,98205622.54803947,89142448.7690534,106543086.14232093,202985159.5124051,202775076.1532325,203228768.56923294,1.0149257975620256,1.0138753807661627,1.0161438428461647,115952.90777771476,50430.79300353097,219305.92777169115,0.061012333778740636,0.058936400495442416,0.06327942856737612,0.08096292162698412,0.07406944444444444,0.09054662698412698,0.08615327380952381,0.07861904761904762,0.09613690476190476,0.0,0.0,0.0,0.39844636631948993,0.38197146593966946,0.41786582889136475,14198755.431741074,11488740.736445002,17576817.287294317,0.05916790674603174,0.04111904761904762,0.08551686507936508,353854.9856466438,330911.1201985515,374307.4834292506,22646719.081385203,21178311.692707296,23955678.93947204,2.3189865833110667e-05,1.0085701117148761e-05,4.386128041505357e-05,3.1425168584055486e-05,1.4389123999121383e-05,5.75528402401188e-05,1.2248700994173995,1.0616974305327451,1.4497633030902193
shared_fee_8131_8279,full_multiscale_60d,4.0,5.0,64,63.04535015954887,7930799.0,500000000.0,507571136.0,500000000.0,execution,425000000.0,212500000.0,0.5,32,7200,50400,8,52824.37891763159,False,state,95640456.39759071,212499999.9999876,83373693.53520703,12266762.862383675,1.4479558695732846,2.161501805529043,5.656315259465248,60231227.73315862,55112118.6657096,64998418.44198968,6242554.504946852,5307024.8383119125,7584682.60176263,37794230.30497131,37620072.65425506,37931747.923030764,87212159.72783232,79799915.70663333,94114841.49605976,13493292.833556086,11471143.769998686,16394305.138074486,213776081.5937444,212790991.0164466,214553924.59521958,100705452.56138852,91380160.05095732,109308697.59447823,215680539.03801018,215455900.55367884,215938599.4314925,1.0149672425318124,1.0139101202526064,1.0161816443834941,96326.0831978037,41931.58324106883,182281.88955261168,0.06110362225614202,0.05902145475715572,0.06336818680393252,0.0815265376984127,0.07443551587301586,0.09117956349206348,0.08670200892857143,0.07919742063492063,0.09659920634920634,0.0,0.0,0.0,0.3990094756414604,0.3824653755083027,0.41847531561739176,15200012.907351628,12289577.427138865,18805633.686497927,0.05190662202380952,0.0363204365079365,0.07497222222222222,365723.3387551454,342179.61745561386,386701.58372583566,23406293.680329304,21899495.517159287,24748901.358453482,2.046864238050822e-05,8.910040337408728e-06,3.873497163924865e-05,2.749119342528311e-05,1.2583609665168567e-05,5.0288372627175315e-05,1.2273099782594832,1.0630569976671664,1.452100123123843
shared_fee_8131_8279,full_multiscale_60d,4.0,5.0,64,63.04535015954887,7930799.0,500000000.0,507571136.0,500000000.0,execution,450000000.0,225000000.0,0.5,32,7200,50400,8,44535.26644046533,False,state,97872676.92324537,225000000.00000715,85115895.78368536,12756781.139560016,1.4479558695732846,2.161501805529043,5.656315259465248,61514194.244159505,56279079.695890896,66398454.1366672,6498603.936558321,5522435.788985322,7899440.423009887,40062076.93841502,39903302.658567466,40191712.82367155,89069838.6179019,81489623.77984828,96142031.3977799,14046744.14228895,11936754.928810053,17074654.73700483,226603737.11261642,225705659.73070335,227336998.5485666,103116582.7601907,93540262.88622957,111972101.9244565,228375167.37758636,228136022.6173076,228648230.2061318,1.0150007439003839,1.013937878299145,1.016214356471697,80914.76994925336,35252.963928533856,153181.89742749828,0.06118085327052285,0.059094569742564405,0.06344321515716013,0.08195808531746031,0.07475297619047619,0.09168353174603175,0.08716951884920635,0.07978174603174602,0.09687599206349207,0.0,0.0,0.0,0.3995121137692181,0.38290062678650066,0.4190282047025519,16194789.137400769,13079796.831574531,20024133.200321846,0.04606212797619048,0.03219444444444445,0.06648611111111111,377346.4878368638,353235.54875621357,398822.90164619434,24150175.221559282,22607075.12039767,25524665.705356438,1.8205221858931135e-05,7.931523754153933e-06,3.446596725223885e-05,2.4250393655915014e-05,1.1096479030807863e-05,4.431387443210023e-05,1.229259718342402,1.0641684945627194,1.4539439816648612
shared_fee_8131_8279,full_multiscale_60d,4.0,5.0,64,63.04535015954887,7930799.0,500000000.0,507571136.0,500000000.0,execution,475000000.0,237500000.0,0.5,32,7200,50400,8,37895.07442306996,False,state,100035671.92883277,237500000.00000367,86797370.73081948,13238301.198013294,1.4479558695732846,2.161501805529043,5.656315259465248,62749627.67337504,57403630.499043375,67744587.61515866,6749572.349785384,5733833.292337513,8210902.771809042,42326410.96279034,42180674.94934476,42450653.20520673,90858691.70320152,83117923.71590523,98091173.26919003,14589212.820609983,12393691.01399003,17747881.16628867,239411524.20725495,238587195.37054893,240114277.49890766,105447904.52381125,95630056.29665303,114543719.27614406,241068748.7959665,240815480.2378636,241356362.66725537,1.015026310719859,1.0139599167910047,1.0162373164937069,68640.62105928463,29928.657449860075,129983.73981272888,0.06124685229549899,0.05915707042662473,0.06350716301374332,0.08234188988095237,0.07509126984126985,0.09207539682539682,0.08757874503968255,0.08023313492063493,0.0971875,0.0,0.0,0.0,0.3999671562454089,0.3832911169213117,0.4195252779793988,17183775.907743182,13865111.717698054,21234130.072535243,0.041280381944444444,0.028784722222222222,0.05900992063492063,388750.2518481795,364100.1731102699,410734.91997729434,24880016.118283488,23302411.079057273,26287034.878546838,1.630158354846067e-05,7.107677755637417e-06,3.08711506609712e-05,2.154918452355076e-05,9.857012118251407e-06,3.9343456400632754e-05,1.2308280503752704,1.0650762271504846,1.4552553391719325
shared_fee_8131_8279,full_multiscale_60d,4.0,5.0,64,63.04535015954887,7930799.0,500000000.0,507571136.0,500000000.0,execution,500000000.0,250000000.0,0.5,32,7200,50400,8,32513.150702776144,False,state,102135178.9179452,250000000.00000274,88423272.13360794,13711906.784337273,1.4479558695732846,2.161501805529043,5.656315259465248,63942136.18715669,58489669.972070634,69042417.33812033,6995943.793958072,5941537.30237735,8516300.75587385,44588112.65353063,44453451.29718933,44709582.43488538,92585391.40524773,84690460.94546382,99970373.4342596,15121745.14202009,12842643.60670675,18407999.460249692,252204421.99293405,251442734.90819958,252891493.3707756,107707136.54726765,97655945.05839735,117033150.1752075,253762090.88906035,253493969.63471836,254065432.37979525,1.0150483635562413,1.0139758785388733,1.0162617295191811,58740.027521369426,25630.093408147724,111256.90796758045,0.06130308609811684,0.059210834024498,0.06356133728950689,0.08268663194444444,0.07537103174603174,0.09241765873015872,0.08791604662698413,0.08064484126984127,0.09750892857142857,0.0,0.0,0.0,0.40038797950657545,0.3836659764299102,0.41997199723645806,18168710.93304833,14646274.690602686,22437501.05508343,0.0372984871031746,0.025763888888888888,0.053080357142857144,399957.30824797496,374790.6818232186,422444.54718779336,25597267.727870397,23986603.63668599,27036451.020018775,1.4684478489680866e-05,6.407161117939733e-06,2.7814217785336174e-05,1.927386473936777e-05,8.812939681712843e-06,3.516262871026871e-05,1.232126183646736,1.065828529830052,1.4561039926473933
shared_fee_8131_8279,full_multiscale_60d,4.5,4.5,64,49.52371938539964,9086555.0,450000000.0,581539520.0,450000000.0,execution,50000000.0,25000000.0,0.5,32,7200,50400,8,1616044955.0430844,False,regular,25000000.000000708,6687851.184176778,23853463.050618015,1146536.9493826907,1.4479558695732846,2.161501805529043,5.656315259465248,16546440.306668289,16388487.501199182,16690701.388392564,525665.4018404109,465976.8145406435,626021.5204238404,1197972.0511411817,977968.0263163433,1488660.1629361883,23958515.362584323,23729806.670789637,24167399.04261811,1136226.7151821996,1007209.7259642719,1353146.6466961668,6776107.593282759,5531695.470522212,8420331.195774088,25094742.077766493,24923573.88275583,25210806.33632791,25262538.93053484,25241668.535349652,25292161.12580526,1.0105015572213936,1.0096667414139862,1.0116864450322103,3075015619.7018623,1446509068.8807626,7003806908.84776,0.05101625236670262,0.04894284894054113,0.05325149168471371,0.027788318452380955,0.021732142857142856,0.0337281746031746,0.033710937499999996,0.02676388888888889,0.04096626984126984,0.0,0.0,0.0,0.3186173351394078,0.30276196995165433,0.3360501447112437,109642.10925039167,69285.69676788485,149586.1800259147,0.9807614087301588,0.9599732142857142,0.9924811507936508,76497.16021385592,75726.5830501593,77306.27539167712,4895818.253686779,4846501.315210195,4947601.625067336,0.07687559770590154,0.03615977974285261,0.1750938341284944,0.09322703436954291,0.04519776324221508,0.20609438414291162,1.060656245383876,0.814816489825894,1.4143465008202256
shared_fee_8131_8279,full_multiscale_60d,4.5,4.5,64,49.52371938539964,9086555.0,450000000.0,581539520.0,450000000.0,execution,75000000.0,37500000.0,0.5,32,7200,50400,8,66425030.80442605,False,regular,37499999.999999896,19473716.7488722,35115102.532672405,2384897.4673274895,1.4479558695732846,2.161501805529043,5.656315259465248,23858255.00579673,23363607.98972974,24235732.65953151,1049605.0643400745,938318.5678618496,1256656.8930692563,3167444.6058975086,2667524.6426026355,3768408.7250880464,34545700.37341965,33829473.3231387,35092271.357777886,2268723.2416634946,2028177.2785948145,2716266.14329972,17916065.25784897,15088360.340952775,21315307.7756174,36814423.6150831,36040173.384649225,37305764.843846366,37902973.26582389,37870154.41383199,37947232.511066474,1.0107459537553038,1.009870784368853,1.011926200295106,146666903.62050897,68782372.82036893,314844544.307276,0.051645918594019805,0.04945098164882215,0.05414747954386213,0.030513392857142857,0.024586309523809524,0.03799107142857143,0.036598462301587295,0.02959623015873016,0.044503968253968254,0.0,0.0,0.0,0.32318245022206826,0.30620344773018615,0.34243572938220745,324623.57296544407,174045.5429596877,521395.08991018723,0.9213659474206348,0.8726527777777778,0.955610119047619,114060.32794271302,112452.29857928267,115955.41324536735,7299860.988333633,7196947.109074091,7421146.4477035105,0.005500009749512363,0.002579203636388406,0.011806629701693966,0.007657580058069102,0.003846786033730186,0.015809637964776153,1.0282047789672095,0.7753270910854692,1.4585090129135585
shared_fee_8131_8279,full_multiscale_60d,4.5,4.5,64,49.52371938539964,9086555.0,450000000.0,581539520.0,450000000.0,execution,100000000.0,50000000.0,0.5,32,7200,50400,8,7127800.090390119,False,regular,50000000.000000015,41120468.92685538,46019677.17025021,3980322.8297498054,1.4479558695732846,2.161501805529043,5.656315259465248,30046784.244126,28928695.39427744,30943772.507507835,1627095.7340936912,1459789.2893002098,1959419.6235617965,5794928.951566906,5053307.139566265,6564312.749784963,43506417.60808429,41887474.295242295,44805217.02898618,3516970.3670121073,3155337.184514388,4235289.054117838,32777945.056265067,28583098.28429362,37129822.374511264,47023387.975096494,45224368.10516102,48402774.8072085,50565191.54368234,50518856.86871456,50625308.8338514,1.0113038308736466,1.0103771373742914,1.012506176677028,22717186.98527202,11159921.011419004,45498082.4988905,0.05302859784451576,0.05081967418023132,0.055465217902267,0.03493923611111111,0.027797619047619047,0.043027777777777776,0.04099392361111111,0.03390178571428572,0.04999603174603174,0.0,0.0,0.0,0.3350579859783571,0.31709906015221295,0.3560049597886526,884261.5235498648,506809.38091865624,1389458.412960522,0.8168415178571429,0.7322063492063492,0.882719246031746,148345.43293314625,144830.3361854932,151833.9390758389,9494107.70772136,9269141.515871564,9717372.100853689,0.0011358499725654307,0.000557953399608653,0.0022747874282708198,0.0017305159320980725,0.0008808447529571611,0.003408645933547091,1.1086382617091495,0.7879631920386516,1.5952884554892695
shared_fee_8131_8279,full_multiscale_60d,4.5,4.5,64,49.52371938539964,9086555.0,450000000.0,581539520.0,450000000.0,execution,125000000.0,62500000.0,0.5,32,7200,50400,8,2041657.8574558252,False,state,58849329.8955297,62500000.00000275,53546380.709798254,5302949.185731451,1.4479558695732846,2.161501805529043,5.656315259465248,35031555.39943841,33159209.72778152,36596470.73616239,2185013.9267372657,1932878.8902050797,2642236.5220410484,8666260.254743055,7816321.754652402,9424968.279892521,50724146.260898486,48013072.35575284,52990074.60809351,4722911.547748705,4177921.2110472233,5711199.013026562,49019100.12140107,44211580.013731174,53310591.901533455,55447057.80864708,52360762.47890741,57813089.3507256,63255549.06743453,63200318.96105214,63328465.79864505,1.0120887850789524,1.0112051033768343,1.0132554527783209,6949461.623606029,3396643.6006583874,13827565.644713212,0.05486418418599118,0.05279952402984572,0.057520801546513754,0.041981646825396825,0.033998015873015874,0.052001984126984126,0.04758804563492064,0.03956746031746032,0.05742559523809524,0.0,0.0,0.0,0.35069186249977524,0.33327822387708433,0.3746563129789834,1822040.5976166467,1180622.0758296272,2644582.710083865,0.6844289434523809,0.5740962301587301,0.776421626984127,177917.27274689142,171019.39652464667,182863.79563460028,11386705.455801051,10945241.377577387,11703282.920614418,0.0004343345792601032,0.00021227349080604939,0.0008642250619947427,0.0006817349431699207,0.0003483975133971527,0.0013328207085594173,1.118232163440216,0.8412935223502486,1.5083293563873996
shared_fee_8131_8279,full_multiscale_60d,4.5,4.5,64,49.52371938539964,9086555.0,450000000.0,581539520.0,450000000.0,execution,150000000.0,75000000.0,0.5,32,7200,50400,8,1184472.6608413283,False,state,63206482.43427539,75000000.00000046,57197805.08629793,6008677.347977456,1.4479558695732846,2.161501805529043,5.656315259465248,38992053.560354725,36453044.50506333,41226968.79346099,2689842.3302268097,2377500.175252782,3252542.3534210166,11509931.706064235,10686593.83899009,12154923.026322648,56458772.81943147,52782399.75492219,59694831.449206226,5814099.053373706,5138970.921454534,7030376.169479256,65103802.34441055,60446743.803183526,68752076.5914099,62272871.872805074,58012071.84465094,65574092.460780725,75962152.71956256,75891131.71688624,76055117.99409449,1.012828702927501,1.0118817562251499,1.01406823992126,3104912.9361992544,1461849.9051599405,5830191.239135599,0.05652504586241988,0.054476670081905314,0.05912359676215976,0.050694444444444445,0.041063492063492066,0.06151190476190476,0.055554315476190476,0.04628472222222222,0.06632638888888889,0.0,0.0,0.0,0.3647689144933911,0.3477324465469491,0.38843855471167305,3013754.0504931016,2126490.208921493,4135864.865657384,0.5411067708333333,0.42440972222222223,0.6490188492063492,202876.24888037727,192785.0183940004,211141.779704103,12984079.928344145,12338241.177216025,13513073.901062593,0.00023286380654345077,0.00010963624584996981,0.0004372625719731316,0.0003640648180559282,0.00017913133342363984,0.0006692870883873548,1.0641353840992602,0.8690258048769159,1.3423074928537952
shared_fee_8131_8279,full_multiscale_60d,4.5,4.5,64,49.52371938539964,9086555.0,450000000.0,581539520.0,450000000.0,execution,175000000.0,87500000.0,0.5,32,7200,50400,8,747485.4019818847,False,state,67156782.46003886,87500000.00000663,60478631.076628886,6678151.383409966,1.4479558695732846,2.161501805529043,5.656315259465248,42186601.28908236,39119395.006779954,44961814.77142328,3136755.562900082,2742350.564871822,3783695.968871134,14217418.634926595,13496222.483716773,14727171.167194696,61084336.95387481,56643157.61422317,65102723.60494843,6780102.812711789,5927595.697364075,8178465.668287894,80418201.97494295,76338889.17978723,83301523.00176455,67864439.76658657,62644058.454378374,71997814.06862228,88672728.26989,88589166.39655177,88780761.87418954,1.0134026087987427,1.0124476159605917,1.0146372785621662,1709633.8767864835,766705.874199173,3278542.451638906,0.057781750638598646,0.05585967366583204,0.06030570246825756,0.058796502976190476,0.05032936507936508,0.06966071428571428,0.06344680059523809,0.05472420634920635,0.0744781746031746,0.0,0.0,0.0,0.3752566836652807,0.35860500423839187,0.39776278483449834,4288506.334549006,3195213.512497184,5559597.100414969,0.4117764136904762,0.3068214285714286,0.5252857142857142,224093.02220393333,211269.99996720586,235372.67696789128,14341953.421051733,13521279.997901175,15063851.325945042,0.0001495895352935903,6.708520724419625e-05,0.0002868708142551143,0.00023015962560647978,0.00010886510574885344,0.00042445867933444374,1.0940636330576858,0.9418434669606441,1.335585626332567
shared_fee_8131_8279,full_multiscale_60d,4.5,4.5,64,49.52371938539964,9086555.0,450000000.0,581539520.0,450000000.0,execution,200000000.0,100000000.0,0.5,32,7200,50400,8,501674.6078754611,False,state,70790418.83514225,99999999.99999495,63472340.56784292,7318078.267299333,1.4479558695732846,2.161501805529043,5.656315259465248,44855249.90797889,41384891.01747357,48029267.2235596,3535964.258882203,3066239.084016309,4254972.016005586,16789793.54890469,16184900.594927577,17186231.125687376,64948422.38543454,59923495.86040145,69544259.38765661,7642993.129860053,6627681.316285007,9197129.69507165,94968365.45394264,91546900.20801927,97210741.36892395,72591415.51529469,66616862.42208179,77508137.58260106,101382127.6136049,101289961.84858741,101506949.35292846,1.013821276136049,1.0128996184858743,1.0150694935292845,1062746.5223059566,466799.04343526624,2040751.8026830857,0.058681412742451644,0.05672646190116023,0.06114716791886458,0.06515687003968254,0.05759623015873016,0.07604761904761904,0.06990389384920635,0.06230456349206349,0.08060416666666667,0.0,0.0,0.0,0.38249171328748466,0.36586758334922986,0.4039807264193665,5544019.1421030145,4298549.1085911915,7053124.6746837245,0.30983692956349207,0.2265138888888889,0.41471825396825396,242634.75819132454,227651.35369258653,255997.44359709203,15528624.52424477,14569686.636325538,16383836.39021389,0.00010627204924373333,4.667813641729119e-05,0.00020407346895020805,0.00016049604485590476,7.465845004032323e-05,0.0002977215680817774,1.1316989265682293,0.9918429657883152,1.3633750398712352
shared_fee_8131_8279,full_multiscale_60d,4.5,4.5,64,49.52371938539964,9086555.0,450000000.0,581539520.0,450000000.0,execution,225000000.0,112500000.0,0.5,32,7200,50400,8,352911.6609491433,False,state,74168993.61380558,112500000.00000536,66235747.7973526,7933245.816452979,1.4479558695732846,2.161501805529043,5.656315259465248,47168405.477285445,43387214.62108167,50635552.408292875,3899878.81281473,3362919.568885485,4690855.900960395,19261724.202581674,18760106.77301708,19589248.208112672,68297769.56924796,62822772.075031176,73318045.3186735,8429595.095243482,7268956.719994834,10139293.499402503,108950384.53066956,106113078.20940915,110802963.56099395,76727364.66449139,70155346.53795129,82332671.43071836,114088977.8170021,113984773.50546488,114229437.50497432,1.014124247262241,1.0131979867152434,1.0153727778219939,713536.4004987222,310783.5528134329,1364984.3545269321,0.059323911901240575,0.05739422564672772,0.06172996197687375,0.06972780257936508,0.062070436507936505,0.0804156746031746,0.07449714781746032,0.0665595238095238,0.08536805555555556,0.0,0.0,0.0,0.38741104498799706,0.37167395646479245,0.4082026418340468,6747656.317373928,5341156.489455964,8479887.914691826,0.23455295138888888,0.17033035714285713,0.3245843253968254,259344.0730919033,242688.38143120173,274238.72721706843,16598020.67788181,15532056.411596911,17551278.54189238,8.02708008917659e-05,3.496182558672432e-05,0.00015355928987674687,0.00011905277668025014,5.491097708292726e-05,0.00022093440787172416,1.160833190644154,1.016736422564172,1.3877235710922344
shared_fee_8131_8279,full_multiscale_60d,4.5,4.5,64,49.52371938539964,9086555.0,450000000.0,581539520.0,450000000.0,execution,250000000.0,125000000.0,0.5,32,7200,50400,8,257644.57999920848,False,state,77336715.7808873,125000000.00000334,68809492.02887829,8527223.752009023,1.4479558695732846,2.161501805529043,5.656315259465248,49233648.606687546,45204021.89007207,52935246.71948155,4238107.227185768,3640319.2069456913,5111568.0082057975,21665569.468445525,21246094.2484271,21943671.618068427,71288150.48056194,65453428.82404916,76647901.19478346,9160676.423587732,7868556.538515225,11048663.478821293,122547291.18937856,120174607.10141915,124120324.62198235,80448826.90414949,73387612.04511926,86619270.39017642,126793315.78355265,126673597.01847307,126948722.69589005,1.014346526268421,1.0133887761477847,1.0155897815671204,505296.555104715,219318.67838416967,961701.8028597649,0.059790795349459885,0.057840273548903746,0.062145012828245166,0.07306299603174604,0.06524107142857143,0.08252777777777777,0.07793340773809523,0.06995138888888888,0.08790674603174603,0.0,0.0,0.0,0.39077308529247945,0.3746713059556548,0.41101647260292834,7898105.398398734,6322140.622583884,9824361.132599818,0.1810044642857143,0.12907539682539682,0.25572222222222224,274780.55765579216,256792.15683282982,290884.10839122604,17585955.6899707,16434698.037301108,18616582.937038466,6.316041510936348e-05,2.7413784654331005e-05,0.00012021150657178829,9.211913194021696e-05,4.22959291638613e-05,0.00017068382261894023,1.1812386620347737,1.0354187407802842,1.4069441352966605
shared_fee_8131_8279,full_multiscale_60d,4.5,4.5,64,49.52371938539964,9086555.0,450000000.0,581539520.0,450000000.0,execution,275000000.0,137500000.0,0.5,32,7200,50400,8,193825.34889992862,False,state,80326539.71488196,137499999.99999177,71223775.62858163,9102764.086300336,1.4479558695732846,2.161501805529043,5.656315259465248,51117483.18847251,46879161.94552809,55013370.880751446,4557281.306749072,3901733.9278121144,5507566.348767657,24024570.63548305,23669218.317275766,24265258.058639698,74015859.82056242,67878957.69970451,79656933.27179584,9850571.77284186,8433604.92965981,11904614.606932119,135890545.48758066,133880560.74761808,137251949.43194324,83866431.59340432,76386056.32589567,90513983.90019302,139495368.08408427,139360151.8134442,139665608.0432561,1.014511767884249,1.0135283768250487,1.0157498766782262,372229.9403941468,161386.25536513378,704957.6862212839,0.06013674178001778,0.05816033964265809,0.06245119894487751,0.07544332837301587,0.06752281746031746,0.08457738095238096,0.0803689236111111,0.07210615079365079,0.09026785714285714,0.0,0.0,0.0,0.3931099952092483,0.3768443936371471,0.41296813047209985,9006251.644949894,7251983.303809348,11153659.559715066,0.14258308531746033,0.1002063492063492,0.2039126984126984,289298.4351598695,270207.20661268436,306384.98093030794,18515099.850231647,17293261.2232118,19608638.779539708,5.11802382857861e-05,2.2189744015263916e-05,9.693064023036949e-05,7.351455642755025e-05,3.368707971764644e-05,0.00013592678363989153,1.1953493452337958,1.045951607828125,1.4207660429993805
shared_fee_8131_8279,full_multiscale_60d,4.5,4.5,64,49.52371938539964,9086555.0,450000000.0,581539520.0,450000000.0,execution,300000000.0,150000000.0,0.5,32,7200,50400,8,149473.1157370768,False,state,83163781.00113425,149999999.9999987,73501735.5231773,9662045.477956943,1.4479558695732846,2.161501805529043,5.656315259465248,52862187.43486661,48442371.02076453,56925246.93126091,4861818.492351089,4153038.6153232157,5884593.187349654,26353926.91107985,26047564.28951483,26566238.0961209,76542114.5747982,70142415.45556295,82425245.42102724,10508829.449371353,8976800.465452952,12719558.799260046,149066118.93396097,147333235.362674,150267017.92966193,87050944.02416964,79200039.23461497,94110156.18667929,152195634.49253282,152045226.5763045,152380778.6881864,1.0146375632835518,1.01363484384203,1.0158718579212427,282744.9126600396,122585.83553360982,533167.9343635509,0.06040022351485772,0.05838823375551414,0.06268822695316022,0.07722098214285714,0.06981547619047619,0.0863998015873016,0.08220486111111111,0.07419345238095239,0.09220039682539682,0.0,0.0,0.0,0.39479019576434066,0.3786851364989179,0.4143880010871002,10081958.68343737,8143029.476348239,12491434.521365952,0.11529947916666666,0.07995436507936508,0.1654404761904762,303123.9330554976,283085.8197985631,321039.23397960246,19399931.715551846,18117492.467108037,20546510.974694557,4.2410563430701226e-05,1.83871416141157e-05,7.997428496672906e-05,6.007810026823437e-05,2.7525251691169525e-05,0.00011085792951329088,1.205288519442445,1.0512197947652888,1.4306450309525705
shared_fee_8131_8279,full_multiscale_60d,4.5,4.5,64,49.52371938539964,9086555.0,450000000.0,581539520.0,450000000.0,execution,325000000.0,162500000.0,0.5,32,7200,50400,8,117693.76672129458,False,state,85868368.80592386,162500000.00000328,75661538.49123295,10206830.31469092,1.4479558695732846,2.161501805529043,5.656315259465248,54495677.99738879,49913650.82864934,58707664.35400091,5154693.783275615,4396192.756071304,6246833.9539615875,28663419.795185618,28395228.263225917,28853959.270727985,78907336.82269491,72272763.68917368,85006107.1903134,11141879.919499593,9502378.579701718,13502542.870328005,162129338.77596182,160612362.92127815,163207090.11899963,90049216.7421945,81862648.29409927,97472179.0120913,164894704.13384902,164729181.23890886,165094449.9431652,1.0147366408236864,1.0137180383932853,1.0159658458040937,220123.3512216695,95487.5310040543,414990.4892159253,0.06060569162562311,0.05856976698846391,0.06287693871902723,0.07855406746031746,0.07142757936507937,0.0879236111111111,0.08353360615079365,0.07572619047619047,0.0934920634920635,0.0,0.0,0.0,0.3960433612880822,0.379809242065841,0.4154945760579388,11134152.77028272,9009184.661844324,13795693.41325365,0.09516989087301587,0.0653095238095238,0.1371845238095238,316405.85452152306,295535.3051633926,335048.43978778535,20249974.689377476,18914259.530457128,21443100.146418262,3.576903845904108e-05,1.5516100012509618e-05,6.743616733503784e-05,5.003418238078094e-05,2.292154420288859e-05,9.213656940209648e-05,1.2124653684526188,1.0550562182920702,1.4377661001065989
shared_fee_8131_8279,full_multiscale_60d,4.5,4.5,64,49.52371938539964,9086555.0,450000000.0,581539520.0,450000000.0,execution,350000000.0,175000000.0,0.5,32,7200,50400,8,94328.02942269108,False,state,88456313.54146113,175000000.00001046,77717743.53039083,10738570.0110703,1.4479558695732846,2.161501805529043,5.656315259465248,56037042.67401981,51306629.91993786,60402066.837328374,5437939.0191487465,4632351.766444724,6596692.692751828,30958947.59107984,30721308.886211928,31131906.967624966,81139164.85337538,74289735.94059862,87459527.21146657,11754115.008246839,10012836.707015984,14258763.165903214,175113567.676419,173769408.24383423,176091880.43724024,92893279.86162236,84396148.36057805,100645524.2587063,177592299.42532682,177411693.1000153,177806561.18192965,1.0148131395732962,1.013781103428659,1.0160374924681694,174895.08212363633,75928.62625804872,330201.43270351074,0.060770061160162064,0.05871651136317091,0.06304021214035517,0.07958829365079365,0.07264880952380953,0.08913095238095238,0.08461991567460318,0.07691964285714285,0.09464087301587301,0.0,0.0,0.0,0.3970181127045902,0.380700178023818,0.4164047257062735,12168439.167944007,9854605.956989901,15075145.438225735,0.08009796626984127,0.055304563492063495,0.11563988095238095,329243.9919534966,307623.5876890917,348541.56049134297,21071615.48502378,19687909.612101868,22306659.87144595,3.060574696998605e-05,1.3286946600602346e-05,5.778541130281197e-05,4.232158919420101e-05,1.9386279737912885e-05,7.776055280793956e-05,1.2177633309590297,1.0578598968864261,1.442969003839958
shared_fee_8131_8279,full_multiscale_60d,4.5,4.5,64,49.52371938539964,9086555.0,450000000.0,581539520.0,450000000.0,execution,375000000.0,187500000.0,0.5,32,7200,50400,8,76764.77445877087,False,state,90940699.32406408,187500000.00001308,79682221.25328617,11258478.070777904,1.4479558695732846,2.161501805529043,5.656315259465248,57500092.85739536,52632001.47021602,62009660.81181947,5712981.430397081,4862477.423976786,6934481.918248352,33244307.047631264,33031328.0601049,33403064.395084463,83257596.9538743,76208815.456189,89787252.34272176,12348619.676757203,10510253.731270116,14988895.186702296,188040281.24388143,186835604.94678938,188938262.850831,95606216.63063169,86818124.6335084,103661338.32715197,190289429.31256133,190094025.27480704,190518386.46007743,1.0148769563336604,1.0138348014656375,1.016098061120413,141364.59601572977,61427.52686162063,267166.4572527522,0.060902615848814706,0.05883631359951664,0.0631709769639146,0.08036334325396825,0.07348313492063492,0.08997718253968254,0.08546378968253968,0.07779265873015873,0.09549305555555555,0.0,0.0,0.0,0.39779618870265054,0.38140498935278894,0.4171828866925059,13189200.475748284,10675963.146898232,16334987.478279103,0.06823102678571429,0.04719642857142857,0.09878968253968254,341709.28081875126,319402.82888580865,361604.85097141616,21869393.97240008,20441781.048691753,23142710.462170634,2.6505077377261693e-05,1.1517167979624773e-05,5.009384597667361e-05,3.6266982404025176e-05,1.661021201961905e-05,6.651695129832509e-05,1.2217786979925216,1.0599869008695155,1.4468523079041438
shared_fee_8131_8279,full_multiscale_60d,4.5,4.5,64,49.52371938539964,9086555.0,450000000.0,581539520.0,450000000.0,execution,400000000.0,200000000.0,0.5,32,7200,50400,8,63308.22922671631,False,state,93332376.27653272,199999999.99998695,81564794.00591955,11767582.270613175,1.4479558695732846,2.161501805529043,5.656315259465248,58895373.03587954,53898253.99714342,63538241.97413843,5980897.8354590405,5087187.539660841,7263487.04576304,35522052.71588774,35330147.38383136,35669168.5611552,85277901.07800992,78042293.23491555,92000570.40882206,12927721.470029492,10995965.052041827,15700040.36385374,200923928.824409,199838451.76632637,201756062.4249061,98205622.54803947,89142448.7690534,106543086.14232093,202985159.5124051,202775076.1532325,203228768.56923294,1.0149257975620256,1.0138753807661627,1.0161438428461647,115952.90777771476,50430.79300353097,219305.92777169115,0.061012333778740636,0.058936400495442416,0.06327942856737612,0.08096292162698412,0.07406944444444444,0.09054662698412698,0.08615327380952381,0.07861904761904762,0.09613690476190476,0.0,0.0,0.0,0.39844636631948993,0.38197146593966946,0.41786582889136475,14198755.431741074,11488740.736445002,17576817.287294317,0.05916790674603174,0.04111904761904762,0.08551686507936508,353854.9856466438,330911.1201985515,374307.4834292506,22646719.081385203,21178311.692707296,23955678.93947204,2.3189865833110667e-05,1.0085701117148761e-05,4.386128041505357e-05,3.1425168584055486e-05,1.4389123999121383e-05,5.75528402401188e-05,1.2248700994173995,1.0616974305327451,1.4497633030902193
shared_fee_8131_8279,full_multiscale_60d,4.5,4.5,64,49.52371938539964,9086555.0,450000000.0,581539520.0,450000000.0,execution,425000000.0,212500000.0,0.5,32,7200,50400,8,52824.37891763159,False,state,95640456.39759071,212499999.9999876,83373693.53520703,12266762.862383675,1.4479558695732846,2.161501805529043,5.656315259465248,60231227.73315862,55112118.6657096,64998418.44198968,6242554.504946852,5307024.8383119125,7584682.60176263,37794230.30497131,37620072.65425506,37931747.923030764,87212159.72783232,79799915.70663333,94114841.49605976,13493292.833556086,11471143.769998686,16394305.138074486,213776081.5937444,212790991.0164466,214553924.59521958,100705452.56138852,91380160.05095732,109308697.59447823,215680539.03801018,215455900.55367884,215938599.4314925,1.0149672425318124,1.0139101202526064,1.0161816443834941,96326.0831978037,41931.58324106883,182281.88955261168,0.06110362225614202,0.05902145475715572,0.06336818680393252,0.0815265376984127,0.07443551587301586,0.09117956349206348,0.08670200892857143,0.07919742063492063,0.09659920634920634,0.0,0.0,0.0,0.3990094756414604,0.3824653755083027,0.41847531561739176,15200012.907351628,12289577.427138865,18805633.686497927,0.05190662202380952,0.0363204365079365,0.07497222222222222,365723.3387551454,342179.61745561386,386701.58372583566,23406293.680329304,21899495.517159287,24748901.358453482,2.046864238050822e-05,8.910040337408728e-06,3.873497163924865e-05,2.749119342528311e-05,1.2583609665168567e-05,5.0288372627175315e-05,1.2273099782594832,1.0630569976671664,1.452100123123843
shared_fee_8131_8279,full_multiscale_60d,4.5,4.5,64,49.52371938539964,9086555.0,450000000.0,581539520.0,450000000.0,execution,450000000.0,225000000.0,0.5,32,7200,50400,8,44535.26644046533,False,state,97872676.92324537,225000000.00000715,85115895.78368536,12756781.139560016,1.4479558695732846,2.161501805529043,5.656315259465248,61514194.244159505,56279079.695890896,66398454.1366672,6498603.936558321,5522435.788985322,7899440.423009887,40062076.93841502,39903302.658567466,40191712.82367155,89069838.6179019,81489623.77984828,96142031.3977799,14046744.14228895,11936754.928810053,17074654.73700483,226603737.11261642,225705659.73070335,227336998.5485666,103116582.7601907,93540262.88622957,111972101.9244565,228375167.37758636,228136022.6173076,228648230.2061318,1.0150007439003839,1.013937878299145,1.016214356471697,80914.76994925336,35252.963928533856,153181.89742749828,0.06118085327052285,0.059094569742564405,0.06344321515716013,0.08195808531746031,0.07475297619047619,0.09168353174603175,0.08716951884920635,0.07978174603174602,0.09687599206349207,0.0,0.0,0.0,0.3995121137692181,0.38290062678650066,0.4190282047025519,16194789.137400769,13079796.831574531,20024133.200321846,0.04606212797619048,0.03219444444444445,0.06648611111111111,377346.4878368638,353235.54875621357,398822.90164619434,24150175.221559282,22607075.12039767,25524665.705356438,1.8205221858931135e-05,7.931523754153933e-06,3.446596725223885e-05,2.4250393655915014e-05,1.1096479030807863e-05,4.431387443210023e-05,1.229259718342402,1.0641684945627194,1.4539439816648612
shared_fee_8131_8279,full_multiscale_60d,5.0,4.0,64,39.05368622374384,10242311.0,400000000.0,655507904.0,400000000.0,execution,50000000.0,25000000.0,0.5,32,7200,50400,8,1616044955.0430844,False,regular,25000000.000000708,6687851.184176778,23853463.050618015,1146536.9493826907,1.4479558695732846,2.161501805529043,5.656315259465248,16546440.306668289,16388487.501199182,16690701.388392564,525665.4018404109,465976.8145406435,626021.5204238404,1197972.0511411817,977968.0263163433,1488660.1629361883,23958515.362584323,23729806.670789637,24167399.04261811,1136226.7151821996,1007209.7259642719,1353146.6466961668,6776107.593282759,5531695.470522212,8420331.195774088,25094742.077766493,24923573.88275583,25210806.33632791,25262538.93053484,25241668.535349652,25292161.12580526,1.0105015572213936,1.0096667414139862,1.0116864450322103,3075015619.7018623,1446509068.8807626,7003806908.84776,0.05101625236670262,0.04894284894054113,0.05325149168471371,0.027788318452380955,0.021732142857142856,0.0337281746031746,0.033710937499999996,0.02676388888888889,0.04096626984126984,0.0,0.0,0.0,0.3186173351394078,0.30276196995165433,0.3360501447112437,109642.10925039167,69285.69676788485,149586.1800259147,0.9807614087301588,0.9599732142857142,0.9924811507936508,76497.16021385592,75726.5830501593,77306.27539167712,4895818.253686779,4846501.315210195,4947601.625067336,0.07687559770590154,0.03615977974285261,0.1750938341284944,0.09322703436954291,0.04519776324221508,0.20609438414291162,1.060656245383876,0.814816489825894,1.4143465008202256
shared_fee_8131_8279,full_multiscale_60d,5.0,4.0,64,39.05368622374384,10242311.0,400000000.0,655507904.0,400000000.0,execution,75000000.0,37500000.0,0.5,32,7200,50400,8,66425030.80442605,False,regular,37499999.999999896,19473716.7488722,35115102.532672405,2384897.4673274895,1.4479558695732846,2.161501805529043,5.656315259465248,23858255.00579673,23363607.98972974,24235732.65953151,1049605.0643400745,938318.5678618496,1256656.8930692563,3167444.6058975086,2667524.6426026355,3768408.7250880464,34545700.37341965,33829473.3231387,35092271.357777886,2268723.2416634946,2028177.2785948145,2716266.14329972,17916065.25784897,15088360.340952775,21315307.7756174,36814423.6150831,36040173.384649225,37305764.843846366,37902973.26582389,37870154.41383199,37947232.511066474,1.0107459537553038,1.009870784368853,1.011926200295106,146666903.62050897,68782372.82036893,314844544.307276,0.051645918594019805,0.04945098164882215,0.05414747954386213,0.030513392857142857,0.024586309523809524,0.03799107142857143,0.036598462301587295,0.02959623015873016,0.044503968253968254,0.0,0.0,0.0,0.32318245022206826,0.30620344773018615,0.34243572938220745,324623.57296544407,174045.5429596877,521395.08991018723,0.9213659474206348,0.8726527777777778,0.955610119047619,114060.32794271302,112452.29857928267,115955.41324536735,7299860.988333633,7196947.109074091,7421146.4477035105,0.005500009749512363,0.002579203636388406,0.011806629701693966,0.007657580058069102,0.003846786033730186,0.015809637964776153,1.0282047789672095,0.7753270910854692,1.4585090129135585
shared_fee_8131_8279,full_multiscale_60d,5.0,4.0,64,39.05368622374384,10242311.0,400000000.0,655507904.0,400000000.0,execution,100000000.0,50000000.0,0.5,32,7200,50400,8,7127800.090390119,False,regular,50000000.000000015,41120468.92685538,46019677.17025021,3980322.8297498054,1.4479558695732846,2.161501805529043,5.656315259465248,30046784.244126,28928695.39427744,30943772.507507835,1627095.7340936912,1459789.2893002098,1959419.6235617965,5794928.951566906,5053307.139566265,6564312.749784963,43506417.60808429,41887474.295242295,44805217.02898618,3516970.3670121073,3155337.184514388,4235289.054117838,32777945.056265067,28583098.28429362,37129822.374511264,47023387.975096494,45224368.10516102,48402774.8072085,50565191.54368234,50518856.86871456,50625308.8338514,1.0113038308736466,1.0103771373742914,1.012506176677028,22717186.98527202,11159921.011419004,45498082.4988905,0.05302859784451576,0.05081967418023132,0.055465217902267,0.03493923611111111,0.027797619047619047,0.043027777777777776,0.04099392361111111,0.03390178571428572,0.04999603174603174,0.0,0.0,0.0,0.3350579859783571,0.31709906015221295,0.3560049597886526,884261.5235498648,506809.38091865624,1389458.412960522,0.8168415178571429,0.7322063492063492,0.882719246031746,148345.43293314625,144830.3361854932,151833.9390758389,9494107.70772136,9269141.515871564,9717372.100853689,0.0011358499725654307,0.000557953399608653,0.0022747874282708198,0.0017305159320980725,0.0008808447529571611,0.003408645933547091,1.1086382617091495,0.7879631920386516,1.5952884554892695
shared_fee_8131_8279,full_multiscale_60d,5.0,4.0,64,39.05368622374384,10242311.0,400000000.0,655507904.0,400000000.0,execution,125000000.0,62500000.0,0.5,32,7200,50400,8,2041657.8574558252,False,state,58849329.8955297,62500000.00000275,53546380.709798254,5302949.185731451,1.4479558695732846,2.161501805529043,5.656315259465248,35031555.39943841,33159209.72778152,36596470.73616239,2185013.9267372657,1932878.8902050797,2642236.5220410484,8666260.254743055,7816321.754652402,9424968.279892521,50724146.260898486,48013072.35575284,52990074.60809351,4722911.547748705,4177921.2110472233,5711199.013026562,49019100.12140107,44211580.013731174,53310591.901533455,55447057.80864708,52360762.47890741,57813089.3507256,63255549.06743453,63200318.96105214,63328465.79864505,1.0120887850789524,1.0112051033768343,1.0132554527783209,6949461.623606029,3396643.6006583874,13827565.644713212,0.05486418418599118,0.05279952402984572,0.057520801546513754,0.041981646825396825,0.033998015873015874,0.052001984126984126,0.04758804563492064,0.03956746031746032,0.05742559523809524,0.0,0.0,0.0,0.35069186249977524,0.33327822387708433,0.3746563129789834,1822040.5976166467,1180622.0758296272,2644582.710083865,0.6844289434523809,0.5740962301587301,0.776421626984127,177917.27274689142,171019.39652464667,182863.79563460028,11386705.455801051,10945241.377577387,11703282.920614418,0.0004343345792601032,0.00021227349080604939,0.0008642250619947427,0.0006817349431699207,0.0003483975133971527,0.0013328207085594173,1.118232163440216,0.8412935223502486,1.5083293563873996
shared_fee_8131_8279,full_multiscale_60d,5.0,4.0,64,39.05368622374384,10242311.0,400000000.0,655507904.0,400000000.0,execution,150000000.0,75000000.0,0.5,32,7200,50400,8,1184472.6608413283,False,state,63206482.43427539,75000000.00000046,57197805.08629793,6008677.347977456,1.4479558695732846,2.161501805529043,5.656315259465248,38992053.560354725,36453044.50506333,41226968.79346099,2689842.3302268097,2377500.175252782,3252542.3534210166,11509931.706064235,10686593.83899009,12154923.026322648,56458772.81943147,52782399.75492219,59694831.449206226,5814099.053373706,5138970.921454534,7030376.169479256,65103802.34441055,60446743.803183526,68752076.5914099,62272871.872805074,58012071.84465094,65574092.460780725,75962152.71956256,75891131.71688624,76055117.99409449,1.012828702927501,1.0118817562251499,1.01406823992126,3104912.9361992544,1461849.9051599405,5830191.239135599,0.05652504586241988,0.054476670081905314,0.05912359676215976,0.050694444444444445,0.041063492063492066,0.06151190476190476,0.055554315476190476,0.04628472222222222,0.06632638888888889,0.0,0.0,0.0,0.3647689144933911,0.3477324465469491,0.38843855471167305,3013754.0504931016,2126490.208921493,4135864.865657384,0.5411067708333333,0.42440972222222223,0.6490188492063492,202876.24888037727,192785.0183940004,211141.779704103,12984079.928344145,12338241.177216025,13513073.901062593,0.00023286380654345077,0.00010963624584996981,0.0004372625719731316,0.0003640648180559282,0.00017913133342363984,0.0006692870883873548,1.0641353840992602,0.8690258048769159,1.3423074928537952
shared_fee_8131_8279,full_multiscale_60d,5.0,4.0,64,39.05368622374384,10242311.0,400000000.0,655507904.0,400000000.0,execution,175000000.0,87500000.0,0.5,32,7200,50400,8,747485.4019818847,False,state,67156782.46003886,87500000.00000663,60478631.076628886,6678151.383409966,1.4479558695732846,2.161501805529043,5.656315259465248,42186601.28908236,39119395.006779954,44961814.77142328,3136755.562900082,2742350.564871822,3783695.968871134,14217418.634926595,13496222.483716773,14727171.167194696,61084336.95387481,56643157.61422317,65102723.60494843,6780102.812711789,5927595.697364075,8178465.668287894,80418201.97494295,76338889.17978723,83301523.00176455,67864439.76658657,62644058.454378374,71997814.06862228,88672728.26989,88589166.39655177,88780761.87418954,1.0134026087987427,1.0124476159605917,1.0146372785621662,1709633.8767864835,766705.874199173,3278542.451638906,0.057781750638598646,0.05585967366583204,0.06030570246825756,0.058796502976190476,0.05032936507936508,0.06966071428571428,0.06344680059523809,0.05472420634920635,0.0744781746031746,0.0,0.0,0.0,0.3752566836652807,0.35860500423839187,0.39776278483449834,4288506.334549006,3195213.512497184,5559597.100414969,0.4117764136904762,0.3068214285714286,0.5252857142857142,224093.02220393333,211269.99996720586,235372.67696789128,14341953.421051733,13521279.997901175,15063851.325945042,0.0001495895352935903,6.708520724419625e-05,0.0002868708142551143,0.00023015962560647978,0.00010886510574885344,0.00042445867933444374,1.0940636330576858,0.9418434669606441,1.335585626332567
shared_fee_8131_8279,full_multiscale_60d,5.0,4.0,64,39.05368622374384,10242311.0,400000000.0,655507904.0,400000000.0,execution,200000000.0,100000000.0,0.5,32,7200,50400,8,501674.6078754611,False,state,70790418.83514225,99999999.99999495,63472340.56784292,7318078.267299333,1.4479558695732846,2.161501805529043,5.656315259465248,44855249.90797889,41384891.01747357,48029267.2235596,3535964.258882203,3066239.084016309,4254972.016005586,16789793.54890469,16184900.594927577,17186231.125687376,64948422.38543454,59923495.86040145,69544259.38765661,7642993.129860053,6627681.316285007,9197129.69507165,94968365.45394264,91546900.20801927,97210741.36892395,72591415.51529469,66616862.42208179,77508137.58260106,101382127.6136049,101289961.84858741,101506949.35292846,1.013821276136049,1.0128996184858743,1.0150694935292845,1062746.5223059566,466799.04343526624,2040751.8026830857,0.058681412742451644,0.05672646190116023,0.06114716791886458,0.06515687003968254,0.05759623015873016,0.07604761904761904,0.06990389384920635,0.06230456349206349,0.08060416666666667,0.0,0.0,0.0,0.38249171328748466,0.36586758334922986,0.4039807264193665,5544019.1421030145,4298549.1085911915,7053124.6746837245,0.30983692956349207,0.2265138888888889,0.41471825396825396,242634.75819132454,227651.35369258653,255997.44359709203,15528624.52424477,14569686.636325538,16383836.39021389,0.00010627204924373333,4.667813641729119e-05,0.00020407346895020805,0.00016049604485590476,7.465845004032323e-05,0.0002977215680817774,1.1316989265682293,0.9918429657883152,1.3633750398712352
shared_fee_8131_8279,full_multiscale_60d,5.0,4.0,64,39.05368622374384,10242311.0,400000000.0,655507904.0,400000000.0,execution,225000000.0,112500000.0,0.5,32,7200,50400,8,352911.6609491433,False,state,74168993.61380558,112500000.00000536,66235747.7973526,7933245.816452979,1.4479558695732846,2.161501805529043,5.656315259465248,47168405.477285445,43387214.62108167,50635552.408292875,3899878.81281473,3362919.568885485,4690855.900960395,19261724.202581674,18760106.77301708,19589248.208112672,68297769.56924796,62822772.075031176,73318045.3186735,8429595.095243482,7268956.719994834,10139293.499402503,108950384.53066956,106113078.20940915,110802963.56099395,76727364.66449139,70155346.53795129,82332671.43071836,114088977.8170021,113984773.50546488,114229437.50497432,1.014124247262241,1.0131979867152434,1.0153727778219939,713536.4004987222,310783.5528134329,1364984.3545269321,0.059323911901240575,0.05739422564672772,0.06172996197687375,0.06972780257936508,0.062070436507936505,0.0804156746031746,0.07449714781746032,0.0665595238095238,0.08536805555555556,0.0,0.0,0.0,0.38741104498799706,0.37167395646479245,0.4082026418340468,6747656.317373928,5341156.489455964,8479887.914691826,0.23455295138888888,0.17033035714285713,0.3245843253968254,259344.0730919033,242688.38143120173,274238.72721706843,16598020.67788181,15532056.411596911,17551278.54189238,8.02708008917659e-05,3.496182558672432e-05,0.00015355928987674687,0.00011905277668025014,5.491097708292726e-05,0.00022093440787172416,1.160833190644154,1.016736422564172,1.3877235710922344
shared_fee_8131_8279,full_multiscale_60d,5.0,4.0,64,39.05368622374384,10242311.0,400000000.0,655507904.0,400000000.0,execution,250000000.0,125000000.0,0.5,32,7200,50400,8,257644.57999920848,False,state,77336715.7808873,125000000.00000334,68809492.02887829,8527223.752009023,1.4479558695732846,2.161501805529043,5.656315259465248,49233648.606687546,45204021.89007207,52935246.71948155,4238107.227185768,3640319.2069456913,5111568.0082057975,21665569.468445525,21246094.2484271,21943671.618068427,71288150.48056194,65453428.82404916,76647901.19478346,9160676.423587732,7868556.538515225,11048663.478821293,122547291.18937856,120174607.10141915,124120324.62198235,80448826.90414949,73387612.04511926,86619270.39017642,126793315.78355265,126673597.01847307,126948722.69589005,1.014346526268421,1.0133887761477847,1.0155897815671204,505296.555104715,219318.67838416967,961701.8028597649,0.059790795349459885,0.057840273548903746,0.062145012828245166,0.07306299603174604,0.06524107142857143,0.08252777777777777,0.07793340773809523,0.06995138888888888,0.08790674603174603,0.0,0.0,0.0,0.39077308529247945,0.3746713059556548,0.41101647260292834,7898105.398398734,6322140.622583884,9824361.132599818,0.1810044642857143,0.12907539682539682,0.25572222222222224,274780.55765579216,256792.15683282982,290884.10839122604,17585955.6899707,16434698.037301108,18616582.937038466,6.316041510936348e-05,2.7413784654331005e-05,0.00012021150657178829,9.211913194021696e-05,4.22959291638613e-05,0.00017068382261894023,1.1812386620347737,1.0354187407802842,1.4069441352966605
shared_fee_8131_8279,full_multiscale_60d,5.0,4.0,64,39.05368622374384,10242311.0,400000000.0,655507904.0,400000000.0,execution,275000000.0,137500000.0,0.5,32,7200,50400,8,193825.34889992862,False,state,80326539.71488196,137499999.99999177,71223775.62858163,9102764.086300336,1.4479558695732846,2.161501805529043,5.656315259465248,51117483.18847251,46879161.94552809,55013370.880751446,4557281.306749072,3901733.9278121144,5507566.348767657,24024570.63548305,23669218.317275766,24265258.058639698,74015859.82056242,67878957.69970451,79656933.27179584,9850571.77284186,8433604.92965981,11904614.606932119,135890545.48758066,133880560.74761808,137251949.43194324,83866431.59340432,76386056.32589567,90513983.90019302,139495368.08408427,139360151.8134442,139665608.0432561,1.014511767884249,1.0135283768250487,1.0157498766782262,372229.9403941468,161386.25536513378,704957.6862212839,0.06013674178001778,0.05816033964265809,0.06245119894487751,0.07544332837301587,0.06752281746031746,0.08457738095238096,0.0803689236111111,0.07210615079365079,0.09026785714285714,0.0,0.0,0.0,0.3931099952092483,0.3768443936371471,0.41296813047209985,9006251.644949894,7251983.303809348,11153659.559715066,0.14258308531746033,0.1002063492063492,0.2039126984126984,289298.4351598695,270207.20661268436,306384.98093030794,18515099.850231647,17293261.2232118,19608638.779539708,5.11802382857861e-05,2.2189744015263916e-05,9.693064023036949e-05,7.351455642755025e-05,3.368707971764644e-05,0.00013592678363989153,1.1953493452337958,1.045951607828125,1.4207660429993805
shared_fee_8131_8279,full_multiscale_60d,5.0,4.0,64,39.05368622374384,10242311.0,400000000.0,655507904.0,400000000.0,execution,300000000.0,150000000.0,0.5,32,7200,50400,8,149473.1157370768,False,state,83163781.00113425,149999999.9999987,73501735.5231773,9662045.477956943,1.4479558695732846,2.161501805529043,5.656315259465248,52862187.43486661,48442371.02076453,56925246.93126091,4861818.492351089,4153038.6153232157,5884593.187349654,26353926.91107985,26047564.28951483,26566238.0961209,76542114.5747982,70142415.45556295,82425245.42102724,10508829.449371353,8976800.465452952,12719558.799260046,149066118.93396097,147333235.362674,150267017.92966193,87050944.02416964,79200039.23461497,94110156.18667929,152195634.49253282,152045226.5763045,152380778.6881864,1.0146375632835518,1.01363484384203,1.0158718579212427,282744.9126600396,122585.83553360982,533167.9343635509,0.06040022351485772,0.05838823375551414,0.06268822695316022,0.07722098214285714,0.06981547619047619,0.0863998015873016,0.08220486111111111,0.07419345238095239,0.09220039682539682,0.0,0.0,0.0,0.39479019576434066,0.3786851364989179,0.4143880010871002,10081958.68343737,8143029.476348239,12491434.521365952,0.11529947916666666,0.07995436507936508,0.1654404761904762,303123.9330554976,283085.8197985631,321039.23397960246,19399931.715551846,18117492.467108037,20546510.974694557,4.2410563430701226e-05,1.83871416141157e-05,7.997428496672906e-05,6.007810026823437e-05,2.7525251691169525e-05,0.00011085792951329088,1.205288519442445,1.0512197947652888,1.4306450309525705
shared_fee_8131_8279,full_multiscale_60d,5.0,4.0,64,39.05368622374384,10242311.0,400000000.0,655507904.0,400000000.0,execution,325000000.0,162500000.0,0.5,32,7200,50400,8,117693.76672129458,False,state,85868368.80592386,162500000.00000328,75661538.49123295,10206830.31469092,1.4479558695732846,2.161501805529043,5.656315259465248,54495677.99738879,49913650.82864934,58707664.35400091,5154693.783275615,4396192.756071304,6246833.9539615875,28663419.795185618,28395228.263225917,28853959.270727985,78907336.82269491,72272763.68917368,85006107.1903134,11141879.919499593,9502378.579701718,13502542.870328005,162129338.77596182,160612362.92127815,163207090.11899963,90049216.7421945,81862648.29409927,97472179.0120913,164894704.13384902,164729181.23890886,165094449.9431652,1.0147366408236864,1.0137180383932853,1.0159658458040937,220123.3512216695,95487.5310040543,414990.4892159253,0.06060569162562311,0.05856976698846391,0.06287693871902723,0.07855406746031746,0.07142757936507937,0.0879236111111111,0.08353360615079365,0.07572619047619047,0.0934920634920635,0.0,0.0,0.0,0.3960433612880822,0.379809242065841,0.4154945760579388,11134152.77028272,9009184.661844324,13795693.41325365,0.09516989087301587,0.0653095238095238,0.1371845238095238,316405.85452152306,295535.3051633926,335048.43978778535,20249974.689377476,18914259.530457128,21443100.146418262,3.576903845904108e-05,1.5516100012509618e-05,6.743616733503784e-05,5.003418238078094e-05,2.292154420288859e-05,9.213656940209648e-05,1.2124653684526188,1.0550562182920702,1.4377661001065989
shared_fee_8131_8279,full_multiscale_60d,5.0,4.0,64,39.05368622374384,10242311.0,400000000.0,655507904.0,400000000.0,execution,350000000.0,175000000.0,0.5,32,7200,50400,8,94328.02942269108,False,state,88456313.54146113,175000000.00001046,77717743.53039083,10738570.0110703,1.4479558695732846,2.161501805529043,5.656315259465248,56037042.67401981,51306629.91993786,60402066.837328374,5437939.0191487465,4632351.766444724,6596692.692751828,30958947.59107984,30721308.886211928,31131906.967624966,81139164.85337538,74289735.94059862,87459527.21146657,11754115.008246839,10012836.707015984,14258763.165903214,175113567.676419,173769408.24383423,176091880.43724024,92893279.86162236,84396148.36057805,100645524.2587063,177592299.42532682,177411693.1000153,177806561.18192965,1.0148131395732962,1.013781103428659,1.0160374924681694,174895.08212363633,75928.62625804872,330201.43270351074,0.060770061160162064,0.05871651136317091,0.06304021214035517,0.07958829365079365,0.07264880952380953,0.08913095238095238,0.08461991567460318,0.07691964285714285,0.09464087301587301,0.0,0.0,0.0,0.3970181127045902,0.380700178023818,0.4164047257062735,12168439.167944007,9854605.956989901,15075145.438225735,0.08009796626984127,0.055304563492063495,0.11563988095238095,329243.9919534966,307623.5876890917,348541.56049134297,21071615.48502378,19687909.612101868,22306659.87144595,3.060574696998605e-05,1.3286946600602346e-05,5.778541130281197e-05,4.232158919420101e-05,1.9386279737912885e-05,7.776055280793956e-05,1.2177633309590297,1.0578598968864261,1.442969003839958
shared_fee_8131_8279,full_multiscale_60d,5.0,4.0,64,39.05368622374384,10242311.0,400000000.0,655507904.0,400000000.0,execution,375000000.0,187500000.0,0.5,32,7200,50400,8,76764.77445877087,False,state,90940699.32406408,187500000.00001308,79682221.25328617,11258478.070777904,1.4479558695732846,2.161501805529043,5.656315259465248,57500092.85739536,52632001.47021602,62009660.81181947,5712981.430397081,4862477.423976786,6934481.918248352,33244307.047631264,33031328.0601049,33403064.395084463,83257596.9538743,76208815.456189,89787252.34272176,12348619.676757203,10510253.731270116,14988895.186702296,188040281.24388143,186835604.94678938,188938262.850831,95606216.63063169,86818124.6335084,103661338.32715197,190289429.31256133,190094025.27480704,190518386.46007743,1.0148769563336604,1.0138348014656375,1.016098061120413,141364.59601572977,61427.52686162063,267166.4572527522,0.060902615848814706,0.05883631359951664,0.0631709769639146,0.08036334325396825,0.07348313492063492,0.08997718253968254,0.08546378968253968,0.07779265873015873,0.09549305555555555,0.0,0.0,0.0,0.39779618870265054,0.38140498935278894,0.4171828866925059,13189200.475748284,10675963.146898232,16334987.478279103,0.06823102678571429,0.04719642857142857,0.09878968253968254,341709.28081875126,319402.82888580865,361604.85097141616,21869393.97240008,20441781.048691753,23142710.462170634,2.6505077377261693e-05,1.1517167979624773e-05,5.009384597667361e-05,3.6266982404025176e-05,1.661021201961905e-05,6.651695129832509e-05,1.2217786979925216,1.0599869008695155,1.4468523079041438
shared_fee_8131_8279,full_multiscale_60d,5.0,4.0,64,39.05368622374384,10242311.0,400000000.0,655507904.0,400000000.0,execution,400000000.0,200000000.0,0.5,32,7200,50400,8,63308.22922671631,False,state,93332376.27653272,199999999.99998695,81564794.00591955,11767582.270613175,1.4479558695732846,2.161501805529043,5.656315259465248,58895373.03587954,53898253.99714342,63538241.97413843,5980897.8354590405,5087187.539660841,7263487.04576304,35522052.71588774,35330147.38383136,35669168.5611552,85277901.07800992,78042293.23491555,92000570.40882206,12927721.470029492,10995965.052041827,15700040.36385374,200923928.824409,199838451.76632637,201756062.4249061,98205622.54803947,89142448.7690534,106543086.14232093,202985159.5124051,202775076.1532325,203228768.56923294,1.0149257975620256,1.0138753807661627,1.0161438428461647,115952.90777771476,50430.79300353097,219305.92777169115,0.061012333778740636,0.058936400495442416,0.06327942856737612,0.08096292162698412,0.07406944444444444,0.09054662698412698,0.08615327380952381,0.07861904761904762,0.09613690476190476,0.0,0.0,0.0,0.39844636631948993,0.38197146593966946,0.41786582889136475,14198755.431741074,11488740.736445002,17576817.287294317,0.05916790674603174,0.04111904761904762,0.08551686507936508,353854.9856466438,330911.1201985515,374307.4834292506,22646719.081385203,21178311.692707296,23955678.93947204,2.3189865833110667e-05,1.0085701117148761e-05,4.386128041505357e-05,3.1425168584055486e-05,1.4389123999121383e-05,5.75528402401188e-05,1.2248700994173995,1.0616974305327451,1.4497633030902193
