propagation_time_s,state_demand_cap_multiple,state_demand_cap_label,replication,included_execution_metered,included_data_metered,included_state_metered,shared_gas_used,shared_target_utilisation,shared_fee_wei,shared_fee_log_return_sd,shared_limit_hit_fraction,shared_fee_floor_bounded_fraction,shared_target_deviation,regular_binding_fraction,state_demand_cap_active_fraction
3.0,2.0,2x,0,185119076.2510386,74633501.71334524,58300160.35268021,260944771.8959116,0.9773957316522057,107.92543735567759,0.044773240783413736,0.02001984126984127,0.0,0.31329957891113647,0.9913095238095239,1.0
3.0,2.0,2x,1,179664388.95765227,84309506.34448357,57745886.50574475,264974220.10943228,0.992488448230485,167.35605243507356,0.048817839195244406,0.026349206349206348,0.0,0.3356038537352785,0.9909920634920635,1.0
3.0,2.0,2x,2,189913617.17824623,71938156.70954627,54700174.35241216,262720627.95925197,0.9840473848879714,125.4510325938083,0.046907466907985015,0.02001984126984127,0.0,0.3240904146585779,0.9905555555555555,1.0
3.0,2.0,2x,3,182022818.7828742,79196543.21091725,67790161.38189393,266190504.43590853,0.9970441674370286,98797.94178665376,0.047964916761785825,0.024642857142857143,0.0,0.31977269470763126,0.9743849206349207,0.9890674603174603
3.0,2.0,2x,4,177199294.72827333,77518185.53240012,62589161.44915696,255677404.82524315,0.9576662614868854,84.92252068889157,0.04551021110810457,0.01880952380952381,0.0,0.3255576425450456,0.9837896825396826,1.0
3.0,2.0,2x,5,184310098.10790136,78559898.83688061,56668749.26922314,263678187.38304853,0.9876340231134555,197.80176672061398,0.04871584491801747,0.02603174603174603,0.0,0.33466029307043543,0.9875198412698413,1.0
3.0,2.0,2x,6,179124409.66365302,79950882.02911353,51801950.60603936,260181065.6736132,0.9745351907167145,123.99920719689514,0.04602662881485486,0.019523809523809523,0.0,0.3221755431735623,0.9888888888888889,1.0
3.0,2.0,2x,7,169962460.65261367,94014469.42473666,49575381.93947842,264328135.6677432,0.9900684718845105,131.59416751447955,0.04700013091803207,0.024761904761904763,0.0,0.3180368020813212,0.9963492063492063,1.0
3.0,2.0,2x,8,184329516.27805555,79987172.02931032,61667318.128228836,265061702.3664689,0.9928161221056949,215.31555640326548,0.046616072987236856,0.020714285714285713,0.0,0.3156037980544677,0.9906150793650793,1.0
3.0,2.0,2x,9,179624193.7391612,82979357.40518051,61976119.49247726,266066053.6581867,0.9965780241299129,974.113810372317,0.04825072869954005,0.023908730158730157,0.0,0.32278174007383004,0.9757738095238095,1.0
3.0,2.0,2x,10,168127051.9442351,93768779.64642814,54231292.70934558,262203955.60242853,0.98211213494005,122.53119132401655,0.04683644078473992,0.02533730158730159,0.0,0.3204471547827078,0.9940873015873016,1.0
3.0,2.0,2x,11,184201886.2239301,75831297.34049957,55541580.06247309,260499627.11358604,0.9757283956597996,102.23496116517072,0.044259933983466664,0.01619047619047619,0.0,0.30703175808573274,0.9937698412698412,1.0
3.0,2.0,2x,12,183516112.6066573,75254795.83493586,52983478.96708785,259083891.79394078,0.9704256120534567,76.39317545083333,0.04469291059792175,0.01982142857142857,0.0,0.31677399422287106,0.9953373015873016,1.0
3.0,2.0,2x,13,175334959.85656625,82159392.06547819,62054816.5531745,259656496.7607504,0.9725703633984111,172.8716079905776,0.046352324162262454,0.01998015873015873,0.0,0.32585360283345266,0.98,1.0
3.0,2.0,2x,14,180083936.36914104,79521366.4814454,58497445.92755425,260656101.6703686,0.9763144873557561,123.90430640333328,0.046195077300497746,0.02121031746031746,0.0,0.32092058589379246,0.9905952380952381,1.0
3.0,2.0,2x,15,179520311.270302,80406927.0006864,57871408.858539,260428744.40366945,0.9754628971115166,185.71087386360796,0.04862666507863324,0.026607142857142857,0.0,0.3387397163751511,0.9924603174603175,1.0
3.0,2.0,2x,16,173554662.12117538,81547426.27331257,62910239.88131465,256191436.53369847,0.9595916206122198,81.86065560958156,0.04405660990119999,0.019920634920634922,0.0,0.3134122878968035,0.9893452380952381,1.0
3.0,2.0,2x,17,178824356.15497565,78079883.07783519,65359410.37468056,261832205.59118357,0.9807197066817923,4334.737322284554,0.0496983484802166,0.02886904761904762,0.0,0.34719409480430025,0.9656150793650794,0.9993253968253968
3.0,2.0,2x,18,183016006.28900388,77972758.3302716,59532789.797868274,262004711.4572639,0.9813658453109239,131.15716354616575,0.04578294851935727,0.02117063492063492,0.0,0.3177784641884015,0.9888888888888889,1.0
3.0,2.0,2x,19,183703655.60156304,74752624.50896326,59808962.89507735,261547110.91765794,0.9796518549865996,18953.352996859478,0.04846509729450983,0.027202380952380954,0.0,0.3373984622303592,0.9803373015873016,0.9961507936507936
3.0,2.0,2x,20,184382789.69349095,78530112.5328791,68578801.68507007,266064997.2774269,0.9965740673461149,441.08434608611685,0.05077858816543972,0.02994047619047619,0.0,0.342243747660076,0.9725,1.0
3.0,2.0,2x,21,178924161.1348194,83335149.64852677,59581685.75459642,262819804.75108474,0.9844188618572627,249.1964889428347,0.049136632346717175,0.02736111111111111,0.0,0.3347221688089479,0.9911904761904762,1.0
3.0,2.0,2x,22,181837678.04742584,81768595.96121663,62604966.11041641,264187761.54078925,0.9895426860198528,175.38307624459912,0.04779661240005414,0.023452380952380954,0.0,0.3264344465232357,0.9915674603174603,1.0
3.0,2.0,2x,23,175947597.71314496,80997520.40583573,60558500.782773905,258251200.65188918,0.9673066809397477,208.57791751434075,0.04492129949332437,0.017857142857142856,0.0,0.3085960099774882,0.9850198412698413,1.0
3.0,2.0,2x,24,178506119.38119292,84630405.12393628,67892005.68096341,264413334.74025026,0.9903875938550489,210.87595322853429,0.04969131416852079,0.02880952380952381,0.0,0.34198481656826724,0.9844642857142857,1.0
3.0,2.0,2x,25,180442547.87736177,83080545.005714,57234268.91128298,264235707.56517965,0.9897222728314543,120.20599291124417,0.047484977219469385,0.02748015873015873,0.0,0.3239220874181979,0.9918452380952381,1.0
3.0,2.0,2x,26,177442914.3280836,86057982.79102701,55583689.48645571,264151849.24382618,0.9894081727835442,359.85976275240705,0.048651819229049695,0.025793650793650792,0.0,0.3354985249902858,0.9938095238095238,1.0
3.0,2.0,2x,27,178336474.90703532,84194664.18569058,63685697.23693606,264899613.66912237,0.9922090020634556,520.037084181962,0.048138162214266506,0.02734126984126984,0.0,0.32785065790448426,0.9817261904761905,1.0
3.0,2.0,2x,28,177882019.28378138,78100409.25201921,61866486.72541805,258569397.65577605,0.968498520849641,7569.721330203569,0.04825671083677234,0.025476190476190475,0.0,0.34179879015544207,0.9825,0.9995436507936508
3.0,2.0,2x,29,179642144.59585112,80124505.15489678,60656338.06343649,260670052.7367787,0.9763667425232467,90.83960402225789,0.046851361991702783,0.023035714285714284,0.0,0.32928649921440295,0.9876984126984127,1.0
3.0,2.0,2x,30,175295150.52137583,81139767.18089703,59667106.79433178,257104482.1822854,0.9630115278717086,101.10216354609898,0.046515429178569885,0.02132936507936508,0.0,0.3296577520676749,0.9902777777777778,1.0
3.0,2.0,2x,31,183280016.19059032,79886723.75568293,55631059.8926408,265584135.91862905,0.994772951208816,388.7907548159347,0.049317265764586005,0.027301587301587302,0.0,0.3302892425965395,0.984484126984127,1.0
3.0,3.0,3x,0,184159065.98384964,74053492.04416217,86643440.61317267,261184441.56158394,0.9782934392649418,114.78706433979079,0.04519656718048287,0.022182539682539682,0.0,0.31509856665044816,0.9743452380952381,1.0
3.0,3.0,3x,1,178435081.4707891,83523338.12870039,86012989.99720894,265209725.97127175,0.9933705598837232,367.37742148284497,0.04932493875335742,0.029742063492063493,0.0,0.33828938740099745,0.9711904761904762,1.0
3.0,3.0,3x,2,188429140.88037246,71083564.3024458,81801136.09191602,262924393.4176169,0.984810609565044,276.37154846620314,0.04746995429265821,0.020793650793650795,0.0,0.32671473437827,0.9712103174603175,1.0
3.0,3.0,3x,3,180798118.5022925,78237399.47022657,98696128.45618825,266336189.826548,0.9975898471911795,119800.2689691937,0.048382144193855434,0.026507936507936508,0.0,0.3217529538115651,0.9496428571428571,0.9843849206349207
3.0,3.0,3x,4,175133967.19874057,75946580.13417198,93647122.57965015,256385723.24169177,0.9603193416457922,143.88248100668065,0.046144462981913374,0.01861111111111111,0.0,0.3295493075674178,0.9513492063492064,1.0
3.0,3.0,3x,5,182540175.30248743,77189669.91091879,84776157.55712983,263947825.1954375,0.9886439795306936,277.8811317996589,0.049200043155051464,0.025496031746031746,0.0,0.3384371845258877,0.9609126984126984,1.0
3.0,3.0,3x,6,178153656.80610642,79273151.45495717,77085503.49128206,261136144.55923635,0.9781125378289669,129.8707349746818,0.04679937056997035,0.023412698412698413,0.0,0.32750686378375865,0.9708333333333333,1.0
3.0,3.0,3x,7,169533680.49481043,93644462.30515648,74175274.76947589,264372867.93262288,0.9902360212262462,136.3077191017973,0.04713553093260938,0.025714285714285714,0.0,0.318696420051765,0.9867063492063493,1.0
3.0,3.0,3x,8,183157664.3854541,79096251.49868472,92157638.56369601,265379096.1487867,0.9940049534658193,267.50371116516885,0.04708038278643673,0.022103174603174604,0.0,0.318949386699234,0.966984126984127,1.0
3.0,3.0,3x,9,177035212.78477776,81360782.95547703,90725220.14760499,266462726.30692682,0.9980638027141124,28430.995417520902,0.049175587947698995,0.02722222222222222,0.0,0.32825650510082555,0.9485515873015873,0.9895238095238095
3.0,3.0,3x,10,167538060.3432225,93114156.0547055,81330230.35784313,262386446.6298729,0.982795674027624,128.8737706891,0.0469875960632646,0.02498015873015873,0.0,0.3210395417685941,0.9766666666666667,1.0
3.0,3.0,3x,11,183480883.0999584,75328251.80320475,83031259.70990701,260655285.70617446,0.9763114310771622,110.0613500540601,0.044537937603364525,0.01748015873015873,0.0,0.3079382337383849,0.9792460317460318,1.0
3.0,3.0,3x,12,183025017.48012683,74877611.80407909,79371243.25217159,259312518.66542578,0.9712819577342184,79.78674687964416,0.04499837409591402,0.020436507936507937,0.0,0.3185629864309371,0.9846825396825397,1.0
3.0,3.0,3x,13,172918663.42784783,80516313.07281496,92054640.03007296,260407718.01854104,0.975384140603282,15937.690000831537,0.047412755343015825,0.02132936507936508,0.0,0.3301312897885087,0.9448809523809524,0.9918055555555556
3.0,3.0,3x,14,179096835.21844968,78804415.70127365,87107940.07695396,261097325.65851346,0.9779671376065432,134.36942545098134,0.04670008800961172,0.02371031746031746,0.0,0.3238351711339615,0.9700793650793651,1.0
3.0,3.0,3x,15,178782052.5676108,79789562.15742612,86671922.9221545,261210682.79583132,0.9783917285319018,198.68095322865582,0.04888223775027522,0.02666666666666667,0.0,0.3415643515179226,0.9681944444444445,1.0
3.0,3.0,3x,16,172525260.44493774,80751395.84568706,93793916.60055019,256794868.67775014,0.9618518383496846,96.32730243505186,0.044493569376051624,0.02134920634920635,0.0,0.3154644626827648,0.9621626984126984,1.0
3.0,3.0,3x,17,175454998.8945901,75803220.28381349,95508603.44373454,262420521.9330187,0.982923306612893,32654.644008877716,0.05078640283046234,0.030376984126984127,0.0,0.35253377535680397,0.9292857142857143,0.9928571428571429
3.0,3.0,3x,18,181593673.1470303,77021449.93518172,88800075.55719098,262263285.2184127,0.9823343601756896,4190.930854030896,0.045962819801637876,0.021666666666666667,0.0,0.31769286207168834,0.9649007936507936,0.997718253968254
3.0,3.0,3x,19,182348488.9422512,73664301.88272756,87893627.95297685,261865763.38371444,0.9808454008773304,40330.505695385,0.04916426245580113,0.03015873015873016,0.0,0.3410482176992603,0.9603174603174603,0.9936111111111111
3.0,3.0,3x,20,179998989.43580714,75924246.34406729,100924690.27308342,266386789.73276475,0.9977793743926594,23789.150060387386,0.05246896828331946,0.03525793650793651,0.0,0.3526351620567844,0.9306547619047619,0.9870039682539683
3.0,3.0,3x,21,177576228.10948247,82378690.13392901,89196151.39742616,263091315.86499164,0.9854358349198025,267.07150878409095,0.04940187274664577,0.027142857142857142,0.0,0.33590224936804847,0.9657936507936508,1.0
3.0,3.0,3x,22,180618265.64423797,80853821.21753699,93641190.99645771,264450026.56267604,0.9905250268849002,191.791647673123,0.048126867647700036,0.02398809523809524,0.0,0.32837411901413727,0.9646230158730159,1.0
3.0,3.0,3x,23,173752795.17238832,79521462.16420512,90548419.4136332,258668036.57716468,0.9688679831693479,3276.4807548188483,0.045552783911906196,0.01765873015873016,0.0,0.3131274757997729,0.9579761904761904,0.9991666666666666
3.0,3.0,3x,24,176517432.20501488,83081303.48706649,101202199.88006559,264746237.75862178,0.9916345166688169,252.5148024347725,0.05016004668340881,0.029523809523809525,0.0,0.3446670759091783,0.946468253968254,1.0
3.0,3.0,3x,25,179463236.14164788,82329907.71778156,85524677.94438073,264505098.3137501,0.9907313038455127,129.94861195886816,0.04783262923934396,0.02775793650793651,0.0,0.325628421044912,0.9737103174603174,1.0
3.0,3.0,3x,26,176696122.1270246,85398986.57114017,83002919.58651862,264232869.75175256,0.9897116435066715,386.1712508477632,0.048870982754839885,0.026964285714285715,0.0,0.33653518662105475,0.977579365079365,1.0
3.0,3.0,3x,27,176515493.86925355,82962668.26193552,94250582.27913176,265361222.2914709,0.9939380050777687,10616.072679403644,0.04882866382864827,0.028412698412698414,0.0,0.33245301796598004,0.9562103174603175,0.9949801587301588
3.0,3.0,3x,28,176899605.2333637,77309133.77714765,91327162.98311824,259009478.79548743,0.9701468904429821,25156.798711208034,0.048268477721925045,0.025535714285714287,0.0,0.34037412251338744,0.959047619047619,0.9943253968253968
3.0,3.0,3x,29,178245233.0163667,79065573.84816425,90628643.85665557,261282005.99507236,0.9786588769786766,102.81002068896913,0.04731351255743867,0.022916666666666665,0.0,0.3319084775175215,0.9589087301587301,1.0
3.0,3.0,3x,30,174239386.5944575,80150873.90008895,89317024.23768185,257567855.4429485,0.964747140522015,222.4893659268386,0.046810108873237284,0.021825396825396824,0.0,0.33052224998878776,0.9647222222222223,1.0
3.0,3.0,3x,31,181528686.84831586,78950642.93413533,81809960.3866291,265788072.44730696,0.9955368166475046,23314.05984215703,0.049687705425479144,0.028174603174603175,0.0,0.33232523695615,0.9658531746031747,0.989484126984127
3.0,4.0,4x,0,182253394.0954227,72802131.37230405,114463709.17515717,261615357.4333599,0.97990747939579,138.04335402239076,0.04583930059670979,0.024305555555555556,0.0,0.3184305050746967,0.9383531746031746,1.0
3.0,4.0,4x,1,175961558.84443527,82037924.52290235,113014886.92749901,265573888.35947356,0.9947345679122063,7081.028830209051,0.04987432722906163,0.03226190476190476,0.0,0.3411196237925623,0.9350396825396825,0.9899404761904762
3.0,4.0,4x,2,185865689.83767602,69726792.44279964,107907629.91887474,263226316.84058237,0.9859414950882458,3070.7459929189145,0.04780420391509909,0.024206349206349207,0.0,0.32828869104939895,0.9349007936507937,0.9977579365079365
3.0,4.0,4x,3,178033789.92267048,76164061.2533124,128901918.76425986,266640302.91603115,0.9987289343376312,122499.68448506673,0.049135992277074665,0.029246031746031746,0.0,0.3266855102248097,0.8988690476190476,0.9828571428571429
3.0,4.0,4x,4,170789925.21709177,73128524.08145453,123494613.85271715,257672179.87484363,0.9651378985115333,5834.38537781578,0.04825832377689747,0.024523809523809524,0.0,0.34239505801459297,0.8977777777777778,0.9905555555555555
3.0,4.0,4x,5,177931838.2877773,74148636.75347364,112113659.50882483,264440781.84040096,0.99049039981793,3584.9016476797424,0.05145707538756514,0.030694444444444444,0.0,0.3524195027716952,0.9159126984126984,0.9982539682539683
3.0,4.0,4x,6,176315973.48273262,77975298.53810981,101444040.45528646,261894342.26806405,0.9809524460554183,144.62797703821508,0.04810657834204684,0.027916666666666666,0.0,0.3339353430886947,0.9469246031746031,1.0
3.0,4.0,4x,7,168639177.6645381,92842111.31371033,98504551.0717562,264548804.57815698,0.990895010195969,155.6301397367349,0.04741198624134081,0.026468253968253967,0.0,0.3202000859856451,0.9678174603174603,1.0
3.0,4.0,4x,8,179634935.95974442,76654623.76925933,121745480.25142318,265706570.27221993,0.9952315417900255,3368.922520690743,0.04814416188605461,0.027083333333333334,0.0,0.32538731379656854,0.912281746031746,0.995813492063492
3.0,4.0,4x,9,174068059.0510029,79239550.70646963,117796729.39878882,266768891.95142865,0.999210577918461,36222.87650879864,0.05015441350017512,0.033134920634920635,0.0,0.33384986374420156,0.905079365079365,0.9826587301587302
3.0,4.0,4x,10,165975684.27444932,91576803.0352916,108075969.20776553,262857781.1909444,0.9845611065550679,158.0341675145259,0.04747183963431257,0.026091269841269842,0.0,0.3237355502284868,0.9411111111111111,1.0
3.0,4.0,4x,11,181906848.64871755,74180753.63265878,110090185.26277386,260973175.31399804,0.9775021196031899,134.2783937048998,0.04493606593228118,0.0185515873015873,0.0,0.3094074775516035,0.9460912698412698,1.0
3.0,4.0,4x,12,181948924.29696763,74121396.29753584,105374332.48105666,259688078.4222795,0.9726886557901412,96.20234211785512,0.04545606868220848,0.022896825396825398,0.0,0.3206802831388407,0.9588690476190476,1.0
3.0,4.0,4x,13,169574632.6285025,78168379.56231484,120494386.41705213,261638461.31145424,0.9799940173695917,23219.25379060489,0.04891493187734062,0.024325396825396826,0.0,0.3382661710657483,0.8992063492063492,0.9840476190476191
3.0,4.0,4x,14,176911880.780563,77188859.74287982,115022641.59378691,261802291.86992106,0.9806076617334786,202.03527862544263,0.04770719828223418,0.02759920634920635,0.0,0.3298739026390311,0.9307936507936508,1.0
3.0,4.0,4x,15,176310258.41888806,77954186.98138104,114960404.58196042,262165270.3770552,0.9819672354125247,276.4291278316903,0.050192917803683276,0.029702380952380952,0.0,0.3507752862782078,0.9296825396825397,1.0
3.0,4.0,4x,16,170290114.13414782,79054007.78303948,123987582.03279209,258081612.81355596,0.9666714720864616,162.3892270382947,0.0454298589391554,0.02511904761904762,0.0,0.3207142430955881,0.9124801587301588,1.0
3.0,4.0,4x,17,170493716.0768787,72555864.48575465,123720401.07425518,263354857.20806992,0.9864229563783667,46995.99603268729,0.05264040397086835,0.03492063492063492,0.0,0.3632749215332112,0.8695039682539683,0.9779166666666667
3.0,4.0,4x,18,179608816.28564245,75510002.02052663,117325063.89773361,262841437.83481795,0.9844998908181025,6176.96886987451,0.046358155985073535,0.022182539682539682,0.0,0.3200365656486249,0.9271428571428572,0.9934722222222222
3.0,4.0,4x,19,180074399.95198083,72098532.33899315,114997457.06770223,262354100.54040504,0.9826745183916946,45412.61994141677,0.049915174047893925,0.03297619047619048,0.0,0.34512143346819085,0.9235119047619048,0.9926388888888888
3.0,4.0,4x,20,175397551.70230043,72874574.00512822,130231728.73668672,266669960.73310637,0.9988400207702461,33881.093651658506,0.05361436487132797,0.04128968253968254,0.0,0.35919809844508965,0.8711309523809524,0.9682936507936508
3.0,4.0,4x,21,173989072.47235525,80182634.01985894,118339328.57691811,263528480.01543748,0.9870732786270386,1825.773651635776,0.05084871990488567,0.0275,0.0,0.34645546923986736,0.9275,0.9986904761904762
3.0,4.0,4x,22,177274908.10592255,78553282.00571841,124152376.95012932,265045007.47930768,0.9927535896727466,489.1752786257002,0.04951212433125533,0.025456349206349205,0.0,0.33649041427391535,0.9175793650793651,1.0
3.0,4.0,4x,23,170847829.29606727,77630080.10673821,118885491.88709758,259517418.53226578,0.9720494314559966,13857.430834173982,0.046863509038751916,0.020833333333333332,0.0,0.31987012208990023,0.915515873015873,0.9829365079365079
3.0,4.0,4x,24,170934671.93476793,79138557.52805358,133568669.9449607,265290805.6330956,0.9936742521739141,2636.675814336117,0.051811017098677914,0.03388888888888889,0.0,0.35449283775846896,0.8703571428571428,0.9979563492063492
3.0,4.0,4x,25,177176325.13235104,80669825.4764688,113365852.88629234,264903678.25845292,0.9922242264047357,302.65456433931274,0.04875891727446759,0.029682539682539682,0.0,0.3314124028300768,0.9388888888888889,1.0
3.0,4.0,4x,26,175071272.30752268,83993992.27546316,109946765.9729491,264409957.61039582,0.9903749444646014,491.5892071972478,0.049258052034049114,0.02861111111111111,0.0,0.33832913300044526,0.94625,1.0
3.0,4.0,4x,27,173666038.70797318,80844280.1485122,123682630.66995363,265832457.29025924,0.9957030646843456,12833.71527860998,0.050049167229974066,0.03329365079365079,0.0,0.3387887768326282,0.9128373015873016,0.9913095238095239
3.0,4.0,4x,28,174908755.6798834,75694303.35305041,120442876.70432526,259909523.33868116,0.9735181007125839,30005.44361200182,0.04886586602383963,0.025535714285714287,0.0,0.34489705691879463,0.9236904761904762,0.9933730158730159
3.0,4.0,4x,29,174719533.1858093,76552319.87232889,120006234.81834042,262291484.4133385,0.9824399831876253,231.73091354601883,0.04910308876223503,0.025376984126984126,0.0,0.34258455356693984,0.9113095238095238,1.0
3.0,4.0,4x,30,171627542.73406583,78037460.25539513,118245976.58018054,258460158.42166352,0.9680893539582149,2511.239008780408,0.047651794999201066,0.02484126984126984,0.0,0.3352918248394852,0.9190079365079366,0.9970039682539683
3.0,4.0,4x,31,180155281.47476423,77960566.32312228,107157516.4395324,266058632.11360914,0.9965502259642717,28717.78027866578,0.049875543785624685,0.027797619047619047,0.0,0.33410421866186557,0.9382142857142857,0.9851984126984127
3.0,5.0,5x,0,177841446.48479035,70023450.24623156,141676467.7162614,262326169.0854749,0.9825698982277067,986.0931556105608,0.047119690399547894,0.028154761904761905,0.0,0.3256746954974496,0.8727579365079365,0.9986309523809523
3.0,5.0,5x,1,173051082.79464585,79921737.97597903,138896677.2305621,265992446.64079174,0.9963023214051611,8945.565338145487,0.05066049952724571,0.03509920634920635,0.0,0.3460118336303616,0.8871230158730159,0.9844642857142857
3.0,5.0,5x,2,182710648.78161547,67984552.56685378,132620943.36074166,263763155.50196445,0.9879522800233431,9794.550318289104,0.048417172191292566,0.025376984126984126,0.0,0.33120487823715283,0.8928571428571429,0.9776388888888888
3.0,5.0,5x,3,171541034.09832287,71659546.11187522,158066332.38980648,266910653.2172748,0.9997415594558375,125084.96934617787,0.05110664186482171,0.033273809523809525,0.0,0.3400669618480937,0.816329365079365,0.9789087301587301
3.0,5.0,5x,4,164806874.5684294,69412785.43087967,150946849.39634538,259155481.18150917,0.9706937575362443,13386.561687339434,0.05089497285934913,0.0339484126984127,0.0,0.3569286040084797,0.8284523809523809,0.9665674603174603
3.0,5.0,5x,5,173087635.86516,71162092.80740349,136722040.49839485,264978934.38490614,0.9925061060386584,11199.96458416595,0.05336177581674737,0.03902777777777778,0.0,0.36438781525791775,0.8631349206349206,0.97125
3.0,5.0,5x,6,173476149.0998432,76009180.73694552,124826921.55495371,262506326.30919683,0.9832446958111676,219.14432624458,0.04953629890614741,0.035376984126984125,0.0,0.3415265726184525,0.909265873015873,1.0
3.0,5.0,5x,7,166960565.1636849,91316303.48046075,122545389.95689748,264823197.38357386,0.9919227769332061,321.54712386306767,0.04798351969702171,0.02751984126984127,0.0,0.32390075637008087,0.9326984126984127,0.9999801587301588
3.0,5.0,5x,8,174350037.56347442,73089491.15983021,148909395.2238946,266189647.55648088,0.9970409579061803,9812.56726274816,0.04952828668441394,0.03307539682539683,0.0,0.3339772257319552,0.8366865079365079,0.9734722222222222
3.0,5.0,5x,9,169494370.44091076,76071681.15949275,142821014.98065487,267009316.40465766,1.0001111126663447,44913.22545719676,0.05108259405134312,0.03857142857142857,0.0,0.33900805558677594,0.8464285714285714,0.9586904761904762
3.0,5.0,5x,10,162632957.77900907,88566588.74951346,134243800.3887366,263703496.0027732,0.9877288191759065,499.3988500546502,0.04888182026721461,0.029623015873015874,0.0,0.3322877000639001,0.8872023809523809,1.0
3.0,5.0,5x,11,178320912.76446712,71633935.7075102,136605069.38678783,261582394.24154696,0.9797840123389661,942.7325603719723,0.04597893538176179,0.020654761904761905,0.0,0.3156268121647528,0.8912301587301588,0.9980357142857142
3.0,5.0,5x,12,179921356.5089245,72701041.33881891,130917256.7595292,260500045.9866008,0.9757299645921593,213.63686592782278,0.04623500536060919,0.025396825396825397,0.0,0.32455448425684985,0.9132738095238095,1.0
3.0,5.0,5x,13,164103699.61024928,74476584.89581048,147459743.6086203,263060180.41356438,0.9853192138543297,27423.11918743049,0.0514498182551928,0.03005952380952381,0.0,0.3532333111803124,0.8322420634920635,0.9725396825396826
3.0,5.0,5x,14,172697274.71410173,74241737.47209685,142005484.61595175,262803086.86140227,0.9843562432659831,1131.2871437057656,0.04933082266682095,0.03498015873015873,0.0,0.33841850661963857,0.86625,0.9976587301587302
3.0,5.0,5x,15,171329135.6110775,74600729.75490935,142051760.04335582,263185680.70423347,0.9857892882211386,2777.17674688273,0.052491331413491715,0.03759920634920635,0.0,0.36363895433605903,0.8641468253968254,0.9946230158730158
3.0,5.0,5x,16,165565387.00477716,75630413.61355467,153239389.9747989,259929384.57151073,0.9735924930219295,1386.665238941369,0.04720141988641493,0.03115079365079365,0.0,0.32976454948389006,0.8339285714285715,0.9977777777777778
3.0,5.0,5x,17,164147674.25215217,68307412.91596596,149543589.95078036,264530376.88486606,0.9908259873577804,54448.436985068256,0.05481748489708266,0.04113095238095238,0.0,0.37681862219185686,0.7988690476190476,0.9535119047619047
3.0,5.0,5x,18,174717953.01654738,72100158.81226817,145317720.9656672,263583354.4880478,0.9872788166606858,7212.570516699881,0.04803606206553424,0.02363095238095238,0.0,0.3308391867938882,0.8606746031746032,0.9915873015873016
3.0,5.0,5x,19,175764131.90072066,69274569.72420292,141204843.2825628,263061212.6023243,0.9853230800244809,48247.82886998822,0.05125726990718772,0.03837301587301587,0.0,0.3529611362880417,0.8607738095238096,0.991904761904762
3.0,5.0,5x,20,168654022.59466022,68646309.12253897,156584375.59074932,267074160.56894833,1.0003539932151282,49460.05894928008,0.05487907131461932,0.04722222222222222,0.0,0.3678746550260996,0.7951587301587302,0.9375595238095238
3.0,5.0,5x,21,168913155.6010828,77181171.52279343,146005845.15139252,264071120.68578446,0.9891057955890171,6567.03039765408,0.05299819965760021,0.03339285714285714,0.0,0.35879632182856486,0.8662698412698413,0.9847420634920635
3.0,5.0,5x,22,171804035.47121271,74922052.26246357,153161119.54507753,265743080.40610802,0.9953682942865979,4130.862877839399,0.051321432952674315,0.03367063492063492,0.0,0.34752658477240733,0.8406349206349206,0.9903968253968254
3.0,5.0,5x,23,166770954.31494033,74930463.24830571,145498424.04048887,260606888.39351273,0.9761301539184924,18485.688929409807,0.04829372595223602,0.025694444444444443,0.0,0.3281657888318574,0.8564880952380952,0.9643650793650793
3.0,5.0,5x,24,162514601.11029404,73413607.89675961,162019036.49642837,266000937.34898558,0.9963341242341163,19120.94307622985,0.05352985467843011,0.04261904761904762,0.0,0.36431245933669204,0.7762103174603174,0.9505555555555556
3.0,5.0,5x,25,173386217.64184058,78062523.87181392,140071710.19063094,265444952.05926228,0.994251623614967,3011.840596088495,0.050201879424679255,0.034246031746031746,0.0,0.33956030773141277,0.8868253968253968,0.9928769841269841
3.0,5.0,5x,26,171918007.56814566,81396810.19356398,136305820.0596719,264717642.76038823,0.9915274111345039,1741.5377786245424,0.04997860526117397,0.031686507936507936,0.0,0.34246741595987046,0.8928571428571429,0.9978769841269841
3.0,5.0,5x,27,169044753.2808663,77535748.04458977,151789982.49164933,266438983.97186643,0.9979748733334666,14951.919723054574,0.05155848146873386,0.04130952380952381,0.0,0.3473636662636704,0.8466468253968253,0.9893055555555555
3.0,5.0,5x,28,170690056.71947077,72614440.73840015,148910919.62218532,260956904.08282277,0.9774411740177164,32027.717381843133,0.050785300876843714,0.02978174603174603,0.0,0.35596150645259117,0.861468253968254,0.992718253968254
3.0,5.0,5x,29,168145004.8679195,72387761.13249654,147728570.07832646,263266361.7861913,0.9860914875890652,4681.649782595405,0.05170633326984922,0.03646825396825397,0.0,0.3573558948501371,0.8408333333333333,0.9889484126984127
3.0,5.0,5x,30,167067585.9892255,74643956.45873792,146058215.09745318,259861057.29677427,0.9733365661213917,4254.071667519714,0.04962006348352695,0.02892857142857143,0.0,0.34782863433321787,0.8535714285714285,0.9924603174603175
3.0,5.0,5x,31,177324354.24782962,75901069.4079889,132097729.34484851,266388105.2396204,0.9977843017601492,30177.74603263434,0.05057248855242166,0.028908730158730158,0.0,0.33811894516593805,0.8892460317460318,0.9836904761904762
3.0,inf,unrestricted,0,94708082.77759634,21808674.533745866,269513582.9422269,270680455.7981717,1.0138617463634712,31233.47708681352,0.059005118821111875,0.07601190476190477,0.0,0.38139500488566935,0.02880952380952381,0.0
3.0,inf,unrestricted,1,96039582.27415828,27557662.758142322,268657148.3238094,270868301.63880324,1.0145653424597176,33246.10401138428,0.0601712795409995,0.07839285714285714,0.0,0.39024221401814807,0.05009920634920635,0.0
3.0,inf,unrestricted,2,101559497.14779294,23025030.706954263,268945877.3182029,270715959.9391465,1.0139947308091553,31714.522602706158,0.05961339086009547,0.07539682539682539,0.0,0.38807811781232104,0.04103174603174603,0.0
3.0,inf,unrestricted,3,97698938.60872923,25598591.5932922,268942384.22051764,270810093.74408704,1.0143473187475325,168929.56472553586,0.06080765119071339,0.07954365079365079,0.0,0.3964138256120152,0.04442460317460317,0.0
3.0,inf,unrestricted,4,85795449.76426165,20521522.662938535,269911844.12448233,271307990.9067265,1.0162122442565962,43274.56385270133,0.06368498030936874,0.09075396825396825,0.0,0.4212021827512283,0.03200396825396826,0.0
3.0,inf,unrestricted,5,101746103.32140253,26793114.392169286,267874605.17908084,271086909.7322264,1.0153841617672055,35917.508495577305,0.06235259417519465,0.08478174603174603,0.0,0.40986585166441886,0.06313492063492064,0.0
3.0,inf,unrestricted,6,97266419.9817295,26408441.05949113,269299070.8820265,271109281.4632889,1.0154679574082959,19754.136908188924,0.061514259144444354,0.09369047619047619,0.0,0.4010676462250275,0.04446428571428571,0.0
3.0,inf,unrestricted,7,95195284.54735191,33024961.24995355,267878696.88131917,270581237.61909086,1.0134901143739459,19619.344388347145,0.05884111347504822,0.07468253968253968,0.0,0.38197181050509127,0.052142857142857144,0.0
3.0,inf,unrestricted,8,99585690.74344583,26647173.4299798,268682132.4131891,270822117.6684176,1.0143923556043086,41799.99135266164,0.06023831075883406,0.08263888888888889,0.0,0.3930534987290555,0.04853174603174603,0.0
3.0,inf,unrestricted,9,102837921.46753798,30956086.69999691,267238815.50200123,270803524.58998424,1.0143227132989006,70965.85107490067,0.059496643015443135,0.0815079365079365,0.0,0.38447431854301256,0.06886904761904762,0.0
3.0,inf,unrestricted,10,90164331.20271483,30894520.57456159,268626007.93742096,270827853.9993658,1.0144138416273603,25295.718753451245,0.06035526873938761,0.08166666666666667,0.0,0.3910313336749565,0.04525793650793651,0.0
3.0,inf,unrestricted,11,94969259.22921456,22370415.0163952,269780716.7822523,270873100.6928002,1.0145833178146502,27578.33545979678,0.05958863991218661,0.07498015873015873,0.0,0.3857856324385794,0.030615079365079366,0.0
3.0,inf,unrestricted,12,94114373.01506667,22028520.531260803,269408610.71057856,270817243.7423149,1.0143740998081316,22240.091749464307,0.06017935617463996,0.07547619047619047,0.0,0.39052755880533735,0.0360515873015873,0.0
3.0,inf,unrestricted,13,89646517.81695546,25376059.641281564,269064390.3438044,271159971.2734768,1.0156578213544325,59776.836233523565,0.0631416339326785,0.08263888888888889,0.0,0.41568877029454554,0.0473015873015873,0.0
3.0,inf,unrestricted,14,93738528.65206997,24520660.339462668,269133573.37111104,270931512.32493204,1.0148021046464755,31959.659070939644,0.06109750904652997,0.08450396825396825,0.0,0.40043091454147234,0.04172619047619048,0.0
3.0,inf,unrestricted,15,96011762.10676642,25641309.875973593,268909868.57646394,271222066.47326666,1.01589040537131,30272.535737596518,0.0633122914177261,0.09359126984126984,0.0,0.4161386131272863,0.05168650793650793,0.0
3.0,inf,unrestricted,16,83980768.78046246,21703401.656247217,270131849.253265,271065557.567906,1.0153041850191886,39858.88478523426,0.061418173772268686,0.08632936507936508,0.0,0.4013274667408497,0.023075396825396825,0.0
3.0,inf,unrestricted,17,92531248.53533109,23613123.81279588,268600592.9504982,271409875.5501676,1.0165938637651872,95920.02194777249,0.06423849273082814,0.0882936507936508,0.0,0.4248565327810268,0.0576984126984127,0.0
3.0,inf,unrestricted,18,94293083.42388278,23143369.947416585,269083121.0795517,271061752.87863964,1.015289934160579,43642.13355509984,0.06097058351979537,0.07539682539682539,0.0,0.39961385271937094,0.041666666666666664,0.0
3.0,inf,unrestricted,19,96082386.1992201,22770484.875097096,268272660.4284993,270971161.3135841,1.014950614049409,88087.07450728078,0.06078573324150157,0.08142857142857143,0.0,0.3966792826250016,0.04898809523809524,0.0
3.0,inf,unrestricted,20,100009720.34070584,25842510.431059796,268274604.4741698,271061809.4393537,1.015290146014605,84680.44234470779,0.06192403482245782,0.08486111111111111,0.0,0.4029487764726331,0.059265873015873015,0.0
3.0,inf,unrestricted,21,96726899.16935617,28498712.11578796,268460543.33589536,270928422.50503564,1.0147905314053012,35998.331293165684,0.06086292360266435,0.07948412698412699,0.0,0.3930947786162507,0.05396825396825397,0.0
3.0,inf,unrestricted,22,94842885.24847369,25630703.017309606,269328865.561965,271125979.9646201,1.0155305033784932,38483.863416176144,0.06241276786040557,0.08452380952380953,0.0,0.4118908449042675,0.04313492063492064,0.0
3.0,inf,unrestricted,23,92188808.43966861,25411897.758370336,268936412.6846296,270955905.20127934,1.0148934706970438,45924.00865422549,0.06082232451040198,0.07908730158730158,0.0,0.39698455072749,0.043095238095238096,0.0
3.0,inf,unrestricted,24,91344769.85551152,25698447.8792096,268564922.05219126,270986684.7453379,1.0150087586745207,57470.639467729285,0.06120271778547358,0.08311507936507936,0.0,0.39686204609208237,0.05047619047619047,0.0
3.0,inf,unrestricted,25,95152086.36269173,26123535.123035498,268807305.41101825,270925001.6981772,1.014777718418101,31233.272503465058,0.06071927243409209,0.08470238095238095,0.0,0.39413039609666345,0.04722222222222222,0.0
3.0,inf,unrestricted,26,97456176.69279426,30168926.68722813,268171872.18067047,270782364.3228118,1.0142434553215718,30926.878574877428,0.059124733833191605,0.07119047619047619,0.0,0.38275068537340673,0.053253968253968255,0.0
3.0,inf,unrestricted,27,92872567.57697165,25813270.94163679,268892841.55447274,270901216.3758411,1.0146886280241514,65442.991273219115,0.060841260083612216,0.08333333333333333,0.0,0.3967633206318109,0.03922619047619048,0.0
3.0,inf,unrestricted,28,88294241.11987182,21660672.65065444,269168036.6354355,271304436.12345314,1.016198929446826,72073.74718591323,0.06327836876683895,0.08740079365079365,0.0,0.418192015634329,0.04103174603174603,0.0
3.0,inf,unrestricted,29,90123394.52330013,22780071.333215665,269637225.3106464,271316657.656192,1.0162447064664093,36342.62805900481,0.06319587473115039,0.08910714285714286,0.0,0.4164255860933024,0.037142857142857144,0.0
3.0,inf,unrestricted,30,87436757.44544297,23032525.21277634,269684790.85162187,271193603.93494344,1.0157837959793419,35893.57895189581,0.06313122429666337,0.08517857142857142,0.0,0.41618344556370285,0.03912698412698413,0.0
3.0,inf,unrestricted,31,107510215.39461982,30802864.763525,266678221.9544298,270841266.9279831,1.014464081143884,54867.794963695334,0.059992392561077176,0.07553571428571429,0.0,0.3921243955285621,0.0764484126984127,0.0
3.5,2.0,2x,0,194369566.6372812,66775324.43303892,58363146.893894486,262304495.1936205,0.9538345279768018,66.67725125331414,0.04271435682694429,0.015416666666666667,0.0,0.3096656979097491,0.9915873015873016,1.0
3.5,2.0,2x,1,190274126.7154909,76814398.10149963,57808446.99845153,268035773.3022727,0.9746755392809917,96.94643776131412,0.04648743321029041,0.021845238095238095,0.0,0.3302832330595382,0.9915079365079366,1.0
3.5,2.0,2x,2,199737196.11411938,64564877.1857281,54732413.34471577,265122984.4297732,0.9640835797446299,76.67729093583662,0.04496819016613346,0.015932539682539684,0.0,0.3202183661380185,0.9909126984126985,1.0
3.5,2.0,2x,3,193239756.1610546,72344338.71501866,68001599.94258396,270631944.2761547,0.9841161610041989,84162.04280679183,0.0460200258459387,0.021488095238095237,0.0,0.31599693120953204,0.9751388888888889,0.9904166666666666
3.5,2.0,2x,4,185272958.8388603,68764561.69929804,62635330.731434144,254950111.3978505,0.9270913141740018,53.858878237427014,0.04385184033651723,0.014067460317460317,0.0,0.3228949315698152,0.9843849206349207,1.0
3.5,2.0,2x,5,194878041.75409546,71255543.91826269,56711225.12419138,266875913.45389557,0.9704578671050748,114.06233061858819,0.046879961169917043,0.022242063492063494,0.0,0.33126200390805205,0.9885119047619048,1.0
3.5,2.0,2x,6,188551090.3536728,71821100.55201504,51843087.74037587,261474665.25347304,0.9508169645580838,75.25842188823393,0.044004655503376344,0.015158730158730158,0.0,0.3192547491553891,0.9889285714285714,1.0
3.5,2.0,2x,7,180440777.18836558,86083134.93731208,49619332.155950926,266858334.75085187,0.9703939445485522,75.83610045966141,0.044633278330385794,0.01986111111111111,0.0,0.31329167375359873,0.9965873015873016,1.0
3.5,2.0,2x,8,195158670.5024551,72709800.07261266,61713788.93524069,268569063.2596325,0.9766147754895729,124.31695363435264,0.044587941797275585,0.016726190476190478,0.0,0.3111008381623377,0.9914087301587302,1.0
3.5,2.0,2x,9,191010438.52934298,76086512.23469271,62052035.63230772,270410662.89707386,0.983311501443905,487.60873934884694,0.046528595765441425,0.02119047619047619,0.0,0.31868018520243885,0.976984126984127,1.0
3.5,2.0,2x,10,178206733.06828457,85686536.00894724,54276438.53306748,264171735.25707147,0.9606244918438962,70.59951315806657,0.04460251644194789,0.02125,0.0,0.31689582713933584,0.9944444444444445,1.0
3.5,2.0,2x,11,193303942.0306708,67864711.2705394,55579156.29042496,261609900.9891963,0.9513087308698047,63.446794904122065,0.04201219214382304,0.011686507936507936,0.0,0.3029833696530784,0.9941071428571429,1.0
3.5,2.0,2x,12,192230634.2771941,67079634.48578917,53024393.37019604,259597476.16562954,0.943990822420471,49.321775062841304,0.04259047439165194,0.014404761904761905,0.0,0.31326564876196783,0.995515873015873,1.0
3.5,2.0,2x,13,184417577.51733518,74024268.34150057,62108465.23137806,260494181.14882773,0.9472515678139191,92.08161633269147,0.044129995466973486,0.01513888888888889,0.0,0.3212960717872795,0.9803968253968254,1.0
3.5,2.0,2x,14,189577107.87163872,71570447.54564542,58549701.37679363,262182782.6698403,0.9533919369812375,74.9277671263425,0.04423880404480646,0.017222222222222222,0.0,0.3175345463859022,0.9909523809523809,1.0
3.5,2.0,2x,15,189395515.20020214,72544944.42590444,57926241.25140808,262438727.80485484,0.9543226465631085,108.95862030106144,0.046824611446757904,0.02128968253968254,0.0,0.3353783407964713,0.9925992063492064,1.0
3.5,2.0,2x,16,181942925.46167338,72770515.4233817,62989863.12717203,255787006.2041196,0.9301345680149803,51.64794569777684,0.04196312493273751,0.014265873015873017,0.0,0.3098291010384393,0.9895238095238095,1.0
3.5,2.0,2x,17,188569279.97844207,70422118.56262483,65478699.499336086,263816594.54097578,0.9593330710580937,1124.1283028374764,0.04750073248975315,0.024384920634920634,0.0,0.3435972438085844,0.9665277777777778,1.0
3.5,2.0,2x,18,192797831.05923897,70218119.4257851,59585044.11768608,263983190.03031135,0.9599388728374958,78.20992982471252,0.04368846304831332,0.017222222222222222,0.0,0.3137120796023905,0.9894246031746031,1.0
3.5,2.0,2x,19,193143502.33645472,67157799.44829991,59950670.55627905,263430584.35986614,0.9579293976722405,14108.626021077385,0.046663598240031266,0.022698412698412697,0.0,0.33428511553240925,0.9808928571428571,0.9965079365079365
3.5,2.0,2x,20,195846952.26693645,71687550.59629458,68644805.5435689,270429001.4014746,0.9833781869144531,224.3295528407694,0.048874252362864086,0.025952380952380952,0.0,0.33782959308851496,0.9743849206349207,1.0
3.5,2.0,2x,21,189474149.10499996,76197645.49486083,59628518.693760544,266202791.946447,0.9680101525325346,137.022350459804,0.047368309581211694,0.02261904761904762,0.0,0.3316270818391677,0.9916468253968254,1.0
3.5,2.0,2x,22,192462302.37014455,74587063.87760936,62656001.192995176,267593086.7119522,0.9730657698616444,100.67893776129559,0.04576879032132136,0.019365079365079366,0.0,0.3220624930473938,0.9921031746031747,1.0
3.5,2.0,2x,23,185387550.0142306,73042954.93220145,60594081.572314136,259665215.60177192,0.944237147642807,116.88276712644848,0.04340459603255029,0.014781746031746031,0.0,0.30651346640768706,0.9854563492063492,1.0
3.5,2.0,2x,24,189115102.75256088,77286497.49318373,67964433.1500077,267612976.28878728,0.9731380955955901,118.64175522174999,0.04752490714109357,0.023928571428571428,0.0,0.3379223086949209,0.9856349206349206,1.0
3.5,2.0,2x,25,190911928.67421228,75435418.71844587,57293776.84167401,267027852.57172868,0.9710103729881043,72.31518776124062,0.0451995840494286,0.02242063492063492,0.0,0.31981760654369745,0.9922222222222222,1.0
3.5,2.0,2x,26,188009963.2392003,78810589.2170483,55639613.41960748,267430601.5446803,0.9724749147079284,186.6602671265535,0.046553106044494814,0.020972222222222222,0.0,0.3306512277165694,0.9941666666666666,1.0
3.5,2.0,2x,27,189017663.53645623,76785957.50444259,63769077.23242023,268091227.6569708,0.9748771914798938,237.977965539357,0.04585753078187333,0.023432539682539683,0.0,0.32317591556528935,0.9825,1.0
3.5,2.0,2x,28,186813121.14140785,69935581.31058253,61948575.43933467,259300323.33485574,0.9429102666722027,2234.3928464899773,0.04620850448135541,0.020734126984126983,0.0,0.33920118491373386,0.9830753968253968,1.0
3.5,2.0,2x,29,188944674.43634203,71937359.66039337,60709655.501345344,261759535.13309395,0.9518528550294325,56.51362030092428,0.04461282459614778,0.018055555555555554,0.0,0.32552585056455957,0.9882341269841269,1.0
3.5,2.0,2x,30,183928582.8655171,72673701.64714333,59713215.1547344,257253399.46786657,0.9354669071558784,60.60423538030662,0.04455206211425851,0.016646825396825396,0.0,0.32683418664569847,0.9904960317460317,1.0
3.5,2.0,2x,31,194489121.57676765,72960639.96068652,55694773.2655607,269785205.26582104,0.981037110057531,219.63092188861597,0.04760365400903231,0.023809523809523808,0.0,0.32645978514216734,0.9850396825396825,1.0
3.5,3.0,3x,0,193453863.6523386,66306927.20615917,86767175.92784224,262667034.04841885,0.9551528510851595,70.36572347553177,0.04316167529938259,0.017638888888888888,0.0,0.31150539261169213,0.9756349206349206,1.0
3.5,3.0,3x,1,189144683.45972198,76189585.18038605,86159750.97823773,268404392.72213387,0.9760159735350322,167.39266792005958,0.04702736848857375,0.024742063492063492,0.0,0.33309697598318094,0.9737698412698412,1.0
3.5,3.0,3x,2,198308316.50974205,63855525.72602361,81883515.52703486,265429076.0511982,0.9651966401861753,142.7384615711264,0.04554651978026709,0.01632936507936508,0.0,0.32280647586682376,0.9730357142857143,1.0
3.5,3.0,3x,3,192014874.4901243,71517129.85890846,98970067.46060987,270846133.60525185,0.9848950312918249,108398.55290599812,0.046485965758522665,0.022936507936507936,0.0,0.318068223533709,0.9521626984126984,0.9847023809523809
3.5,3.0,3x,4,183367872.6671322,67508640.33796825,93743224.97085255,255958831.74423647,0.9307593881608599,78.87606077710667,0.04444363864924683,0.01382936507936508,0.0,0.32629870454872845,0.9520436507936508,1.0
3.5,3.0,3x,5,193198860.39765716,70118827.4407359,84862710.4166016,267249965.75862953,0.9718180573041074,151.5849893488734,0.047294716867654206,0.021964285714285714,0.0,0.33443047167132,0.9629960317460318,1.0
3.5,3.0,3x,6,187708655.246688,71325445.40291983,77209482.06355487,262727873.14633223,0.9553740841684808,78.41473141204258,0.04470198198610753,0.019146825396825398,0.0,0.324609861827691,0.9711507936507936,1.0
3.5,3.0,3x,7,180053035.53156847,85795437.79646361,74256958.31434685,266985306.34387797,0.9708556594322836,78.13939411045457,0.044796357033995406,0.02095238095238095,0.0,0.313993888399538,0.9875793650793651,1.0
3.5,3.0,3x,8,194101820.32784545,72017110.73183791,92254005.4615817,269053459.7141311,0.978376217142295,146.6778464915035,0.045011509027777584,0.017936507936507938,0.0,0.31438776363278303,0.9695436507936508,1.0
3.5,3.0,3x,9,188326593.70590857,74666881.99576712,91014473.72982657,270986062.0176335,0.9854038618823037,23163.857429821157,0.047497909515102466,0.024642857142857143,0.0,0.3244018417709058,0.9509126984126984,0.9914087301587302
3.5,3.0,3x,10,177708402.28192586,85203502.60667746,81401925.13410325,264551288.86341986,0.9620046867760722,73.47776712631826,0.044768977015977755,0.02109126984126984,0.0,0.31754888466009884,0.977718253968254,1.0
3.5,3.0,3x,11,192631369.19367772,67463815.38385662,83117310.21503459,261886212.14243644,0.9523134986997689,67.717548872374,0.042308491930620265,0.013154761904761905,0.0,0.30397919555269376,0.9803174603174604,1.0
3.5,3.0,3x,12,191794797.45926738,66788135.26031655,79443435.75012966,259930012.59754178,0.9452000458092429,50.99254887236393,0.04287539404087848,0.01496031746031746,0.0,0.3150111311304097,0.9852380952380952,1.0
3.5,3.0,3x,13,182021783.87999558,72652946.5111365,92278904.97576573,261637150.6601997,0.9514078205825444,13221.180941715591,0.04529661413756861,0.01630952380952381,0.0,0.3255770990164901,0.9454960317460317,0.9934325396825396
3.5,3.0,3x,14,188729591.65734234,71052997.91963911,87225373.86005564,262930333.0621918,0.9561103020443339,80.16661633269001,0.04470722982980204,0.01988095238095238,0.0,0.32052773904874615,0.9708134920634921,1.0
3.5,3.0,3x,15,188748125.03080648,72080074.85796817,86763818.92381991,263397814.04441488,0.9578102328887814,115.34901712647059,0.04700752164737378,0.021626984126984126,0.0,0.3379776189215116,0.9692460317460317,1.0
3.5,3.0,3x,16,180993069.84118396,72149062.83150436,93930488.76894817,256633684.3131684,0.9332133975024306,59.42066395174175,0.04245777164717813,0.015674603174603174,0.0,0.31180674679688564,0.9628174603174603,1.0
3.5,3.0,3x,17,185274705.23521298,68520577.51474604,95771824.94251025,264718094.01902816,0.9626112509782843,28716.182310759723,0.04860980014792279,0.02625,0.0,0.3484455121076966,0.9315674603174603,0.9931150793650794
3.5,3.0,3x,18,191348237.90268585,69397500.45234853,88943275.33456555,264351593.76471278,0.9612785227807737,2524.6949099802105,0.043962121435901294,0.018174603174603173,0.0,0.31392606976775994,0.9660714285714286,0.9986904761904762
3.5,3.0,3x,19,191878906.41275242,66268440.016643375,88117216.28990732,263983803.17872524,0.9599411024680918,35739.03784647416,0.04738877713350478,0.025297619047619048,0.0,0.33800594057745154,0.9615079365079365,0.9937698412698412
3.5,3.0,3x,20,191249527.27205148,69354981.68771882,101274887.77358305,270912975.28004885,0.9851380919274504,18402.155286964477,0.05069125924516736,0.030912698412698413,0.0,0.3486424169235767,0.9345436507936508,0.9900396825396826
3.5,3.0,3x,21,188248349.00175595,75445503.17981565,89282386.41071051,266636485.6335559,0.9695872204856578,145.2019734756737,0.047660530326787645,0.02267857142857143,0.0,0.3324214063228359,0.9671626984126984,1.0
3.5,3.0,3x,22,191324867.6926322,73843619.92242913,93736363.25241129,267949331.06967288,0.9743612038897196,108.61233061845918,0.04608402274652041,0.019642857142857142,0.0,0.32367246836250646,0.9665277777777778,1.0
3.5,3.0,3x,23,183249881.60445657,71782869.73416696,90651022.39418438,260175435.78458577,0.9460924937621301,1082.2125091887294,0.04395230125015053,0.014523809523809524,0.0,0.31034500032563656,0.9595833333333333,1.0
3.5,3.0,3x,24,187253034.18198466,76036194.59053938,101337007.59912257,268123909.24072152,0.9749960336026238,138.46401712657783,0.04801941416401743,0.0251984126984127,0.0,0.3403189027911392,0.9501984126984127,1.0
3.5,3.0,3x,25,189979159.0377027,74820937.95412746,85626290.5425779,267380892.29807183,0.9722941538111703,77.12165601520591,0.045564073442470286,0.023055555555555555,0.0,0.3212928715663531,0.9750396825396825,1.0
3.5,3.0,3x,26,187295840.7560109,78260346.65621102,83113046.80537833,267570424.27744254,0.9729833610088819,198.4265171265536,0.04678192667255255,0.02226190476190476,0.0,0.3317597760678548,0.9795436507936508,1.0
3.5,3.0,3x,27,187190667.68920958,75770928.83276668,94459663.68358503,268811979.6864935,0.9774981079508855,8966.178779017753,0.046577638722094854,0.024761904761904763,0.0,0.32782808724640594,0.9578571428571429,0.9952182539682539
3.5,3.0,3x,28,185818432.25847346,69267896.97575098,91509661.42892894,259925383.43751907,0.9451832125000693,21364.523898070718,0.046326946668090424,0.021130952380952382,0.0,0.3381593967839424,0.9594642857142858,0.9945039682539683
3.5,3.0,3x,29,187711927.66483673,71141109.7292876,90726570.35604402,262704690.4715101,0.9552897835327641,62.49108061838316,0.04506549087685339,0.018313492063492063,0.0,0.3279337402993021,0.9601190476190476,1.0
3.5,3.0,3x,30,182954680.895118,71877700.52868456,89406024.77984154,257906369.99084795,0.9378413454212653,108.94564411061413,0.04483789016955448,0.016944444444444446,0.0,0.327653080329994,0.9658333333333333,1.0
3.5,3.0,3x,31,192608196.72073567,72107505.00528997,82026244.53874607,270069928.3383166,0.9820724666847878,19335.48373934128,0.04808085526418494,0.02507936507936508,0.0,0.3286531600261405,0.9673809523809523,0.9909126984126985
3.5,4.0,4x,0,191680771.92609766,65313480.98296967,114651683.27483349,263315188.5821453,0.9575097766623466,81.59141791996836,0.04380774884886328,0.019623015873015872,0.0,0.31463066326299494,0.9417460317460318,1.0
3.5,4.0,4x,1,186584255.8579516,74909919.52318166,113363236.80350891,268986661.77548206,0.9781333155472075,5838.476755218416,0.047609634650805435,0.02757936507936508,0.0,0.3360453369914104,0.9376984126984127,0.9909920634920635
3.5,4.0,4x,2,195884521.17613238,62768930.498999104,108128829.02899797,266009325.94714496,0.9673066398077999,1634.3040568059407,0.04596138133160665,0.020555555555555556,0.0,0.3246836707787852,0.9381944444444444,0.9990079365079365
3.5,4.0,4x,3,189465320.75157982,69858525.08775944,129258597.65450017,271422126.6423432,0.9869895514267026,111584.92651710921,0.04730549948305387,0.025932539682539682,0.0,0.3224785402498145,0.904702380952381,0.9831349206349206
3.5,4.0,4x,4,179118964.42348245,65157699.649776876,123838233.77308092,257736312.76592514,0.937222955512455,4413.425048881231,0.046519514587879764,0.019583333333333335,0.0,0.3387882433356985,0.9002579365079365,0.9935912698412699
3.5,4.0,4x,5,188759809.87685186,67547358.62223285,112354364.25485899,267960406.22362632,0.974401477176823,1396.4618544254834,0.049500487113639934,0.02623015873015873,0.0,0.3475005536714567,0.9213888888888889,1.0
3.5,4.0,4x,6,186099121.33047014,70375855.27630216,101665229.20957607,263949627.76133993,0.9598168282230543,85.86213220570238,0.045934619840511885,0.024047619047619047,0.0,0.3308307889811713,0.9484920634920635,1.0
3.5,4.0,4x,7,179195563.06732425,85130207.11366275,98628971.30368425,267266691.66567004,0.9718788787842547,87.55602109458616,0.04510700220328514,0.021825396825396824,0.0,0.31545575487746563,0.9692460317460317,1.0
3.5,4.0,4x,8,190698225.63382936,69987055.54427014,122040273.32640125,269623384.5146159,0.9804486709622396,2287.2473107765013,0.04613343110506235,0.02277777777777778,0.0,0.3208688852706083,0.9182738095238095,0.9971626984126984
3.5,4.0,4x,9,185446382.2238585,72894286.42519285,118244695.68896556,271491723.54828584,0.9872426310846758,31720.839513154442,0.04848269710167349,0.03007936507936508,0.0,0.33001924660121634,0.9105753968253968,0.9834920634920635
3.5,4.0,4x,10,176273015.03772855,83965931.16862719,108210614.73111811,265274940.55904266,0.9646361474874279,86.19177506283945,0.045291774530224684,0.022003968253968255,0.0,0.3199691856549403,0.9437698412698413,1.0
3.5,4.0,4x,11,191232094.07023415,66591281.507070534,110225638.85158113,262483854.85933405,0.9544867449430329,80.03600125331977,0.04275506955465147,0.014325396825396826,0.0,0.3053430681607833,0.9491865079365079,1.0
3.5,4.0,4x,12,190840141.0388865,66212268.63427264,105509722.80014741,260568718.69646102,0.9475226134416764,58.65264807867182,0.043315448791816195,0.01767857142857143,0.0,0.317174167673547,0.9603769841269841,1.0
3.5,4.0,4x,13,178897160.67422417,70805868.10281499,120857309.70317537,263421974.08142412,0.957898087568815,20043.510009175832,0.0468591804873765,0.020158730158730157,0.0,0.33302997621586705,0.9020833333333333,0.9861904761904762
3.5,4.0,4x,14,186779741.5974597,69820599.17586243,115228523.6921752,264084534.49709147,0.9603073981712417,110.64346157090705,0.04573213601073967,0.02388888888888889,0.0,0.32641877777783246,0.9334325396825397,1.0
3.5,4.0,4x,15,186496847.73118952,70624717.62799464,115151762.09323397,264713620.22648782,0.9625949826417739,150.5004258566738,0.048194767469213,0.024384920634920634,0.0,0.3465587888341751,0.9326984126984127,1.0
3.5,4.0,4x,16,178951946.13326424,70836604.92042871,124219350.90648216,258385598.75035688,0.9395839954558433,88.91336236447343,0.04336837906904497,0.01994047619047619,0.0,0.3167209804583672,0.9151190476190476,1.0
3.5,4.0,4x,17,180243151.26828492,65723975.433553256,124290720.6132511,266053696.57017633,0.967467987527914,41010.759354410504,0.05068132688062202,0.031051587301587302,0.0,0.35901748115994764,0.8737301587301587,0.9806746031746032
3.5,4.0,4x,18,189537722.53316003,68221742.83323158,117529180.29738669,265261748.21528187,0.9645881753282978,5319.617707613989,0.044422741220613716,0.0185515873015873,0.0,0.31577121937906655,0.9303571428571429,0.9938690476190476
3.5,4.0,4x,19,189671729.8108986,64944596.319328606,115315556.51047787,264647405.48998538,0.962354201781765,40841.39078298209,0.048168082072763505,0.02871031746031746,0.0,0.34180995334012393,0.9266071428571429,0.9927380952380952
3.5,4.0,4x,20,186788969.91997018,66813889.10803424,130839636.25622372,271393092.81654125,0.9868839738783318,28868.11612029779,0.05193418123455815,0.03688492063492063,0.0,0.35509486816303765,0.8791666666666667,0.9695039682539682
3.5,4.0,4x,21,184889087.88588372,73653788.6647282,118520991.49931075,267356472.60979733,0.9722053549447176,674.9795131582837,0.04907493321532598,0.023392857142857142,0.0,0.34226801267055795,0.9314880952380953,1.0
3.5,4.0,4x,22,188156949.02991447,71949421.24011652,124326571.17691241,268782302.2618716,0.9773901900431694,220.6120329997267,0.04745827732454806,0.02130952380952381,0.0,0.33115269813875137,0.9223412698412699,1.0
3.5,4.0,4x,23,180171681.40999168,70099879.37106426,119261461.3961477,261281620.79052722,0.9501149846928263,11146.902529025032,0.045335843011872566,0.01740079365079365,0.0,0.3174202912084229,0.9178968253968254,0.986984126984127
3.5,4.0,4x,24,182085030.87550995,72843030.5110363,133878047.53940234,268976585.8502303,0.9780966758190192,794.4844734755652,0.04972154773848195,0.02908730158730159,0.0,0.34957012499577644,0.8803769841269842,1.0
3.5,4.0,4x,25,187860506.65268776,73489915.7979833,113543134.27886797,268036551.66997796,0.9746783697090108,139.78207268218625,0.04653106287412024,0.024603174603174603,0.0,0.32681831783015824,0.9422817460317461,1.0
3.5,4.0,4x,26,185757882.2996334,77097040.72943696,110120265.46132004,267858009.9564892,0.9740291271145062,243.3101679202025,0.04719546470434089,0.023908730158730157,0.0,0.33353811399099625,0.9504166666666667,1.0
3.5,4.0,4x,27,184501239.4095881,74054986.16614255,124039874.37387134,269649901.8380848,0.9805450975930357,11002.252251239963,0.047859217177387586,0.02908730158730159,0.0,0.33409204864505654,0.9174603174603174,0.9916666666666667
3.5,4.0,4x,28,184016444.64358672,68010812.0219535,120683843.70222178,261252914.48324615,0.9500105981208951,26533.685227435784,0.046925563929972776,0.021527777777777778,0.0,0.34199357719738,0.9249206349206349,0.993531746031746
3.5,4.0,4x,29,184563284.56262654,69201082.5668088,120194479.7862638,264254320.02111557,0.9609248000767839,113.49165601528047,0.046792298150331126,0.02123015873015873,0.0,0.3379053853923613,0.9158730158730158,1.0
3.5,4.0,4x,30,180448800.47198632,70119877.9949649,118490944.1291113,259224797.36200362,0.9426356267709223,1605.3455250608315,0.045746643298858664,0.02005952380952381,0.0,0.3319442869865908,0.9203769841269841,0.998452380952381
3.5,4.0,4x,31,191313602.54946053,71319662.74014616,107409364.82132448,270502629.4576059,0.9836459253003851,25720.438699658695,0.048260580680464765,0.024563492063492065,0.0,0.3303566623321547,0.94125,0.9854960317460317
3.5,5.0,5x,0,187753522.99057287,63162298.03483511,141980183.81025612,264424126.13656044,0.9615422768602198,324.66901712667135,0.04516704016526635,0.02359126984126984,0.0,0.32146416631802954,0.8815674603174604,1.0
3.5,5.0,5x,1,183843891.13774988,73217021.09727,139358114.7397483,269780603.5677206,0.981020376609893,7889.254255218329,0.04845977801768732,0.030833333333333334,0.0,0.3407592010014401,0.8932738095238095,0.9853373015873016
3.5,5.0,5x,2,192564194.6935022,61266508.7522264,133070914.23796177,266831853.5711863,0.9702976493497684,8116.904612348276,0.046628379170792995,0.02216269841269841,0.0,0.32765556299473275,0.8968650793650793,0.9801388888888889
3.5,5.0,5x,3,183446439.1459842,66211034.812182866,158625038.1301697,272076184.05167955,0.9893679420061074,113156.18260837904,0.049247076970146214,0.03,0.0,0.33492847864101316,0.8284325396825397,0.979920634920635
3.5,5.0,5x,4,173167793.06795952,62022093.5111586,151723715.2402957,259911441.46501344,0.9451325144182308,10475.556457588493,0.04927877741462311,0.028630952380952382,0.0,0.3536280462176885,0.8323809523809523,0.9749603174603174
3.5,5.0,5x,5,183393114.57175726,64742588.63954985,137421786.46885297,268710872.96506023,0.9771304471456735,8800.234870288554,0.05169649859775094,0.03543650793650794,0.0,0.3603859053410321,0.8678968253968254,0.9770238095238095
3.5,5.0,5x,6,183469164.20535427,68813404.15494224,125195718.26480849,264999231.82295924,0.9636335702653064,116.41776712637635,0.04747480607195655,0.03125,0.0,0.3382711008524236,0.9133134920634921,1.0
3.5,5.0,5x,7,177642244.74657232,83914848.53473592,122723506.09074107,267804357.15629196,0.9738340260228798,164.12711236477023,0.045707123527574445,0.023253968253968253,0.0,0.31902197681066663,0.9363888888888889,1.0
3.5,5.0,5x,8,185422860.58128136,66951769.572113484,149488704.88204548,270453679.3247499,0.9834679248172723,8388.18655680544,0.04758227836133524,0.029305555555555557,0.0,0.32916893559568133,0.8490277777777778,0.9766269841269841
3.5,5.0,5x,9,180662037.87753302,70068786.61900952,143639931.84542558,271963052.71906227,0.9889565553420446,39041.064255210666,0.049555545619680466,0.03557539682539682,0.0,0.3354491595662364,0.8541666666666666,0.9650793650793651
3.5,5.0,5x,10,173187676.20889452,81533928.28245048,134476359.786538,266511131.26970607,0.9691313864352948,213.02114014258217,0.046660856251108766,0.025238095238095237,0.0,0.32782659251414603,0.8934920634920634,1.0
3.5,5.0,5x,11,187904400.2016776,64550025.67771282,136878060.1553085,263501452.40773657,0.9581870996644967,489.3504258566696,0.04388628856320466,0.016587301587301588,0.0,0.311092465209202,0.8962103174603174,0.999186507936508
3.5,5.0,5x,12,189036546.70771575,65138656.29247824,131122535.0040914,261784156.83503255,0.9519423884910274,112.21778696778267,0.044095129797428204,0.020456349206349207,0.0,0.32097527227451783,0.9164880952380953,1.0
3.5,5.0,5x,13,173729332.82864314,67801791.2965543,148065382.61689195,265391554.50366583,0.9650601981951485,23968.257866318698,0.04937642462085666,0.02615079365079365,0.0,0.34767487911981065,0.8403769841269841,0.975734126984127
3.5,5.0,5x,14,182944367.05375186,67510034.95191143,142400202.38802472,265665093.6495752,0.9660548859984552,506.3775687139574,0.047411190095519036,0.030496031746031747,0.0,0.3347726435580902,0.8728571428571429,0.9994246031746031
3.5,5.0,5x,15,181784609.80760437,67892718.59157471,142520323.69400644,266188065.48244533,0.9679566017543466,1216.9468345856258,0.050536266757897894,0.03240079365079365,0.0,0.3593912818680125,0.8720436507936508,0.9986309523809523
3.5,5.0,5x,16,174694326.20035458,68191567.604041,153659171.08096206,260970900.93718633,0.9489850943170413,717.5980449027669,0.0450774920494751,0.02591269841269841,0.0,0.32541157433075574,0.8404761904761905,0.9985912698412699
3.5,5.0,5x,17,174040913.85548982,62188154.67483098,150452986.47884437,267829616.5421812,0.9739258783352044,47992.82927504542,0.052880155306884696,0.036865079365079365,0.0,0.372202607771989,0.8055357142857142,0.958452380952381
3.5,5.0,5x,18,185186122.56364352,65567151.909391955,145603814.90320966,266470221.80877516,0.9689826247591824,5960.7392948862025,0.04599500285070918,0.01996031746031746,0.0,0.3257094001847411,0.8682142857142857,0.9919642857142857
3.5,5.0,5x,19,185609504.7504857,62634670.857766986,141650319.46018946,265715403.0832928,0.966237829393792,43332.0018345694,0.049543167985571214,0.03359126984126984,0.0,0.3492347126449041,0.8687896825396826,0.9920634920634921
3.5,5.0,5x,20,179800705.7866682,63033608.40434547,157679374.48717296,272044381.2088606,0.9892522953049475,42764.20441394724,0.05333278221568415,0.0428968253968254,0.0,0.3639428788854318,0.8047222222222222,0.9439285714285715
3.5,5.0,5x,21,179732563.45040724,71064214.89258252,146473660.1759863,268097227.73177695,0.9748990099337344,4663.4486401526565,0.05138971012331344,0.028392857142857143,0.0,0.3549053614621655,0.8760515873015873,0.9878373015873015
3.5,5.0,5x,22,182790815.07430536,68900433.18616773,153618805.3951822,269885957.88346374,0.9814034832125954,3125.7764377713174,0.04946961842632575,0.029623015873015874,0.0,0.34224733209501984,0.8503373015873016,0.9925198412698413
3.5,5.0,5x,23,176147467.02905574,67848565.75792958,146151212.6052201,262800257.2565042,0.9556372991145607,15651.7568147381,0.04678721331217501,0.0225,0.0,0.32551840865119624,0.8606547619047619,0.9714285714285714
3.5,5.0,5x,24,172943282.93425685,67605351.3172919,163104312.03030547,270114511.9593992,0.9822345889432699,14796.935723465203,0.0517859990642443,0.03819444444444445,0.0,0.3604990126019439,0.7850992063492064,0.9620436507936508
3.5,5.0,5x,25,184016816.69821483,71225311.67292176,140520126.6095268,268912191.8125584,0.9778625156820306,2155.4339179174963,0.04811994128306502,0.028888888888888888,0.0,0.33524011170372586,0.892420634920635,0.9947222222222222
3.5,5.0,5x,26,182732169.75139064,74926670.59314893,136624262.70118144,268348707.69767737,0.9758134825370086,791.8719337924642,0.04797081113895114,0.027162698412698413,0.0,0.3377309428570805,0.9010714285714285,0.9996428571428572
3.5,5.0,5x,27,180120993.87346718,71345285.73618245,152326959.22113878,270637936.8829474,0.9841379523016268,12598.806596478118,0.04945359414005472,0.03698412698412699,0.0,0.3423731264818395,0.8561111111111112,0.9896626984126984
3.5,5.0,5x,28,180194885.29276246,65577471.26441603,149271579.92064655,262886796.8615897,0.9559519885875989,28278.8103464834,0.04871512929820295,0.02507936507936508,0.0,0.35216954500868675,0.86625,0.9929166666666667
3.5,5.0,5x,29,178002688.92760187,65614271.7915502,148323949.76890355,265751354.48902377,0.9663685617782682,2904.1564972853407,0.04963496046481539,0.031924603174603175,0.0,0.352908670903366,0.8474007936507937,0.9949206349206349
3.5,5.0,5x,30,176198091.90725976,67375614.94586463,146426399.1739701,261173134.35786703,0.9497204885740619,3191.550783006459,0.04763280059131192,0.024067460317460317,0.0,0.34348137969919634,0.8583333333333333,0.9931944444444445
3.5,5.0,5x,31,188688675.38086444,69667982.35352218,132423594.10682555,271017153.54852235,0.9855169219946267,27052.630227436457,0.04889907130136133,0.025753968253968255,0.0,0.33413735388453353,0.8970039682539682,0.9841071428571428
3.5,inf,unrestricted,0,95759086.70983635,18132470.40540889,277870584.71301746,278820225.8570023,1.0138917303890993,28517.639650270463,0.059076358389097236,0.07626984126984127,0.0,0.38194919102348474,0.02378968253968254,0.0
3.5,inf,unrestricted,1,97154216.70433047,22968828.11098844,277375253.38156635,279021492.3886548,1.0146236086860176,30320.90740820692,0.060308758341663965,0.07912698412698413,0.0,0.39148226468033065,0.03857142857142857,0.0
3.5,inf,unrestricted,2,102702067.78808859,19153075.71478722,277411291.0324412,278860554.78768414,1.0140383810461242,28847.384650270513,0.05972364161959939,0.07579365079365079,0.0,0.3890045185203297,0.03361111111111111,0.0
3.5,inf,unrestricted,3,98813477.83520845,21311050.02085199,277513569.1948569,278957193.46196896,1.0143897944071598,154410.9232214763,0.060921749285916836,0.08021825396825397,0.0,0.3973254139936546,0.03450396825396825,0.0
3.5,inf,unrestricted,4,86748832.82642883,17066002.88581767,278300810.04223436,279467393.4495798,1.016245067089381,39365.36621773056,0.06376213275960127,0.09115079365079365,0.0,0.42180494163280696,0.027162698412698413,0.0
3.5,inf,unrestricted,5,102944722.47760327,22329230.441715777,276672789.7739918,279244610.8703685,1.0154349486195218,32485.17078122281,0.062464599080603866,0.08587301587301588,0.0,0.410603910294042,0.05067460317460318,0.0
3.5,inf,unrestricted,6,98370801.16783172,21985325.373635244,277844239.0886702,279264715.83090764,1.0155080575669369,18006.37534471329,0.06161193086426354,0.09428571428571429,0.0,0.4017839835392093,0.03482142857142857,0.0
3.5,inf,unrestricted,7,96318349.24989627,27517464.2324968,276654517.85182214,278720520.4891935,1.0135291654152492,17848.10949153937,0.058944862537393866,0.07539682539682539,0.0,0.38255802230413316,0.03976190476190476,0.0
3.5,inf,unrestricted,8,100752771.34883289,22204798.081294846,277375630.3215092,278966612.7494364,1.0144240463615868,38162.68980899996,0.06032826897791487,0.0831547619047619,0.0,0.3937557367457356,0.036825396825396824,0.0
3.5,inf,unrestricted,9,104095803.30939797,25891774.127759513,276312167.4703295,278961298.79089916,1.014404722875997,64322.38443199152,0.05968150053313196,0.08277777777777778,0.0,0.3859570986035799,0.05496031746031746,0.0
3.5,inf,unrestricted,10,91200915.10350479,25721498.050548557,277251202.93826956,278976185.3520461,1.014458855825622,23002.816674079644,0.06046826586258334,0.08253968253968254,0.0,0.39170872659241734,0.035416666666666666,0.0
3.5,inf,unrestricted,11,96019165.85379927,18596369.429555614,278136044.1551738,279019350.3634114,1.0146158195033144,25160.62520582322,0.05967328623279516,0.07539682539682539,0.0,0.38649434391460774,0.02498015873015873,0.0
3.5,inf,unrestricted,12,95161873.08625287,18315864.29744383,277805435.64660734,278963701.17380136,1.0144134588138232,20296.239908206913,0.06027781528265686,0.07595238095238095,0.0,0.39126001947886185,0.029365079365079365,0.0
3.5,inf,unrestricted,13,90682444.84860076,21165844.289422058,277747198.26813835,279324251.16867876,1.0157245497042864,54379.94072155912,0.0632909427348011,0.08351190476190476,0.0,0.4170950078518807,0.03623015873015873,0.0
3.5,inf,unrestricted,14,94806950.95981924,20410248.493568745,277699195.96798617,279081429.9769805,1.0148415635526564,29152.981971699417,0.06119360496129608,0.0852579365079365,0.0,0.401065996171455,0.03240079365079365,0.0
3.5,inf,unrestricted,15,97109963.49673507,21333785.45192407,277505091.3364155,279381908.24062735,1.0159342117840995,27554.30705106402,0.06343123942215487,0.09428571428571429,0.0,0.4168813999825293,0.041944444444444444,0.0
3.5,inf,unrestricted,16,84909431.28928584,18050906.297373448,278463350.18199277,279216229.8553368,1.0153317449284973,36421.10705106387,0.06148125263935493,0.0865079365079365,0.0,0.4018681747047198,0.01861111111111111,0.0
3.5,inf,unrestricted,17,93601167.40152527,19664751.56061571,277265289.56033546,279582723.6256194,1.0166644495477068,87334.97004690689,0.06437660684181364,0.08914682539682539,0.0,0.4259299255372486,0.04839285714285714,0.0
3.5,inf,unrestricted,18,95354538.6358022,19256828.650202923,277566075.8937958,279218169.0896806,1.0153387966897476,39813.854769318976,0.06109228771638832,0.07601190476190477,0.0,0.4005589439886874,0.033928571428571426,0.0
3.5,inf,unrestricted,19,97182404.36867094,18964096.77806877,276818100.6243947,279122763.23847115,1.0149918663217132,80465.67115798194,0.06087909437990606,0.08186507936507936,0.0,0.3972451080314536,0.04126984126984127,0.0
3.5,inf,unrestricted,20,101164979.09241918,21513148.97523708,276956346.31880176,279218015.0797611,1.0153382366536767,77022.56992800196,0.06205594045688093,0.0856547619047619,0.0,0.40385120041200373,0.04829365079365079,0.0
3.5,inf,unrestricted,21,97849259.14134976,23747654.14881117,277219849.3216913,279086981.3217177,1.0148617502607915,32723.196178048773,0.061019041953281256,0.08045634920634921,0.0,0.39446348960851785,0.04242063492063492,0.0
3.5,inf,unrestricted,22,95919648.36516646,21335739.3968591,277889187.5520676,279283819.4074087,1.0155775251178498,35037.317070905396,0.06251991185666367,0.08492063492063492,0.0,0.4127523800804255,0.033273809523809525,0.0
3.5,inf,unrestricted,23,93234281.57380214,21159074.33816899,277489466.5840984,279111986.813962,1.0149526793234982,41584.60552328635,0.060959857850907004,0.07984126984126984,0.0,0.39806171657982686,0.033452380952380956,0.0
3.5,inf,unrestricted,24,92393035.15472889,21412156.20327086,277207456.8283896,279143999.5095218,1.0150690891255338,52351.11421371885,0.06134671187166175,0.08351190476190476,0.0,0.3980658318482797,0.04033730158730159,0.0
3.5,inf,unrestricted,25,96239618.9572848,21749801.832180005,277402378.2709473,279076514.0090536,1.0148236873056493,28457.655166143315,0.06082607871724223,0.0852579365079365,0.0,0.39486974617563525,0.03847222222222222,0.0
3.5,inf,unrestricted,26,98599586.09027706,25161240.07691396,276989637.4088702,278939954.5975463,1.014327107627441,28051.6535788413,0.059313769801784225,0.07192460317460317,0.0,0.38445907437674476,0.04089285714285714,0.0
3.5,inf,unrestricted,27,93928952.37103966,21508400.464531593,277442127.51305634,279050468.9191001,1.0147289778876367,59733.361118389046,0.06093675466312985,0.08369047619047619,0.0,0.3974579992084208,0.032162698412698414,0.0
3.5,inf,unrestricted,28,89290084.80080615,18028460.769149583,277672358.22379124,279467389.8599988,1.0162450540363595,65779.17641603856,0.06338270975166903,0.08803571428571429,0.0,0.4190190968609933,0.03450396825396825,0.0
3.5,inf,unrestricted,29,91132274.85893373,18944746.68759659,278088360.38645315,279479045.25836444,1.0162874373031434,33114.33068201541,0.06328648421740596,0.0898015873015873,0.0,0.41720163344000893,0.030535714285714284,0.0
3.5,inf,unrestricted,30,88417248.20244421,19157915.541442018,278158290.8831744,279355515.8188333,1.015838239341212,32687.767011381635,0.06324537662138649,0.08575396825396825,0.0,0.41705961939191466,0.03142857142857143,0.0
3.5,inf,unrestricted,31,108813830.60817082,25727137.50339376,275710204.68438524,278999062.6686892,1.0145420460679606,49972.42588033248,0.060181656331354395,0.07674603174603174,0.0,0.3934815956176805,0.06073412698412698,0.0
4.0,2.0,2x,0,190719492.72183368,49092787.207766116,58292249.77532497,241078733.7119866,0.9643149348479464,78.81771423248799,0.04317695930608848,0.015753968253968253,0.0,0.3074086020255043,0.9899603174603174,1.0
4.0,2.0,2x,1,187256463.0512766,56912380.45850577,57808824.35556317,245260797.64373294,0.9810431905749317,114.5830713752562,0.04662726365640261,0.02119047619047619,0.0,0.3270980910141286,0.9897817460317461,1.0
4.0,2.0,2x,2,195272297.1905545,47165662.37106392,54726899.29995698,243473055.4593386,0.9738922218373545,95.31860708954814,0.045531825965522396,0.01597222222222222,0.0,0.318687585434416,0.9889682539682539,1.0
4.0,2.0,2x,3,189352216.87986335,53090259.280955404,67516533.33556579,247315281.3174127,0.9892611252696508,127308.04890504378,0.04635197808651055,0.022023809523809525,0.0,0.3138439450459714,0.9722420634920635,0.9881349206349206
4.0,2.0,2x,4,182493732.8319382,50859638.33347806,62645559.95295605,234599539.2200688,0.9383981568802753,64.16382534360068,0.04398825526202844,0.013571428571428571,0.0,0.3200521528457979,0.9795039682539682,1.0
4.0,2.0,2x,5,191008136.56919783,52313521.47761878,56727590.76189176,244325796.90040252,0.9773031876016101,137.2265634385673,0.04723140794241769,0.022103174603174604,0.0,0.32855122439987894,0.9844642857142857,1.0
4.0,2.0,2x,6,185594954.31296685,53100649.43302443,51822377.11382641,239970008.10758227,0.959880032430329,88.63709915310272,0.044409800060832366,0.015555555555555555,0.0,0.31793360374405094,0.9865674603174603,1.0
4.0,2.0,2x,7,178779649.70863095,64567525.23190131,49638240.46879584,243732745.95008412,0.9749309838003365,81.68110708962199,0.044489742933669446,0.01851190476190476,0.0,0.30921730715196427,0.9956150793650793,1.0
4.0,2.0,2x,8,191493116.0498206,53460478.610878974,61705634.56479776,245798627.38112688,0.9831945095245075,147.4809086767949,0.04479006510423053,0.01626984126984127,0.0,0.30872888560990785,0.9887103174603175,1.0
4.0,2.0,2x,9,187236385.7394678,56018465.66728001,61917605.4293719,247069884.52326113,0.9882795380930445,721.4157499462536,0.046809776217626435,0.02132936507936508,0.0,0.31683351396913484,0.9728373015873016,1.0
4.0,2.0,2x,10,176691261.24223214,64317348.811565526,54306857.99724551,241373394.0594872,0.9654935762379487,75.50902375629586,0.04445542258439115,0.019920634920634922,0.0,0.31296041520386375,0.9926587301587302,1.0
4.0,2.0,2x,11,189928000.71301308,50009647.38389435,55580943.53738468,240492391.29820943,0.9619695651928377,74.01618645469644,0.04237305304613805,0.012142857142857143,0.0,0.30013213774011943,0.9925198412698413,1.0
4.0,2.0,2x,12,189063543.6904752,49495406.554423206,53030028.40940924,238918207.03287166,0.9556728281314867,56.933666613428464,0.042952930382978476,0.014821428571428572,0.0,0.3110974868029312,0.9944246031746031,1.0
4.0,2.0,2x,13,181582033.50699836,54988914.22860917,62102768.37554509,239164780.60185224,0.9566591224074089,181.9006904227031,0.04434275974972008,0.014444444444444444,0.0,0.317651189474903,0.9759722222222222,1.0
4.0,2.0,2x,14,186509202.63460264,52896216.25301544,58517145.20978525,240559678.3478786,0.9622387133915145,87.79563089911171,0.04453151557046107,0.01734126984126984,0.0,0.31500900602822507,0.9884126984126984,1.0
4.0,2.0,2x,15,186268047.705709,53554380.04059905,57945959.97179091,240439335.96152014,0.9617573438460806,129.7946785180436,0.04692835639268932,0.020615079365079364,0.0,0.33256807873442634,0.9898412698412699,1.0
4.0,2.0,2x,16,179624781.91945723,54092738.84403998,62945540.935512155,234921016.839066,0.939684067356264,59.1972578832596,0.04191971261827162,0.013432539682539683,0.0,0.30547260808632026,0.9866666666666667,1.0
4.0,2.0,2x,17,184929263.69585523,51759258.142945714,65195159.893718444,241961491.21394083,0.9678459648557634,13480.867813441077,0.048009057216026295,0.024384920634920634,0.0,0.34142001711491926,0.9610912698412698,0.9980555555555556
4.0,2.0,2x,18,189292156.19260013,51730222.630783014,59556145.991735,242204448.90311489,0.9688177956124595,110.47652375616003,0.04397760820245983,0.017162698412698414,0.0,0.3112648614372048,0.9860119047619048,1.0
4.0,2.0,2x,19,189289119.91564348,49381756.28691165,59700590.861327216,241874803.80737022,0.9674992152294809,28084.480591106225,0.047188931390155446,0.022956349206349206,0.0,0.3328823941550424,0.9779563492063492,0.9955952380952381
4.0,2.0,2x,20,191090457.25913388,52221653.957467526,68589628.99875465,247182588.03445342,0.9887303521378137,639.9913055019124,0.04940341372303889,0.025515873015873016,0.0,0.33710308904296626,0.9685515873015873,1.0
4.0,2.0,2x,21,186382137.40840864,56588029.4350937,59649851.55854322,243678953.75128797,0.9747158150051519,149.93124597836172,0.04741458137553172,0.021388888888888888,0.0,0.32753091718414773,0.9881547619047619,1.0
4.0,2.0,2x,22,189137082.6075778,55147220.08393422,62667767.42826752,244976342.3116624,0.9799053692466496,115.05539280382457,0.045947338784437255,0.018452380952380953,0.0,0.3185286281824474,0.9893650793650793,1.0
4.0,2.0,2x,23,182392094.00486845,54074047.6470846,60598687.56227816,238029943.26371256,0.9521197730548502,142.53170232756204,0.04332762919242725,0.013968253968253968,0.0,0.30230040630929744,0.9824404761904761,1.0
4.0,2.0,2x,24,186031672.733331,57375894.78965256,67934458.17811516,244892996.906383,0.979571987625532,136.219182486228,0.04777161304128322,0.02359126984126984,0.0,0.33445653687886606,0.9806349206349206,1.0
4.0,2.0,2x,25,187819167.1509532,55776586.7825525,57287616.98482759,244400262.4129772,0.9776010496519087,83.69154359756283,0.045491989715027,0.02140873015873016,0.0,0.3171474947785621,0.9899801587301588,1.0
4.0,2.0,2x,26,185295836.9252608,58747815.6433212,55634948.99503713,244740952.95545995,0.9789638118218398,186.37336899430667,0.04659925258631253,0.020317460317460317,0.0,0.3266276915065359,0.9926388888888888,1.0
4.0,2.0,2x,27,185758124.35168996,56838692.9565305,63696671.31050137,245234412.84943405,0.9809376513977361,945.109142805626,0.046060101953281175,0.022341269841269842,0.0,0.3197951544695069,0.9787896825396826,1.0
4.0,2.0,2x,28,183788829.28449792,51717660.03847969,61795225.305049315,238161814.72788927,0.9526472589115571,13029.286722170014,0.046553107324368494,0.0210515873015873,0.0,0.3365248256704744,0.9791269841269842,0.996547619047619
4.0,2.0,2x,29,185915876.6400803,53173974.92905006,60690825.07554516,240180143.21151826,0.960720572846073,65.38148407375643,0.04502040262760785,0.018373015873015874,0.0,0.322968854010883,0.9840476190476191,1.0
4.0,2.0,2x,30,181409776.96245643,53993207.664099716,59726634.04765987,236234671.73013264,0.9449386869205305,69.15739677216303,0.044591620876760045,0.016051587301587303,0.0,0.3227135963509936,0.9870039682539683,1.0
4.0,2.0,2x,31,190336908.9165528,53570014.446078815,55590818.6811795,246621125.7287233,0.9864845029148932,299.53233724867886,0.04791400559789254,0.02398809523809524,0.0,0.3240105440035344,0.9820634920634921,1.0
4.0,3.0,3x,0,189518522.81189585,48617028.24381803,86560235.169621,241418732.41807413,0.9656749296722965,85.42951978803394,0.04369449338666667,0.018174603174603173,0.0,0.3094168124137985,0.9686309523809524,1.0
4.0,3.0,3x,1,185534653.96904185,56243160.613233484,85970278.24775939,245592640.66711843,0.9823705626684737,833.5339840741766,0.047200793596537664,0.024424603174603175,0.0,0.3301583507097455,0.9642460317460317,1.0
4.0,3.0,3x,2,193411179.62278393,46507750.01941988,81731861.09173691,243811114.23251182,0.9752444569300472,436.6199959772905,0.04622290476166909,0.018154761904761906,0.0,0.3217755758284239,0.9648412698412698,1.0
4.0,3.0,3x,3,187740103.6490835,52263506.66402325,98335603.87314852,247561242.87021253,0.9902449714808501,146155.1957304408,0.04689791383899959,0.024246031746031745,0.0,0.31616147282424106,0.9420039682539683,0.9842460317460318
4.0,3.0,3x,4,179703229.76313892,49547683.98452711,93618284.58433379,235645690.86273777,0.942582763450951,193.44719835968135,0.045059286627320554,0.014246031746031746,0.0,0.3267212439615833,0.9422222222222222,1.0
4.0,3.0,3x,5,188475652.50190732,51071195.06668153,84770950.19406061,244721848.52465743,0.9788873940986297,249.7842420105703,0.04805446359991101,0.02214285714285714,0.0,0.334589295444328,0.9526984126984127,1.0
4.0,3.0,3x,6,184435291.79547223,52590166.87942628,76960242.99126588,241142455.75017005,0.9645698230006802,94.05912296262277,0.045353517946124515,0.02009920634920635,0.0,0.32394034158302404,0.9661706349206349,1.0
4.0,3.0,3x,7,178248793.0113026,64263054.67979232,74225570.74700303,243878343.6420717,0.9755133745682868,85.65073010548674,0.04469467495474739,0.019662698412698413,0.0,0.31014301369202013,0.9836309523809523,1.0
4.0,3.0,3x,8,189872927.52677938,52669727.67016014,92123156.45937686,246183856.33321187,0.9847354253328475,208.84186105789746,0.04545752671323665,0.01839285714285714,0.0,0.3130441306161695,0.9589484126984127,1.0
4.0,3.0,3x,9,184382669.86442876,54839214.33138589,90335484.34268557,247538867.88681832,0.9901554715472732,36503.30703961867,0.047822456693049,0.025416666666666667,0.0,0.3227913276454441,0.9421031746031746,0.9884920634920635
4.0,3.0,3x,10,175886351.88195392,63744666.11825854,81406501.56168556,241731807.23669058,0.9669272289467623,81.00440074042724,0.044688683791362406,0.019801587301587303,0.0,0.3139160319184574,0.9703571428571428,1.0
4.0,3.0,3x,11,188991097.69452226,49582181.63809188,83015028.06275219,240743212.5440041,0.9629728501760164,81.39571026422075,0.04270194018842276,0.013511904761904761,0.0,0.30102043886757884,0.9734920634920635,1.0
4.0,3.0,3x,12,188445954.84653276,49193628.580279104,79400191.46068108,239242220.15386805,0.9569688806154723,60.17995629600028,0.04333540140103254,0.01613095238095238,0.0,0.313199749545123,0.9811309523809524,1.0
4.0,3.0,3x,13,178819831.24100426,53799428.4013638,91819883.29797727,240368054.070041,0.961472216280164,20674.93961899619,0.04566476445694173,0.016646825396825396,0.0,0.32235919451090445,0.9350396825396825,0.9908730158730159
4.0,3.0,3x,14,185333198.6351352,52351203.34790941,87039210.13910356,241335613.91798905,0.9653424556719562,98.0814642324044,0.045137263501579095,0.020535714285714286,0.0,0.31885155665854786,0.9628968253968254,1.0
4.0,3.0,3x,15,185210434.113368,52995995.17018261,86741524.5240668,241472846.25512278,0.9658913850204911,143.3586269307129,0.04735325699062508,0.0210515873015873,0.0,0.33672931441593595,0.9602380952380952,1.0
4.0,3.0,3x,16,178321549.61442813,53444718.38843998,93767348.71068074,235882971.36991537,0.9435318854796615,72.67527375627667,0.042589112009949796,0.01609126984126984,0.0,0.3083401425062067,0.9532142857142857,1.0
4.0,3.0,3x,17,180720549.05068627,49966242.44005121,95155239.61483915,242882561.481342,0.971530245925368,41391.87380539078,0.04958321496874011,0.02666666666666667,0.0,0.3487815837611407,0.9173611111111111,0.9925793650793651
4.0,3.0,3x,18,187599596.41289678,50985863.16927184,88726484.62911505,242626804.1449456,0.9705072165797823,5512.672813441163,0.04424011147964145,0.018015873015873016,0.0,0.31103625280609937,0.9584722222222222,0.9967460317460317
4.0,3.0,3x,19,187629048.8306298,48536874.6932742,87638284.39304978,242360016.35636336,0.9694400654254535,49868.70162285197,0.047990507788018576,0.026507936507936508,0.0,0.3367337286552548,0.9542460317460317,0.9934325396825396
4.0,3.0,3x,20,186205292.0225322,50359671.50812678,100366604.44745873,247605667.44441593,0.9904226697776637,32191.3023372281,0.05119509464918338,0.03166666666666667,0.0,0.3474137874579912,0.9209325396825396,0.9817063492063492
4.0,3.0,3x,21,184511360.40427932,55759386.90065637,89234998.3586077,244134548.23753887,0.9765381929501555,175.99957931170835,0.0479117491968995,0.02134920634920635,0.0,0.3305069411995649,0.959484126984127,1.0
4.0,3.0,3x,22,187387581.4411638,54306764.18465103,93660526.9742433,245361563.36933357,0.9814462534773343,134.03624597838103,0.04650634894763904,0.019126984126984128,0.0,0.32168733989445564,0.9567261904761905,1.0
4.0,3.0,3x,23,179549073.85056752,52881979.059250355,90425620.33745351,238631752.20843467,0.9545270088337386,7240.077218201516,0.04431860658997689,0.014523809523809524,0.0,0.30843116927142883,0.9500793650793651,0.9956746031746032
4.0,3.0,3x,24,183370857.42217892,56052981.7015145,101148726.29506586,245481349.57129085,0.9819253982851635,182.56896423229003,0.048491336313441546,0.02507936507936508,0.0,0.33880680907674204,0.9360515873015873,1.0
4.0,3.0,3x,25,186513408.04350287,55135963.03853477,85554999.93163064,244800513.60446298,0.9792020544178519,94.4823769308617,0.046006064564324704,0.021904761904761906,0.0,0.31987024616532694,0.9681349206349207,1.0
4.0,3.0,3x,26,184347830.30741563,58200932.10871575,83007097.26768966,244920606.95369408,0.9796824278147763,204.74813089909634,0.04692090147584686,0.022202380952380953,0.0,0.3280654976942897,0.9730357142857143,1.0
4.0,3.0,3x,27,183616738.86591506,55871866.346734785,94118046.58352835,245881983.80029395,0.9835279352011758,12812.157337250088,0.04696406102807611,0.02396825396825397,0.0,0.32553058622689274,0.9481746031746032,0.9940674603174603
4.0,3.0,3x,28,182538823.10122982,51054670.06995589,91226612.22318323,238882451.5240827,0.9555298060963308,30675.94573005423,0.04667429746670357,0.020892857142857144,0.0,0.33539779579213835,0.9509325396825397,0.9942460317460318
4.0,3.0,3x,29,184065661.0080364,52280118.52105632,90608302.68949428,241146220.29846084,0.9645848811938433,78.25158328010703,0.045709348045517316,0.01880952380952381,0.0,0.32724736114322267,0.9503571428571429,1.0
4.0,3.0,3x,30,179964727.98181725,53135439.58195479,89323549.22805397,237000390.3284601,0.9480015613138404,223.30598804228958,0.045101755982213956,0.017242063492063493,0.0,0.3241861851958854,0.955595238095238,1.0
4.0,3.0,3x,31,188559986.01133937,52947555.15318614,81541728.65518199,246863027.47636974,0.9874521099054789,30375.56384513727,0.04824712933283265,0.024107142857142858,0.0,0.3258941688024191,0.9611706349206349,0.9883928571428572
4.0,4.0,4x,0,186961339.52725112,47541938.78086002,114270885.40948473,242109606.5273995,0.9684384261095981,118.02567058158137,0.044624976910603416,0.020833333333333332,0.0,0.3142830207152771,0.9233134920634921,1.0
4.0,4.0,4x,1,182790512.22539866,55119269.7118818,112674063.96794544,246193746.5303879,0.9847749861215517,9137.009956296426,0.047911844674431124,0.027321428571428573,0.0,0.33388812527766903,0.9238492063492063,0.9886507936507937
4.0,4.0,4x,2,190208059.69550794,45457029.406661466,107566446.25103135,244347520.97178003,0.9773900838871201,6258.5689047108,0.04661573170018188,0.020734126984126983,0.0,0.32382677001743376,0.923968253968254,0.993531746031746
4.0,4.0,4x,3,183831717.5801374,50393430.85294533,128370706.9364829,248076119.9882245,0.992304479952898,148863.9602344091,0.04809146507011234,0.02751984126984127,0.0,0.323876647502944,0.878968253968254,0.9827579365079365
4.0,4.0,4x,4,174421232.77414382,47421621.6780381,122961794.8172035,237493507.53675222,0.9499740301470089,8809.700888837471,0.04764690475916598,0.021904761904761906,0.0,0.34176545238228323,0.8794642857142857,0.9870238095238095
4.0,4.0,4x,5,182647821.27292538,48701596.09136918,111656384.28659017,245413046.18075347,0.9816521847230139,6768.007059472627,0.050832537494294776,0.030337301587301586,0.0,0.35100339899647554,0.9010119047619047,0.9940873015873016
4.0,4.0,4x,6,182202302.5899263,51575483.261315964,101126143.42455113,242134959.2778772,0.9685398371115088,109.09959915309298,0.04689234277592972,0.02613095238095238,0.0,0.3313797076474893,0.937202380952381,1.0
4.0,4.0,4x,7,177041897.94811594,63546607.69423839,98518909.4206865,244179972.7050165,0.9767198908200659,108.53426185143269,0.0451378549807902,0.020793650793650795,0.0,0.31245521405939597,0.9592261904761905,1.0
4.0,4.0,4x,8,184973606.39767528,50528594.33045212,121285002.08556993,246738564.23030436,0.9869542569212174,6132.826702328051,0.04686207556905944,0.024781746031746033,0.0,0.3211860673221428,0.893154761904762,0.9919642857142857
4.0,4.0,4x,9,180358084.97177565,52998883.2888025,117113138.16309525,247938555.83103856,0.9917542233241543,44080.96412295182,0.04899995197735486,0.03226190476190476,0.0,0.3293248257649765,0.8899404761904762,0.9814484126984127
4.0,4.0,4x,10,173710977.6814126,62379595.76958473,108043486.24867688,242562574.19454253,0.9702502967781701,117.66894439102029,0.04555192849238046,0.021865079365079365,0.0,0.3183507111412661,0.9269642857142857,1.0
4.0,4.0,4x,11,186836284.68159276,48565781.240782686,109983528.63311611,241372947.66429237,0.9654917906571695,110.79946026418762,0.04337427784430271,0.014821428571428572,0.0,0.30371616744035806,0.9315476190476191,1.0
4.0,4.0,4x,12,187040774.1384396,48565900.82816723,105307485.48027754,239856252.3940981,0.9594250095763924,81.70074994679392,0.04394094365549323,0.01863095238095238,0.0,0.3159130010381341,0.948015873015873,1.0
4.0,4.0,4x,13,174588325.86878645,51912296.062870234,119942569.7162888,241999430.08221057,0.9679977203288422,29209.002773666984,0.047685726851893304,0.021924603174603173,0.0,0.33375111156956777,0.8827777777777778,0.9822420634920634
4.0,4.0,4x,14,182498864.48499307,51010644.40324732,114781698.98070994,242409167.01756248,0.96963666807025,197.22604756586273,0.046563698991216755,0.02591269841269841,0.0,0.32653004985318934,0.915,1.0
4.0,4.0,4x,15,181848626.6719773,51442183.816464245,114829542.893699,242719437.52587765,0.9708777501035106,280.9730316928584,0.04913765053470479,0.025793650793650792,0.0,0.34856906283634276,0.9151587301587302,1.0
4.0,4.0,4x,16,175417292.67793396,52046699.5654404,123790665.95219971,237779142.38483083,0.9511165695393233,173.28122613713285,0.04388476571643209,0.020873015873015873,0.0,0.31532512374362565,0.8916865079365079,1.0
4.0,4.0,4x,17,174871193.64397514,47489742.04609251,122773177.62654184,244232693.88791624,0.976930775551665,58658.384341105004,0.051743349604659254,0.03232142857142857,0.0,0.36130326071915086,0.8504365079365079,0.9738492063492064
4.0,4.0,4x,18,184869419.9020097,49653810.29772355,117152229.47238706,243466770.71238554,0.9738670828495422,7342.94713883799,0.045036386679665516,0.01867063492063492,0.0,0.31621789345012846,0.9108333333333334,0.9928769841269841
4.0,4.0,4x,19,184563731.37692124,47175366.70238207,114556638.62756142,243059142.37606376,0.9722365695042551,55099.2630911059,0.049032399464844195,0.030416666666666668,0.0,0.3422549880790533,0.9082539682539682,0.9925198412698413
4.0,4.0,4x,20,180057466.726268,47794221.48993008,129044789.8611462,248021813.88671654,0.9920872555468662,48642.652158655925,0.052625115494240336,0.038214285714285715,0.0,0.3556350517630072,0.8530555555555556,0.9602579365079366
4.0,4.0,4x,21,179867473.61107975,53985080.25570601,118139298.08404417,244701035.12119696,0.9788041404847878,3547.637099155245,0.04991754272369325,0.023095238095238096,0.0,0.3434757963612018,0.9143849206349206,0.9964087301587301
4.0,4.0,4x,22,182895949.17266664,52366891.81729499,123975144.28045504,246201163.02183467,0.9848046520873387,1214.6570594726409,0.04844334995046215,0.02376984126984127,0.0,0.33220763378288787,0.8981746031746032,1.0
4.0,4.0,4x,23,176114055.7822667,51434572.044113375,118352967.23450358,239762049.3432756,0.9590481973731024,17940.65805153486,0.04574010337311839,0.01902777777777778,0.0,0.3160288809712205,0.8982539682539683,0.9792460317460318
4.0,4.0,4x,24,175570633.87592524,52606349.65899165,132887628.1166104,246244315.03347638,0.9849772601339055,8261.080412647052,0.050762857179784376,0.03113095238095238,0.0,0.3510325714496532,0.844047619047619,0.9906746031746032
4.0,4.0,4x,25,183438553.56996408,53724570.182074666,113263355.30067517,245450570.77974036,0.9818022831189614,558.3263055012836,0.047344665606746696,0.02484126984126984,0.0,0.3273763405447506,0.9256944444444445,1.0
4.0,4.0,4x,26,182164124.81479046,56969533.84967082,109867530.84368,245208969.5488457,0.9808358781953829,311.2547777246352,0.0475111932175479,0.024365079365079364,0.0,0.33111865381905903,0.936031746031746,1.0
4.0,4.0,4x,27,180050529.5430349,54179527.18689406,123268095.46213764,246693795.63426742,0.9867751825370696,15212.579460265904,0.04852966375253926,0.030099206349206348,0.0,0.33319144660472,0.8973611111111112,0.9907738095238096
4.0,4.0,4x,28,179874320.12196815,49685789.98469648,120235803.71042618,240149939.6089618,0.9605997584358472,36048.42037291128,0.04770390052210213,0.021865079365079365,0.0,0.3425748107431354,0.9068452380952381,0.9932936507936508
4.0,4.0,4x,29,179258030.12423328,50160695.801428065,119758243.98236588,242586654.85960433,0.9703466194384173,440.67122613698257,0.048254203209987565,0.024623015873015873,0.0,0.3413286764250572,0.8917460317460317,1.0
4.0,4.0,4x,30,176508027.31692258,51371218.76461002,118016464.32530817,238368028.93335092,0.9534721157334037,3197.2845991545532,0.04639167682722824,0.021130952380952382,0.0,0.3317988915551339,0.9001190476190476,0.9959325396825397
4.0,4.0,4x,31,186725896.93188307,52084369.02350679,106830106.73909202,247299586.92875814,0.9891983477150326,35030.87644434353,0.04856455827526644,0.02398809523809524,0.0,0.32838175119839974,0.9265476190476191,0.9849007936507936
4.0,5.0,5x,0,180903783.1218524,45168112.92862549,141034885.4778856,243167726.8592386,0.9726709074369544,2807.131841218396,0.046283620029900094,0.02603174603174603,0.0,0.32345138158021147,0.8451984126984127,0.9935515873015873
4.0,5.0,5x,1,178979302.49671343,53318528.615280956,138310069.40181938,246964919.75750953,0.9878596790300381,10910.843964232876,0.0491390843835645,0.03115079365079365,0.0,0.3406803459108468,0.8655555555555555,0.9838690476190476
4.0,5.0,5x,2,186717732.2479933,44164237.5090081,131892192.38206004,245116974.97006223,0.9804678998802488,13007.280650742567,0.047479185604816156,0.023273809523809523,0.0,0.327635457388025,0.8747619047619047,0.9733333333333334
4.0,5.0,5x,3,174564808.0210877,46421497.946335234,157007557.07756642,248537854.00892317,0.9941514160356927,154050.2108693297,0.05090777780008015,0.03363095238095238,0.0,0.3412904932162991,0.7761904761904762,0.9738293650793651
4.0,5.0,5x,4,167554639.28633243,44748008.01200702,149544774.93041518,239522619.69306985,0.9580904787722794,18570.76688090122,0.050437314579942744,0.034067460317460316,0.0,0.3572786272892516,0.799265873015873,0.9574206349206349
4.0,5.0,5x,5,177301991.55598095,46568858.4302432,135528070.22680685,246081711.86433598,0.9843268474573439,14465.854896774217,0.05279534074786341,0.038174603174603174,0.0,0.362849388588924,0.8433531746031746,0.96375
4.0,5.0,5x,6,178656619.12233767,50011574.293508366,124207871.69640695,243054910.34403107,0.9722196413761243,269.833884867615,0.04857342994724161,0.03375,0.0,0.34000758389906466,0.8911309523809524,1.0
4.0,5.0,5x,7,174830328.89000124,62226774.771503866,122457963.56809376,244820509.16265872,0.9792820366506348,361.0658491531269,0.04602327312000771,0.023392857142857142,0.0,0.3175918599798344,0.9151785714285714,0.999484126984127
4.0,5.0,5x,8,177520934.10772938,47351870.165574335,147864186.25839445,247536965.463317,0.990147861853268,13226.891940424011,0.04875767724916969,0.03232142857142857,0.0,0.33253181054270736,0.798968253968254,0.9694246031746032
4.0,5.0,5x,9,174994189.42346603,50585753.54664308,141427107.13690078,248417662.01767302,0.993670648070692,54206.932138825076,0.05012038197361544,0.03785714285714286,0.0,0.3353428922395814,0.8239087301587301,0.9525595238095238
4.0,5.0,5x,10,169002996.15374687,59703062.003390186,133963392.18339211,243854930.92535713,0.9754197237014285,784.163984074303,0.04757687921643593,0.028095238095238097,0.0,0.32986742230738597,0.8613888888888889,0.9998214285714285
4.0,5.0,5x,11,181979518.5092184,46378232.46708366,136203350.4107555,242354526.22449866,0.9694181048979946,1550.9823967729503,0.04501876323552893,0.01867063492063492,0.0,0.31262456149574575,0.8660912698412698,0.996904761904762
4.0,5.0,5x,12,184299850.3431425,47337755.87451027,130694801.28028344,241114023.40597537,0.9644560936239015,261.8315634390798,0.045015271593787744,0.022182539682539682,0.0,0.32151840478248944,0.8889484126984127,0.9996428571428572
4.0,5.0,5x,13,167327856.42440313,48887361.11219528,146342776.91123337,243731918.6557673,0.9749276746230692,36183.233130809494,0.05095400202695218,0.029424603174603176,0.0,0.3518361517165895,0.799345238095238,0.9645238095238096
4.0,5.0,5x,14,176806553.54448348,48506053.288158834,141280056.81833953,243811737.44136417,0.9752469497654567,2062.7516824881964,0.048487805694003815,0.03498015873015873,0.0,0.33631982321173676,0.8367460317460318,0.9957738095238096
4.0,5.0,5x,15,175574512.70223337,48781265.17320943,141214951.24194238,244112068.5395492,0.9764482741581968,6041.471484075208,0.051746339514155144,0.036686507936507934,0.0,0.36238055427225363,0.8355952380952381,0.9860515873015873
4.0,5.0,5x,16,169035670.89502713,49141254.7796686,152602223.06545216,240346260.2411773,0.9613850409647091,2874.342297567592,0.046285773166698504,0.029206349206349208,0.0,0.3275103461318237,0.7962103174603175,0.9953769841269842
4.0,5.0,5x,17,166863094.9932025,44109034.6584252,147905840.10587198,245771345.90168595,0.9830853836067438,67795.19110697802,0.054569440335141814,0.040456349206349204,0.0,0.3779282529340932,0.7711706349206349,0.9469047619047619
4.0,5.0,5x,18,177941880.61413544,46698400.6871166,144800807.16519922,244672699.2232276,0.9786907968929104,10032.202674552276,0.04757260503712729,0.02246031746031746,0.0,0.3308544598166291,0.8295634920634921,0.9857936507936508
4.0,5.0,5x,19,178687413.29014298,44735571.34474504,140452733.45420012,244128298.22219944,0.9765131928887978,58675.1648569789,0.050780440011385444,0.03702380952380952,0.0,0.3524599477727815,0.8314484126984127,0.9908531746031746
4.0,5.0,5x,20,171968935.94555315,44576426.595800094,154584217.34346017,248591912.66766936,0.9943676506706774,63176.35946024328,0.05416215399064013,0.044305555555555556,0.0,0.36575661670107784,0.764781746031746,0.9225595238095238
4.0,5.0,5x,21,173976033.95302272,51655696.95119923,145079031.61510977,245455258.70246062,0.9818210348098425,10044.113408679177,0.05218133635707818,0.0323015873015873,0.0,0.3557775326489605,0.8382936507936508,0.9739682539682539
4.0,5.0,5x,22,175914011.97069928,49330985.48509196,152404968.58233744,247214187.45096537,0.9888567498038615,5357.209559472656,0.0506474395598179,0.03244047619047619,0.0,0.34542177107769095,0.8082539682539682,0.9856944444444444
4.0,5.0,5x,23,171046494.52910504,49239271.94707352,144454790.60110968,241191990.64954326,0.964767962598173,23042.260353084755,0.04757891997560097,0.02507936507936508,0.0,0.3264002165051222,0.8296031746031746,0.9592063492063492
4.0,5.0,5x,24,166287809.60449257,48333891.97240932,160098054.1172655,247250440.12745613,0.9890017605098245,25923.519301527536,0.052651320022464955,0.04125,0.0,0.3616824237526214,0.7426587301587302,0.9356746031746032
4.0,5.0,5x,25,178960487.3416188,51757191.35637377,139479713.19257304,246319776.8974411,0.9852791075897643,4117.644738043788,0.049022109843904337,0.03152777777777778,0.0,0.33639624081519043,0.8628373015873015,0.9904166666666666
4.0,5.0,5x,26,177867528.1904548,54685162.05101478,135962390.29240906,245648053.51096895,0.9825922140438759,2146.0779721698345,0.048564759422926616,0.028432539682539684,0.0,0.33677740417048435,0.8710912698412698,0.9950793650793651
4.0,5.0,5x,27,173871665.42327684,51347027.81458269,150962556.2850434,247602705.62135366,0.9904108224854147,18335.76396423444,0.050473604724885685,0.03972222222222222,0.0,0.34406923707586273,0.8163690476190476,0.9875595238095238
4.0,5.0,5x,28,174171693.20563415,47119422.35642832,148386719.5320921,241764968.07427114,0.9670598722970846,39201.25747608585,0.0503620361069034,0.028333333333333332,0.0,0.3564677446736861,0.8289285714285715,0.9910912698412698
4.0,5.0,5x,29,171446408.59187633,47070410.41840609,146656462.4276391,243923779.47534308,0.9756951179013723,7542.500075344269,0.05113072772363352,0.03646825396825397,0.0,0.35729745563224785,0.8124404761904762,0.981547619047619
4.0,5.0,5x,30,170348756.70572603,48548968.015303925,145470562.1882107,240364208.48030418,0.9614568339212167,5819.694499948206,0.04915793659550849,0.02757936507936508,0.0,0.3487376464156081,0.823313492063492,0.9889087301587302
4.0,5.0,5x,31,182462201.59762233,50118333.116149515,131565996.9073032,247702033.05188888,0.9908081322075555,37060.02291259837,0.04956826604294367,0.027182539682539683,0.0,0.33440285614200294,0.8659126984126985,0.9820833333333333
4.0,inf,unrestricted,0,92507604.66312298,12904711.898241686,252565282.48906398,253474771.64664683,1.0138990865865873,37926.87469084627,0.059057755641375706,0.07615079365079365,0.0,0.3817147423822113,0.025,0.0
4.0,inf,unrestricted,1,93871096.62729366,16362173.780260809,252228101.70113406,253657763.84090406,1.0146310553636162,40307.60814326409,0.06030993889679701,0.07916666666666666,0.0,0.3914947119083936,0.037658730158730155,0.0
4.0,inf,unrestricted,2,99210342.47701433,13630894.330586841,252110656.72213596,253509677.07950413,1.0140387083180165,38493.18480987794,0.05970083931902652,0.07563492063492064,0.0,0.38868834324180057,0.03490079365079365,0.0
4.0,inf,unrestricted,3,95464308.67475784,15171916.249783976,252274514.43106523,253598741.98953253,1.0143949679581301,205399.73865938347,0.060909847554890595,0.0800595238095238,0.0,0.3971692471626661,0.03478174603174603,0.0
4.0,inf,unrestricted,4,83803943.7294522,12146422.356982542,252958620.1858265,254060108.948551,1.016240435794204,52483.54191310757,0.06373631340922258,0.0910515873015873,0.0,0.42152300410554694,0.028253968253968254,0.0
4.0,inf,unrestricted,5,99453853.9672618,15899378.42960803,251486609.91183147,253856045.1731108,1.0154241806924433,43314.63526624007,0.06242952034696822,0.0854563492063492,0.0,0.41026952406446776,0.052321428571428574,0.0
4.0,inf,unrestricted,6,95029852.63387077,15654030.045102403,252541024.0105163,253880148.69977203,1.0155205947990882,23955.310921048665,0.06159949101135927,0.09408730158730158,0.0,0.40158937896042407,0.035277777777777776,0.0
4.0,inf,unrestricted,7,93065090.06356888,19596600.845497116,251597378.65472,253387367.52721798,1.0135494701088719,23704.450881361518,0.05895571195750122,0.07549603174603174,0.0,0.38251265442121263,0.03896825396825397,0.0
4.0,inf,unrestricted,8,97346090.77271916,15811701.107186818,252203241.48829713,253611270.55366084,1.0144450822146434,50726.41901630059,0.06032512032841759,0.08317460317460318,0.0,0.393621003129492,0.03660714285714286,0.0
4.0,inf,unrestricted,9,100601675.00503469,18484708.01036337,251389109.9037606,253608354.56347376,1.014433418253895,85366.42877815552,0.05971579220677037,0.08277777777777778,0.0,0.38642989589990706,0.054007936507936505,0.0
4.0,inf,unrestricted,10,88116111.58161722,18315847.65328487,252098982.94909823,253619350.58146673,1.014477402325867,30582.678877374998,0.06047804450692129,0.08248015873015874,0.0,0.39169413506506906,0.03456349206349206,0.0
4.0,inf,unrestricted,11,92758694.13906409,13234411.598685905,252797130.91841793,253654318.88337767,1.0146172755335108,33485.625921020335,0.05965456939729922,0.07521825396825396,0.0,0.38622510239300756,0.02638888888888889,0.0
4.0,inf,unrestricted,12,91928843.9212611,13034417.161896324,252486824.15361595,253602094.88169733,1.0144083795267893,27000.3699885015,0.06025459595718276,0.07581349206349207,0.0,0.39103975475817987,0.03113095238095238,0.0
4.0,inf,unrestricted,13,87620678.19746862,15084712.394018063,252555879.08214918,253933019.94015816,1.0157320797606326,72473.87379814978,0.06328397058072599,0.08319444444444445,0.0,0.4170147997877928,0.03494047619047619,0.0
4.0,inf,unrestricted,14,91594077.3569101,14530759.481882775,252466856.0078218,253711845.13936555,1.0148473805574623,38750.83217100516,0.06118912138258974,0.08529761904761905,0.0,0.40093517543858265,0.03277777777777778,0.0
4.0,inf,unrestricted,15,93810905.42264761,15182019.427534422,252216221.9815443,253984600.9300306,1.0159384037201225,36687.90653608811,0.0634181750097395,0.09424603174603174,0.0,0.4167331703083278,0.04359126984126984,0.0
4.0,inf,unrestricted,16,82031589.48869342,12849969.718149692,253143197.4860302,253832665.2990981,1.0153306611963924,48421.248996449736,0.06147019368810736,0.08638888888888889,0.0,0.40171617648127367,0.019067460317460316,0.0
4.0,inf,unrestricted,17,90419825.94425523,14001141.189686563,251973695.06631178,254163725.88364962,1.0166549035345984,116366.579373406,0.06434516780931497,0.08890873015873016,0.0,0.4256084291982021,0.049484126984126985,0.0
4.0,inf,unrestricted,18,92116966.7345832,13707601.033255178,252284382.85179937,253834739.49247745,1.0153389579699097,52965.98560362755,0.06106539571537183,0.07579365079365079,0.0,0.40027561983154786,0.03517857142857143,0.0
4.0,inf,unrestricted,19,93870381.29184172,13507084.40510535,251531153.79849574,253746426.62077695,1.0149857064831078,107076.26772645046,0.060853212683531825,0.08162698412698413,0.0,0.3970146132488277,0.042738095238095235,0.0
4.0,inf,unrestricted,20,97732568.59461798,15312385.075184971,251744969.30119938,253835369.20973766,1.0153414768389506,102676.2999090685,0.06203873775833399,0.0854563492063492,0.0,0.40365984775736646,0.04898809523809524,0.0
4.0,inf,unrestricted,21,94537801.53104639,16913443.59716667,252048577.07019806,253718254.3084166,1.0148730172336664,43591.840167047914,0.06102097717842241,0.08031746031746032,0.0,0.3944640607082052,0.04089285714285714,0.0
4.0,inf,unrestricted,22,92666931.11207739,15189595.545193188,252617735.20985124,253893409.58483535,1.0155736383393414,46618.216555943545,0.06249998849761949,0.08492063492063492,0.0,0.4124989540960685,0.03365079365079365,0.0
4.0,inf,unrestricted,23,90075919.38811953,15066058.990071086,252265790.95105332,253739413.71416694,1.0149576548566677,55490.87199251977,0.06094293306180787,0.07962301587301587,0.0,0.39789685434583955,0.03343253968253968,0.0
4.0,inf,unrestricted,24,89263513.72550702,15253593.809728192,252014047.8874569,253767634.66742742,1.0150705386697096,69647.08050439962,0.06132555401373623,0.08331349206349206,0.0,0.3978049045179044,0.03982142857142857,0.0
4.0,inf,unrestricted,25,92976360.88269533,15489971.28010033,252170738.90074882,253707028.79535064,1.0148281151814025,37864.99431387153,0.06081665042976141,0.08509920634920635,0.0,0.3947024177785365,0.03880952380952381,0.0
4.0,inf,unrestricted,26,95268794.02747646,17929424.399800397,251887292.75374898,253586524.7908547,1.0143460991634188,37240.193976580784,0.05933607997432532,0.07206349206349207,0.0,0.38460960352793544,0.03861111111111111,0.0
4.0,inf,unrestricted,27,90747088.2676849,15334024.034684276,252234658.73159033,253683757.2132039,1.0147350288528156,79435.58145686868,0.06093449100517344,0.08353174603174603,0.0,0.39739032730889007,0.031884920634920634,0.0
4.0,inf,unrestricted,28,86259664.22311944,12833689.47049871,252393526.95866707,254059186.31423247,1.0162367452569299,87527.05931395794,0.06335301782858456,0.08783730158730159,0.0,0.4187029916162945,0.03545634920634921,0.0
4.0,inf,unrestricted,29,88036277.72592738,13482293.756233076,252746670.51046196,254071938.79576045,1.0162877551830418,44100.221198815896,0.06326354118294268,0.0895436507936508,0.0,0.4169079790942197,0.031746031746031744,0.0
4.0,inf,unrestricted,30,85415793.2131097,13635625.54962165,252836571.4311885,253959134.89637467,1.0158365395854987,43487.99861942166,0.06323111743025353,0.08567460317460318,0.0,0.4168703761392249,0.031964285714285716,0.0
4.0,inf,unrestricted,31,105129879.58410741,18345237.91924759,250672060.27408835,253638218.4850982,1.0145528739403928,66510.96060366643,0.06018288937566457,0.07656746031746031,0.0,0.39363754553299446,0.060654761904761906,0.0
4.5,2.0,2x,0,178002681.27953383,43123186.10974782,58154343.03103356,222530754.11620775,0.9890255738498123,150.54803818284677,0.045568362918464896,0.02,0.0,0.3093649190172016,0.9873611111111111,1.0
4.5,2.0,2x,1,173907122.6077963,49512101.18632757,57718264.34846954,224705139.01686594,0.9986895067416264,236.44047865901024,0.04893209451607686,0.025575396825396824,0.0,0.3295833674425562,0.9866666666666667,1.0
4.5,2.0,2x,2,181400289.6186545,41067330.77387519,54691707.8941389,223788647.80419403,0.9946162124630846,199.50041913538132,0.04775214439578073,0.019186507936507936,0.0,0.3213413030505381,0.9859523809523809,1.0
4.5,2.0,2x,3,174964524.59447786,45758265.631348975,66963200.89715826,225426409.97923905,1.0018951554632847,189116.68101379933,0.048254412811730305,0.024206349206349207,0.0,0.3154694943686379,0.9684126984126984,0.986547619047619
4.5,2.0,2x,4,171637322.00882703,45292254.2972522,62607253.18419023,218619801.08954692,0.9716435603979863,124.8629389765863,0.04581840840332059,0.017003968253968254,0.0,0.32150533080168986,0.974186507936508,1.0
4.5,2.0,2x,5,177138029.78939027,45396428.2309998,56695291.21594876,223923833.6393842,0.9952170383972632,286.4504588179812,0.049081112971363514,0.02505952380952381,0.0,0.3300191390227926,0.9789880952380953,1.0
4.5,2.0,2x,6,173390398.0320455,46741104.02120921,51742029.35233537,221583693.01539883,0.9848164134017726,171.4083754843898,0.04667890211377062,0.02013888888888889,0.0,0.31991853561551664,0.9840476190476191,1.0
4.5,2.0,2x,7,166694219.8272085,56553607.93456418,49608057.886915416,223705270.1811949,0.9942456452497551,152.7098238971569,0.046551807298269014,0.021111111111111112,0.0,0.31075736350643907,0.9941468253968254,1.0
4.5,2.0,2x,8,177459958.84944817,46310841.0225525,61652602.74105968,224837625.72716185,0.9992783365651638,300.03791913533314,0.046824549445677134,0.019662698412698413,0.0,0.31089709864723436,0.9849007936507936,1.0
4.5,2.0,2x,9,172668401.17830506,48219863.16638084,61657750.91778058,225306576.30352843,1.0013625613490151,14023.799883418827,0.048609419692621184,0.023809523809523808,0.0,0.31939121338190823,0.9673809523809523,0.997202380952381
4.5,2.0,2x,10,165229251.53192008,56561902.83850191,54296074.24309398,222296632.74543375,0.98798503442415,139.88545881779652,0.046473940533432095,0.022738095238095238,0.0,0.31372775558830496,0.9898809523809524,1.0
4.5,2.0,2x,11,177557595.4449942,44019540.753217384,55542457.30846293,222281697.11563554,0.9879186538472691,139.6751611986183,0.044788715444361776,0.015833333333333335,0.0,0.3022546506290949,0.9899007936507936,1.0
4.5,2.0,2x,12,177163892.74860123,43745931.11300603,53001341.26245782,221377781.091473,0.9839012492954357,102.95426834149305,0.045458099951476594,0.019583333333333335,0.0,0.3133253555799683,0.9928174603174603,1.0
4.5,2.0,2x,13,169675919.1336092,48393703.16945789,62043352.45472166,221298598.8960864,0.9835493284270507,4882.79571676012,0.04679742502352425,0.017896825396825397,0.0,0.32015947326232225,0.9696626984126984,0.9994047619047619
4.5,2.0,2x,14,174139121.2771098,46459769.83504952,58420295.99103303,221903988.97028238,0.9862399509790328,169.52728421456982,0.0465437504584043,0.021726190476190475,0.0,0.3168652340851266,0.9856547619047619,1.0
4.5,2.0,2x,15,173773055.6618717,47003381.51340209,57916208.62349915,221540397.12277806,0.9846239872123469,259.24123262739556,0.048741841064797606,0.02396825396825397,0.0,0.3338833744556141,0.986984126984127,1.0
4.5,2.0,2x,16,168991276.21608973,48176362.95744996,62841607.90823607,218535438.9244636,0.9712686174420604,109.38593500816924,0.04407091492297775,0.017142857142857144,0.0,0.30642482170346175,0.9834126984126984,1.0
4.5,2.0,2x,17,172026137.5739922,45180810.19427136,64732631.197817266,222867540.0220174,0.9905224000978551,38298.703137481774,0.05034035181729861,0.02857142857142857,0.0,0.3436080811438823,0.9550396825396825,0.9955952380952381
4.5,2.0,2x,18,176274768.6324267,45275918.570260435,59477170.8603662,223016019.84671375,0.9911823104298388,316.3465104053332,0.04627026132394152,0.020892857142857144,0.0,0.3132082201141307,0.9820833333333333,1.0
4.5,2.0,2x,19,176305438.99486372,43207290.28438947,59382345.19474041,222805436.17650616,0.9902463830066941,50154.79609360517,0.04933387703619349,0.02787698412698413,0.0,0.3350827149968959,0.9746626984126984,0.9947817460317461
4.5,2.0,2x,20,175609504.30023453,44727642.57750111,68423039.37865868,225380219.65724587,1.001689865143315,7902.0262723059595,0.0515089430087289,0.029107142857142856,0.0,0.34133915908053525,0.9595833333333333,0.9999206349206349
4.5,2.0,2x,21,173093326.54649168,49170328.584553316,59620650.421059586,223231261.54026115,0.9921389401789384,296.1684945321032,0.04905066287242475,0.024107142857142858,0.0,0.32753437286736187,0.9832936507936508,1.0
4.5,2.0,2x,22,175607349.1505096,47881320.3028911,62628889.61588508,224412611.30071187,0.9973893835587194,226.3231770717251,0.04797848601305554,0.021904761904761906,0.0,0.3202317375632113,0.9848611111111111,1.0
4.5,2.0,2x,23,170325852.77194184,47548005.37724378,60559327.72724346,219828800.70928228,0.9770168920412545,337.2126611987603,0.04476416557813797,0.016011904761904762,0.0,0.3021555915967065,0.9788293650793651,1.0
4.5,2.0,2x,24,172610545.16174796,49836035.832383536,67828174.64764783,224321593.04112154,0.9969848579605401,275.7734350084063,0.04986869316928547,0.027003968253968252,0.0,0.33565668730266,0.9734920634920635,1.0
4.5,2.0,2x,25,174593551.87139058,48621459.16813806,57226064.01550861,224199848.60175622,0.996443771563361,160.4559548495472,0.0477705804838682,0.02503968253968254,0.0,0.31895308778091536,0.9868849206349206,1.0
4.5,2.0,2x,26,172246819.61823165,51114017.32889955,55573854.00779265,224198987.892163,0.9964399461873912,361.52057786542326,0.04867549405391272,0.024047619047619047,0.0,0.32813310880059915,0.9898214285714285,1.0
4.5,2.0,2x,27,172251275.29782623,49392637.162543274,63510058.01919871,224627625.21163094,0.998345000940582,10052.095677055475,0.04823248407199764,0.025416666666666667,0.0,0.32179936395106395,0.9738888888888889,0.9985714285714286
4.5,2.0,2x,28,172186879.0507924,45727706.61708811,61497703.86239327,220571130.14611146,0.9803161339827176,28549.95012155856,0.048723637970390546,0.024345238095238097,0.0,0.33679884422850087,0.9753769841269841,0.995515873015873
4.5,2.0,2x,29,173778322.918837,46832034.78003245,60624217.10011802,221982698.1826381,0.9865897697006139,122.64156992884695,0.04738651428223238,0.02236111111111111,0.0,0.3251105643445391,0.9791071428571428,1.0
4.5,2.0,2x,30,170445147.22499704,47925928.071954824,59693834.18569021,219430421.47609952,0.9752463176715535,136.58738342092377,0.04665822716338243,0.01998015873015873,0.0,0.3233424041755595,0.9835912698412699,1.0
4.5,2.0,2x,31,175640525.38850564,46197415.77534504,55421570.49727754,225072411.9326536,1.0003218308117938,5535.122204840712,0.04957903068403982,0.026904761904761904,0.0,0.32592921824782106,0.9778968253968254,1.0
4.5,3.0,3x,0,176420741.39540946,42517140.51899055,86254129.87789464,222743496.94334775,0.98997109752599,172.09190723049795,0.046091223282898185,0.022063492063492063,0.0,0.31188984208789833,0.9592063492063492,1.0
4.5,3.0,3x,1,171553920.19837216,48684380.21589535,85536803.79007763,224922001.9629548,0.9996533420575768,8110.068236591537,0.049556859846231725,0.028769841269841268,0.0,0.3329065709630679,0.9527380952380953,0.9958730158730159
4.5,3.0,3x,2,179087103.3690477,40319674.847044796,81406547.09314264,223974760.31928253,0.9954433791968113,2424.2153397637458,0.04837934594256362,0.02373015873015873,0.0,0.3243379987420355,0.9535515873015873,0.9993253968253968
4.5,3.0,3x,3,172796038.65641066,44737626.61972955,97568989.42090754,225570918.65471113,1.0025374162431606,203400.59244237,0.04885892154688114,0.026964285714285715,0.0,0.3186186950144293,0.9262301587301587,0.9834126984126984
4.5,3.0,3x,4,167767506.53632683,43688299.13982973,93332544.67457953,219416554.93192428,0.9751846885863301,3248.050359617245,0.04749275405858858,0.019345238095238096,0.0,0.33234452089485683,0.9265476190476191,0.9994047619047619
4.5,3.0,3x,5,173477093.49916914,43812655.732397005,84554900.31179956,224203803.93845654,0.9964613508375846,1182.0297643735455,0.050562859971722336,0.02603174603174603,0.0,0.3404988409764633,0.9393253968253968,1.0
4.5,3.0,3x,6,171633639.84873202,45982440.41921141,76595280.74682851,222235271.77409858,0.9877123189959937,187.45768103995405,0.04791490341847428,0.025158730158730158,0.0,0.3266368751528122,0.9602777777777778,1.0
4.5,3.0,3x,7,165937732.722266,56140532.05697755,74110800.78966087,223773114.81969333,0.9945471769764148,166.2836929447893,0.04675976034838433,0.02242063492063492,0.0,0.31193959266985316,0.9776984126984127,1.0
4.5,3.0,3x,8,174981012.99843088,45213639.113864236,91859045.6769279,225052690.3972716,1.0002341795434293,1027.0289111988275,0.04774526961810112,0.022936507936507936,0.0,0.3166168990458911,0.9419246031746031,1.0
4.5,3.0,3x,9,169776119.5797413,47020044.14706679,89453240.18916667,225578512.39858267,1.002571166215923,56019.72702626809,0.04964340090023346,0.02880952380952381,0.0,0.3254354650793236,0.9288293650793651,0.985734126984127
4.5,3.0,3x,10,164011695.83164442,55779866.569164805,81298420.94261786,222504760.9001267,0.9889100484450075,159.39547865912016,0.04680583984291297,0.023234126984126986,0.0,0.3151176004210539,0.9609126984126984,1.0
4.5,3.0,3x,11,176283803.8002937,43468543.888607144,82836310.92078087,222434980.6295856,0.9885999139092693,162.4389310399178,0.04512191372486279,0.017003968253968254,0.0,0.30322353537567087,0.9646428571428571,1.0
4.5,3.0,3x,12,176281997.34752202,43354585.58306269,79258228.16180658,221574045.85439622,0.9847735371306499,114.80879215106542,0.04594163734612214,0.02158730158730159,0.0,0.3156411246392696,0.9745833333333334,1.0
4.5,3.0,3x,13,166463838.23134187,47046111.30963764,91182233.8828389,222121187.54914683,0.9872052779962082,34035.99867317764,0.048039611927583326,0.02123015873015873,0.0,0.3255839932483342,0.9231150793650794,0.9881944444444445
4.5,3.0,3x,14,172365488.32640404,45661068.1870691,86731121.66493002,222346366.2626698,0.9882060722785324,211.30899056380403,0.0474102576614311,0.025238095238095237,0.0,0.32172514384893325,0.9527182539682539,1.0
4.5,3.0,3x,15,171967991.67172468,46142248.52190704,86576042.87468188,222261365.23163128,0.9878282899183612,314.77623262739644,0.04958654421610674,0.02511904761904762,0.0,0.34037597443350226,0.950218253968254,1.0
4.5,3.0,3x,16,167181766.06109414,47326667.31741672,93454259.75088389,219322981.9256363,0.9747688085583835,151.70204611937342,0.044875483897541646,0.02095238095238095,0.0,0.3104997582910789,0.9413690476190476,1.0
4.5,3.0,3x,17,166903324.4516829,43158187.19646953,94141135.3594257,223455383.38835987,0.9931350372815995,70629.551252334,0.052162110650705744,0.0314484126984127,0.0,0.3539071375486995,0.9001587301587302,0.9847619047619047
4.5,3.0,3x,18,174286832.04729292,44409900.70874321,88411063.3294473,223285674.00117105,0.992380773338538,9083.525994510219,0.04650318514631944,0.02126984126984127,0.0,0.31304015955586034,0.9478571428571428,0.9953769841269842
4.5,3.0,3x,19,174173119.87569633,42242019.20320351,87020058.15370485,223070954.36963898,0.9914264638650622,71948.42365312853,0.05012380933388159,0.031746031746031744,0.0,0.3392032248274951,0.9436309523809524,0.9929960317460318
4.5,3.0,3x,20,170912558.72467503,42958088.319010355,99154647.83167183,225610329.1410401,1.002712573960178,51748.15341514506,0.05305633732060231,0.035595238095238096,0.0,0.35036588467244,0.9043452380952381,0.9728571428571429
4.5,3.0,3x,21,170302754.96280944,48067290.93409594,89082093.28620352,223487135.6022857,0.9932761582323809,539.5707167545007,0.04986928993671815,0.023948412698412698,0.0,0.33408906742730865,0.9478769841269842,1.0
4.5,3.0,3x,22,173029057.66584274,46765297.93989212,93470936.35464604,224691765.9170245,0.9986300707423311,333.22357389734765,0.048828644293018204,0.02226190476190476,0.0,0.325818338025897,0.9425595238095238,1.0
4.5,3.0,3x,23,167116272.66068998,46305641.507634416,89896780.18782713,220357490.28480354,0.9793666234880157,17446.627601667456,0.04607328694459244,0.017857142857142856,0.0,0.30981492548616985,0.9396031746031746,0.9899404761904762
4.5,3.0,3x,24,168647165.13550878,48044585.793827996,100796638.03434092,224623713.52936074,0.9983276156860478,594.3128199290522,0.05092670824236803,0.028769841269841268,0.0,0.34292362651238556,0.9124603174603174,1.0
4.5,3.0,3x,25,172734169.8859202,47777820.2091687,85365657.70819943,224443533.61800486,0.9975268160800216,218.3153000877663,0.0484688383956013,0.025833333333333333,0.0,0.3233063502860176,0.9579563492063492,1.0
4.5,3.0,3x,26,170949175.55022264,50421504.19902861,82796317.20445193,224304713.33761135,0.9969098370560504,423.9467485003449,0.04903171411271138,0.025972222222222223,0.0,0.3299379661587491,0.9636706349206349,1.0
4.5,3.0,3x,27,169637572.12316194,48201680.2918346,93577959.94634922,224948790.71070212,0.9997724031586761,19416.35200642053,0.04936764937795602,0.028353174603174602,0.0,0.3286559747246885,0.9357738095238095,0.9931547619047619
4.5,3.0,3x,28,170431318.48767823,44845510.041453816,90836329.9084159,221087158.9911742,0.9826095955163298,46938.65125240696,0.04894618278518954,0.02375,0.0,0.3370381002365624,0.9422817460317461,0.9937301587301587
4.5,3.0,3x,29,170986545.69820574,45578811.892615825,90381386.54252169,222606031.70527062,0.9893601409123138,182.16093500828615,0.04851673561445717,0.023412698412698413,0.0,0.3322874221110148,0.9371230158730158,1.0
4.5,3.0,3x,30,168268437.65784666,46781206.38643194,89115018.50184318,219958814.41507187,0.9775947307336528,1176.7252802464407,0.047270957851887556,0.02253968253968254,0.0,0.32597361671657193,0.9428968253968254,0.9997420634920635
4.5,3.0,3x,31,174158193.06219265,45646039.81662511,80985985.09779412,225238719.45121896,1.001060975338751,45937.02099447509,0.049705054155593356,0.02619047619047619,0.0,0.3272151776228099,0.9525198412698412,0.9867063492063493
4.5,4.0,4x,0,172483122.74202785,40984903.412215985,113720757.32393175,223142795.38786525,0.9917457572794011,568.0521056433197,0.047279028759771795,0.025753968253968255,0.0,0.3189157728631428,0.8967063492063492,1.0
4.5,4.0,4x,1,168519531.11069575,47370403.40838107,111725032.68792182,225222063.45870963,1.0009869487053762,14326.331391353371,0.05034281143514169,0.032023809523809524,0.0,0.33764674812370676,0.9039087301587302,0.9860912698412698
4.5,4.0,4x,2,175514165.27836725,39171941.97072059,106610137.71774678,224280368.5228998,0.9968016378795547,15383.818058004219,0.04891023185349843,0.02396825396825397,0.0,0.32691380395410075,0.9078571428571428,0.9808531746031746
4.5,4.0,4x,3,166822854.8317461,42159836.062410936,127178903.42340624,225720679.31514576,1.0032030191784256,206676.5691487191,0.050565098993027566,0.030892857142857142,0.0,0.33130383065105645,0.8425595238095238,0.9800793650793651
4.5,4.0,4x,4,161349533.08437678,41253471.45155318,121645164.5936051,220617930.29723564,0.9805241346543806,19224.746133403638,0.05052352419727771,0.029107142857142856,0.0,0.3491329347442714,0.852718253968254,0.9758134920634921
4.5,4.0,4x,5,167512984.18651012,41605357.47507573,110217255.22401825,224681571.75219482,0.9985847633430881,16984.25531990974,0.05324146538748692,0.0358531746031746,0.0,0.3572372623858076,0.8795833333333334,0.9774603174603175
4.5,4.0,4x,6,168652887.3379717,44710670.49858428,100350979.2658283,222793423.87508127,0.9901929950003612,253.43446675430485,0.049592354352363664,0.032956349206349204,0.0,0.3355287571426715,0.9225992063492063,1.0
4.5,4.0,4x,7,164293705.7028656,55216467.88208076,98281646.9504152,223990730.91366437,0.9955143596162861,282.8748238973285,0.04730568606160995,0.02363095238095238,0.0,0.31544902003082015,0.945218253968254,1.0
4.5,4.0,4x,8,169191730.91121066,42879083.419588916,119905420.82220632,225338585.43700552,1.001504824164469,15048.570835797553,0.04929972910924278,0.030793650793650793,0.0,0.32616339119814125,0.8631746031746032,0.9774603174603175
4.5,4.0,4x,9,164805336.32475635,44935067.28382455,115309374.15684582,225801930.44941977,1.0035641353307545,70912.13295879246,0.05080670577962464,0.03575396825396825,0.0,0.33240629685957807,0.8649603174603174,0.9677777777777777
4.5,4.0,4x,10,160760289.9384114,53938927.01654995,107698636.32569484,223099818.20337033,0.9915547475705349,410.2213318338552,0.048076005717018,0.0260515873015873,0.0,0.32278685479257896,0.9063293650793651,1.0
4.5,4.0,4x,11,172840094.80403125,41969541.58162285,109615449.60992947,222760349.4261654,0.990045997449624,622.8325818336425,0.04599772748066423,0.01867063492063492,0.0,0.30854679534114826,0.9081150793650794,0.9999603174603174
4.5,4.0,4x,12,174321113.79897493,42526360.71565246,104969372.58883798,222071070.76164812,0.986982536718436,233.77250246882912,0.04667989556384299,0.024107142857142858,0.0,0.31929862655835817,0.9307341269841269,1.0
4.5,4.0,4x,13,160794699.42242515,44683505.878650166,118701755.00160061,223163010.10139117,0.9918356004506274,44243.703157123135,0.0506255019510856,0.026626984126984127,0.0,0.34149458291143386,0.8577579365079365,0.9762301587301587
4.5,4.0,4x,14,168263526.36317798,43871026.612646535,114109848.26978515,223022183.32371303,0.9912097036609469,878.0099231036382,0.04914426010956616,0.031686507936507936,0.0,0.3312878450859559,0.889265873015873,0.9994642857142857
4.5,4.0,4x,15,167118598.98681593,44131670.31028242,114208558.49297616,223075958.7056925,0.9914487053586334,2266.2883754819336,0.05204196238717526,0.03253968253968254,0.0,0.35533301565903846,0.8877380952380952,0.9989285714285714
4.5,4.0,4x,16,162732709.4114963,45330587.15594789,123107644.17273356,220715292.65245482,0.9809568562331326,1216.2471453258643,0.04662135455298822,0.026964285714285715,0.0,0.3199537430748881,0.8614087301587302,0.9987896825396826
4.5,4.0,4x,17,160129320.42707065,40403213.40999659,120715753.67907803,224328190.29853496,0.9970141791045998,88415.85903027069,0.054448833417890356,0.03763888888888889,0.0,0.36871266838098715,0.8220436507936508,0.9587103174603174
4.5,4.0,4x,18,169931315.8883598,42500286.30118753,116610664.88950405,223761022.93529302,0.994493435267969,10865.623415145135,0.047810105508422907,0.022003968253968255,0.0,0.32270298556900456,0.8829960317460317,0.9921825396825397
4.5,4.0,4x,19,169937945.9641257,40526848.77854814,113557332.27870148,223540344.98473296,0.9935126443765909,78287.51950630311,0.051440185658717975,0.03615079365079365,0.0,0.3471419261409443,0.8823214285714286,0.9921626984126984
4.5,4.0,4x,20,163726796.19071206,40192921.536019735,126623971.72372232,225892882.75954056,1.0039683678201803,78949.34460561973,0.0545614649119834,0.04297619047619047,0.0,0.360532237303598,0.8198214285714286,0.945515873015873
4.5,4.0,4x,21,164843892.3743296,46137954.56228248,117369316.61946021,223902189.9881797,0.9951208443919098,8781.626054036009,0.05227701836307404,0.02787698412698413,0.0,0.3493489941970306,0.8898412698412699,0.9880555555555556
4.5,4.0,4x,22,167305029.04304534,44470567.66369767,123117854.07424174,225181728.29149657,1.0008076812955404,5854.5989707034,0.050905998264434385,0.03001984126984127,0.0,0.3386855204329468,0.8662698412698413,0.9928373015873015
4.5,4.0,4x,23,162843041.0520222,44592833.65352764,117118951.18594088,221182466.15570962,0.983033182914265,29008.858236627246,0.047678991534084794,0.023075396825396825,0.0,0.31892940904355144,0.8775198412698413,0.9723214285714286
4.5,4.0,4x,24,159133793.16372058,44167888.02700438,130923770.76031725,225110425.1095979,1.0004907782648795,25833.35557785789,0.05323314255566177,0.03755952380952381,0.0,0.3565091679113655,0.802797619047619,0.9662103174603175
4.5,4.0,4x,25,168674780.70376197,46071516.2342888,112617895.43983474,224816301.36668554,0.9991835616297136,3696.955379454592,0.05006077982521819,0.029623015873015874,0.0,0.3326967701308518,0.9040873015873016,0.9955753968253969
4.5,4.0,4x,26,167861035.63805255,48845467.371607125,109432251.06408374,224469094.56247965,0.9976404202776873,1340.7404588176337,0.049786546307714355,0.029305555555555557,0.0,0.3347303652645564,0.9128174603174604,0.9997817460317461
4.5,4.0,4x,27,164965176.68457782,46142474.56471753,122163675.58613588,225376743.89165705,1.0016744172962535,23375.462760456645,0.0510570491643501,0.03642857142857143,0.0,0.33810863416433234,0.8696230158730158,0.9897619047619047
4.5,4.0,4x,28,166392451.99515685,42988811.33665864,119584693.8337879,221853898.73491994,0.9860173277107552,51787.43809764485,0.05054127689969124,0.02640873015873016,0.0,0.3480189220960226,0.8843849206349207,0.9929563492063492
4.5,4.0,4x,29,164178503.9194843,42891738.102380015,118887596.41989863,223392622.0005463,0.9928560977802058,4961.253177073033,0.05146979653194504,0.033273809523809525,0.0,0.34962420553673507,0.8626587301587302,0.9965873015873016
4.5,4.0,4x,30,163598554.53871527,44625143.903481,117297217.96239491,220897687.34365815,0.9817674993051473,5848.101192931257,0.04904517399283583,0.02591269841269841,0.0,0.33793202337994804,0.8768452380952381,0.9933531746031746
4.5,4.0,4x,31,171440588.89227077,44451101.98348457,106105278.71689823,225443446.82874286,1.0019708747944127,49608.9895857447,0.05034056923139447,0.026825396825396825,0.0,0.33108317312027863,0.905515873015873,0.984186507936508
4.5,5.0,5x,0,164825304.8000639,38222021.694986284,139344049.9656822,223772181.5766924,0.994543029229744,10174.96535959884,0.04912225349707685,0.0323015873015873,0.0,0.3297167461854586,0.7982539682539682,0.972718253968254
4.5,5.0,5x,1,162875911.80963674,44910763.06078663,136950313.19532326,225624813.4052963,1.0027769484679836,16294.191788178932,0.05189290231345807,0.0375,0.0,0.34697309960764655,0.8245634920634921,0.9827380952380952
4.5,5.0,5x,2,171341162.71789807,37626514.269848645,130381565.16656837,224709357.7482918,0.9987082566590746,19907.344208797727,0.04981963202877824,0.027301587301587302,0.0,0.33182358304841836,0.8427777777777777,0.9669444444444445
4.5,5.0,5x,3,154850998.71572623,37587739.02788299,154167173.52078578,226079045.65608045,1.0047957584714686,223691.5124026875,0.053760151836872126,0.04109126984126984,0.0,0.35187210370807875,0.7026984126984127,0.9375595238095238
4.5,5.0,5x,4,154670195.33739573,38666795.44947302,146273215.53550333,221812965.49520412,0.9858354022009072,31427.10889143045,0.05278297151065397,0.0416468253968254,0.0,0.3628135739848281,0.7650992063492064,0.937063492063492
4.5,5.0,5x,5,161952597.04938582,39465805.56759412,133040560.33892907,225093361.16068554,1.0004149384919356,23981.184149362372,0.05503382347307154,0.04321428571428571,0.0,0.368793243456426,0.8110119047619048,0.9465079365079365
4.5,5.0,5x,6,163780849.92851683,42729556.402826756,122869383.46094657,223388233.57852706,0.9928365936823424,2746.8603397677225,0.05133742908675321,0.0398015873015873,0.0,0.3458650857551249,0.8588492063492064,0.9936706349206349
4.5,5.0,5x,7,161124986.34036964,53459304.02018913,121915187.33502364,224341079.28253055,0.9970714634779135,986.6955183417684,0.04843260675502043,0.02759920634920635,0.0,0.3220309936052235,0.8863690476190477,0.9986111111111111
4.5,5.0,5x,8,158507698.89271292,38796480.139029026,145162712.51733252,225809651.1994037,1.0035984497751276,26401.708236607796,0.05156572084237706,0.04013888888888889,0.0,0.34140057390627365,0.7364285714285714,0.9414484126984127
4.5,5.0,5x,9,158721141.5859733,42317606.39618948,138576866.35606351,226043156.08296797,1.0046362492576355,79776.56192708673,0.05193088169576703,0.041746031746031746,0.0,0.33906397133710436,0.7818253968253969,0.9396825396825397
4.5,5.0,5x,10,154446651.20346433,50717430.26539401,132666448.6957374,223970964.1714293,0.9954265074285747,6559.499248491372,0.050368889481838236,0.0344047619047619,0.0,0.3361389845179197,0.82125,0.9819642857142857
4.5,5.0,5x,11,165941147.82144392,39154214.97211921,135156643.8271047,223384894.98879352,0.992821755505749,5412.658851676682,0.04804667712097096,0.024603174603174603,0.0,0.32063080387688353,0.8200992063492063,0.9923412698412698
4.5,5.0,5x,12,169749042.1237077,40605774.6243588,130001026.37416446,222875348.21564698,0.9905571031806533,1004.5934350085116,0.048054473315307454,0.029126984126984126,0.0,0.32740175838103974,0.8512301587301587,0.9989087301587302
4.5,5.0,5x,13,151111481.87030536,40974949.40438453,143643359.12022793,224039926.9548995,0.9957330086884422,57032.99498251893,0.05393143339190084,0.037321428571428575,0.0,0.36053761354410263,0.7490476190476191,0.9428571428571428
4.5,5.0,5x,14,160307883.94635466,40703082.18242954,139498021.94443938,223904849.84617466,0.9951326659829984,8595.421569911268,0.051147919888141054,0.0414484126984127,0.0,0.34271696764149306,0.7912103174603174,0.9829761904761904
4.5,5.0,5x,15,160531910.5301527,41436962.368265286,138858436.36140206,223955421.2237794,0.9953574276612418,12910.577264366968,0.054245491931541434,0.04462301587301587,0.0,0.3674782772096232,0.7946230158730159,0.9639484126984127
4.5,5.0,5x,16,153438924.41447592,41398842.979640886,150685184.20666263,222321644.43882266,0.9880961975058785,10426.293216737537,0.04963699398548521,0.03640873015873016,0.0,0.33618769175635443,0.738531746031746,0.9816865079365079
4.5,5.0,5x,17,150447843.92443654,36667240.79944997,144290629.3724386,225176190.68945283,1.0007830697309015,104964.18720488125,0.05744487361526876,0.04878968253968254,0.0,0.38762091612933647,0.7257142857142858,0.926984126984127
4.5,5.0,5x,18,161327903.47056335,39190568.28135903,142941421.40750596,224526659.8997441,0.9978962662210848,20816.291589748307,0.050761555363949724,0.029285714285714286,0.0,0.3397517871081852,0.7802976190476191,0.9633928571428572
4.5,5.0,5x,19,161549726.5517888,37399686.77732762,138538660.38742626,224174168.69736508,0.9963296386549559,87534.17430814024,0.053359828072314895,0.04474206349206349,0.0,0.35922020085174544,0.7813095238095238,0.9752777777777778
4.5,5.0,5x,20,155522836.9696381,37187012.489853464,150231596.51596746,226231352.81608182,1.0054726791825859,97452.42254219693,0.055965243062408125,0.04882936507936508,0.0,0.3705087996747518,0.7199404761904762,0.8844642857142857
4.5,5.0,5x,21,158125174.02921504,43309197.491927795,142821086.32646158,224380625.38566145,0.9972472239362731,19308.546311971404,0.054012318600956226,0.03926587301587302,0.0,0.35984266309195306,0.7870039682539682,0.9522619047619048
4.5,5.0,5x,22,157991386.15413117,40708966.44093094,150434087.06737977,225771899.42448592,1.0034306641088264,13699.937383401704,0.053390194518566254,0.03940476190476191,0.0,0.3544280358967756,0.7477976190476191,0.9669444444444445
4.5,5.0,5x,23,156627665.17100406,41959897.729813546,142230200.89227995,222100045.4766399,0.9871113132295106,36078.01160964584,0.04984853965216632,0.030793650793650793,0.0,0.33201299246273985,0.7894642857142857,0.9474801587301588
4.5,5.0,5x,24,150415189.88342887,40261016.83090989,155933497.0698593,225639973.10290772,1.002844324901812,44105.07724457046,0.05473033666760655,0.04783730158730159,0.0,0.36542068263281463,0.6909325396825396,0.9056349206349207
4.5,5.0,5x,25,163408161.35851666,43871224.60660923,137947391.70566326,225339560.00732175,1.0015091555880966,7878.285101665933,0.05165127443360508,0.03869047619047619,0.0,0.34190307596621744,0.8204166666666667,0.986468253968254
4.5,5.0,5x,26,162471347.43955523,46206573.53309903,134751125.61742446,224770482.5132624,0.9989799222811662,6530.753792146827,0.05092958331006585,0.0339484126984127,0.0,0.34102863697316677,0.8295833333333333,0.9879166666666667
4.5,5.0,5x,27,157109621.82261372,42751151.464775726,148731521.29377526,225919700.71563447,1.004087558736153,30971.838831903628,0.05303501555190417,0.046031746031746035,0.0,0.35091426260260383,0.7613293650793651,0.9704365079365079
4.5,5.0,5x,28,159080168.83548597,40023313.181679174,146730422.24224988,223005884.52109468,0.9911372645381986,60077.0596055814,0.05347021475437132,0.036944444444444446,0.0,0.36362880781099055,0.7801785714285714,0.9785515873015873
4.5,5.0,5x,29,156225956.87917322,39931929.0806443,144038453.24245432,224197142.87372383,0.9964317461054393,18249.129903259363,0.05400569542428041,0.044583333333333336,0.0,0.3649500910906683,0.7706547619047619,0.9556746031746032
4.5,5.0,5x,30,155552019.69912517,41327666.44452894,143766857.44663244,222206252.97730958,0.9875833465658204,14059.36744293118,0.05234731033146808,0.03619047619047619,0.0,0.3585825131747121,0.7739880952380952,0.9724603174603175
4.5,5.0,5x,31,165368181.14931402,41973136.89575728,130125250.68525891,225753842.3937626,1.0033504106389448,55203.219764309535,0.051679670735514854,0.03246031746031746,0.0,0.3398416419362337,0.8256944444444444,0.9718253968253968
4.5,inf,unrestricted,0,89014552.93277769,11995916.38803268,227065283.77067825,228120190.55426443,1.0138675135745085,52106.13519042311,0.058967676348895395,0.07583333333333334,0.0,0.38101577849888146,0.031190476190476192,0.0
4.5,inf,unrestricted,1,90309066.19884104,15198676.091951247,226630555.52420425,228280414.16527018,1.014579618512312,55395.687730124984,0.060180616390010606,0.07847222222222222,0.0,0.3905020325420209,0.046884920634920633,0.0
4.5,inf,unrestricted,2,95447565.35264727,12665378.3354157,226537456.3653156,228148976.12343386,1.0139954494374839,53240.868345161696,0.05957467481137247,0.07515873015873016,0.0,0.3876580508643051,0.04341269841269841,0.0
4.5,inf,unrestricted,3,91844706.05393839,14095246.291540647,226690743.74889672,228228136.04764792,1.0143472713228796,281986.66779049055,0.06078548895453749,0.07928571428571428,0.0,0.39627315339720415,0.04452380952380952,0.0
4.5,inf,unrestricted,4,80639594.17414106,11290017.862153534,227408292.07652816,228644346.7091212,1.0161970964849831,72537.07917850382,0.0636342534895799,0.09031746031746032,0.0,0.42068236522536573,0.03400793650793651,0.0
4.5,inf,unrestricted,5,95645697.28962816,14758063.36591156,225738756.1377171,228457120.1543542,1.0153649784637966,60213.06151976855,0.062276735126159485,0.08376984126984127,0.0,0.4093425019294805,0.06628968253968254,0.0
4.5,inf,unrestricted,6,91421251.01745199,14542871.149562215,226907674.30381998,228484525.33207175,1.0154867792536522,32971.83011106966,0.06150041056199653,0.09341269841269842,0.0,0.40090393148500647,0.04446428571428571,0.0
4.5,inf,unrestricted,7,89519105.28264153,18198495.83887878,226017149.4213884,228041780.72772613,1.0135190254565607,32618.389436489153,0.05886502082813722,0.0747420634920635,0.0,0.3820075674347735,0.04757936507936508,0.0
4.5,inf,unrestricted,8,93638506.42084481,14680270.011988632,226578394.55825785,228242783.05066878,1.0144123691140834,69646.03935709763,0.06022690932160417,0.08267857142857143,0.0,0.39284444467373075,0.047103174603174605,0.0
4.5,inf,unrestricted,9,96748661.9744098,17140301.500945758,225665208.56657547,228232057.51175117,1.0143647000522273,117731.7645555039,0.05955111987335294,0.08196428571428571,0.0,0.3852817940236377,0.06672619047619048,0.0
4.5,inf,unrestricted,10,84775746.26818797,17018734.232158456,226554200.84822378,228250264.52839434,1.014445620126197,42153.500130919674,0.06038094822936947,0.08190476190476191,0.0,0.3911302146341967,0.042638888888888886,0.0
4.5,inf,unrestricted,11,89259994.9243233,12303367.10595604,227278667.4802344,228280962.77160403,1.0145820567626846,46069.785269807995,0.05955034017386423,0.07476190476190477,0.0,0.3853213044666094,0.03301587301587302,0.0
4.5,inf,unrestricted,12,88453746.70713289,12115111.362172803,226951027.44022396,228232060.10483193,1.014364711577031,37119.34614282274,0.06013470012452545,0.07537698412698413,0.0,0.3901838125631979,0.038293650793650796,0.0
4.5,inf,unrestricted,13,84304703.43061736,14012000.137799188,226964224.34481212,228527055.53471547,1.0156758023765131,100075.51112294757,0.06315243350145347,0.08236111111111111,0.0,0.4159820330741443,0.0426984126984127,0.0
4.5,inf,unrestricted,14,88119901.4643614,13498982.576886762,226880870.20827508,228331694.84485224,1.0148075326437878,53248.407154700995,0.0610876355047577,0.08464285714285714,0.0,0.40022479738881356,0.04158730158730159,0.0
4.5,inf,unrestricted,15,90240493.9742953,14102699.35488673,226556180.72438958,228576903.26716635,1.0158973478540727,50612.39284915558,0.0632869110669985,0.0933531746031746,0.0,0.41598792733020007,0.05430555555555556,0.0
4.5,inf,unrestricted,16,78943162.17486836,11947548.455807943,227660474.9723472,228443866.825745,1.015306074781089,66444.48872216571,0.061401968503926915,0.08609126984126984,0.0,0.4011030784672044,0.023253968253968253,0.0
4.5,inf,unrestricted,17,86967968.56728463,12999663.821993098,226263852.57021004,228731415.31808206,1.0165840680803648,160584.15487293448,0.06418317302422093,0.08783730158730159,0.0,0.4243953639685981,0.059682539682539684,0.0
4.5,inf,unrestricted,18,88626721.58450511,12737170.571149355,226710301.4649804,228437664.51172426,1.0152785089409968,72846.79144039378,0.06092097931453377,0.07503968253968255,0.0,0.3991701232104082,0.04378968253968254,0.0
4.5,inf,unrestricted,19,90284919.26729164,12543242.139345255,225900248.35111547,228363144.0735852,1.014947306993712,147125.50497214138,0.060749454419599606,0.08077380952380953,0.0,0.3964531592834323,0.050833333333333335,0.0
4.5,inf,unrestricted,20,94008175.66252579,14219566.096552402,226081240.37332162,228439919.6428701,1.0152885317460894,141900.32921820425,0.06189034080414339,0.08468253968253968,0.0,0.4026712028239849,0.06021825396825397,0.0
4.5,inf,unrestricted,21,90949103.04984501,15714199.844570057,226432237.5289989,228333276.7922359,1.0148145635210486,60200.92042849568,0.06088240336542582,0.07942460317460318,0.0,0.39347748458052145,0.050734126984126986,0.0
4.5,inf,unrestricted,22,89155782.45826021,14113909.517686257,227015985.3011125,228493502.8247445,1.0155266792210866,64240.949734065136,0.06238506406881049,0.08428571428571428,0.0,0.4116320040752499,0.04255952380952381,0.0
4.5,inf,unrestricted,23,86667522.31251466,13999624.176306814,226711856.29870293,228353738.38976315,1.014905503954503,77065.07588486637,0.06080127900704967,0.07871031746031747,0.0,0.3969308390504471,0.041746031746031746,0.0
4.5,inf,unrestricted,24,85876886.55791192,14170383.536318101,226422395.36826268,228376391.5221367,1.0150061845428298,95896.33965469942,0.06118075220071825,0.0825595238095238,0.0,0.3966765968319317,0.04853174603174603,0.0
4.5,inf,unrestricted,25,89444372.16376075,14389509.15491762,226558469.21759674,228326127.04343623,1.0147827868597166,52140.568007881964,0.06070375738713044,0.0844047619047619,0.0,0.3939417224506334,0.04740079365079365,0.0
4.5,inf,unrestricted,26,91650262.78299652,16651910.91800415,226291651.16652182,228215540.32883883,1.0142912903503947,51277.838543611746,0.05919839161011178,0.07142857142857142,0.0,0.3836313117106411,0.04742063492063492,0.0
4.5,inf,unrestricted,27,87307958.0685952,14245793.337532643,226685059.3711063,228307783.97895214,1.0147012621286762,109142.81860311257,0.06084418490632061,0.08313492063492063,0.0,0.39679195623613445,0.037976190476190476,0.0
4.5,inf,unrestricted,28,82990691.43832538,11923562.840257075,226803640.07437485,228640272.0455567,1.0161789868691409,120360.85687694623,0.06322368483851266,0.08698412698412698,0.0,0.4176748006384315,0.04279761904761905,0.0
4.5,inf,unrestricted,29,84704470.14191984,12529687.20930647,227159340.4901977,228652976.70247808,1.0162354520110137,60777.3346745669,0.0631521676956957,0.08884920634920634,0.0,0.4159560680297075,0.03859126984126984,0.0
4.5,inf,unrestricted,30,82185102.54815419,12672965.578932505,227258902.84646147,228551861.20386198,1.0157860497949422,59895.50705550806,0.06311185477525608,0.08490079365079366,0.0,0.4159708466724398,0.03982142857142857,0.0
4.5,inf,unrestricted,31,101088443.5278616,17020943.74832589,224939246.68887424,228258603.45087963,1.0144826820039095,91646.6938015261,0.06000197442865997,0.07551587301587302,0.0,0.39256937305364514,0.07390873015873016,0.0
5.0,2.0,2x,0,162559774.97747037,36374902.63155435,57976171.26943692,200538775.18271098,1.0026938759135549,337.66571485738586,0.04767856367855128,0.023134920634920633,0.0,0.31107638495483114,0.9829166666666667,1.0
5.0,2.0,2x,1,158342805.03831133,41543511.075929776,57590182.203534834,201463375.51404154,1.0073168775702077,636.1212307304255,0.05072613795175278,0.028095238095238097,0.0,0.33100681720119124,0.9816269841269841,1.0
5.0,2.0,2x,2,164973577.11309025,34388007.5645687,54643342.56583835,201109897.4616904,1.005549487308452,579.3282148574144,0.04972669895706655,0.02214285714285714,0.0,0.3236883256564376,0.9805555555555555,1.0
5.0,2.0,2x,3,158803857.34016246,38124210.53093566,66383178.09618628,201543572.49776965,1.0077178624888483,280794.8269256253,0.049609498287902204,0.026468253968253967,0.0,0.3163941397510475,0.9618055555555556,0.9849603174603174
5.0,2.0,2x,4,157865341.58891317,38707420.27117273,62546591.919863775,198956396.6663208,0.9947819833316041,317.8808537463014,0.04813185736361607,0.019563492063492064,0.0,0.3249225402561807,0.966468253968254,1.0
5.0,2.0,2x,5,161121872.39729783,38008672.49426751,56645018.28462323,201125535.07609406,1.0056276753804703,718.620079936784,0.050672359805365885,0.02724206349206349,0.0,0.33196680048714866,0.97125,1.0
5.0,2.0,2x,6,158647587.38278234,39586931.91407611,51603735.2563976,199985209.19625658,0.9999260459812829,383.68353231771744,0.04875229328948875,0.02396825396825397,0.0,0.3221217260454597,0.9797619047619047,1.0
5.0,2.0,2x,7,152526964.25460413,47847612.682137355,49568289.58186186,200947187.36455178,1.0047359368227589,329.9911513653399,0.04820566655251759,0.02275793650793651,0.0,0.31173611280753266,0.9916269841269841,1.0
5.0,2.0,2x,8,161254316.6391379,38673589.33338172,61586203.8481268,201359837.36361727,1.0067991868180863,709.1209132700925,0.048474806032033475,0.021011904761904763,0.0,0.3124574260145892,0.9783928571428572,1.0
5.0,2.0,2x,9,156597116.95150807,40209398.21237536,61095571.75195277,201550657.43147227,1.0077532871573613,50200.534425179554,0.04993754356112238,0.025833333333333333,0.0,0.3207887349270053,0.9605357142857143,0.9931547619047619
5.0,2.0,2x,10,151551780.97073776,48012115.98773546,54290183.60479585,200290274.45873955,1.0014513722936977,301.604385492327,0.048220781633322655,0.02396825396825397,0.0,0.31463063732809315,0.9859325396825397,1.0
5.0,2.0,2x,11,162401032.1984417,37199266.83277127,55478053.594688684,200523071.88450274,1.0026153594225138,311.3875005716706,0.04688830301301804,0.019206349206349206,0.0,0.30401593439763114,0.9861507936507936,1.0
5.0,2.0,2x,12,162408289.68729526,37102820.001540355,52972177.61876521,200140269.70547158,1.000701348527358,222.37886961929976,0.047864207062100046,0.023134920634920633,0.0,0.3156003308013739,0.9905555555555555,1.0
5.0,2.0,2x,13,155274463.28074738,41010799.16897751,61741082.29056229,200056153.2541892,1.0002807662709459,28973.274822005947,0.04904976057907562,0.021746031746031746,0.0,0.32190153552019973,0.9609325396825397,0.9948412698412699
5.0,2.0,2x,14,159377078.07983583,39324597.38407324,58276140.61023475,200255633.33674455,1.0012781666837227,381.2853577144988,0.04853289727996857,0.025158730158730158,0.0,0.3188702116387222,0.9804960317460317,1.0
5.0,2.0,2x,15,159117042.0557733,39843308.448713094,57884142.23249926,200000772.39844257,1.000003861992213,591.8165680319738,0.05045893185241233,0.026488095238095238,0.0,0.3354948813995908,0.9808730158730159,1.0
5.0,2.0,2x,16,155708808.75457367,41273645.74185211,62715188.82946428,198621696.5455726,0.993108482727863,243.64571485734848,0.046382156508722856,0.02126984126984127,0.0,0.3083277568470912,0.9775992063492064,1.0
5.0,2.0,2x,17,156562048.3133794,37885700.17567043,64209328.8028194,200767580.11175695,1.0038379005587847,71479.05337359472,0.05236966382712562,0.03130952380952381,0.0,0.34640475921437525,0.9457142857142857,0.9941468253968254
5.0,2.0,2x,18,160745968.19565704,38110083.49140187,59385394.65202357,200738349.60242113,1.0036917480121057,2654.522460881809,0.0482032732364362,0.023273809523809523,0.0,0.3145049633058257,0.9754166666666667,1.0
5.0,2.0,2x,19,160898696.63078076,36403480.97803087,59028858.63223479,200797128.67519847,1.0039856433759924,87053.53289695433,0.05129407333897077,0.03166666666666667,0.0,0.33751901975983034,0.9688492063492063,0.9942063492063492
5.0,2.0,2x,20,158620079.9312342,37079795.80716575,67947160.11833148,201695568.6077953,1.0084778430389765,45963.55884977942,0.05311319425869897,0.031964285714285716,0.0,0.3446269651332024,0.9480952380952381,0.9925198412698413
5.0,2.0,2x,21,157852840.96097642,41364731.749765016,59582429.21517073,200635284.10004294,1.0031764205002147,666.0571037463018,0.05041289640783623,0.02619047619047619,0.0,0.327878254949596,0.9755952380952381,1.0
5.0,2.0,2x,22,159834361.78304404,40116173.226039216,62571938.288407475,201265711.68902883,1.0063285584451442,513.5343458097923,0.0496059255631443,0.02382936507936508,0.0,0.32161875884681046,0.9775595238095238,1.0
5.0,2.0,2x,23,156031157.93531618,40400921.315659426,60497373.71889759,199006299.99318197,0.9950314999659099,1530.9740481883532,0.04636043094537682,0.01742063492063492,0.0,0.30383751547183124,0.9717460317460317,1.0
5.0,2.0,2x,24,157062856.1768294,41788454.714233,67693149.32471056,201328677.73337975,1.0066433886668988,646.5996037463015,0.0515305337067702,0.029146825396825397,0.0,0.33708144653785366,0.9638293650793651,1.0
5.0,2.0,2x,25,159095436.02120113,40835267.59624753,57157982.65993907,201221989.42152864,1.0061099471076431,359.2978775558256,0.049572055543821596,0.026746031746031747,0.0,0.3203077386251948,0.9816666666666667,1.0
5.0,2.0,2x,26,157164005.2483917,43015999.76077902,55494013.5988416,201225381.49884057,1.0061269074942027,790.4484529526485,0.05036598099915715,0.027083333333333334,0.0,0.3290339415961466,0.9859126984126985,1.0
5.0,2.0,2x,27,156701824.12307328,41382020.59902658,63203905.75213691,201344417.5601796,1.006722087800898,23370.10587359306,0.04991947431039957,0.027281746031746032,0.0,0.3232543174392191,0.9671428571428572,0.9955753968253969
5.0,2.0,2x,28,158093530.54494417,38945058.46162148,61191622.47837337,199799100.7773517,0.9989955038867585,53207.98319501939,0.05067715412989196,0.02746031746031746,0.0,0.33737656743200256,0.9696031746031746,0.994702380952381
5.0,2.0,2x,29,158977175.27694213,39621524.572575346,60544070.700300515,200434784.27823293,1.0021739213911647,275.83579422248596,0.049567617552440234,0.0251984126984127,0.0,0.32754408019919884,0.9718055555555556,1.0
5.0,2.0,2x,30,156723842.13179523,40876234.12028382,59645788.506526835,199023263.8096065,0.9951163190480324,365.53254025417925,0.04872673676932021,0.023373015873015872,0.0,0.3245998859880293,0.9771230158730159,1.0
5.0,2.0,2x,31,159487310.2317517,38622872.79668322,54995395.14665217,201478699.01979116,1.0073934950989558,40358.037004543025,0.05080291385481293,0.028293650793650794,0.0,0.3266664107306302,0.973452380952381,0.9939285714285714
5.0,3.0,3x,0,160350915.71509665,35574116.83516292,85893148.63215381,200641126.31327373,1.0032056315663687,436.87392914310476,0.04831699965633332,0.02517857142857143,0.0,0.3149078762571274,0.9423809523809524,1.0
5.0,3.0,3x,1,155651472.52076268,40609341.47882916,84857156.65276489,201557163.77779162,1.0077858188889581,17239.38307596991,0.05133712811943161,0.03134920634920635,0.0,0.33459094263736167,0.9381349206349207,0.9897817460317461
5.0,3.0,3x,2,162144874.5048675,33555538.437840216,80915110.03669456,201202028.37072292,1.0060101418536147,10667.618849784732,0.05016450205995166,0.025753968253968255,0.0,0.3261365178485452,0.9377380952380953,0.9950992063492063
5.0,3.0,3x,3,155647114.76058963,36789464.46134749,96722801.21700567,201595147.496406,1.00797573748203,292448.14210419677,0.05038655565949704,0.029265873015873016,0.0,0.3220281083349825,0.9012896825396826,0.9827777777777778
5.0,3.0,3x,4,152885190.73562178,36856302.603450574,92608689.1477991,199478757.28883496,0.9973937864441748,16070.701290259982,0.0504494135210078,0.0251984126984127,0.0,0.33994145574681095,0.9048412698412699,0.9894246031746031
5.0,3.0,3x,5,156109360.97110316,36144295.33961526,84102060.0553379,201370019.4132896,1.006850097066448,12340.969028355958,0.05304834745669336,0.031507936507936506,0.0,0.34831868162223145,0.9188492063492063,0.9962301587301587
5.0,3.0,3x,6,156258217.87766546,38612648.29585414,76119876.31563856,200272858.71068475,1.0013642935534237,442.15325453994734,0.05020374842606951,0.029404761904761906,0.0,0.3301903468880396,0.9498015873015873,1.0
5.0,3.0,3x,7,151485518.86374718,47312361.97746018,73971035.75045069,200993584.13026333,1.0049679206513167,391.3475005716902,0.048481174941394055,0.023948412698412698,0.0,0.31347722693100233,0.9689682539682539,1.0
5.0,3.0,3x,8,157526385.78798282,37215730.71508351,91351661.9299473,201476402.8508891,1.0073820142544454,8683.97345295411,0.04966762274457501,0.027103174603174605,0.0,0.3203353309790257,0.9157142857142857,0.9954960317460317
5.0,3.0,3x,9,153147866.16974494,38840445.271390416,88390273.48938549,201681639.1311639,1.0084081956558195,87027.45811560932,0.05112652219739328,0.032579365079365076,0.0,0.32817889718721643,0.9077380952380952,0.9825
5.0,3.0,3x,10,149732459.62754008,46981006.47729335,81131821.85095741,200447418.79613215,1.0022370939806606,403.22801644470815,0.048708843885852796,0.02490079365079365,0.0,0.31747537359143363,0.9446825396825397,1.0
5.0,3.0,3x,11,160567942.4522026,36456397.797712915,82607178.79586473,200590406.04274756,1.0029520302137378,404.74545692087804,0.047203955941119084,0.01986111111111111,0.0,0.3056051543748277,0.9485515873015873,1.0
5.0,3.0,3x,12,161157295.3005794,36602022.629414566,79060596.46212652,200237967.07170558,1.0011898353585278,284.9727188256856,0.048360573339230876,0.025436507936507938,0.0,0.3181796689101076,0.9628968253968254,1.0
5.0,3.0,3x,13,151215571.9769196,39389919.56506663,90367819.0762367,200546070.09944275,1.0027303504972138,57711.98279819654,0.05051835749457224,0.024503968253968254,0.0,0.3307449659724775,0.9038293650793651,0.9830952380952381
5.0,3.0,3x,14,156818319.66418692,38247829.87792162,86324456.65007599,200486603.76260266,1.0024330188130133,627.5027585081715,0.049629766850874384,0.029146825396825397,0.0,0.3257650017574518,0.9358730158730159,1.0
5.0,3.0,3x,15,156220438.1220126,38624480.762905866,86303096.05109031,200433888.34298566,1.0021694417149283,934.897619619275,0.05187417881152669,0.029107142857142856,0.0,0.34600142149607155,0.9339880952380952,1.0
5.0,3.0,3x,16,153023377.9809208,40108473.055527665,93050480.952064,199129613.4292866,0.995648067146433,469.02410771452287,0.04742124484634875,0.025714285714285714,0.0,0.3144405341610509,0.9207936507936508,1.0
5.0,3.0,3x,17,150741667.9291836,35734196.77874106,92738746.3561226,201161724.91926092,1.0058086245963045,115599.06444456952,0.05437563561680005,0.035238095238095235,0.0,0.3594137900890521,0.8754761904761905,0.9754166666666667
5.0,3.0,3x,18,158250450.87393352,37055976.38435916,88031258.52077451,200868498.0263379,1.0043424901316895,14967.754623594978,0.048474039526485185,0.023392857142857142,0.0,0.3162433769213137,0.9299007936507937,0.9934126984126984
5.0,3.0,3x,19,158129854.6663175,35304194.04013615,86294969.90378986,200940524.3371845,1.0047026216859225,107739.15190488988,0.05212717719395169,0.035734126984126986,0.0,0.3425958489521462,0.9261309523809523,0.9926388888888888
5.0,3.0,3x,20,153380009.13096973,35181814.03462897,97658815.740774,201874301.64749426,1.0093715082374712,86674.26827430658,0.05458256657956889,0.039107142857142854,0.0,0.3538462127968212,0.8762301587301587,0.9675198412698413
5.0,3.0,3x,21,153920144.6670352,40016213.960808754,88806055.39409903,200833689.1600356,1.004168445800178,5941.078472800652,0.05183216733551342,0.02591269841269841,0.0,0.3397923306924897,0.9305357142857142,0.9977579365079365
5.0,3.0,3x,22,156045042.8530427,38659930.21856532,93190885.913951,201456396.639224,1.00728198319612,1900.5733735811175,0.05096102281081376,0.025238095238095237,0.0,0.330976219788821,0.9206150793650794,1.0
5.0,3.0,3x,23,152499260.93309924,39111154.77290226,89112869.37914903,199399339.7257093,0.9969966986285465,36423.316845812325,0.04791038092984661,0.020317460317460317,0.0,0.3125867537150737,0.9215079365079365,0.9807142857142858
5.0,3.0,3x,24,151046148.56231377,39396849.43813254,100223361.77082351,201537536.4860009,1.0076876824300045,8969.126964863053,0.05322791316489893,0.03373015873015873,0.0,0.34894238564882657,0.8745436507936508,0.9967261904761905
5.0,3.0,3x,25,156464302.91111064,39762655.915669985,85109338.59478267,201355008.65942606,1.0067750432971303,1043.909782317731,0.05053855794431934,0.028214285714285713,0.0,0.32711374314666336,0.9414285714285714,1.0
5.0,3.0,3x,26,155341028.7362016,42128771.237128414,82537661.92668839,201275763.66516322,1.006378818325816,1080.4209331113789,0.05078229863040327,0.02882936507936508,0.0,0.3317304136417669,0.9491468253968254,1.0
5.0,3.0,3x,27,153385861.16529772,39987658.78804318,92856843.96493967,201542875.60571465,1.0077143780285733,31607.28224264068,0.05127792074219303,0.032162698412698414,0.0,0.33174374784519206,0.9163492063492064,0.9912896825396825
5.0,3.0,3x,28,155544221.76287174,37770305.44750107,90386910.80111341,200040651.41404855,1.0002032570702428,72234.34708390829,0.05113793828503512,0.026825396825396825,0.0,0.34099850210986166,0.9285119047619048,0.9932738095238095
5.0,3.0,3x,29,154767772.89425868,37929107.634453505,90045560.44891724,200768409.6607478,1.003842048303739,855.1032942224865,0.051336066267628516,0.027003968253968252,0.0,0.3394601843118317,0.9147222222222222,1.0
5.0,3.0,3x,30,153634613.7869934,39449842.88962112,88720242.39547834,199374777.09447804,0.9968738854723902,6377.233433115943,0.049592891142938134,0.025952380952380952,0.0,0.32980612855479874,0.9239285714285714,0.9968452380952381
5.0,3.0,3x,31,157803783.3192633,37968947.04347904,80397855.75601813,201550580.9092086,1.007752904546043,69314.40827438435,0.05100368947120692,0.027420634920634922,0.0,0.3284681789293839,0.9391666666666667,0.9850396825396825
5.0,4.0,4x,0,154428122.63876733,33536998.01416198,112740693.59975365,200892470.12123004,1.00446235060615,7722.9667862915085,0.049819524329757406,0.030357142857142857,0.0,0.3248411793289861,0.8539087301587301,0.9916269841269841
5.0,4.0,4x,1,151614421.40655038,38954374.198509574,110602335.92385486,201710855.06222388,1.0085542753111194,22070.62877041435,0.05237520864258705,0.03470238095238095,0.0,0.34195463244019786,0.871170634920635,0.9836507936507937
5.0,4.0,4x,2,158333488.0088051,32325015.00648742,105395157.0111261,201333308.97542244,1.0066665448771122,27704.615992641982,0.05080877546790682,0.026805555555555555,0.0,0.32974381563529526,0.8810714285714286,0.9717261904761905
5.0,4.0,4x,3,146812843.13608646,33491836.60901613,125506265.424058,201650999.0852393,1.0082549954261966,306301.046628006,0.05303830444515186,0.035595238095238096,0.0,0.34175032055413096,0.7820238095238096,0.9704761904761905
5.0,4.0,4x,4,145763988.16510165,34338780.625969894,119340384.15150885,200137380.06408295,1.0006869003204149,40801.63474264079,0.05338401869717593,0.037003968253968254,0.0,0.3571111619700013,0.8162103174603175,0.9500992063492063
5.0,4.0,4x,5,150595653.2164385,34220538.70269124,108216788.56890862,201646414.8950202,1.008232074475101,32961.27168708615,0.05524173164576145,0.04043650793650794,0.0,0.3633289769892694,0.8535515873015873,0.9570238095238095
5.0,4.0,4x,6,152381499.71747965,37109923.17187949,99346023.93129343,200586953.50839484,1.0029347675419742,1187.1332743812245,0.05192067794666972,0.038392857142857145,0.0,0.34069916171353615,0.8965277777777778,1.0
5.0,4.0,4x,7,149143690.6434929,46091614.22227679,97948730.32034478,201127507.32579577,1.005637536628979,1104.0330561272465,0.04926586781652331,0.02621031746031746,0.0,0.3189428643409259,0.9203174603174603,0.9993253968253968
5.0,4.0,4x,8,150062564.02763355,34454487.778498836,118235641.20409577,201672578.79720485,1.0083628939860243,28301.300318035555,0.05154296101430986,0.03567460317460317,0.0,0.33339257946899964,0.8043253968253968,0.9670039682539683
5.0,4.0,4x,9,147784373.74115792,36734988.041039295,112968187.48744175,201819041.1632583,1.0090952058162916,110726.60504020916,0.0522492900185818,0.03940476190476191,0.0,0.335602619582085,0.830654761904762,0.9496230158730159
5.0,4.0,4x,10,144796432.42003146,44523634.967470594,107142550.86061293,200841751.29637855,1.0042087564818927,3554.768929141731,0.050634382905133876,0.030972222222222224,0.0,0.3298874260787135,0.8697222222222222,0.9987896825396826
5.0,4.0,4x,11,155533527.92278308,34481325.79088508,108914112.18626721,200775101.55301848,1.0038755077650925,4185.003016447512,0.04853231972381356,0.023234126984126986,0.0,0.3149661638564408,0.8720833333333333,0.9958730158730159
5.0,4.0,4x,12,158138368.78181803,35419808.83189725,104497328.75230919,200514927.79120257,1.0025746389560128,949.2243061272729,0.04928591914570964,0.028531746031746033,0.0,0.3236936421357278,0.900515873015873,0.9992460317460318
5.0,4.0,4x,13,143586395.19274634,36547607.155858114,116906715.52097978,201074693.8816277,1.0053734694081387,74726.46650851358,0.05368042810351645,0.03208333333333333,0.0,0.3514037938722039,0.8097222222222222,0.9604365079365079
5.0,4.0,4x,14,150966059.44835016,35969582.47036723,112955476.74263546,200861873.10969305,1.0043093655484652,5339.332421212239,0.0515316761000381,0.03906746031746032,0.0,0.33703014689142313,0.8469444444444445,0.9951388888888889
5.0,4.0,4x,15,149995025.63422203,36284574.12216862,112806190.42038898,200930713.37736982,1.004653566886849,15139.810695020764,0.05461398983507815,0.04029761904761905,0.0,0.36230921684341555,0.8484722222222222,0.9792261904761905
5.0,4.0,4x,16,146247083.28157067,37342238.35211477,121978944.50009045,199981348.77504498,0.9999067438752249,7581.357877561453,0.04973751872763454,0.03359126984126984,0.0,0.32775245222683913,0.8115277777777777,0.9931944444444445
5.0,4.0,4x,17,142471888.1961281,32659862.560273122,118050593.50558683,201654283.81717122,1.0082714190858562,139642.13345250575,0.05710535292724148,0.04313492063492064,0.0,0.37843392060532743,0.7822420634920635,0.9424603174603174
5.0,4.0,4x,18,151476104.0512477,34504383.29651079,115734598.18046437,201187033.80336297,1.0059351690168148,22835.173770420373,0.050725136095266896,0.02630952380952381,0.0,0.3320680131432707,0.8387896825396826,0.9836507936507937
5.0,4.0,4x,19,152101057.7709836,33117058.323760018,112294964.186891,201227348.70688012,1.0061367435344006,118473.65791679441,0.05379306353771018,0.04253968253968254,0.0,0.3539796641605616,0.8386706349206349,0.9883333333333333
5.0,4.0,4x,20,145576823.808395,32471708.386270903,123387153.67821564,202080067.3870148,1.010400336935074,130728.30831398381,0.056147229045903024,0.045853174603174604,0.0,0.3656151431526517,0.7738492063492064,0.9172420634920635
5.0,4.0,4x,21,148042525.79390043,37979952.199112386,115904054.81801441,201134940.04778746,1.0056747002389372,23051.271865658182,0.054281357288810984,0.035,0.0,0.35471747216167526,0.8476587301587302,0.9706150793650794
5.0,4.0,4x,22,148819940.99919698,35952778.22648733,121859484.88813572,201737306.60176313,1.0086865330088157,12833.571290260837,0.053227718554602635,0.035337301587301584,0.0,0.34657120036208344,0.8155555555555556,0.9836309523809523
5.0,4.0,4x,23,147231964.5253925,37088671.67259556,115352584.60114086,199849089.46078244,0.9992454473039122,49271.89261962454,0.04979540997408648,0.026825396825396825,0.0,0.32422371380868753,0.8424206349206349,0.9564880952380952
5.0,4.0,4x,24,141669870.3385105,35664927.27687816,127836782.14429633,201801209.69111696,1.0090060484555847,54954.47785772195,0.05508995219309513,0.04371031746031746,0.0,0.36123392741870725,0.7543650793650793,0.9321031746031746
5.0,4.0,4x,25,151735371.87489817,37937534.254239194,111507113.41242288,201572421.13081548,1.0078621056540773,9528.903889466214,0.052212842930968846,0.03490079365079365,0.0,0.3375392814118603,0.8702182539682539,0.9895039682539682
5.0,4.0,4x,26,151187139.88452938,40214928.98493489,108684585.23365445,201400821.21630004,1.0070041060815003,6030.45879025664,0.05174558643750513,0.03297619047619048,0.0,0.3383635956674305,0.8770833333333333,0.9941666666666666
5.0,4.0,4x,27,147122152.8375096,37480167.21064305,120696542.98681507,201794398.17667472,1.0089719908833736,41368.42944502221,0.05314188054851249,0.0423015873015873,0.0,0.34422261642510327,0.8227777777777778,0.9839087301587301
5.0,4.0,4x,28,149689818.888056,35434686.30885248,118627796.57960366,200548166.61223483,1.0027408330611742,80960.57734184481,0.053566563644692346,0.032916666666666664,0.0,0.3564526168556592,0.8435714285714285,0.9896031746031746
5.0,4.0,4x,29,146793463.58380002,35115311.84946833,117192230.60125583,201162359.44923234,1.0058117972461618,18285.057480732863,0.05430125347683031,0.04001984126984127,0.0,0.35829149240813446,0.8226984126984127,0.9769642857142857
5.0,4.0,4x,30,147150689.68542722,36825432.78406617,116280029.52655791,199989749.07791233,0.9999487453895617,14035.513155338193,0.052261027025394625,0.03240079365079365,0.0,0.3483538267424721,0.8375396825396826,0.9873214285714286
5.0,4.0,4x,31,153660743.57674024,36330591.97516924,105182275.61288422,201682915.1808757,1.0084145759043786,75443.60202438792,0.05194124602461751,0.02996031746031746,0.0,0.3349581151418458,0.8692857142857143,0.9797023809523809
5.0,5.0,5x,0,145972527.85995018,30646927.336149964,136491471.90307614,201217710.17552087,1.0060885508776043,24514.762460893842,0.05169053065155109,0.03867063492063492,0.0,0.336414382029762,0.7323214285714286,0.9401587301587302
5.0,5.0,5x,1,143449180.71106625,35806582.75039002,134774926.3177513,201962915.9477917,1.0098145797389584,31912.706706927704,0.054169088824964545,0.04378968253968254,0.0,0.3531835665885446,0.759563492063492,0.9593849206349206
5.0,5.0,5x,2,152371557.7932598,30308993.373685166,128571508.08826698,201532261.5728148,1.007661307864074,31296.650833911845,0.05192517555382016,0.03244047619047619,0.0,0.3371606113901834,0.7870039682539682,0.9632539682539683
5.0,5.0,5x,3,133421844.88110913,28827535.045754172,149518619.2121095,201965102.1336012,1.0098255106680059,337061.80315578444,0.05595541126271664,0.048928571428571425,0.0,0.3621764284488654,0.6057539682539682,0.8725396825396825
5.0,5.0,5x,4,138281915.27425864,31495665.99481104,142422824.29640412,200708922.68907404,1.0035446134453703,52587.19859184809,0.05544832571209979,0.04988095238095238,0.0,0.3706430224629209,0.7077579365079365,0.918968253968254
5.0,5.0,5x,5,144452804.89772198,32002285.531072237,129614790.97610542,201894367.3454405,1.0094718367272026,44111.511012483104,0.056896438649246664,0.04904761904761905,0.0,0.37457226190562065,0.7636904761904761,0.9178968253968254
5.0,5.0,5x,6,146573842.16062838,34967772.810134806,120713088.80496009,200906625.7440722,1.004533128720361,11931.097441051363,0.053547097468071014,0.04569444444444445,0.0,0.35163130561453215,0.8190277777777778,0.9777579365079365
5.0,5.0,5x,7,144565954.6305103,43789098.06709918,121046300.20234634,201340572.28267083,1.0067028614133542,3167.03803628317,0.05068174284316909,0.03208333333333333,0.0,0.3278346342100913,0.8369642857142857,0.9948809523809524
5.0,5.0,5x,8,139060841.40659058,30703874.431808006,140464098.83151984,201966035.28643042,1.009830176432152,53175.621131526845,0.05385935739512772,0.04732142857142857,0.0,0.35034573291928167,0.6732539682539682,0.8719642857142857
5.0,5.0,5x,9,140443440.84738383,33825760.326508366,134795916.39296272,201978422.8751858,1.009892114375929,127237.70585370393,0.05349228947344165,0.04632936507936508,0.0,0.34355465072074526,0.7274801587301587,0.9031349206349206
5.0,5.0,5x,10,137641882.476192,41083584.28964781,130318795.60830392,201270036.7691536,1.006350183845768,15602.774881530482,0.05278959780355105,0.04013888888888889,0.0,0.3427625189567953,0.7656746031746032,0.9582936507936508
5.0,5.0,5x,11,146641445.2795366,31243304.73340571,132858617.75913481,201125192.5157067,1.0056259625785335,18486.646548195182,0.05078995313090665,0.03200396825396826,0.0,0.32905556948943265,0.7555555555555555,0.9589087301587301
5.0,5.0,5x,12,151130958.7805667,32767249.292055205,128754524.54081653,200912293.42659324,1.0045614671329661,5975.696191053614,0.05109974298322054,0.034345238095238095,0.0,0.33578707811933717,0.7888888888888889,0.9875992063492064
5.0,5.0,5x,13,133239097.25834343,32879462.895801492,139263225.92312315,201519843.8836826,1.0075992194184131,98489.77378992095,0.05642693959067905,0.043988095238095236,0.0,0.3692033368830006,0.6871230158730158,0.8880555555555556
5.0,5.0,5x,14,142102920.7574782,32723197.18898757,136509075.87751085,201278904.13974354,1.0063945206987177,21866.561369625844,0.05346046749363953,0.04646825396825397,0.0,0.35038340917185545,0.7301587301587301,0.9505555555555556
5.0,5.0,5x,15,142325687.67325366,33260302.795209546,135833860.488749,201383324.39847353,1.0069166219923678,23446.93228232239,0.056421492685030765,0.05126984126984127,0.0,0.37386527529083846,0.7287896825396826,0.946468253968254
5.0,5.0,5x,16,133726926.15987541,32550815.362426497,147377399.13028812,200864789.13773558,1.0043239456886779,29641.201270418645,0.05306852539462578,0.04537698412698413,0.0,0.3490119421395926,0.6551587301587302,0.9385515873015873
5.0,5.0,5x,17,132360831.08449596,29148874.205972403,138921250.89917666,202062393.04527265,1.0103119652263632,171310.5393852289,0.05952375516871207,0.05615079365079365,0.0,0.39475547038469627,0.6686507936507936,0.8693650793650793
5.0,5.0,5x,18,141634910.51646793,31082951.11755816,139764341.05898586,201617970.88164535,1.0080898544082268,42853.13537756323,0.0534645624377653,0.03630952380952381,0.0,0.34866730204388885,0.7067063492063492,0.9250595238095238
5.0,5.0,5x,19,142766381.15005136,29996949.00994697,135043900.5196175,201544761.75596592,1.0077238087798297,141272.62236123878,0.055569689160731364,0.04996031746031746,0.0,0.36604190815957777,0.7262103174603175,0.9259920634920635
5.0,5.0,5x,20,138099055.4130069,29862699.609190617,144707241.2459196,202251184.7123178,1.011255923561589,153627.3465481075,0.05738652158444992,0.05271825396825397,0.0,0.37500617351563353,0.6615873015873016,0.8425396825396826
5.0,5.0,5x,21,140124327.91395238,34766533.1606993,139414396.38984692,201386407.21385843,1.0069320360692922,37544.12918708681,0.05563172058946978,0.045436507936507935,0.0,0.36437719486213227,0.7191269841269842,0.9176388888888889
5.0,5.0,5x,22,137880168.70960984,31882311.10550173,146838066.51140448,202076999.28843856,1.0103849964421927,33539.53132994356,0.05573158276936496,0.04625,0.0,0.3639563777566012,0.6691865079365079,0.92125
5.0,5.0,5x,23,139051526.06803292,33804584.29788623,139329659.4352151,200459897.01337203,1.00229948506686,60665.32978232297,0.05240424337136487,0.03660714285714286,0.0,0.3411237018864727,0.7238095238095238,0.9278769841269842
5.0,5.0,5x,24,131737566.43181413,31660216.065801613,150899643.2736759,202014568.24070898,1.010072841203545,74602.32404819815,0.05649955875663232,0.05359126984126984,0.0,0.3704503456032263,0.6117261904761905,0.870734126984127
5.0,5.0,5x,25,144453364.85797137,35111975.31889036,135854791.686709,201830772.79936373,1.0091538639968187,17672.97553629157,0.05388953464617611,0.04484126984126984,0.0,0.3488530390771301,0.7493849206349207,0.9737301587301588
5.0,5.0,5x,26,144646858.0668993,37228370.07641098,132759862.75840466,201576410.70691407,1.0078820535345703,17630.543274384047,0.052947823963881056,0.039424603174603175,0.0,0.3456810251833701,0.7661309523809524,0.9681150793650793
5.0,5.0,5x,27,137229450.84416205,33505059.751222853,145397152.5414949,202080893.49554846,1.0104044674777424,58232.09982200679,0.05521500636780645,0.05174603174603175,0.0,0.3589334283764159,0.6769444444444445,0.9394246031746032
5.0,5.0,5x,28,140722530.33363792,32041408.280760277,143908908.32836783,201192195.99125916,1.0059609799562959,96062.34597265108,0.05601093199784568,0.04656746031746032,0.0,0.37129923016251276,0.7032738095238096,0.9515674603174603
5.0,5.0,5x,29,138832601.27911043,32203004.407007582,140204211.3350225,201583150.1239579,1.0079157506197896,36715.13220295823,0.05629217914344531,0.050833333333333335,0.0,0.3716245896272182,0.7118650793650794,0.9215476190476191
5.0,5.0,5x,30,137142091.66869172,33108363.812200516,140764368.24748346,200719435.1967617,1.0035971759838085,30905.863849783105,0.05536604565390897,0.04476190476190476,0.0,0.36886271196518083,0.7036507936507936,0.931984126984127
5.0,5.0,5x,31,146541040.1734595,33753675.93142633,127493167.73930646,201851629.39823222,1.009258146991161,89493.56111149589,0.05338978917860913,0.036944444444444446,0.0,0.3452687119456558,0.7702579365079365,0.9355357142857142
5.0,inf,unrestricted,0,85253288.73794574,11052025.926421667,201511717.38232452,202763418.80585328,1.0138170940292663,74413.08361158457,0.05884182502749281,0.07547619047619047,0.0,0.3802136700717797,0.03994047619047619,0.0
5.0,inf,unrestricted,1,86466924.90693334,13986857.452407563,200946718.8426016,202899757.8699429,1.0144987893497146,79152.70583387846,0.060000553836879994,0.07767857142857143,0.0,0.3893059804170772,0.05952380952380952,0.0
5.0,inf,unrestricted,2,91387939.68716198,11660213.993367752,200874733.91395357,202784613.98290646,1.0139230699145323,76703.24843297894,0.05940098574044495,0.07408730158730159,0.0,0.38643987601738883,0.056607142857142856,0.0
5.0,inf,unrestricted,3,87938698.52611788,12973389.837669017,201012047.95468253,202853210.4524504,1.014266052262252,402214.34498007764,0.060603205398728696,0.07805555555555556,0.0,0.39510150541395117,0.060476190476190475,0.0
5.0,inf,unrestricted,4,77234343.90394047,10401142.244811274,201821478.75617555,203226267.73365828,1.0161313386682915,104352.93569499368,0.0634944150680365,0.08930555555555555,0.0,0.4196313928542924,0.042083333333333334,0.0
5.0,inf,unrestricted,5,91523980.43062593,13565547.229556963,199850627.71680382,203052781.06931955,1.0152639053465977,87425.68879014808,0.062061312478901086,0.08192460317460318,0.0,0.4081923398028325,0.08648809523809524,0.0
5.0,inf,unrestricted,6,87527271.15913606,13385932.901027331,201180569.33563384,203085630.4132364,1.015428152066182,47219.01390929091,0.06135992226312143,0.0926388888888889,0.0,0.4000610242053182,0.05978174603174603,0.0
5.0,inf,unrestricted,7,85692283.16821489,16743014.079693526,200355640.3772051,202694621.9570746,1.013473109785373,46686.10492118244,0.058740813450361556,0.07414682539682539,0.0,0.3812927331330303,0.060515873015873016,0.0
5.0,inf,unrestricted,8,89627283.20693512,13497153.61514574,200827747.1594286,202870102.9852614,1.014350514926307,99372.38470296514,0.060082320834254584,0.0818452380952381,0.0,0.39187370934814586,0.06406746031746031,0.0
5.0,inf,unrestricted,9,92583069.27106178,15736588.349427724,199823570.04907617,202853388.6015686,1.014266943007843,169033.05067511092,0.05933006148954375,0.08099206349206349,0.0,0.38384114412477754,0.08472222222222223,0.0
5.0,inf,unrestricted,10,81176705.06663148,15670137.466565935,200950818.82925972,202877984.4358012,1.014389922179006,60457.098294164265,0.06024615645171597,0.08119047619047619,0.0,0.39043637284377186,0.05299603174603175,0.0
5.0,inf,unrestricted,11,85492677.17183824,11336192.730438719,201702539.9720493,202903619.3350964,1.0145180966754819,65912.77930605951,0.05940101217291131,0.07404761904761904,0.0,0.3842213820114438,0.0426984126984127,0.0
5.0,inf,unrestricted,12,84709692.5391911,11159661.227526572,201349491.30556455,202857888.52385312,1.0142894426192657,53058.612262454655,0.059966658676242124,0.0746031746031746,0.0,0.38919408937960703,0.049206349206349205,0.0
5.0,inf,unrestricted,13,80731813.22820868,12895753.703189503,201312447.91963977,203119061.10696647,1.0155953055348323,143780.2748817453,0.06297445404181955,0.08117063492063492,0.0,0.4146693792147919,0.05492063492063492,0.0
5.0,inf,unrestricted,14,84372264.47807883,12424665.728734078,201210663.0537962,202948596.82133615,1.0147429841066808,76067.66319492477,0.06094377131209857,0.08384920634920635,0.0,0.39927685167976557,0.05416666666666667,0.0
5.0,inf,unrestricted,15,86386193.95279144,12978797.92886075,200797072.67470628,203164558.7328363,1.0158227936641815,72708.54488143335,0.06310353052138125,0.09206349206349207,0.0,0.41501201196710474,0.0708531746031746,0.0
5.0,inf,unrestricted,16,75620684.01897208,11010825.215472981,202142545.82280368,203053013.84015095,1.0152650692007548,94697.90000056403,0.0613052309917298,0.08567460317460318,0.0,0.40035152316140493,0.03005952380952381,0.0
5.0,inf,unrestricted,17,83239498.3104323,11956169.356737267,200459478.34133735,203296303.6400455,1.0164815182002274,230572.7519453034,0.06396909446558499,0.08634920634920636,0.0,0.42302674358141434,0.07555555555555556,0.0
5.0,inf,unrestricted,18,84864632.4310511,11727857.896402566,201067941.33233607,203037411.60519585,1.0151870580259792,104177.90936569823,0.06072028220486274,0.07408730158730159,0.0,0.39778723543859823,0.05601190476190476,0.0
5.0,inf,unrestricted,19,86415421.5251136,11539868.084779123,200193029.42638394,202977747.9770621,1.0148887398853106,210087.61708419025,0.06061722722053488,0.07976190476190476,0.0,0.3959263661857285,0.06351190476190476,0.0
5.0,inf,unrestricted,20,89988122.09455636,13081146.973611556,200323612.78212434,203039695.94290254,1.0151984797145126,204302.78668707472,0.06169074633867957,0.08325396825396826,0.0,0.40148987837215877,0.07521825396825396,0.0
5.0,inf,unrestricted,21,87079173.99972807,14466103.817138528,200732873.14825016,202945813.6458609,1.0147290682293046,86606.50273857704,0.06068956023151642,0.07803571428571429,0.0,0.3923206454024446,0.06498015873015874,0.0
5.0,inf,unrestricted,22,85371126.64659376,12995074.830945738,201339846.04527533,203090245.0298899,1.0154512251494496,92127.70404812688,0.06222336381325765,0.08343253968253968,0.0,0.4106244329093118,0.055218253968253965,0.0
5.0,inf,unrestricted,23,82993772.93737607,12890531.727021942,201090367.82097638,202963776.85993275,1.0148188842996637,111569.86829429651,0.06060358457874491,0.07726190476190477,0.0,0.3957298555257088,0.05369047619047619,0.0
5.0,inf,unrestricted,24,82226891.16427931,13043522.334247261,200763400.58172044,202983308.24866092,1.0149165412433045,137315.0880363481,0.060989393148130504,0.08166666666666667,0.0,0.3954623245106955,0.060932539682539685,0.0
5.0,inf,unrestricted,25,85635332.90586835,13244754.754413154,200867372.106507,202942550.50987324,1.0147127525493662,74693.61037747473,0.060548265862488855,0.08341269841269841,0.0,0.39307026822853103,0.060892857142857144,0.0
5.0,inf,unrestricted,26,87748718.2923779,15321821.362676464,200619465.74916747,202842080.5801655,1.0142104029008274,73468.66585368747,0.059013780423764824,0.07061507936507937,0.0,0.3825267927814651,0.05956349206349206,0.0
5.0,inf,unrestricted,27,83603305.24194099,13114712.87683733,201081678.40624854,202930300.82587355,1.0146515041293678,155926.4158936003,0.060723711979351086,0.08244047619047619,0.0,0.3961152295224245,0.048273809523809524,0.0
5.0,inf,unrestricted,28,79469155.31581603,10977802.630070416,201164344.8967656,203219406.43693724,1.0160970321846863,171998.73440547346,0.06305176387822398,0.08571428571428572,0.0,0.4164212765580603,0.052976190476190475,0.0
5.0,inf,unrestricted,29,81114967.43789163,11539591.794515232,201511256.30784336,203231825.1460464,1.016159125730232,87144.66228228176,0.06299926561308389,0.08797619047619047,0.0,0.4147626408709767,0.049246031746031746,0.0
5.0,inf,unrestricted,30,78703342.68753153,11672075.498132,201612447.5728993,203140943.3719663,1.0157047168598314,85837.49640919837,0.06293930489939548,0.08369047619047619,0.0,0.41481714784658474,0.0521031746031746,0.0
5.0,inf,unrestricted,31,96714260.05197552,15638153.473098103,199068176.79754847,202875177.90923747,1.0143758895461874,131407.8010919844,0.05975910650641658,0.07436507936507937,0.0,0.3910878988430906,0.09609126984126984,0.0
