mechanism,workload,propagation_time_s,execution_time_s,safe_payload_bytes,execution_capacity_gas,transfer_capacity_gas,maximum_candidate_limit,physical_binding_constraint,benchmark,benchmark_label,optimize_floor,match_state_growth,shared_limit,shared_target,minimum_sufficient_floor_rate,floor_rate,cpsb,m_data,m_state,floor_payload_feasible,target_limit_ratio,n_replications,burn_in_blocks,measured_blocks,daily_block_length,m_execution,reference_cpsb,reference_m_state,static_bytes_per_reference_data_gas,equilibrium_fee_wei,equilibrium_floor_bounded,equilibrium_binding_branch,equilibrium_regular_gas,equilibrium_state_gas,equilibrium_execution_gas,equilibrium_data_gas,equilibrium_state_activity_multiple,equilibrium_state_bytes,equilibrium_annual_state_gib,included_execution,included_execution_p05,included_execution_p95,included_data,included_data_p05,included_data_p95,included_state,included_state_p05,included_state_p95,included_execution_metered,included_execution_metered_p05,included_execution_metered_p95,included_data_metered,included_data_metered_p05,included_data_metered_p95,included_state_metered,included_state_metered_p05,included_state_metered_p95,included_regular_metered,included_regular_metered_p05,included_regular_metered_p95,shared_gas_used,shared_gas_used_p05,shared_gas_used_p95,shared_target_utilisation,shared_target_utilisation_p05,shared_target_utilisation_p95,shared_fee_wei,shared_fee_wei_p05,shared_fee_wei_p95,shared_fee_log_return_sd,shared_fee_log_return_sd_p05,shared_fee_log_return_sd_p95,shared_limit_hit_fraction,shared_limit_hit_fraction_p05,shared_limit_hit_fraction_p95,shared_near_limit_fraction,shared_near_limit_fraction_p05,shared_near_limit_fraction_p95,shared_fee_floor_bounded_fraction,shared_fee_floor_bounded_fraction_p05,shared_fee_floor_bounded_fraction_p95,shared_target_deviation,shared_target_deviation_p05,shared_target_deviation_p95,shared_rationed_gas,shared_rationed_gas_p05,shared_rationed_gas_p95,regular_binding_fraction,regular_binding_fraction_p05,regular_binding_fraction_p95,runtime_bal_bytes,runtime_bal_bytes_p05,runtime_bal_bytes_p95,estimated_static_payload_bytes,estimated_static_payload_bytes_p05,estimated_static_payload_bytes_p95,estimated_counted_payload_bytes,estimated_counted_payload_bytes_p05,estimated_counted_payload_bytes_p95,included_state_bytes,included_state_bytes_p05,included_state_bytes_p95,annualized_state_growth_gib,annualized_state_growth_gib_p05,annualized_state_growth_gib_p95,base_fee_burn_eth_per_block,base_fee_burn_eth_per_block_p05,base_fee_burn_eth_per_block_p95,base_fee_exposure_proxy_eth_per_block,base_fee_exposure_proxy_eth_per_block_p05,base_fee_exposure_proxy_eth_per_block_p95,equilibrium_log_rmse,equilibrium_log_rmse_p05,equilibrium_log_rmse_p95
shared_fee_8131_8279,full_multiscale_60d,3.0,6.0,5619286.0,600000000.0,533959303.1674208,533959303.1674208,transfer payload,floor_optimized_only,"Floor-optimized only: derived F, CPSB=1530",True,False,50000000.0,25000000.0,40,40,1530.0,1.5887467517058966,5.656315259465248,True,0.5,32,7200,50400,8,1.4479558695732846,1530.0,5.656315259465248,0.11295316038895495,1495122567.2146773,False,regular,24999999.99999956,6864314.637069767,24079297.73687559,920702.263123971,0.2314131743322273,4486.480154947561,10.98073073402251,16693542.912644766,16536306.82300012,16826993.29138322,574762.0203793319,508192.4354192958,687688.3192955817,1226800.1639968418,999504.1333937186,1523359.7710875561,24171513.444337524,23943842.525427613,24364743.70352863,913151.2928815822,807389.0810139042,1092562.583466936,6939168.487929786,5653510.481613487,8616603.118857985,25084664.737219118,24903613.785482425,25205981.47438822,25262687.170203425,25241748.142695874,25292521.50336685,1.010507486808137,1.009669925707835,1.011700860134674,2866523225.6400576,1340440093.7245994,6557557041.851894,0.05102639289225475,0.04893287353682743,0.05327173211797638,0.02807167658730159,0.02175,0.03412400793650794,0.03387586805555556,0.026855158730158733,0.041123015873015874,0.0,0.0,0.0,0.31867940524972826,0.30267045970828244,0.33619498960118827,112504.49408556029,71029.30835707835,156163.93419471095,0.9796236359126984,0.9581607142857143,0.9917142857142858,77225.32850309114,76476.39371382528,78014.88927375698,64921.186673386466,57401.94166636935,77676.56902700469,142146.5151764776,134818.44917829233,154333.19815758205,4535.404240476984,3695.1048899434554,5631.766744351624,11.100473202740321,9.043827327686737,13.783837672468339,0.07166329992467396,0.0335085544137872,0.16393783864225459,0.08726850764216705,0.04212648954370204,0.19362298439206832,1.0631801866297623,0.8158196744767786,1.4146891719068153
shared_fee_8131_8279,full_multiscale_60d,3.0,6.0,5619286.0,600000000.0,533959303.1674208,533959303.1674208,transfer payload,floor_optimized_only,"Floor-optimized only: derived F, CPSB=1530",True,False,75000000.0,37500000.0,40,40,1530.0,1.5887467517058966,5.656315259465248,True,0.5,32,7200,50400,8,1.4479558695732846,1530.0,5.656315259465248,0.11295316038895495,59701321.94696217,False,regular,37500000.000000075,20182225.954283174,35572094.90579661,1927905.094203467,0.6803931958405457,13190.997355740637,32.28517347097993,24106616.317220785,23592069.348602038,24476463.54826146,1151584.461187324,1027203.1749297477,1386562.034730657,3252537.2459819578,2739414.6090700813,3856615.450005637,34905316.592071004,34160275.28868814,35440839.06110151,1829576.072026345,1631965.7075116278,2202895.9287170474,18397376.05642677,15494992.655285057,21814232.81975617,36734892.664097264,35934302.731521636,37253646.27984537,37903804.79264616,37870897.1104167,37948391.83706959,1.0107681278038976,1.009890589611112,1.0119571156551892,135153105.46198893,63685698.36373513,290676028.4416462,0.05169702647113893,0.0494938021361874,0.05421744516782322,0.030959201388888885,0.02480059523809524,0.03878472222222222,0.03708891369047619,0.02992261904761905,0.04561210317460317,0.0,0.0,0.0,0.3235848744931947,0.30645159724034127,0.3430448973752503,343036.86125103256,182892.899735421,554440.107247763,0.9156287202380953,0.8647410714285715,0.9512420634920635,115383.81985250313,113807.27613696695,117192.79248164927,130075.10434592009,116025.84496988355,156616.56389816763,245458.92419842322,232015.94127608946,271606.6071772882,12024.428795050175,10127.446179924873,14257.668509644554,29.42997857312845,24.787083790490932,34.895867894725775,0.005068242207853335,0.002388088174950091,0.010900324915796754,0.007109273937377064,0.0035440037591872643,0.014699826013943674,1.032766459591425,0.7826811927196112,1.4710752501821796
shared_fee_8131_8279,full_multiscale_60d,3.0,6.0,5619286.0,600000000.0,533959303.1674208,533959303.1674208,transfer payload,floor_optimized_only,"Floor-optimized only: derived F, CPSB=1530",True,False,100000000.0,50000000.0,40,40,1530.0,1.5887467517058966,5.656315259465248,True,0.5,32,7200,50400,8,1.4479558695732846,1530.0,5.656315259465248,0.11295316038895495,6244364.927759717,False,regular,50000000.00000078,42983499.114447705,46763423.50596405,3236576.494036737,1.4490810080679764,28093.790270880854,68.75999349344045,30339468.49927588,29150702.9275722,31284552.70641291,1783418.1499674595,1595924.6985379457,2160210.476630983,5936265.6645889925,5193980.478770508,6690747.017981333,43930211.49326028,42208931.4061654,45298651.71822537,2833399.79269414,2535520.180769384,3432027.3777485117,33577390.062854625,29378791.039434426,37844974.455029875,46763611.28595443,44885197.5024824,48205039.0818975,50568731.93357641,50522889.93626802,50629283.0654247,1.0113746386715285,1.0104577987253605,1.012585661308494,21182440.277356118,10222524.242373576,42902402.28354968,0.05319264072575207,0.05100754722343043,0.05560435330572519,0.035757068452380955,0.028955357142857144,0.043680555555555556,0.041857018849206354,0.03491964285714286,0.05043154761904762,0.0,0.0,0.0,0.33641904002192236,0.31859792257480746,0.35797330070021816,941052.0412963551,552750.2402284013,1465076.1850074676,0.8039775545634921,0.7170009920634921,0.8723402777777778,150009.8516338886,146081.43069905293,153477.84445501186,201442.71633384775,180264.73844265114,244002.60044080025,351452.5679677364,329155.8252101928,394182.0310787429,21946.00657702917,19201.82420878067,24735.277421588155,53.71319622214199,46.99676672059633,60.53998047852299,0.00105911265623802,0.000511091989568185,0.002145025999070288,0.0016228753835613886,0.0008131962960440123,0.0032454563943671907,1.1342294355179061,0.8039515166923537,1.628054636624685
shared_fee_8131_8279,full_multiscale_60d,3.0,6.0,5619286.0,600000000.0,533959303.1674208,533959303.1674208,transfer payload,floor_optimized_only,"Floor-optimized only: derived F, CPSB=1530",True,False,125000000.0,62500000.0,40,40,1530.0,1.5887467517058966,5.656315259465248,True,0.5,32,7200,50400,8,1.4479558695732846,1530.0,5.656315259465248,0.11295316038895495,2041657.8574558252,False,state,57729475.37077761,62500000.00000275,53546380.709798254,4183094.660979354,2.1070309507168705,40849.67320261618,99.980217569019,35310351.550104424,33345868.440642986,36951444.08799509,2387297.29876471,2106288.750097692,2900833.93348741,8837379.851717863,8007125.875514349,9558701.94849068,51127830.783669695,48283345.93464702,53504060.35642109,3792810.828768681,3346359.4098723587,4608690.489066343,49987006.50896317,45290828.27413178,54067031.69192932,54920641.61243862,51757024.63320422,57324441.98657882,63262507.018608764,63207711.68497063,63336547.53805678,1.0122001122977402,1.0113233869595302,1.0133847606089086,6612206.967638401,3185178.979489756,12947202.390939774,0.05511312374494781,0.05306837780220058,0.05776372430519954,0.043196924603174605,0.03534722222222222,0.053624007936507935,0.04884796626984127,0.04082043650793651,0.05883531746031746,0.0,0.0,0.0,0.35278388457078674,0.3349293255860509,0.37691033740357044,1930865.210528294,1276423.8954246445,2771727.4584597843,0.6633252728174603,0.5520892857142857,0.759172619047619,179595.90217240178,172155.56734532845,184689.7160332265,269652.77468348923,237911.97101523605,327658.3605509265,449248.6768558909,417133.3694483899,507909.4917910237,32671.246084289654,29601.84854518417,35337.92921041132,79.9633885822382,72.45098983565717,86.49013746991842,0.00041325619501785015,0.0001990592427273088,0.0008092026631438895,0.0006494851236536933,0.00032842893317928116,0.001250053157896306,1.1000830411207914,0.8475040713479486,1.4592154316267618
shared_fee_8131_8279,full_multiscale_60d,3.0,6.0,5619286.0,600000000.0,533959303.1674208,533959303.1674208,transfer payload,floor_optimized_only,"Floor-optimized only: derived F, CPSB=1530",True,False,150000000.0,75000000.0,40,40,1530.0,1.5887467517058966,5.656315259465248,True,0.5,32,7200,50400,8,1.4479558695732846,1530.0,5.656315259465248,0.11295316038895495,1184472.6608413283,False,state,61937595.20186268,75000000.00000046,57197805.08629793,4739790.115564752,2.528437140860149,49019.60784313756,119.97626108281827,39222582.557115264,36591873.494561225,41543629.3366502,2927361.8243098985,2575965.807601916,3550667.6987891244,11679125.941473417,10898649.458524527,12273248.397138482,56792568.63339778,52983418.005133085,60153341.94138001,4650836.5894402005,4092557.3093329733,5641111.772838234,66060818.27996893,61646197.239811055,69421362.19193693,61443405.22283795,57146353.5329639,64853954.7938563,75971188.07228805,75899310.78665815,76063874.74928091,1.012949174297174,1.0119908104887754,1.0141849966570788,3004050.054196685,1399624.8606242149,5698411.567448127,0.0567873632807077,0.054798629006318586,0.05936159341129574,0.05229724702380953,0.042962301587301584,0.06327480158730159,0.057171378968253965,0.0477172619047619,0.06801289682539682,0.0,0.0,0.0,0.3669997535861659,0.35002882804297875,0.39042571240900686,3162324.741317883,2268297.76306579,4291948.59765222,0.5140804811507936,0.40011111111111114,0.6237628968253968,204335.40739129158,193677.85784974645,213309.25640715266,330654.7696577798,290963.4790225231,401059.1380692096,534990.1770490713,487699.9128969621,605922.9227224638,43177.005411744394,40291.63218288304,45373.43934113524,105.67639975069488,98.61440339741915,111.05220633419549,0.00022529909690619684,0.0001049694902539798,0.00042737911578337077,0.0003515220624289926,0.00017148283515552602,0.000642286607304498,1.0692317594310135,0.8822451196248502,1.331965608620116
shared_fee_8131_8279,full_multiscale_60d,3.0,6.0,5619286.0,600000000.0,533959303.1674208,533959303.1674208,transfer payload,floor_optimized_only,"Floor-optimized only: derived F, CPSB=1530",True,False,175000000.0,87500000.0,40,40,1530.0,1.5887467517058966,5.656315259465248,True,0.5,32,7200,50400,8,1.4479558695732846,1530.0,5.656315259465248,0.11295316038895495,747485.4019818847,False,state,65746518.5141173,87500000.00000663,60478631.076628886,5267887.437488413,2.9498433310037124,57189.54248366447,139.97230459663106,42364088.71489194,39218000.548717804,45218160.98432749,3401995.8709979225,2961958.374756348,4111189.1939777685,14367402.554399546,13701741.940812947,14824287.669641836,61341330.91385129,56785934.087444335,65473901.60856707,5404909.88936481,4705801.746582257,6531638.4775805045,81266558.30733225,77501372.02107742,83850844.55650143,66746240.80321604,61549536.85636825,70974284.43279007,88682536.39735112,88599357.35275154,88790609.16471033,1.0135147016840125,1.0125640840314463,1.0147498190252608,1672235.5008831052,744473.9649768885,3222789.829929917,0.058021085537381105,0.05612204185571464,0.0605209912385393,0.06055121527777778,0.05234325396825397,0.07140873015873016,0.06514508928571427,0.056595238095238094,0.07584623015873015,0.0,0.0,0.0,0.3772746663352688,0.36076293207893495,0.39940653865375625,4452953.573514976,3359387.2143126973,5732969.93310189,0.38358010912698415,0.2848998015873016,0.4958531746031746,225267.74673725074,211923.22038400616,236996.23865762888,384266.18525939086,334562.5593692621,464371.8124167093,609533.9319966417,547836.1793513553,689701.3881587457,53115.39758649166,50654.491517044065,54804.47356634081,130.00077089043342,123.97766458503139,134.1348109136742,0.00014631718961032232,6.513997952144921e-05,0.00028199211202011867,0.00022426616466344354,0.0001055635030326111,0.0004160223539860851,1.1061012007874527,0.96040703361375,1.3464267377056074
shared_fee_8131_8279,full_multiscale_60d,3.0,6.0,5619286.0,600000000.0,533959303.1674208,533959303.1674208,transfer payload,floor_optimized_only,"Floor-optimized only: derived F, CPSB=1530",True,False,200000000.0,100000000.0,40,40,1530.0,1.5887467517058966,5.656315259465248,True,0.5,32,7200,50400,8,1.4479558695732846,1530.0,5.656315259465248,0.11295316038895495,501674.6078754611,False,state,69245017.81901038,99999999.99999495,63472340.56784292,5772677.251167447,3.3712495211466744,65359.477124179706,159.9683481104153,44989331.270702615,41455496.12250911,48217435.5147107,3824978.143110297,3305318.4368922235,4608132.80475149,16917091.190657258,16374266.219280377,17264445.166997995,65142566.2815907,60025728.93666002,69816718.76929614,6076921.600212552,5251313.929966139,7321156.024978324,95688401.04748155,92618011.87866312,97653144.64429265,71219487.88180318,65329099.42332355,76155674.2978297,101391970.42135009,101300697.47407062,101516243.17240804,1.0139197042135009,1.0130069747407062,1.0151624317240804,1046388.0417547674,458184.4119461773,2014044.9361513006,0.05888846157832459,0.05697487780594393,0.061322346111844485,0.06672061011904762,0.059545634920634916,0.07754563492063492,0.07131758432539682,0.06379861111111111,0.08219246031746032,0.0,0.0,0.0,0.3842013449972207,0.36805418496465275,0.40532211105203336,5708065.222457876,4469789.626267281,7227111.654792299,0.28415364583333336,0.20769742063492064,0.3844375,243558.64901882468,228144.761052099,257258.93633703858,432043.36968298454,373346.1635388572,520503.1637886999,675602.0187018092,601688.9845875305,767880.9138681779,62541.43859312519,60534.648286707925,63825.5847348318,153.07115448893327,148.15950365501308,156.21412236535733,0.00010463621451140462,4.581672578653048e-05,0.0002014027719687694,0.00015728267811639115,7.293259293513449e-05,0.0002928233281970715,1.1437889699899375,1.0031926187924793,1.375279675607988
shared_fee_8131_8279,full_multiscale_60d,3.0,6.0,5619286.0,600000000.0,533959303.1674208,533959303.1674208,transfer payload,floor_optimized_only,"Floor-optimized only: derived F, CPSB=1530",True,False,225000000.0,112500000.0,50,50,1530.0,1.7634340839660732,5.656315259465248,True,0.5,32,7200,50400,8,1.4479558695732846,1530.0,5.656315259465248,0.11295316038895495,352911.6609491433,False,state,73017460.46357158,112500000.00000536,66235747.7973526,6781712.666218981,3.7926557112903807,73529.4117647094,179.96439162423488,47239831.97705312,43424563.07881005,50737208.50958226,4103690.1560262847,3531584.1980354832,4946039.161947551,19336443.90638397,18876455.366904166,19632897.236310177,68401191.98882976,62876850.993618436,73465238.86721276,7236587.091172798,6227715.945211732,8722014.03880929,109373022.7314691,106771182.53642982,111049856.22524911,75637779.08000264,69159527.7080466,81222834.2450774,114095611.8615198,113990119.26646926,114235457.50931261,1.0141832165468427,1.0132455045908377,1.0154262889716676,707868.2044781351,307942.8074453742,1355129.852955504,0.05944632120366386,0.05755198409505564,0.06183002652371109,0.07061073908730159,0.06306646825396825,0.08086507936507936,0.0754408482142857,0.06772916666666666,0.08612599206349207,0.0,0.0,0.0,0.3883857998745704,0.3727683671732043,0.40892400519790395,6854475.604599128,5451313.579342403,8584084.906742938,0.21940104166666669,0.1598125,0.30544146825396823,259854.1728226071,242955.46231730547,274943.4100781261,463524.7723802125,398903.59634780075,558670.754749514,723378.9452028197,641328.0652249937,828688.9052051287,71485.63577220202,69785.08662511753,72581.60537597981,174.96221774196897,170.80009696149162,177.64462058253116,7.963313803168801e-05,3.464226316402054e-05,0.00015245066060716827,0.00011768945900728793,5.419989692254874e-05,0.00021876965827228424,1.1679859746827304,1.023137808079548,1.39568866922839
shared_fee_8131_8279,full_multiscale_60d,3.0,6.0,5619286.0,600000000.0,533959303.1674208,533959303.1674208,transfer payload,floor_optimized_only,"Floor-optimized only: derived F, CPSB=1530",True,False,250000000.0,125000000.0,50,50,1530.0,1.7634340839660732,5.656315259465248,True,0.5,32,7200,50400,8,1.4479558695732846,1530.0,5.656315259465248,0.11295316038895495,257644.57999920848,False,state,76098965.04719184,125000000.00000334,68809492.02887829,7289473.018313562,4.214061901433668,81699.34640523094,199.96043513803457,49289274.5217904,45232833.542289324,53015036.423668794,4455523.443575928,3820777.676579646,5383474.19551749,21729066.734033905,21348679.391835853,21979226.625882853,71368694.35083553,65495146.82498892,76763433.16529234,7857021.902311683,6737689.582137257,9493401.886527307,122906451.7416608,120754861.0134785,124321434.95523448,79225716.253147,72289409.98655677,85342924.9440307,126799683.10957891,126678557.11457878,126954356.50707231,1.0143974648766312,1.0134284569166303,1.0156348520565786,502201.19467131206,217852.47691193878,956009.1760036198,0.059895861251327204,0.057967065083091796,0.06222889757292917,0.07381324404761905,0.06590575396825397,0.08300099206349207,0.07869295634920635,0.07070734126984127,0.08832837301587301,0.0,0.0,0.0,0.3915714027466105,0.3755799504630566,0.41157473335697836,7997355.1648215875,6422056.06718202,9917342.60474581,0.1682725694444444,0.12023511904761905,0.2387361111111111,275191.592486412,257008.30849493702,291455.4481842149,503265.4541389806,431568.91371323937,608080.4242560872,778457.0466253925,687629.2142157351,897697.3680147661,80331.01421023582,78924.74576044347,81255.83984002254,196.61142057226945,193.1695564262992,198.87494584506308,6.277349971465211e-05,2.7230521386337413e-05,0.00011949992805562364,9.121419942109945e-05,4.1836265910145815e-05,0.00016920124976341195,1.187101670991909,1.040717408342264,1.4138007701625244
shared_fee_8131_8279,full_multiscale_60d,3.0,6.0,5619286.0,600000000.0,533959303.1674208,533959303.1674208,transfer payload,floor_optimized_only,"Floor-optimized only: derived F, CPSB=1530",True,False,275000000.0,137500000.0,50,50,1530.0,1.7634340839660732,5.656315259465248,True,0.5,32,7200,50400,8,1.4479558695732846,1530.0,5.656315259465248,0.11295316038895495,193825.34889992862,False,state,79005247.66788714,137499999.99999177,71223775.62858163,7781472.039305506,4.635468091576634,89869.28104574626,219.956478651819,51161825.09244152,46902025.712691315,55076749.334339656,4787936.305931532,4093680.6812218213,5795714.24119426,24079224.188662656,23759626.051914558,24294979.99630842,74080064.94068275,67912063.42556867,79748702.47567414,8443210.073738266,7218936.042140079,10220360.033849416,136199683.21441424,134391935.39662942,137420066.08151975,82523275.0144209,75194039.01361133,89087444.75193743,139501474.74667698,139364918.09684384,139670831.8197258,1.0145561799758327,1.013563040704319,1.015787867779824,370417.5607810516,160567.78540977667,701480.0960268396,0.06022771782580892,0.05825392725550757,0.06252189552173817,0.07611483134920635,0.06828968253968254,0.08526785714285715,0.08099082341269842,0.07287797619047619,0.09099206349206349,0.0,0.0,0.0,0.39376962004381166,0.3778157007453695,0.4134128052626462,9097536.532411553,7340968.171098057,11274517.879827937,0.13213789682539684,0.09307142857142857,0.18912599206349207,289636.47905683296,270385.5177648644,306853.0510556688,540812.5374959847,462394.1705672148,654644.2402541656,830449.0165528178,731841.9800108991,961974.0805325641,89019.40079373479,87837.86627230681,89817.03665458807,217.87638336972802,214.98455904761542,219.82860968285934,5.093103979221966e-05,2.2077215003835525e-05,9.64524699454066e-05,7.287629039461219e-05,3.334950720452481e-05,0.00013486009585128987,1.2001206872641792,1.0488265727589177,1.426487327478055
shared_fee_8131_8279,full_multiscale_60d,3.0,6.0,5619286.0,600000000.0,533959303.1674208,533959303.1674208,transfer payload,floor_optimized_only,"Floor-optimized only: derived F, CPSB=1530",True,False,300000000.0,150000000.0,64,64,1530.0,2.161501805529043,5.656315259465248,True,0.5,32,7200,50400,8,1.4479558695732846,1530.0,5.656315259465248,0.11295316038895495,149473.1157370768,False,state,83163781.00113425,149999999.9999987,73501735.5231773,9662045.477956943,5.056874281720223,98039.21568627366,239.95252216563298,52862187.43486661,48442371.02076453,56925246.93126091,4861818.492351089,4153038.6153232157,5884593.187349654,26353926.91107985,26047564.28951483,26566238.0961209,76542114.5747982,70142415.45556295,82425245.42102724,10508829.449371353,8976800.465452952,12719558.799260046,149066118.93396097,147333235.362674,150267017.92966193,87050944.02416964,79200039.23461497,94110156.18667929,152195634.49253282,152045226.5763045,152380778.6881864,1.0146375632835518,1.01363484384203,1.0158718579212427,282744.9126600396,122585.83553360982,533167.9343635509,0.06040022351485772,0.05838823375551414,0.06268822695316022,0.07722098214285714,0.06981547619047619,0.0863998015873016,0.08220486111111111,0.07419345238095239,0.09220039682539682,0.0,0.0,0.0,0.39479019576434066,0.3786851364989179,0.4143880010871002,10081958.68343737,8143029.476348239,12491434.521365952,0.11529947916666666,0.07995436507936508,0.1654404761904762,303123.9330554976,283085.8197985631,321039.23397960246,549157.7639485197,469098.83681812655,664683.398114457,852281.6970040173,751252.3215795883,987102.2525569352,97428.83590454968,96296.23226318562,98213.73720892936,238.4586080509764,235.6865428273117,240.37966633687387,4.2410563430701226e-05,1.83871416141157e-05,7.997428496672906e-05,6.007810026823437e-05,2.7525251691169525e-05,0.00011085792951329088,1.205288519442445,1.0512197947652888,1.4306450309525705
shared_fee_8131_8279,full_multiscale_60d,3.0,6.0,5619286.0,600000000.0,533959303.1674208,533959303.1674208,transfer payload,floor_optimized_only,"Floor-optimized only: derived F, CPSB=1530",True,False,325000000.0,162500000.0,64,64,1530.0,2.161501805529043,5.656315259465248,True,0.5,32,7200,50400,8,1.4479558695732846,1530.0,5.656315259465248,0.11295316038895495,117693.76672129458,False,state,85868368.80592386,162500000.00000328,75661538.49123295,10206830.31469092,5.478280471863733,106209.15032679953,259.9485656794432,54495677.99738879,49913650.82864934,58707664.35400091,5154693.783275615,4396192.756071304,6246833.9539615875,28663419.795185618,28395228.263225917,28853959.270727985,78907336.82269491,72272763.68917368,85006107.1903134,11141879.919499593,9502378.579701718,13502542.870328005,162129338.77596182,160612362.92127815,163207090.11899963,90049216.7421945,81862648.29409927,97472179.0120913,164894704.13384902,164729181.23890886,165094449.9431652,1.0147366408236864,1.0137180383932853,1.0159658458040937,220123.3512216695,95487.5310040543,414990.4892159253,0.06060569162562311,0.05856976698846391,0.06287693871902723,0.07855406746031746,0.07142757936507937,0.0879236111111111,0.08353360615079365,0.07572619047619047,0.0934920634920635,0.0,0.0,0.0,0.3960433612880822,0.379809242065841,0.4154945760579388,11134152.77028272,9009184.661844324,13795693.41325365,0.09516989087301587,0.0653095238095238,0.1371845238095238,316405.85452152306,295535.3051633926,335048.43978778535,582238.9536582797,496563.8654772839,705599.6375249928,898644.8081798027,791172.8785784879,1043430.8332991336,105966.88808886394,104975.40060214259,106671.3007313723,259.3556250422582,256.9289438262868,261.07968606245373,3.576903845904108e-05,1.5516100012509618e-05,6.743616733503784e-05,5.003418238078094e-05,2.292154420288859e-05,9.213656940209648e-05,1.2124653684526188,1.0550562182920702,1.4377661001065989
shared_fee_8131_8279,full_multiscale_60d,3.0,6.0,5619286.0,600000000.0,533959303.1674208,533959303.1674208,transfer payload,floor_optimized_only,"Floor-optimized only: derived F, CPSB=1530",True,False,350000000.0,175000000.0,64,64,1530.0,2.161501805529043,5.656315259465248,True,0.5,32,7200,50400,8,1.4479558695732846,1530.0,5.656315259465248,0.11295316038895495,94328.02942269108,False,state,88456313.54146113,175000000.00001046,77717743.53039083,10738570.0110703,5.899686662007331,114379.0849673271,279.94460919325763,56037042.67401981,51306629.91993786,60402066.837328374,5437939.0191487465,4632351.766444724,6596692.692751828,30958947.59107984,30721308.886211928,31131906.967624966,81139164.85337538,74289735.94059862,87459527.21146657,11754115.008246839,10012836.707015984,14258763.165903214,175113567.676419,173769408.24383423,176091880.43724024,92893279.86162236,84396148.36057805,100645524.2587063,177592299.42532682,177411693.1000153,177806561.18192965,1.0148131395732962,1.013781103428659,1.0160374924681694,174895.08212363633,75928.62625804872,330201.43270351074,0.060770061160162064,0.05871651136317091,0.06304021214035517,0.07958829365079365,0.07264880952380953,0.08913095238095238,0.08461991567460318,0.07691964285714285,0.09464087301587301,0.0,0.0,0.0,0.3970181127045902,0.380700178023818,0.4164047257062735,12168439.167944007,9854605.956989901,15075145.438225735,0.08009796626984127,0.055304563492063495,0.11563988095238095,329243.9919534966,307623.5876890917,348541.56049134297,614232.3982152648,523238.77205328963,745117.2877610443,943476.3901687613,829941.2396793065,1097593.0879017247,114453.31220680979,113574.776629957,115092.73231192172,280.12628152919575,277.9760518889194,281.69127229203497,3.060574696998605e-05,1.3286946600602346e-05,5.778541130281197e-05,4.232158919420101e-05,1.9386279737912885e-05,7.776055280793956e-05,1.2177633309590297,1.0578598968864261,1.442969003839958
shared_fee_8131_8279,full_multiscale_60d,3.0,6.0,5619286.0,600000000.0,533959303.1674208,533959303.1674208,transfer payload,floor_optimized_only,"Floor-optimized only: derived F, CPSB=1530",True,False,359634304.0,179817152.0,64,64,1530.0,2.161501805529043,5.656315259465248,True,0.5,32,7200,50400,8,1.4479558695732846,1530.0,5.656315259465248,0.11295316038895495,86980.77679364083,False,state,89425354.40921809,179817152.00000554,78485084.93699026,10940269.472227827,6.06208487574008,117527.550326801,287.650527673618,56609526.95518505,51824932.58213765,61031781.94668158,5544846.492650914,4721713.323954433,6727992.791304464,31840753.092405237,31613207.23856639,32007885.809127606,81968096.82852739,75040215.32254551,88371326.90021421,11985195.705246333,10205991.874918085,14542568.565990869,180101337.58944395,178814266.5041484,181046692.9253996,93953292.53377353,85341970.3286295,101825050.19536099,182485684.5234608,182299407.30472785,182705555.35029042,1.014840255747465,1.0138043299936583,1.0160630024342194,160818.28462849784,69840.85407334182,303755.10707902984,0.06082416312595653,0.058765176846273144,0.06309385124747645,0.07991753472222221,0.07307738095238095,0.08953373015873016,0.08496155753968254,0.07725793650793651,0.09500992063492064,0.0,0.0,0.0,0.39733759263558033,0.3809924879801629,0.416718156834223,12563392.258356906,10172581.873649001,15562774.234042816,0.07510478670634921,0.05173214285714286,0.10838690476190475,334088.94521165115,312197.53735734563,353623.0183386848,626307.935216533,533332.4423912907,759948.0488519458,960396.880428184,844610.3909801766,1117963.350438118,117713.29254212024,116872.0696105545,118331.17184666642,288.1051346666105,286.04622831245626,289.61740398131246,2.891704525246963e-05,1.2558057924266555e-05,5.4620536783869e-05,3.982004517765663e-05,1.823937232889731e-05,7.310984301472536e-05,1.2194423167951107,1.0587429900085779,1.4446010848789603
shared_fee_8131_8279,full_multiscale_60d,3.0,6.0,5619286.0,600000000.0,533959303.1674208,533959303.1674208,transfer payload,floor_optimized_only,"Floor-optimized only: derived F, CPSB=1530",True,False,375000000.0,187500000.0,67,67,1530.0,2.2871073920400034,5.656315259465248,True,0.5,32,7200,50400,8,1.4479558695732846,1530.0,5.656315259465248,0.11295316038895495,76764.77445877087,False,state,91441518.69822547,187500000.00001308,79682221.25328617,11759297.444939297,6.321092852150774,122549.01960785169,299.94065270706477,57492837.31542909,52628206.58458432,61995581.59581184,5636917.315217359,4798776.805550795,6840129.949763944,33232950.2727621,33011794.83149655,33397294.05388749,83247091.24929754,76203320.62926409,89766866.25926556,12892235.259951916,10975317.904725386,15644111.770619245,187976043.74489063,186725118.8477437,188905623.98186857,96139326.5092493,87282317.89677292,104245450.25109857,190287813.83180583,190092758.2952762,190517037.62829778,1.0148683404362977,1.013828044241473,1.0160908673509215,141477.76557364134,61470.49696380318,267311.9884035457,0.06088468162062824,0.05881616567911747,0.06315567166099602,0.08026537698412697,0.0734236111111111,0.08987996031746032,0.08532862103174603,0.07754960317460317,0.09538988095238095,0.0,0.0,0.0,0.3976784214016681,0.38124251770396206,0.41709937329981644,13167146.756706377,10660619.973844653,16306153.560124487,0.06997271825396825,0.048088293650793645,0.10125892857142857,341647.78759708675,319366.99499978195,361519.11708933744,636707.6256050237,542037.0061881758,772614.2952969811,978355.4132021104,860486.162258227,1138897.5994352389,122860.15931038605,122042.56133839456,123467.72809272454,300.70217202202844,298.70108812796036,302.1892061714829,2.6526296449007787e-05,1.1525223244182083e-05,5.0121132066167975e-05,3.633998011331045e-05,1.6649662499284635e-05,6.664427046914492e-05,1.2210298677498725,1.0595514193194293,1.445956606781292
shared_fee_8131_8279,full_multiscale_60d,3.0,6.0,5619286.0,600000000.0,533959303.1674208,533959303.1674208,transfer payload,floor_optimized_only,"Floor-optimized only: derived F, CPSB=1530",True,False,400000000.0,200000000.0,72,72,1530.0,2.5297123127871743,5.656315259465248,True,0.5,32,7200,50400,8,1.4479558695732846,1530.0,5.656315259465248,0.11295316038895495,63308.22922671631,False,state,94848706.32025363,199999999.99998695,81564794.00591955,13283912.31433408,6.742499042293249,130718.95424835748,319.93669622082587,58876323.64744315,53888275.34326076,63501072.09578462,5762170.1636684425,4903938.8537584515,6992061.610909571,35490802.40506847,35276240.21502163,35653481.28224914,85250318.40421152,78027844.58445527,91946750.06528817,14576632.811406948,12405554.499508103,17687904.348884575,200747167.21445945,199533535.82479364,201667330.2298492,99826951.21561839,90540099.21590199,108324898.96376039,202980443.45565385,202771314.79800475,203225146.9932316,1.0149022172782693,1.0138565739900238,1.016125734966158,116193.75544512583,50519.360257499015,219618.88686990543,0.06096441007312787,0.05888233024631242,0.06323788922462176,0.08069816468253968,0.07381349206349205,0.09035019841269841,0.08586867559523809,0.07817956349206348,0.09590575396825396,0.0,0.0,0.0,0.3981285229919229,0.38153937922483094,0.4176327661526149,14137050.970003184,11445580.342533771,17497741.79915044,0.06357762896825397,0.04346428571428571,0.09191567460317461,353689.84738331626,330812.570015977,374075.5475170155,650855.3306852924,553915.3918862062,789775.4565865234,1004545.1780686087,883811.5248526868,1169043.082256642,131207.29883298004,130414.0757024795,131808.7125685289,321.1319272714402,319.1905011852422,322.60389684708224,2.3238034844380308e-05,1.0103413233863621e-05,4.392387184873224e-05,3.160080700475168e-05,1.4484715163161922e-05,5.785815790216641e-05,1.2229381245538191,1.0605615131643455,1.4474720026679058
shared_fee_8131_8279,full_multiscale_60d,3.0,6.0,5619286.0,600000000.0,533959303.1674208,533959303.1674208,transfer payload,floor_optimized_only,"Floor-optimized only: derived F, CPSB=1530",True,False,425000000.0,212500000.0,76,76,1530.0,2.741198959017473,5.656315259465248,True,0.5,32,7200,50400,8,1.4479558695732846,1530.0,5.656315259465248,0.11295316038895495,52824.37891763159,False,state,98104836.8417305,212499999.9999876,83373693.53520703,14731143.306523465,7.163905232436627,138888.88888888079,339.9327397346298,60204159.10005612,55097942.87555953,64945269.33003825,5901579.765250056,5021166.658710402,7161526.86817541,37747837.03550653,37539530.24474558,37908618.53851075,87172965.54165027,79779389.78808005,94037883.92744802,16177404.30906203,13764016.817910125,19631169.99601804,213513666.63573387,212335417.7565019,214423097.50461778,103350369.85071218,93627891.51129575,112222907.41005684,215673342.50969142,215450219.27572104,215933259.9716095,1.014933376516195,1.0138833848269226,1.0161565175134564,96608.35162166288,42031.187613092574,182653.55287205614,0.06103424692489113,0.058942282399398846,0.06330919208716622,0.08111979166666666,0.07418650793650794,0.09070634920634921,0.08629340277777778,0.07861210317460318,0.09638789682539683,0.0,0.0,0.0,0.39854317763747066,0.3818319070175306,0.41812177468075623,15106971.513277005,12231216.373593243,18687800.262755413,0.05808035714285714,0.03975694444444444,0.0839186507936508,365483.57689283736,342035.020496876,386361.2012148968,666602.0857725007,567156.6429409891,808917.0929708274,1032085.662665338,908275.3859661709,1200877.192296663,139551.41610178683,138781.3187950993,140145.81536249528,341.55428550717966,339.6694602384427,343.0090870453395,2.052862339422066e-05,8.931203804557984e-06,3.8813946767505854e-05,2.7722071562281677e-05,1.2709870440935874e-05,5.069011459837892e-05,1.2246164789285416,1.0614783633016482,1.4488735959434245
shared_fee_8131_8279,full_multiscale_60d,3.0,6.0,5619286.0,600000000.0,533959303.1674208,533959303.1674208,transfer payload,floor_optimized_only,"Floor-optimized only: derived F, CPSB=1530",True,False,450000000.0,225000000.0,81,81,1530.0,3.0271211899142436,5.656315259465248,True,0.5,32,7200,50400,8,1.4479558695732846,1530.0,5.656315259465248,0.11295316038895495,44535.26644046533,False,state,101652597.41564925,225000000.00000715,85115895.78368536,16536701.631963894,7.5853114225806415,147058.82352941643,359.928783248464,61477044.01751429,56259720.44011095,66325058.625472054,6001655.211462297,5105597.704796681,7282098.080097336,39995776.12998182,39787377.82128309,40158893.09595942,89016046.72917505,81461592.43181045,96035757.9365449,18167737.665176723,15455262.999367522,22043793.40529656,226228718.83816066,225049952.30462116,227151359.82189745,107183784.39435169,96970404.61414401,116461180.0056541,228364413.9689967,228127697.71026233,228640190.87569168,1.0149529509733188,1.013900878712277,1.0161786261141852,81237.02637224433,35363.223989049526,153607.16025587128,0.06108473862946071,0.05898319034518291,0.06336156629208588,0.08144407242063492,0.07437103174603174,0.0911954365079365,0.08660280257936509,0.07888392857142858,0.0966279761904762,0.0,0.0,0.0,0.39884850098998126,0.3819976457861497,0.4185165189079759,16060531.304521091,13006364.530106485,19855493.468042318,0.054410962301587304,0.03694543650793651,0.07829861111111111,377010.631678639,353030.5881990399,398343.3664185351,677905.9236995081,576693.3964313797,822535.9924093352,1054916.555378147,928805.7597069308,1226669.3418014639,147861.90773735993,147091.47209452363,148464.9410600637,361.8943444767798,360.00869112499817,363.37027801745324,1.827772713836814e-05,7.956326372699941e-06,3.456164760150861e-05,2.45420080062676e-05,1.1256552129540505e-05,4.48195735121227e-05,1.2256286771744085,1.0620066715183707,1.4495997230178137
shared_fee_8131_8279,full_multiscale_60d,3.0,6.0,5619286.0,600000000.0,533959303.1674208,533959303.1674208,transfer payload,floor_optimized_only,"Floor-optimized only: derived F, CPSB=1530",True,False,475000000.0,237500000.0,85,85,1530.0,3.274452060763763,5.656315259465248,True,0.5,32,7200,50400,8,1.4479558695732846,1530.0,5.656315259465248,0.11295316038895495,37895.07442306996,False,state,105028841.89058116,237500000.00000367,86797370.73081948,18231471.15976169,8.006717612723879,155228.75816993703,379.9248267622614,62705521.90822601,57380744.16314895,67657154.99976651,6119514.055545964,5205063.2842001505,7424807.222102881,42244623.16518243,42037113.73956216,42409359.658582605,90794828.50167203,83084785.31151485,97964574.7005417,20038055.410055265,17043730.19735497,24312175.309188258,238948906.63960686,237775167.90898657,239880708.1810183,110832883.91172734,100153642.38760805,120497174.54043716,241055306.75567842,240804666.45095918,241346492.80396414,1.0149697126554882,1.01391438505667,1.0161957591745858,68961.90720573647,30036.12091315373,130410.56789507013,0.0611315295194782,0.05902293136463661,0.06340957047892375,0.08172743055555555,0.07458928571428572,0.09147519841269841,0.08690724206349207,0.07924900793650794,0.09681051587301587,0.0,0.0,0.0,0.3991503912832285,0.382194835919165,0.4188927413741666,17016730.257520948,13782372.74659849,21025402.699998282,0.05099020337301587,0.03417559523809524,0.0732063492063492,388343.56452498573,363848.46174270834,410117.14174121694,691218.4526185475,587928.3479749202,838655.4410152577,1079562.017143533,950856.524101361,1254781.9079802015,156175.75597359927,155408.6064764618,156784.77658890086,382.2426187792969,380.36500832079133,383.7332063127602,1.637788788380284e-05,7.133196367068911e-06,3.097252416189069e-05,2.186988832165556e-05,1.0033654971852652e-05,3.989756328302971e-05,1.2265965066831144,1.0625363222452804,1.4503352161786496
shared_fee_8131_8279,full_multiscale_60d,3.0,6.0,5619286.0,600000000.0,533959303.1674208,533959303.1674208,transfer payload,floor_optimized_only,"Floor-optimized only: derived F, CPSB=1530",True,False,500000000.0,250000000.0,89,89,1530.0,3.536166747247089,5.656315259465248,True,0.5,32,7200,50400,8,1.4479558695732846,1530.0,5.656315259465248,0.11295316038895495,32513.150702776144,False,state,108459606.19669765,250000000.00000274,88423272.13360794,20036334.063089706,8.428123802867203,163398.6928104593,399.9208702760628,63891308.352643706,58463524.06093693,68941554.90867841,6229402.153846668,5297945.069578892,7557635.781405399,44490430.258927315,44281801.679157585,44658094.83016987,92511794.94392723,84652602.81997211,99824329.08753078,22028204.751662046,18734417.18378651,26725060.338010628,251651899.57375813,250471830.55444592,252600263.24655172,114539999.69558892,103381085.36330427,124597661.34331116,253745753.57947177,253481350.36707377,254052892.4559765,1.014983014317887,1.013925401468295,1.016211569823906,59052.968834612715,25732.535551003977,111679.0787493262,0.0611695567076468,0.05905411925744673,0.06344893418195802,0.08194878472222221,0.07474801587301587,0.09178869047619047,0.08716517857142858,0.07948115079365078,0.09699900793650794,0.0,0.0,0.0,0.39941339233864925,0.38235814239926463,0.4192256363022526,17967764.235602185,14548794.822068337,22187594.291455075,0.04827628968253968,0.03192757936507937,0.06903571428571428,399479.75058817276,374493.4894758077,421673.51824574027,703630.6606107441,598419.6391760176,853658.8465783888,1103110.4111989168,971988.8802725733,1281493.2732619073,164478.36573448242,163707.0787937555,165098.21127225604,402.5633867366424,400.6756498198858,404.0804684380897,1.4762713448373984e-05,6.4327707841288485e-06,2.7919763507263084e-05,1.961605356851974e-05,9.002081563077386e-06,3.5752385528028785e-05,1.227331206061284,1.062933419926909,1.4508630586985123
shared_fee_8131_8279,full_multiscale_60d,3.0,6.0,5619286.0,600000000.0,533959303.1674208,533959303.1674208,transfer payload,floor_optimized_only,"Floor-optimized only: derived F, CPSB=1530",True,False,525000000.0,262500000.0,94,94,1530.0,3.885833754446056,5.656315259465248,True,0.5,32,7200,50400,8,1.4479558695732846,1530.0,5.656315259465248,0.11295316038895495,28104.879612834324,False,state,112276945.22751617,262499999.99998045,89998083.87911603,22278861.348400142,8.849529993009808,171568.62745096762,419.91691378983006,65035125.220556326,59509708.08423734,70176677.98083818,6303383.8400966,5360872.998946173,7645762.594751438,46727751.90025826,46512133.805335745,46902689.966162175,94167991.29153794,86167431.11716367,101612732.78950854,24493901.693077214,20831461.252603516,29710162.36916658,264306896.11393905,263087292.19341028,265296400.96557313,118661892.98461506,106951761.95610815,129155293.32767653,266435674.59647542,266157497.4023405,266759397.73576432,1.014993046081811,1.0139333234374877,1.016226277088626,50979.07671170225,22221.718813228792,96399.6162964501,0.06119226451965503,0.059068899744233426,0.06347378930404066,0.08212115575396825,0.07483333333333334,0.09199801587301587,0.0873406498015873,0.07964186507936508,0.09715773809523809,0.0,0.0,0.0,0.3995883744710935,0.38240830637562273,0.4194757168205873,18903322.000683915,15306750.322787153,23329618.47883433,0.04662388392857143,0.03015674603174603,0.06626190476190476,410408.2110110587,384963.3472382894,432993.13808151433,711987.1258835781,605527.547674785,863613.0486608315,1122395.3368946367,989560.9646171822,1302737.8210844232,172749.60530322813,171952.4785577845,173396.3405003746,422.8073756554011,420.85639541024125,424.3902702210326,1.3381523196289972e-05,5.832866586229341e-06,2.530489182998023e-05,1.7713157704105557e-05,8.132532739891771e-06,3.2254803538724105e-05,1.227609120254202,1.0630588284619742,1.4508880610674137
shared_fee_8131_8279,full_multiscale_60d,3.0,6.0,5619286.0,600000000.0,533959303.1674208,533959303.1674208,transfer payload,floor_optimized_only,"Floor-optimized only: derived F, CPSB=1530",True,False,533959303.1674208,266979651.5837104,96,96,1530.0,4.032547620151323,5.656315259465248,True,0.5,32,7200,50400,8,1.4479558695732846,1530.0,5.656315259465248,0.11295316038895495,26719.968495497193,False,state,113742390.1831887,266979651.5837113,90550783.97764835,23191606.20554035,9.000550225575381,174496.50430307927,427.0829384294267,65435431.58575786,59876250.934679404,70608105.97583571,6322517.271664839,5377288.911697196,7668161.232984291,47527414.03089394,47307918.23822435,47705920.14557807,94747617.24265933,86698168.98891138,102237421.48716348,25495851.977217663,21684173.603730466,30922225.331007484,268830037.22585773,267588499.824395,269839724.08625585,120243469.21987703,108317840.16602917,130903873.41785629,270982791.181607,270699983.07570785,271311890.94398594,1.014994174927378,1.0139348878085974,1.016226852251012,48450.76665584536,21121.412070890387,91611.90085550204,0.06119752872083828,0.059070907077755724,0.06348000141896529,0.08216331845238095,0.07484623015873015,0.09203075396825397,0.08736793154761904,0.07960912698412698,0.0971795634920635,0.0,0.0,0.0,0.3996311021946536,0.38240019168266476,0.4195465908369337,19234763.780434027,15576071.336708361,23733694.361458182,0.04628038194444445,0.029802579365079365,0.06571527777777778,414276.6341657889,388674.6780718438,436994.92685690254,714148.3074482963,607381.7769006824,866143.0456376412,1128424.9416140853,995124.0673074945,1309213.3055066422,175705.90668356715,174894.44432966996,176365.8327361149,430.04296977484086,428.05690290254785,431.65814916650766,1.2934894874672751e-05,5.6386610572849796e-06,2.4458499285136342e-05,1.7102910412216155e-05,7.853984753099019e-06,3.113334224321774e-05,1.2276050183273164,1.0630373683846333,1.4508287996763565
shared_fee_8131_8279,full_multiscale_60d,3.5,5.5,6775042.0,550000000.0,643782271.4932127,550000000.0,execution,floor_optimized_only,"Floor-optimized only: derived F, CPSB=1530",True,False,50000000.0,25000000.0,40,40,1530.0,1.5887467517058966,5.656315259465248,True,0.5,32,7200,50400,8,1.4479558695732846,1530.0,5.656315259465248,0.11295316038895495,1495122567.2146773,False,regular,24999999.99999956,6864314.637069767,24079297.73687559,920702.263123971,0.2314131743322273,4486.480154947561,10.98073073402251,16693542.912644766,16536306.82300012,16826993.29138322,574762.0203793319,508192.4354192958,687688.3192955817,1226800.1639968418,999504.1333937186,1523359.7710875561,24171513.444337524,23943842.525427613,24364743.70352863,913151.2928815822,807389.0810139042,1092562.583466936,6939168.487929786,5653510.481613487,8616603.118857985,25084664.737219118,24903613.785482425,25205981.47438822,25262687.170203425,25241748.142695874,25292521.50336685,1.010507486808137,1.009669925707835,1.011700860134674,2866523225.6400576,1340440093.7245994,6557557041.851894,0.05102639289225475,0.04893287353682743,0.05327173211797638,0.02807167658730159,0.02175,0.03412400793650794,0.03387586805555556,0.026855158730158733,0.041123015873015874,0.0,0.0,0.0,0.31867940524972826,0.30267045970828244,0.33619498960118827,112504.49408556029,71029.30835707835,156163.93419471095,0.9796236359126984,0.9581607142857143,0.9917142857142858,77225.32850309114,76476.39371382528,78014.88927375698,64921.186673386466,57401.94166636935,77676.56902700469,142146.5151764776,134818.44917829233,154333.19815758205,4535.404240476984,3695.1048899434554,5631.766744351624,11.100473202740321,9.043827327686737,13.783837672468339,0.07166329992467396,0.0335085544137872,0.16393783864225459,0.08726850764216705,0.04212648954370204,0.19362298439206832,1.0631801866297623,0.8158196744767786,1.4146891719068153
shared_fee_8131_8279,full_multiscale_60d,3.5,5.5,6775042.0,550000000.0,643782271.4932127,550000000.0,execution,floor_optimized_only,"Floor-optimized only: derived F, CPSB=1530",True,False,75000000.0,37500000.0,40,40,1530.0,1.5887467517058966,5.656315259465248,True,0.5,32,7200,50400,8,1.4479558695732846,1530.0,5.656315259465248,0.11295316038895495,59701321.94696217,False,regular,37500000.000000075,20182225.954283174,35572094.90579661,1927905.094203467,0.6803931958405457,13190.997355740637,32.28517347097993,24106616.317220785,23592069.348602038,24476463.54826146,1151584.461187324,1027203.1749297477,1386562.034730657,3252537.2459819578,2739414.6090700813,3856615.450005637,34905316.592071004,34160275.28868814,35440839.06110151,1829576.072026345,1631965.7075116278,2202895.9287170474,18397376.05642677,15494992.655285057,21814232.81975617,36734892.664097264,35934302.731521636,37253646.27984537,37903804.79264616,37870897.1104167,37948391.83706959,1.0107681278038976,1.009890589611112,1.0119571156551892,135153105.46198893,63685698.36373513,290676028.4416462,0.05169702647113893,0.0494938021361874,0.05421744516782322,0.030959201388888885,0.02480059523809524,0.03878472222222222,0.03708891369047619,0.02992261904761905,0.04561210317460317,0.0,0.0,0.0,0.3235848744931947,0.30645159724034127,0.3430448973752503,343036.86125103256,182892.899735421,554440.107247763,0.9156287202380953,0.8647410714285715,0.9512420634920635,115383.81985250313,113807.27613696695,117192.79248164927,130075.10434592009,116025.84496988355,156616.56389816763,245458.92419842322,232015.94127608946,271606.6071772882,12024.428795050175,10127.446179924873,14257.668509644554,29.42997857312845,24.787083790490932,34.895867894725775,0.005068242207853335,0.002388088174950091,0.010900324915796754,0.007109273937377064,0.0035440037591872643,0.014699826013943674,1.032766459591425,0.7826811927196112,1.4710752501821796
shared_fee_8131_8279,full_multiscale_60d,3.5,5.5,6775042.0,550000000.0,643782271.4932127,550000000.0,execution,floor_optimized_only,"Floor-optimized only: derived F, CPSB=1530",True,False,100000000.0,50000000.0,40,40,1530.0,1.5887467517058966,5.656315259465248,True,0.5,32,7200,50400,8,1.4479558695732846,1530.0,5.656315259465248,0.11295316038895495,6244364.927759717,False,regular,50000000.00000078,42983499.114447705,46763423.50596405,3236576.494036737,1.4490810080679764,28093.790270880854,68.75999349344045,30339468.49927588,29150702.9275722,31284552.70641291,1783418.1499674595,1595924.6985379457,2160210.476630983,5936265.6645889925,5193980.478770508,6690747.017981333,43930211.49326028,42208931.4061654,45298651.71822537,2833399.79269414,2535520.180769384,3432027.3777485117,33577390.062854625,29378791.039434426,37844974.455029875,46763611.28595443,44885197.5024824,48205039.0818975,50568731.93357641,50522889.93626802,50629283.0654247,1.0113746386715285,1.0104577987253605,1.012585661308494,21182440.277356118,10222524.242373576,42902402.28354968,0.05319264072575207,0.05100754722343043,0.05560435330572519,0.035757068452380955,0.028955357142857144,0.043680555555555556,0.041857018849206354,0.03491964285714286,0.05043154761904762,0.0,0.0,0.0,0.33641904002192236,0.31859792257480746,0.35797330070021816,941052.0412963551,552750.2402284013,1465076.1850074676,0.8039775545634921,0.7170009920634921,0.8723402777777778,150009.8516338886,146081.43069905293,153477.84445501186,201442.71633384775,180264.73844265114,244002.60044080025,351452.5679677364,329155.8252101928,394182.0310787429,21946.00657702917,19201.82420878067,24735.277421588155,53.71319622214199,46.99676672059633,60.53998047852299,0.00105911265623802,0.000511091989568185,0.002145025999070288,0.0016228753835613886,0.0008131962960440123,0.0032454563943671907,1.1342294355179061,0.8039515166923537,1.628054636624685
shared_fee_8131_8279,full_multiscale_60d,3.5,5.5,6775042.0,550000000.0,643782271.4932127,550000000.0,execution,floor_optimized_only,"Floor-optimized only: derived F, CPSB=1530",True,False,125000000.0,62500000.0,40,40,1530.0,1.5887467517058966,5.656315259465248,True,0.5,32,7200,50400,8,1.4479558695732846,1530.0,5.656315259465248,0.11295316038895495,2041657.8574558252,False,state,57729475.37077761,62500000.00000275,53546380.709798254,4183094.660979354,2.1070309507168705,40849.67320261618,99.980217569019,35310351.550104424,33345868.440642986,36951444.08799509,2387297.29876471,2106288.750097692,2900833.93348741,8837379.851717863,8007125.875514349,9558701.94849068,51127830.783669695,48283345.93464702,53504060.35642109,3792810.828768681,3346359.4098723587,4608690.489066343,49987006.50896317,45290828.27413178,54067031.69192932,54920641.61243862,51757024.63320422,57324441.98657882,63262507.018608764,63207711.68497063,63336547.53805678,1.0122001122977402,1.0113233869595302,1.0133847606089086,6612206.967638401,3185178.979489756,12947202.390939774,0.05511312374494781,0.05306837780220058,0.05776372430519954,0.043196924603174605,0.03534722222222222,0.053624007936507935,0.04884796626984127,0.04082043650793651,0.05883531746031746,0.0,0.0,0.0,0.35278388457078674,0.3349293255860509,0.37691033740357044,1930865.210528294,1276423.8954246445,2771727.4584597843,0.6633252728174603,0.5520892857142857,0.759172619047619,179595.90217240178,172155.56734532845,184689.7160332265,269652.77468348923,237911.97101523605,327658.3605509265,449248.6768558909,417133.3694483899,507909.4917910237,32671.246084289654,29601.84854518417,35337.92921041132,79.9633885822382,72.45098983565717,86.49013746991842,0.00041325619501785015,0.0001990592427273088,0.0008092026631438895,0.0006494851236536933,0.00032842893317928116,0.001250053157896306,1.1000830411207914,0.8475040713479486,1.4592154316267618
shared_fee_8131_8279,full_multiscale_60d,3.5,5.5,6775042.0,550000000.0,643782271.4932127,550000000.0,execution,floor_optimized_only,"Floor-optimized only: derived F, CPSB=1530",True,False,150000000.0,75000000.0,40,40,1530.0,1.5887467517058966,5.656315259465248,True,0.5,32,7200,50400,8,1.4479558695732846,1530.0,5.656315259465248,0.11295316038895495,1184472.6608413283,False,state,61937595.20186268,75000000.00000046,57197805.08629793,4739790.115564752,2.528437140860149,49019.60784313756,119.97626108281827,39222582.557115264,36591873.494561225,41543629.3366502,2927361.8243098985,2575965.807601916,3550667.6987891244,11679125.941473417,10898649.458524527,12273248.397138482,56792568.63339778,52983418.005133085,60153341.94138001,4650836.5894402005,4092557.3093329733,5641111.772838234,66060818.27996893,61646197.239811055,69421362.19193693,61443405.22283795,57146353.5329639,64853954.7938563,75971188.07228805,75899310.78665815,76063874.74928091,1.012949174297174,1.0119908104887754,1.0141849966570788,3004050.054196685,1399624.8606242149,5698411.567448127,0.0567873632807077,0.054798629006318586,0.05936159341129574,0.05229724702380953,0.042962301587301584,0.06327480158730159,0.057171378968253965,0.0477172619047619,0.06801289682539682,0.0,0.0,0.0,0.3669997535861659,0.35002882804297875,0.39042571240900686,3162324.741317883,2268297.76306579,4291948.59765222,0.5140804811507936,0.40011111111111114,0.6237628968253968,204335.40739129158,193677.85784974645,213309.25640715266,330654.7696577798,290963.4790225231,401059.1380692096,534990.1770490713,487699.9128969621,605922.9227224638,43177.005411744394,40291.63218288304,45373.43934113524,105.67639975069488,98.61440339741915,111.05220633419549,0.00022529909690619684,0.0001049694902539798,0.00042737911578337077,0.0003515220624289926,0.00017148283515552602,0.000642286607304498,1.0692317594310135,0.8822451196248502,1.331965608620116
shared_fee_8131_8279,full_multiscale_60d,3.5,5.5,6775042.0,550000000.0,643782271.4932127,550000000.0,execution,floor_optimized_only,"Floor-optimized only: derived F, CPSB=1530",True,False,175000000.0,87500000.0,40,40,1530.0,1.5887467517058966,5.656315259465248,True,0.5,32,7200,50400,8,1.4479558695732846,1530.0,5.656315259465248,0.11295316038895495,747485.4019818847,False,state,65746518.5141173,87500000.00000663,60478631.076628886,5267887.437488413,2.9498433310037124,57189.54248366447,139.97230459663106,42364088.71489194,39218000.548717804,45218160.98432749,3401995.8709979225,2961958.374756348,4111189.1939777685,14367402.554399546,13701741.940812947,14824287.669641836,61341330.91385129,56785934.087444335,65473901.60856707,5404909.88936481,4705801.746582257,6531638.4775805045,81266558.30733225,77501372.02107742,83850844.55650143,66746240.80321604,61549536.85636825,70974284.43279007,88682536.39735112,88599357.35275154,88790609.16471033,1.0135147016840125,1.0125640840314463,1.0147498190252608,1672235.5008831052,744473.9649768885,3222789.829929917,0.058021085537381105,0.05612204185571464,0.0605209912385393,0.06055121527777778,0.05234325396825397,0.07140873015873016,0.06514508928571427,0.056595238095238094,0.07584623015873015,0.0,0.0,0.0,0.3772746663352688,0.36076293207893495,0.39940653865375625,4452953.573514976,3359387.2143126973,5732969.93310189,0.38358010912698415,0.2848998015873016,0.4958531746031746,225267.74673725074,211923.22038400616,236996.23865762888,384266.18525939086,334562.5593692621,464371.8124167093,609533.9319966417,547836.1793513553,689701.3881587457,53115.39758649166,50654.491517044065,54804.47356634081,130.00077089043342,123.97766458503139,134.1348109136742,0.00014631718961032232,6.513997952144921e-05,0.00028199211202011867,0.00022426616466344354,0.0001055635030326111,0.0004160223539860851,1.1061012007874527,0.96040703361375,1.3464267377056074
shared_fee_8131_8279,full_multiscale_60d,3.5,5.5,6775042.0,550000000.0,643782271.4932127,550000000.0,execution,floor_optimized_only,"Floor-optimized only: derived F, CPSB=1530",True,False,200000000.0,100000000.0,40,40,1530.0,1.5887467517058966,5.656315259465248,True,0.5,32,7200,50400,8,1.4479558695732846,1530.0,5.656315259465248,0.11295316038895495,501674.6078754611,False,state,69245017.81901038,99999999.99999495,63472340.56784292,5772677.251167447,3.3712495211466744,65359.477124179706,159.9683481104153,44989331.270702615,41455496.12250911,48217435.5147107,3824978.143110297,3305318.4368922235,4608132.80475149,16917091.190657258,16374266.219280377,17264445.166997995,65142566.2815907,60025728.93666002,69816718.76929614,6076921.600212552,5251313.929966139,7321156.024978324,95688401.04748155,92618011.87866312,97653144.64429265,71219487.88180318,65329099.42332355,76155674.2978297,101391970.42135009,101300697.47407062,101516243.17240804,1.0139197042135009,1.0130069747407062,1.0151624317240804,1046388.0417547674,458184.4119461773,2014044.9361513006,0.05888846157832459,0.05697487780594393,0.061322346111844485,0.06672061011904762,0.059545634920634916,0.07754563492063492,0.07131758432539682,0.06379861111111111,0.08219246031746032,0.0,0.0,0.0,0.3842013449972207,0.36805418496465275,0.40532211105203336,5708065.222457876,4469789.626267281,7227111.654792299,0.28415364583333336,0.20769742063492064,0.3844375,243558.64901882468,228144.761052099,257258.93633703858,432043.36968298454,373346.1635388572,520503.1637886999,675602.0187018092,601688.9845875305,767880.9138681779,62541.43859312519,60534.648286707925,63825.5847348318,153.07115448893327,148.15950365501308,156.21412236535733,0.00010463621451140462,4.581672578653048e-05,0.0002014027719687694,0.00015728267811639115,7.293259293513449e-05,0.0002928233281970715,1.1437889699899375,1.0031926187924793,1.375279675607988
shared_fee_8131_8279,full_multiscale_60d,3.5,5.5,6775042.0,550000000.0,643782271.4932127,550000000.0,execution,floor_optimized_only,"Floor-optimized only: derived F, CPSB=1530",True,False,225000000.0,112500000.0,40,40,1530.0,1.5887467517058966,5.656315259465248,True,0.5,32,7200,50400,8,1.4479558695732846,1530.0,5.656315259465248,0.11295316038895495,352911.6609491433,False,state,72493684.09972806,112500000.00000536,66235747.7973526,6257936.302375466,3.7926557112903807,73529.4117647094,179.96439162423488,47270473.81368305,43440524.566588834,50781259.446776114,4210757.3446122985,3620587.0293826684,5079777.554539851,19368671.872848704,18927478.165558003,19651609.036704507,68445560.0160326,62899962.523534395,73529022.68028446,6689827.053474532,5752195.882200205,8070480.089163783,109555314.26996472,107059783.5710354,111155696.06735094,75135387.0695072,68703005.36250706,80707784.4491527,114098613.59566985,113992528.04738133,114238146.12797666,1.0142098986281765,1.013266915976723,1.015450187804237,705439.554037906,306733.4678888259,1350795.9169584801,0.05950167776569462,0.057625952592239196,0.06187465019115403,0.07103794642857142,0.06351289682539683,0.0810595238095238,0.07584635416666667,0.06814186507936508,0.08647718253968253,0.0,0.0,0.0,0.3888227293689304,0.37325052861666913,0.40923937978303965,6901920.900657214,5500015.963705387,8629642.878703281,0.21266989087301585,0.15541269841269842,0.2967579365079365,260073.46727017715,243070.56206446857,275249.54043505224,475618.34970496316,408956.7474320305,573776.928858153,735691.8169751402,651487.9659904197,844506.5243534367,71604.78056860439,69973.71475231071,72650.78174336662,175.2538265048455,171.26176726917973,177.8139308295841,7.935991873067628e-05,3.4506220508073645e-05,0.00015196309628595617,0.00011709325509850013,5.388980062553313e-05,0.00021780789576463284,1.1711448437863572,1.025699410068306,1.3992559842345038
shared_fee_8131_8279,full_multiscale_60d,3.5,5.5,6775042.0,550000000.0,643782271.4932127,550000000.0,execution,floor_optimized_only,"Floor-optimized only: derived F, CPSB=1530",True,False,250000000.0,125000000.0,40,40,1530.0,1.5887467517058966,5.656315259465248,True,0.5,32,7200,50400,8,1.4479558695732846,1530.0,5.656315259465248,0.11295316038895495,257644.57999920848,False,state,75535972.50241977,125000000.00000334,68809492.02887829,6726480.473541478,4.214061901433668,81699.34640523094,199.96043513803457,49312956.27907025,45244994.99211965,53049268.30441152,4569927.541353863,3916089.146408273,5526236.284953934,21756238.604528554,21393197.70813881,21994376.123812772,71402984.49029052,65512756.067652285,76812999.41794068,7260457.536857278,6221673.910746892,8779789.946879836,123060144.40736791,121006670.64530826,124407125.291548,78663442.02714765,71786751.54971455,84752785.63004333,126802548.9780051,126680806.31073532,126956846.61146285,1.0144203918240406,1.0134464504858824,1.0156547728917027,500876.7097358001,217228.2999754295,953512.703237751,0.05994306016019478,0.05801379631598552,0.062266073541846545,0.07415612599206349,0.06613492063492064,0.08333432539682539,0.07902157738095239,0.07109027777777778,0.08859325396825397,0.0,0.0,0.0,0.39192513107622906,0.3760147789879508,0.4118185318692377,8041017.34011063,6465388.044854784,9959042.683027297,0.16266369047619045,0.11636607142857143,0.23075496031746032,275366.9124541929,257100.8791031629,291701.1251304705,516187.7585444455,442334.6454516993,624205.8534416643,791554.6709986384,698487.5908956679,914498.0539313293,80431.4669329202,79089.32721915573,81311.846595783,196.857280190768,193.5723721347202,199.01202326055403,6.260794082912384e-05,2.7152504877265314e-05,0.00011918786970651572,9.081730534158482e-05,4.163471713164288e-05,0.00016854201926230528,1.1896482845284553,1.043025293338242,1.4167871488333228
shared_fee_8131_8279,full_multiscale_60d,3.5,5.5,6775042.0,550000000.0,643782271.4932127,550000000.0,execution,floor_optimized_only,"Floor-optimized only: derived F, CPSB=1530",True,False,275000000.0,137500000.0,50,50,1530.0,1.7634340839660732,5.656315259465248,True,0.5,32,7200,50400,8,1.4479558695732846,1530.0,5.656315259465248,0.11295316038895495,193825.34889992862,False,state,79005247.66788714,137499999.99999177,71223775.62858163,7781472.039305506,4.635468091576634,89869.28104574626,219.956478651819,51161825.09244152,46902025.712691315,55076749.334339656,4787936.305931532,4093680.6812218213,5795714.24119426,24079224.188662656,23759626.051914558,24294979.99630842,74080064.94068275,67912063.42556867,79748702.47567414,8443210.073738266,7218936.042140079,10220360.033849416,136199683.21441424,134391935.39662942,137420066.08151975,82523275.0144209,75194039.01361133,89087444.75193743,139501474.74667698,139364918.09684384,139670831.8197258,1.0145561799758327,1.013563040704319,1.015787867779824,370417.5607810516,160567.78540977667,701480.0960268396,0.06022771782580892,0.05825392725550757,0.06252189552173817,0.07611483134920635,0.06828968253968254,0.08526785714285715,0.08099082341269842,0.07287797619047619,0.09099206349206349,0.0,0.0,0.0,0.39376962004381166,0.3778157007453695,0.4134128052626462,9097536.532411553,7340968.171098057,11274517.879827937,0.13213789682539684,0.09307142857142857,0.18912599206349207,289636.47905683296,270385.5177648644,306853.0510556688,540812.5374959847,462394.1705672148,654644.2402541656,830449.0165528178,731841.9800108991,961974.0805325641,89019.40079373479,87837.86627230681,89817.03665458807,217.87638336972802,214.98455904761542,219.82860968285934,5.093103979221966e-05,2.2077215003835525e-05,9.64524699454066e-05,7.287629039461219e-05,3.334950720452481e-05,0.00013486009585128987,1.2001206872641792,1.0488265727589177,1.426487327478055
shared_fee_8131_8279,full_multiscale_60d,3.5,5.5,6775042.0,550000000.0,643782271.4932127,550000000.0,execution,floor_optimized_only,"Floor-optimized only: derived F, CPSB=1530",True,False,300000000.0,150000000.0,50,50,1530.0,1.7634340839660732,5.656315259465248,True,0.5,32,7200,50400,8,1.4479558695732846,1530.0,5.656315259465248,0.11295316038895495,149473.1157370768,False,state,81761307.67251746,149999999.9999987,73501735.5231773,8259572.149340169,5.056874281720223,98039.21568627366,239.95252216563298,52898399.64768012,48461279.859818034,56977003.025108494,5105434.443217808,4356292.988374843,6188704.808703464,26401757.097806156,26128088.710445426,26591804.758571018,76594548.2608918,70169794.62005703,82500185.96089974,9003097.110624654,7682035.535442635,10913372.995272508,149336661.54900354,147788706.8735426,150411631.03261235,85597645.37151662,77920966.4345397,92546288.36394574,152201483.5948264,152049665.7029817,152385564.43614435,1.0146765572988428,1.013664438019878,1.015903762907629,281612.42782806815,122097.45703658607,530905.2743238678,0.060479869980869155,0.05847430164344001,0.0627497996227198,0.07772631448412698,0.07043253968253968,0.0869077380952381,0.0827201140873016,0.07496527777777778,0.09265476190476189,0.0,0.0,0.0,0.3953440158672018,0.3794257338244096,0.4147599910639688,10166206.80368483,8223232.69537201,12602401.934300095,0.10660838293650793,0.07457936507936508,0.15334424603174604,303408.16003362264,283240.16488540435,321432.9522607801,576674.955520076,492057.0606171835,699033.7668573792,880083.1155536987,774367.6057151548,1022700.5650262076,97605.66114313957,96593.92606113896,98308.25557687083,238.8913906031948,236.41515307936183,240.61100152881494,4.224069388419069e-05,1.8313891580256173e-05,7.963488727765231e-05,5.960428312916935e-05,2.7272838580300427e-05,0.0001100555941246767,1.2091845573928628,1.0535334477710698,1.4353639609542042
shared_fee_8131_8279,full_multiscale_60d,3.5,5.5,6775042.0,550000000.0,643782271.4932127,550000000.0,execution,floor_optimized_only,"Floor-optimized only: derived F, CPSB=1530",True,False,325000000.0,162500000.0,50,50,1530.0,1.7634340839660732,5.656315259465248,True,0.5,32,7200,50400,8,1.4479558695732846,1530.0,5.656315259465248,0.11295316038895495,117693.76672129458,False,state,84386818.41178331,162500000.00000328,75661538.49123295,8725279.920550354,5.478280471863733,106209.15032679953,259.9485656794432,54525870.54157653,49929418.864612274,58759401.581159204,5411043.520172263,4610499.641418799,6566559.564744553,28705908.5314278,28468347.324726965,28876152.372553967,78951054.29426888,72295595.109399,85081020.41205268,9542018.573295524,8130312.211791369,11579694.950863844,162369668.46312428,161025947.38460475,163332621.29951635,88493072.86756454,80500609.71350873,95782655.84117997,164900331.88042456,164733398.48114216,165098981.98782846,1.0147712731103047,1.0137439906531824,1.0159937353097135,219381.84812890989,95182.51315583946,414057.8005403315,0.06067631578647497,0.05864645230309651,0.06293854330413164,0.07900111607142857,0.0720297619047619,0.08843948412698413,0.0840172371031746,0.07635218253968254,0.09392261904761905,0.0,0.0,0.0,0.39651955752569035,0.3804543070282205,0.4158185145180946,11212578.79850338,9077165.530907273,13899261.707040228,0.08795820932539683,0.06136210317460317,0.1269017857142857,316649.4954751939,295671.44900934194,335388.56053202,611194.466605633,520770.50547039683,741713.6557202176,927843.9620808269,815520.6204754321,1080721.970765672,106123.96631576751,105245.7172448397,106753.34725458585,259.740076472831,257.59054806031173,261.2804962182898,3.564854661026849e-05,1.546653486695508e-05,6.728460970533397e-05,4.966941687961644e-05,2.272699596643284e-05,9.149278931117687e-05,1.2156780349977754,1.056914139616662,1.4416466346773213
shared_fee_8131_8279,full_multiscale_60d,3.5,5.5,6775042.0,550000000.0,643782271.4932127,550000000.0,execution,floor_optimized_only,"Floor-optimized only: derived F, CPSB=1530",True,False,350000000.0,175000000.0,64,64,1530.0,2.161501805529043,5.656315259465248,True,0.5,32,7200,50400,8,1.4479558695732846,1530.0,5.656315259465248,0.11295316038895495,94328.02942269108,False,state,88456313.54146113,175000000.00001046,77717743.53039083,10738570.0110703,5.899686662007331,114379.0849673271,279.94460919325763,56037042.67401981,51306629.91993786,60402066.837328374,5437939.0191487465,4632351.766444724,6596692.692751828,30958947.59107984,30721308.886211928,31131906.967624966,81139164.85337538,74289735.94059862,87459527.21146657,11754115.008246839,10012836.707015984,14258763.165903214,175113567.676419,173769408.24383423,176091880.43724024,92893279.86162236,84396148.36057805,100645524.2587063,177592299.42532682,177411693.1000153,177806561.18192965,1.0148131395732962,1.013781103428659,1.0160374924681694,174895.08212363633,75928.62625804872,330201.43270351074,0.060770061160162064,0.05871651136317091,0.06304021214035517,0.07958829365079365,0.07264880952380953,0.08913095238095238,0.08461991567460318,0.07691964285714285,0.09464087301587301,0.0,0.0,0.0,0.3970181127045902,0.380700178023818,0.4164047257062735,12168439.167944007,9854605.956989901,15075145.438225735,0.08009796626984127,0.055304563492063495,0.11563988095238095,329243.9919534966,307623.5876890917,348541.56049134297,614232.3982152648,523238.77205328963,745117.2877610443,943476.3901687613,829941.2396793065,1097593.0879017247,114453.31220680979,113574.776629957,115092.73231192172,280.12628152919575,277.9760518889194,281.69127229203497,3.060574696998605e-05,1.3286946600602346e-05,5.778541130281197e-05,4.232158919420101e-05,1.9386279737912885e-05,7.776055280793956e-05,1.2177633309590297,1.0578598968864261,1.442969003839958
shared_fee_8131_8279,full_multiscale_60d,3.5,5.5,6775042.0,550000000.0,643782271.4932127,550000000.0,execution,floor_optimized_only,"Floor-optimized only: derived F, CPSB=1530",True,False,375000000.0,187500000.0,64,64,1530.0,2.161501805529043,5.656315259465248,True,0.5,32,7200,50400,8,1.4479558695732846,1530.0,5.656315259465248,0.11295316038895495,76764.77445877087,False,state,90940699.32406408,187500000.00001308,79682221.25328617,11258478.070777904,6.321092852150774,122549.01960785169,299.94065270706477,57500092.85739536,52632001.47021602,62009660.81181947,5712981.430397081,4862477.423976786,6934481.918248352,33244307.047631264,33031328.0601049,33403064.395084463,83257596.9538743,76208815.456189,89787252.34272176,12348619.676757203,10510253.731270116,14988895.186702296,188040281.24388143,186835604.94678938,188938262.850831,95606216.63063169,86818124.6335084,103661338.32715197,190289429.31256133,190094025.27480704,190518386.46007743,1.0148769563336604,1.0138348014656375,1.016098061120413,141364.59601572977,61427.52686162063,267166.4572527522,0.060902615848814706,0.05883631359951664,0.0631709769639146,0.08036334325396825,0.07348313492063492,0.08997718253968254,0.08546378968253968,0.07779265873015873,0.09549305555555555,0.0,0.0,0.0,0.39779618870265054,0.38140498935278894,0.4171828866925059,13189200.475748284,10675963.146898232,16334987.478279103,0.06823102678571429,0.04719642857142857,0.09878968253968254,341709.28081875126,319402.82888580865,361604.85097141616,645299.3078067629,549232.1923581224,783271.648326214,987008.5886255141,867718.7462228951,1149932.2700079198,122902.14460384408,122114.77447502574,123489.06068681764,300.8049316880314,298.87783091549545,302.24141803100406,2.6505077377261693e-05,1.1517167979624773e-05,5.009384597667361e-05,3.6266982404025176e-05,1.661021201961905e-05,6.651695129832509e-05,1.2217786979925216,1.0599869008695155,1.4468523079041438
shared_fee_8131_8279,full_multiscale_60d,3.5,5.5,6775042.0,550000000.0,643782271.4932127,550000000.0,execution,floor_optimized_only,"Floor-optimized only: derived F, CPSB=1530",True,False,400000000.0,200000000.0,64,64,1530.0,2.161501805529043,5.656315259465248,True,0.5,32,7200,50400,8,1.4479558695732846,1530.0,5.656315259465248,0.11295316038895495,63308.22922671631,False,state,93332376.27653272,199999999.99998695,81564794.00591955,11767582.270613175,6.742499042293249,130718.95424835748,319.93669622082587,58895373.03587954,53898253.99714342,63538241.97413843,5980897.8354590405,5087187.539660841,7263487.04576304,35522052.71588774,35330147.38383136,35669168.5611552,85277901.07800992,78042293.23491555,92000570.40882206,12927721.470029492,10995965.052041827,15700040.36385374,200923928.824409,199838451.76632637,201756062.4249061,98205622.54803947,89142448.7690534,106543086.14232093,202985159.5124051,202775076.1532325,203228768.56923294,1.0149257975620256,1.0138753807661627,1.0161438428461647,115952.90777771476,50430.79300353097,219305.92777169115,0.061012333778740636,0.058936400495442416,0.06327942856737612,0.08096292162698412,0.07406944444444444,0.09054662698412698,0.08615327380952381,0.07861904761904762,0.09613690476190476,0.0,0.0,0.0,0.39844636631948993,0.38197146593966946,0.41786582889136475,14198755.431741074,11488740.736445002,17576817.287294317,0.05916790674603174,0.04111904761904762,0.08551686507936508,353854.9856466438,330911.1201985515,374307.4834292506,675561.3124785584,574613.910096004,820433.8172631693,1029416.2981252023,904614.2436933444,1200750.7707139102,131322.82929699938,130613.36716753358,131866.70746725888,321.41468989896987,319.6782701800375,322.74584027375687,2.3189865833110667e-05,1.0085701117148761e-05,4.386128041505357e-05,3.1425168584055486e-05,1.4389123999121383e-05,5.75528402401188e-05,1.2248700994173995,1.0616974305327451,1.4497633030902193
shared_fee_8131_8279,full_multiscale_60d,3.5,5.5,6775042.0,550000000.0,643782271.4932127,550000000.0,execution,floor_optimized_only,"Floor-optimized only: derived F, CPSB=1530",True,False,425000000.0,212500000.0,64,64,1530.0,2.161501805529043,5.656315259465248,True,0.5,32,7200,50400,8,1.4479558695732846,1530.0,5.656315259465248,0.11295316038895495,52824.37891763159,False,state,95640456.39759071,212499999.9999876,83373693.53520703,12266762.862383675,7.163905232436627,138888.88888888079,339.9327397346298,60231227.73315862,55112118.6657096,64998418.44198968,6242554.504946852,5307024.8383119125,7584682.60176263,37794230.30497131,37620072.65425506,37931747.923030764,87212159.72783232,79799915.70663333,94114841.49605976,13493292.833556086,11471143.769998686,16394305.138074486,213776081.5937444,212790991.0164466,214553924.59521958,100705452.56138852,91380160.05095732,109308697.59447823,215680539.03801018,215455900.55367884,215938599.4314925,1.0149672425318124,1.0139101202526064,1.0161816443834941,96326.0831978037,41931.58324106883,182281.88955261168,0.06110362225614202,0.05902145475715572,0.06336818680393252,0.0815265376984127,0.07443551587301586,0.09117956349206348,0.08670200892857143,0.07919742063492063,0.09659920634920634,0.0,0.0,0.0,0.3990094756414604,0.3824653755083027,0.41847531561739176,15200012.907351628,12289577.427138865,18805633.686497927,0.05190662202380952,0.0363204365079365,0.07497222222222222,365723.3387551454,342179.61745561386,386701.58372583566,705116.2602340551,599445.2277500131,856713.8704162105,1070839.5989892005,940718.2554823661,1250248.6113890558,139722.92914623817,139079.0790957167,140231.3232648494,341.97406638070373,340.39823325680896,343.21836898105613,2.046864238050822e-05,8.910040337408728e-06,3.873497163924865e-05,2.749119342528311e-05,1.2583609665168567e-05,5.0288372627175315e-05,1.2273099782594832,1.0630569976671664,1.452100123123843
shared_fee_8131_8279,full_multiscale_60d,3.5,5.5,6775042.0,550000000.0,643782271.4932127,550000000.0,execution,floor_optimized_only,"Floor-optimized only: derived F, CPSB=1530",True,False,433602688.0,216801344.0,64,64,1530.0,2.161501805529043,5.656315259465248,True,0.5,32,7200,50400,8,1.4479558695732846,1530.0,5.656315259465248,0.11295316038895495,49755.90583132637,False,state,96416784.6836919,216801344.00000364,83980404.31904954,12436380.364642369,7.308914271440045,141700.22483660368,346.8135286780023,60678424.34747968,55518757.504789926,65486702.36932788,6331279.390597401,5381632.790273157,7693573.284298323,38575139.38587348,38406575.66760916,38709775.49546135,87859680.6903917,80388710.80047664,94821855.07466719,13685071.834085131,11632408.992869725,16629672.544980936,218193149.54430205,217239700.01249224,218954693.8254384,101544752.52447677,92131888.4626484,110236326.50391057,220049409.74844614,219819663.36667597,220312556.6664849,1.014981760207382,1.0139220509937243,1.016195529980132,90609.38207634162,39454.94211407393,171490.86674691775,0.061131139366878445,0.059047620693184304,0.06339496713627454,0.08169394841269842,0.07457440476190476,0.09137003968253968,0.08686135912698412,0.07938888888888888,0.09672222222222222,0.0,0.0,0.0,0.3991885932378997,0.3826211625642784,0.41867014974480826,15543287.914566241,12562609.605629569,19226550.855596635,0.049780505952380955,0.03482142857142857,0.0720109126984127,369749.61454132374,346007.1195943836,390902.4798393711,715138.0164734332,607872.4317141831,869013.4171455274,1084887.6310147569,952973.8265969884,1267010.2207699006,142609.90166294255,141986.73203430866,143107.64302316235,349.03997701612576,347.51475955002303,350.25820682278896,1.964361338624243e-05,8.553482008860908e-06,3.717952050107899e-05,2.6306446905446964e-05,1.203996943975276e-05,4.81028821575989e-05,1.2280374897908446,1.0634641797766875,1.4527978898191285
shared_fee_8131_8279,full_multiscale_60d,3.5,5.5,6775042.0,550000000.0,643782271.4932127,550000000.0,execution,floor_optimized_only,"Floor-optimized only: derived F, CPSB=1530",True,False,450000000.0,225000000.0,67,67,1530.0,2.2871073920400034,5.656315259465248,True,0.5,32,7200,50400,8,1.4479558695732846,1530.0,5.656315259465248,0.11295316038895495,44535.26644046533,False,state,98440146.44323413,225000000.00000715,85115895.78368536,13324250.659548774,7.5853114225806415,147058.82352941643,359.928783248464,61509187.18768936,56276453.33550476,66388353.561822586,6412967.021262858,5450500.678186405,7792771.1379271615,40053070.331464514,39887139.916361615,40187212.00731709,89062588.62109664,81485820.92591125,96127406.21114784,14667144.279239057,12465880.391399112,17822904.474029087,226552792.90428573,225614238.16533068,227311540.5123407,103729732.90033582,94070856.08537757,112650762.61931883,228373595.56020504,228134558.91310936,228647124.2529445,1.0149937580453556,1.0139313729471529,1.016209441124198,80959.63554201127,35268.05012099412,153242.96134218082,0.061167155266262346,0.05907916191724414,0.0634314090194613,0.08188492063492064,0.07465376984126984,0.09161011904761904,0.08709759424603175,0.07966765873015873,0.09683234126984126,0.0,0.0,0.0,0.39941884253351406,0.38278335456041435,0.4189526972825712,16175904.23581687,13070345.365099344,20000768.133461766,0.047249503968253975,0.03277579365079365,0.06821527777777778,377301.0737685242,353206.5745412255,398756.3095446634,724364.8925217823,615651.2773032968,880218.1282167056,1101665.9662903063,967951.2403043893,1286269.8525452816,148073.72085247433,147460.28638256906,148569.6343217913,362.4127604070143,360.9113698949958,363.6265164219472,1.8215316202906233e-05,7.934914287533295e-06,3.447970677662101e-05,2.4293149174260292e-05,1.1119990477122434e-05,4.438843109839547e-05,1.2287712268211464,1.0638757303702495,1.4533646523963684
shared_fee_8131_8279,full_multiscale_60d,3.5,5.5,6775042.0,550000000.0,643782271.4932127,550000000.0,execution,floor_optimized_only,"Floor-optimized only: derived F, CPSB=1530",True,False,475000000.0,237500000.0,71,71,1530.0,2.4791563099864544,5.656315259465248,True,0.5,32,7200,50400,8,1.4479558695732846,1530.0,5.656315259465248,0.11295316038895495,37895.07442306996,False,state,101510859.35216793,237500000.00000367,86797370.73081948,14713488.621348452,8.006717612723879,155228.75816993703,379.9248267622614,62738014.31534958,57397531.971840374,67721076.31582826,6535908.060089232,5554311.040938716,7942009.07004291,42304694.61183004,42141554.123531155,42438612.7435531,90841876.07328336,83109093.3176465,98057129.94532475,16203537.708661526,13770005.264770726,19689481.899966497,239288689.67993778,238365915.64653337,240046172.8519224,107045413.78194468,96988436.76944499,116314911.56100753,241064992.4539325,240812459.21073478,241353873.45008498,1.0150104945428735,1.013947196676778,1.0162268355793052,68728.17530345585,29957.465097677537,130104.51397542728,0.06121457643399393,0.0591208403898781,0.06347950380721405,0.08216269841269841,0.07488492063492064,0.09191468253968253,0.0873983134920635,0.08003472222222223,0.09702480158730159,0.0,0.0,0.0,0.3997410722037583,0.38301594440100284,0.41934476047489405,17137826.115353186,13842411.961643677,21177134.19817213,0.04390562996031746,0.030179563492063494,0.06293253968253969,388642.7900199167,364030.6198854576,410542.97179640667,738251.4713987226,627376.9858572942,897075.0242990918,1126894.2614186392,990499.7746544806,1315185.1536391,156397.8363921162,155794.71610884534,156892.92343262903,382.7861640960736,381.31001771804466,383.99789741351185,1.632237784996231e-05,7.114518652588204e-06,3.089983796648573e-05,2.164167896260106e-05,9.907985439025094e-06,3.9504301884771236e-05,1.2297200905841474,1.0644208431016318,1.4540935520716152
shared_fee_8131_8279,full_multiscale_60d,3.5,5.5,6775042.0,550000000.0,643782271.4932127,550000000.0,execution,floor_optimized_only,"Floor-optimized only: derived F, CPSB=1530",True,False,500000000.0,250000000.0,74,74,1530.0,2.633485991067783,5.656315259465248,True,0.5,32,7200,50400,8,1.4479558695732846,1530.0,5.656315259465248,0.11295316038895495,32513.150702776144,False,state,104389041.96617986,250000000.00000274,88423272.13360794,15965769.832571922,8.428123802867203,163398.6928104593,399.9208702760628,63926206.38321039,58481377.630910896,69009995.63378446,6679504.980373795,5675534.964923139,8117689.558082341,44557207.33244207,44397564.004445784,44690398.15759015,92562325.75212294,84678454.001409,99923428.2371648,17590382.793081865,14946441.821940308,21377821.731046867,252029611.75366306,251126618.7614481,252782981.05036694,110152708.54520461,99715882.11740585,119748625.71624759,253756678.3933056,253489909.45619822,254061311.22827372,1.0150267135732225,1.0139596378247928,1.016245244913095,58841.99135817468,25662.730112512465,111400.09044079467,0.061258269559637826,0.05916000891183534,0.0635229052515799,0.08243365575396826,0.07508134920634921,0.09225396825396825,0.0876624503968254,0.08022420634920635,0.0972936507936508,0.0,0.0,0.0,0.4000619617527983,0.3832653630922958,0.4197124378597383,18102546.82729336,14614765.870287707,22356047.964949287,0.04083891369047619,0.027712301587301588,0.05810615079365079,399807.0259836259,374692.1778152848,422152.9747740211,754471.1973669848,641069.611186085,916918.6906418195,1154278.2233506106,1014853.1454272914,1346845.2954910903,164725.23644030263,164135.04494212294,165217.63467344243,403.1676066714482,401.723103698249,404.37275909055654,1.4709969024645152e-05,6.4153175163902685e-06,2.785001295708588e-05,1.939275627444679e-05,8.878778824403568e-06,3.536891589047001e-05,1.2306331883301729,1.0649470494215285,1.454800066085102
shared_fee_8131_8279,full_multiscale_60d,3.5,5.5,6775042.0,550000000.0,643782271.4932127,550000000.0,execution,floor_optimized_only,"Floor-optimized only: derived F, CPSB=1530",True,False,525000000.0,262500000.0,78,78,1530.0,2.8527721305450795,5.656315259465248,True,0.5,32,7200,50400,8,1.4479558695732846,1530.0,5.656315259465248,0.11295316038895495,28104.879612834324,False,state,107556101.00228198,262499999.99998045,89998083.87911603,17558017.123165946,8.849529993009808,171568.62745096762,419.91691378983006,65073743.95900449,59529313.38398114,70252036.80813889,6782613.005235603,5762832.394437539,8242496.149961816,46803975.61942004,46643380.72042952,46940009.25667893,94223909.52054945,86195818.72600307,101721849.04582265,19349249.353608735,16440047.647854032,23513963.30273604,264738041.49976748,263829666.12201294,265507490.63799822,113573158.87415817,102700098.93832484,123530321.83369389,266448219.60051587,266167608.1334781,266768097.16408458,1.0150408365733936,1.0139718405084879,1.0162594177679412,50782.489928468,22157.61813465723,96140.16172898977,0.061288632626536096,0.05918571240889518,0.06355366237639587,0.08264694940476192,0.07525793650793651,0.0924047619047619,0.08786954365079365,0.08046626984126984,0.09750694444444444,0.0,0.0,0.0,0.4003133605097323,0.3834486401943186,0.42000926284516293,19056215.5176552,15380765.846328877,23520122.276133154,0.038755580357142855,0.026097222222222223,0.05520238095238095,410776.5712647586,385184.26878749987,433544.1642633438,766117.5746365888,650930.1317435686,931015.9896319807,1176894.1459013475,1035203.9214533947,1372454.8196680471,173031.39967305062,172437.69027582547,173534.3076065348,423.49707180706514,422.0439587206294,424.7279468830427,1.3329919741157845e-05,5.816042405512415e-06,2.5236782518417397e-05,1.7491108713451817e-05,8.0096921027553e-06,3.1874981844375524e-05,1.231209909196778,1.065276533118951,1.4549895402028934
shared_fee_8131_8279,full_multiscale_60d,3.5,5.5,6775042.0,550000000.0,643782271.4932127,550000000.0,execution,floor_optimized_only,"Floor-optimized only: derived F, CPSB=1530",True,False,550000000.0,275000000.0,82,82,1530.0,3.0874605142255307,5.656315259465248,True,0.5,32,7200,50400,8,1.4479558695732846,1530.0,5.656315259465248,0.11295316038895495,24459.55889629373,False,state,110791039.63142955,274999999.9999798,91525734.44585241,19265305.185577147,9.270936183153141,179738.56209149005,439.9129573036319,66185368.80421361,60544981.463469975,71454324.69734162,6877473.467882136,5843250.699579572,8356778.609954287,49048127.48106742,48883495.26088839,49187927.43017298,95833493.23993355,87666461.2832373,103462708.85191089,21233927.76971984,18040805.80967271,25801223.984358348,277431671.91935235,276500460.18015045,278222424.5047514,117067421.00965337,105741876.13398647,127395083.95234549,279137002.62575954,278842406.7688773,279472636.7635329,1.0150436459118528,1.013972388250463,1.016264133685574,44137.0199478509,19265.800854634785,83556.85565799817,0.06131445289238449,0.05920693466607508,0.06358014142400575,0.08281622023809523,0.07539682539682539,0.09256150793650794,0.08805741567460318,0.08069742063492064,0.09773412698412698,0.0,0.0,0.0,0.4005336284747381,0.38360360094406953,0.4202727270083095,20004591.812414095,16142917.141848426,24677447.929167464,0.03699156746031746,0.024444444444444446,0.0526031746031746,421580.4362685331,395529.3521160318,444748.91019589826,776832.3636884731,660013.6334624846,943924.5546651545,1198412.7999570062,1054629.3758884722,1396679.0418343022,181327.89014336755,180719.25501970618,181844.72189853032,443.8028627045172,442.3132186679057,445.0678165530205,1.2137212713256007e-05,5.297765316665132e-06,2.2978103943243775e-05,1.5859479844256684e-05,7.264212113803661e-06,2.8879805609093933e-05,1.2316061915662293,1.0654861373912607,1.4550546551870265
shared_fee_8131_8279,full_multiscale_60d,4.0,5.0,7930799.0,500000000.0,753605334.841629,500000000.0,execution,floor_optimized_only,"Floor-optimized only: derived F, CPSB=1530",True,False,50000000.0,25000000.0,40,40,1530.0,1.5887467517058966,5.656315259465248,True,0.5,32,7200,50400,8,1.4479558695732846,1530.0,5.656315259465248,0.11295316038895495,1495122567.2146773,False,regular,24999999.99999956,6864314.637069767,24079297.73687559,920702.263123971,0.2314131743322273,4486.480154947561,10.98073073402251,16693542.912644766,16536306.82300012,16826993.29138322,574762.0203793319,508192.4354192958,687688.3192955817,1226800.1639968418,999504.1333937186,1523359.7710875561,24171513.444337524,23943842.525427613,24364743.70352863,913151.2928815822,807389.0810139042,1092562.583466936,6939168.487929786,5653510.481613487,8616603.118857985,25084664.737219118,24903613.785482425,25205981.47438822,25262687.170203425,25241748.142695874,25292521.50336685,1.010507486808137,1.009669925707835,1.011700860134674,2866523225.6400576,1340440093.7245994,6557557041.851894,0.05102639289225475,0.04893287353682743,0.05327173211797638,0.02807167658730159,0.02175,0.03412400793650794,0.03387586805555556,0.026855158730158733,0.041123015873015874,0.0,0.0,0.0,0.31867940524972826,0.30267045970828244,0.33619498960118827,112504.49408556029,71029.30835707835,156163.93419471095,0.9796236359126984,0.9581607142857143,0.9917142857142858,77225.32850309114,76476.39371382528,78014.88927375698,64921.186673386466,57401.94166636935,77676.56902700469,142146.5151764776,134818.44917829233,154333.19815758205,4535.404240476984,3695.1048899434554,5631.766744351624,11.100473202740321,9.043827327686737,13.783837672468339,0.07166329992467396,0.0335085544137872,0.16393783864225459,0.08726850764216705,0.04212648954370204,0.19362298439206832,1.0631801866297623,0.8158196744767786,1.4146891719068153
shared_fee_8131_8279,full_multiscale_60d,4.0,5.0,7930799.0,500000000.0,753605334.841629,500000000.0,execution,floor_optimized_only,"Floor-optimized only: derived F, CPSB=1530",True,False,75000000.0,37500000.0,40,40,1530.0,1.5887467517058966,5.656315259465248,True,0.5,32,7200,50400,8,1.4479558695732846,1530.0,5.656315259465248,0.11295316038895495,59701321.94696217,False,regular,37500000.000000075,20182225.954283174,35572094.90579661,1927905.094203467,0.6803931958405457,13190.997355740637,32.28517347097993,24106616.317220785,23592069.348602038,24476463.54826146,1151584.461187324,1027203.1749297477,1386562.034730657,3252537.2459819578,2739414.6090700813,3856615.450005637,34905316.592071004,34160275.28868814,35440839.06110151,1829576.072026345,1631965.7075116278,2202895.9287170474,18397376.05642677,15494992.655285057,21814232.81975617,36734892.664097264,35934302.731521636,37253646.27984537,37903804.79264616,37870897.1104167,37948391.83706959,1.0107681278038976,1.009890589611112,1.0119571156551892,135153105.46198893,63685698.36373513,290676028.4416462,0.05169702647113893,0.0494938021361874,0.05421744516782322,0.030959201388888885,0.02480059523809524,0.03878472222222222,0.03708891369047619,0.02992261904761905,0.04561210317460317,0.0,0.0,0.0,0.3235848744931947,0.30645159724034127,0.3430448973752503,343036.86125103256,182892.899735421,554440.107247763,0.9156287202380953,0.8647410714285715,0.9512420634920635,115383.81985250313,113807.27613696695,117192.79248164927,130075.10434592009,116025.84496988355,156616.56389816763,245458.92419842322,232015.94127608946,271606.6071772882,12024.428795050175,10127.446179924873,14257.668509644554,29.42997857312845,24.787083790490932,34.895867894725775,0.005068242207853335,0.002388088174950091,0.010900324915796754,0.007109273937377064,0.0035440037591872643,0.014699826013943674,1.032766459591425,0.7826811927196112,1.4710752501821796
shared_fee_8131_8279,full_multiscale_60d,4.0,5.0,7930799.0,500000000.0,753605334.841629,500000000.0,execution,floor_optimized_only,"Floor-optimized only: derived F, CPSB=1530",True,False,100000000.0,50000000.0,40,40,1530.0,1.5887467517058966,5.656315259465248,True,0.5,32,7200,50400,8,1.4479558695732846,1530.0,5.656315259465248,0.11295316038895495,6244364.927759717,False,regular,50000000.00000078,42983499.114447705,46763423.50596405,3236576.494036737,1.4490810080679764,28093.790270880854,68.75999349344045,30339468.49927588,29150702.9275722,31284552.70641291,1783418.1499674595,1595924.6985379457,2160210.476630983,5936265.6645889925,5193980.478770508,6690747.017981333,43930211.49326028,42208931.4061654,45298651.71822537,2833399.79269414,2535520.180769384,3432027.3777485117,33577390.062854625,29378791.039434426,37844974.455029875,46763611.28595443,44885197.5024824,48205039.0818975,50568731.93357641,50522889.93626802,50629283.0654247,1.0113746386715285,1.0104577987253605,1.012585661308494,21182440.277356118,10222524.242373576,42902402.28354968,0.05319264072575207,0.05100754722343043,0.05560435330572519,0.035757068452380955,0.028955357142857144,0.043680555555555556,0.041857018849206354,0.03491964285714286,0.05043154761904762,0.0,0.0,0.0,0.33641904002192236,0.31859792257480746,0.35797330070021816,941052.0412963551,552750.2402284013,1465076.1850074676,0.8039775545634921,0.7170009920634921,0.8723402777777778,150009.8516338886,146081.43069905293,153477.84445501186,201442.71633384775,180264.73844265114,244002.60044080025,351452.5679677364,329155.8252101928,394182.0310787429,21946.00657702917,19201.82420878067,24735.277421588155,53.71319622214199,46.99676672059633,60.53998047852299,0.00105911265623802,0.000511091989568185,0.002145025999070288,0.0016228753835613886,0.0008131962960440123,0.0032454563943671907,1.1342294355179061,0.8039515166923537,1.628054636624685
shared_fee_8131_8279,full_multiscale_60d,4.0,5.0,7930799.0,500000000.0,753605334.841629,500000000.0,execution,floor_optimized_only,"Floor-optimized only: derived F, CPSB=1530",True,False,125000000.0,62500000.0,40,40,1530.0,1.5887467517058966,5.656315259465248,True,0.5,32,7200,50400,8,1.4479558695732846,1530.0,5.656315259465248,0.11295316038895495,2041657.8574558252,False,state,57729475.37077761,62500000.00000275,53546380.709798254,4183094.660979354,2.1070309507168705,40849.67320261618,99.980217569019,35310351.550104424,33345868.440642986,36951444.08799509,2387297.29876471,2106288.750097692,2900833.93348741,8837379.851717863,8007125.875514349,9558701.94849068,51127830.783669695,48283345.93464702,53504060.35642109,3792810.828768681,3346359.4098723587,4608690.489066343,49987006.50896317,45290828.27413178,54067031.69192932,54920641.61243862,51757024.63320422,57324441.98657882,63262507.018608764,63207711.68497063,63336547.53805678,1.0122001122977402,1.0113233869595302,1.0133847606089086,6612206.967638401,3185178.979489756,12947202.390939774,0.05511312374494781,0.05306837780220058,0.05776372430519954,0.043196924603174605,0.03534722222222222,0.053624007936507935,0.04884796626984127,0.04082043650793651,0.05883531746031746,0.0,0.0,0.0,0.35278388457078674,0.3349293255860509,0.37691033740357044,1930865.210528294,1276423.8954246445,2771727.4584597843,0.6633252728174603,0.5520892857142857,0.759172619047619,179595.90217240178,172155.56734532845,184689.7160332265,269652.77468348923,237911.97101523605,327658.3605509265,449248.6768558909,417133.3694483899,507909.4917910237,32671.246084289654,29601.84854518417,35337.92921041132,79.9633885822382,72.45098983565717,86.49013746991842,0.00041325619501785015,0.0001990592427273088,0.0008092026631438895,0.0006494851236536933,0.00032842893317928116,0.001250053157896306,1.1000830411207914,0.8475040713479486,1.4592154316267618
shared_fee_8131_8279,full_multiscale_60d,4.0,5.0,7930799.0,500000000.0,753605334.841629,500000000.0,execution,floor_optimized_only,"Floor-optimized only: derived F, CPSB=1530",True,False,150000000.0,75000000.0,40,40,1530.0,1.5887467517058966,5.656315259465248,True,0.5,32,7200,50400,8,1.4479558695732846,1530.0,5.656315259465248,0.11295316038895495,1184472.6608413283,False,state,61937595.20186268,75000000.00000046,57197805.08629793,4739790.115564752,2.528437140860149,49019.60784313756,119.97626108281827,39222582.557115264,36591873.494561225,41543629.3366502,2927361.8243098985,2575965.807601916,3550667.6987891244,11679125.941473417,10898649.458524527,12273248.397138482,56792568.63339778,52983418.005133085,60153341.94138001,4650836.5894402005,4092557.3093329733,5641111.772838234,66060818.27996893,61646197.239811055,69421362.19193693,61443405.22283795,57146353.5329639,64853954.7938563,75971188.07228805,75899310.78665815,76063874.74928091,1.012949174297174,1.0119908104887754,1.0141849966570788,3004050.054196685,1399624.8606242149,5698411.567448127,0.0567873632807077,0.054798629006318586,0.05936159341129574,0.05229724702380953,0.042962301587301584,0.06327480158730159,0.057171378968253965,0.0477172619047619,0.06801289682539682,0.0,0.0,0.0,0.3669997535861659,0.35002882804297875,0.39042571240900686,3162324.741317883,2268297.76306579,4291948.59765222,0.5140804811507936,0.40011111111111114,0.6237628968253968,204335.40739129158,193677.85784974645,213309.25640715266,330654.7696577798,290963.4790225231,401059.1380692096,534990.1770490713,487699.9128969621,605922.9227224638,43177.005411744394,40291.63218288304,45373.43934113524,105.67639975069488,98.61440339741915,111.05220633419549,0.00022529909690619684,0.0001049694902539798,0.00042737911578337077,0.0003515220624289926,0.00017148283515552602,0.000642286607304498,1.0692317594310135,0.8822451196248502,1.331965608620116
shared_fee_8131_8279,full_multiscale_60d,4.0,5.0,7930799.0,500000000.0,753605334.841629,500000000.0,execution,floor_optimized_only,"Floor-optimized only: derived F, CPSB=1530",True,False,175000000.0,87500000.0,40,40,1530.0,1.5887467517058966,5.656315259465248,True,0.5,32,7200,50400,8,1.4479558695732846,1530.0,5.656315259465248,0.11295316038895495,747485.4019818847,False,state,65746518.5141173,87500000.00000663,60478631.076628886,5267887.437488413,2.9498433310037124,57189.54248366447,139.97230459663106,42364088.71489194,39218000.548717804,45218160.98432749,3401995.8709979225,2961958.374756348,4111189.1939777685,14367402.554399546,13701741.940812947,14824287.669641836,61341330.91385129,56785934.087444335,65473901.60856707,5404909.88936481,4705801.746582257,6531638.4775805045,81266558.30733225,77501372.02107742,83850844.55650143,66746240.80321604,61549536.85636825,70974284.43279007,88682536.39735112,88599357.35275154,88790609.16471033,1.0135147016840125,1.0125640840314463,1.0147498190252608,1672235.5008831052,744473.9649768885,3222789.829929917,0.058021085537381105,0.05612204185571464,0.0605209912385393,0.06055121527777778,0.05234325396825397,0.07140873015873016,0.06514508928571427,0.056595238095238094,0.07584623015873015,0.0,0.0,0.0,0.3772746663352688,0.36076293207893495,0.39940653865375625,4452953.573514976,3359387.2143126973,5732969.93310189,0.38358010912698415,0.2848998015873016,0.4958531746031746,225267.74673725074,211923.22038400616,236996.23865762888,384266.18525939086,334562.5593692621,464371.8124167093,609533.9319966417,547836.1793513553,689701.3881587457,53115.39758649166,50654.491517044065,54804.47356634081,130.00077089043342,123.97766458503139,134.1348109136742,0.00014631718961032232,6.513997952144921e-05,0.00028199211202011867,0.00022426616466344354,0.0001055635030326111,0.0004160223539860851,1.1061012007874527,0.96040703361375,1.3464267377056074
shared_fee_8131_8279,full_multiscale_60d,4.0,5.0,7930799.0,500000000.0,753605334.841629,500000000.0,execution,floor_optimized_only,"Floor-optimized only: derived F, CPSB=1530",True,False,200000000.0,100000000.0,40,40,1530.0,1.5887467517058966,5.656315259465248,True,0.5,32,7200,50400,8,1.4479558695732846,1530.0,5.656315259465248,0.11295316038895495,501674.6078754611,False,state,69245017.81901038,99999999.99999495,63472340.56784292,5772677.251167447,3.3712495211466744,65359.477124179706,159.9683481104153,44989331.270702615,41455496.12250911,48217435.5147107,3824978.143110297,3305318.4368922235,4608132.80475149,16917091.190657258,16374266.219280377,17264445.166997995,65142566.2815907,60025728.93666002,69816718.76929614,6076921.600212552,5251313.929966139,7321156.024978324,95688401.04748155,92618011.87866312,97653144.64429265,71219487.88180318,65329099.42332355,76155674.2978297,101391970.42135009,101300697.47407062,101516243.17240804,1.0139197042135009,1.0130069747407062,1.0151624317240804,1046388.0417547674,458184.4119461773,2014044.9361513006,0.05888846157832459,0.05697487780594393,0.061322346111844485,0.06672061011904762,0.059545634920634916,0.07754563492063492,0.07131758432539682,0.06379861111111111,0.08219246031746032,0.0,0.0,0.0,0.3842013449972207,0.36805418496465275,0.40532211105203336,5708065.222457876,4469789.626267281,7227111.654792299,0.28415364583333336,0.20769742063492064,0.3844375,243558.64901882468,228144.761052099,257258.93633703858,432043.36968298454,373346.1635388572,520503.1637886999,675602.0187018092,601688.9845875305,767880.9138681779,62541.43859312519,60534.648286707925,63825.5847348318,153.07115448893327,148.15950365501308,156.21412236535733,0.00010463621451140462,4.581672578653048e-05,0.0002014027719687694,0.00015728267811639115,7.293259293513449e-05,0.0002928233281970715,1.1437889699899375,1.0031926187924793,1.375279675607988
shared_fee_8131_8279,full_multiscale_60d,4.0,5.0,7930799.0,500000000.0,753605334.841629,500000000.0,execution,floor_optimized_only,"Floor-optimized only: derived F, CPSB=1530",True,False,225000000.0,112500000.0,40,40,1530.0,1.5887467517058966,5.656315259465248,True,0.5,32,7200,50400,8,1.4479558695732846,1530.0,5.656315259465248,0.11295316038895495,352911.6609491433,False,state,72493684.09972806,112500000.00000536,66235747.7973526,6257936.302375466,3.7926557112903807,73529.4117647094,179.96439162423488,47270473.81368305,43440524.566588834,50781259.446776114,4210757.3446122985,3620587.0293826684,5079777.554539851,19368671.872848704,18927478.165558003,19651609.036704507,68445560.0160326,62899962.523534395,73529022.68028446,6689827.053474532,5752195.882200205,8070480.089163783,109555314.26996472,107059783.5710354,111155696.06735094,75135387.0695072,68703005.36250706,80707784.4491527,114098613.59566985,113992528.04738133,114238146.12797666,1.0142098986281765,1.013266915976723,1.015450187804237,705439.554037906,306733.4678888259,1350795.9169584801,0.05950167776569462,0.057625952592239196,0.06187465019115403,0.07103794642857142,0.06351289682539683,0.0810595238095238,0.07584635416666667,0.06814186507936508,0.08647718253968253,0.0,0.0,0.0,0.3888227293689304,0.37325052861666913,0.40923937978303965,6901920.900657214,5500015.963705387,8629642.878703281,0.21266989087301585,0.15541269841269842,0.2967579365079365,260073.46727017715,243070.56206446857,275249.54043505224,475618.34970496316,408956.7474320305,573776.928858153,735691.8169751402,651487.9659904197,844506.5243534367,71604.78056860439,69973.71475231071,72650.78174336662,175.2538265048455,171.26176726917973,177.8139308295841,7.935991873067628e-05,3.4506220508073645e-05,0.00015196309628595617,0.00011709325509850013,5.388980062553313e-05,0.00021780789576463284,1.1711448437863572,1.025699410068306,1.3992559842345038
shared_fee_8131_8279,full_multiscale_60d,4.0,5.0,7930799.0,500000000.0,753605334.841629,500000000.0,execution,floor_optimized_only,"Floor-optimized only: derived F, CPSB=1530",True,False,250000000.0,125000000.0,40,40,1530.0,1.5887467517058966,5.656315259465248,True,0.5,32,7200,50400,8,1.4479558695732846,1530.0,5.656315259465248,0.11295316038895495,257644.57999920848,False,state,75535972.50241977,125000000.00000334,68809492.02887829,6726480.473541478,4.214061901433668,81699.34640523094,199.96043513803457,49312956.27907025,45244994.99211965,53049268.30441152,4569927.541353863,3916089.146408273,5526236.284953934,21756238.604528554,21393197.70813881,21994376.123812772,71402984.49029052,65512756.067652285,76812999.41794068,7260457.536857278,6221673.910746892,8779789.946879836,123060144.40736791,121006670.64530826,124407125.291548,78663442.02714765,71786751.54971455,84752785.63004333,126802548.9780051,126680806.31073532,126956846.61146285,1.0144203918240406,1.0134464504858824,1.0156547728917027,500876.7097358001,217228.2999754295,953512.703237751,0.05994306016019478,0.05801379631598552,0.062266073541846545,0.07415612599206349,0.06613492063492064,0.08333432539682539,0.07902157738095239,0.07109027777777778,0.08859325396825397,0.0,0.0,0.0,0.39192513107622906,0.3760147789879508,0.4118185318692377,8041017.34011063,6465388.044854784,9959042.683027297,0.16266369047619045,0.11636607142857143,0.23075496031746032,275366.9124541929,257100.8791031629,291701.1251304705,516187.7585444455,442334.6454516993,624205.8534416643,791554.6709986384,698487.5908956679,914498.0539313293,80431.4669329202,79089.32721915573,81311.846595783,196.857280190768,193.5723721347202,199.01202326055403,6.260794082912384e-05,2.7152504877265314e-05,0.00011918786970651572,9.081730534158482e-05,4.163471713164288e-05,0.00016854201926230528,1.1896482845284553,1.043025293338242,1.4167871488333228
shared_fee_8131_8279,full_multiscale_60d,4.0,5.0,7930799.0,500000000.0,753605334.841629,500000000.0,execution,floor_optimized_only,"Floor-optimized only: derived F, CPSB=1530",True,False,275000000.0,137500000.0,40,40,1530.0,1.5887467517058966,5.656315259465248,True,0.5,32,7200,50400,8,1.4479558695732846,1530.0,5.656315259465248,0.11295316038895495,193825.34889992862,False,state,78404256.24718016,137499999.99999177,71223775.62858163,7180480.618598532,4.635468091576634,89869.28104574626,219.956478651819,51180555.61438878,46911688.5673305,55103607.8177905,4909437.114740849,4195104.788737941,5947139.854028866,24102434.55491454,23798452.28484252,24307587.638444576,74107185.90987618,67926054.81266066,79787592.37443416,7799852.268748891,6664959.106173238,9448499.125029014,136330968.3632225,134611548.81040633,137491378.88011956,81907038.17862497,74649325.2964572,88429342.05659215,139504190.75677854,139367030.96146527,139673116.6805843,1.0145759327765713,1.0135784069924747,1.015804484949704,369641.1582196677,160219.27331553062,699943.5922609665,0.06026821486503189,0.05829719279022906,0.06255329335387076,0.07638020833333334,0.06860714285714285,0.08549801587301586,0.08126426091269842,0.07326388888888889,0.09121825396825396,0.0,0.0,0.0,0.394058441452949,0.3781587586661821,0.41360984823001273,9137355.24440167,7379233.60896158,11326847.398141202,0.12754278273809522,0.08990674603174603,0.18217261904761903,289779.54234132863,270461.9784634202,307051.9641665957,554536.4378408112,473850.34405078954,671748.2417876687,844315.9801821399,743376.1696160295,979697.4390340663,89105.20808053759,87981.40445124597,89863.64632687555,218.08639805359095,215.33587099786325,219.9426875887708,5.0824286503652494e-05,2.2029296238091094e-05,9.62412013171553e-05,7.259515995419123e-05,3.32088399709339e-05,0.00013438363395353592,1.2021604978018898,1.0500250977682932,1.428947928257994
shared_fee_8131_8279,full_multiscale_60d,4.0,5.0,7930799.0,500000000.0,753605334.841629,500000000.0,execution,floor_optimized_only,"Floor-optimized only: derived F, CPSB=1530",True,False,300000000.0,150000000.0,40,40,1530.0,1.5887467517058966,5.656315259465248,True,0.5,32,7200,50400,8,1.4479558695732846,1530.0,5.656315259465248,0.11295316038895495,149473.1157370768,False,state,81123390.83937971,149999999.9999987,73501735.5231773,7621655.31620242,5.056874281720223,98039.21568627366,239.95252216563298,52913651.60956594,48469264.74840966,56999081.7297143,5233904.523512593,4463761.294976093,6348780.426599735,26422012.391590983,26162861.504497543,26602676.606528237,76616632.42862672,70181356.3863604,82532154.95082803,8315348.810469431,7091786.257783786,10086604.280054303,149451231.87632382,147985392.75915372,150473125.6321116,84931981.23909631,77337047.64796649,91826987.91182637,152204078.67283148,152051690.892483,152387712.1088614,1.0146938578188767,1.01367793928322,1.0159180807257424,281126.88356405444,121889.37484015751,529909.3440193041,0.06051516312647496,0.058512095019418765,0.06277734333617634,0.07796130952380953,0.07076884920634921,0.0872202380952381,0.0829451884920635,0.07523908730158729,0.0929047619047619,0.0,0.0,0.0,0.3955844470756869,0.37974295158296256,0.41492269915771407,10202874.967747534,8258003.233137407,12650743.777844101,0.10283296130952381,0.07246527777777778,0.14816468253968254,303528.1008369474,283306.7383982571,321601.3113365566,591186.0571047945,504195.94548944384,717114.8137999777,894714.1579417421,786575.9211750232,1041356.7704750198,97680.54371001557,96722.47892755145,98348.44812556314,239.0746668632337,236.7297882415403,240.709373423811,4.216786387175965e-05,1.828268444846091e-05,7.94854956249355e-05,5.939490850076576e-05,2.7161265932570046e-05,0.0001096972438530148,1.210836979535092,1.054477856177049,1.4373506643678695
shared_fee_8131_8279,full_multiscale_60d,4.0,5.0,7930799.0,500000000.0,753605334.841629,500000000.0,execution,floor_optimized_only,"Floor-optimized only: derived F, CPSB=1530",True,False,325000000.0,162500000.0,50,50,1530.0,1.7634340839660732,5.656315259465248,True,0.5,32,7200,50400,8,1.4479558695732846,1530.0,5.656315259465248,0.11295316038895495,117693.76672129458,False,state,84386818.41178331,162500000.00000328,75661538.49123295,8725279.920550354,5.478280471863733,106209.15032679953,259.9485656794432,54525870.54157653,49929418.864612274,58759401.581159204,5411043.520172263,4610499.641418799,6566559.564744553,28705908.5314278,28468347.324726965,28876152.372553967,78951054.29426888,72295595.109399,85081020.41205268,9542018.573295524,8130312.211791369,11579694.950863844,162369668.46312428,161025947.38460475,163332621.29951635,88493072.86756454,80500609.71350873,95782655.84117997,164900331.88042456,164733398.48114216,165098981.98782846,1.0147712731103047,1.0137439906531824,1.0159937353097135,219381.84812890989,95182.51315583946,414057.8005403315,0.06067631578647497,0.05864645230309651,0.06293854330413164,0.07900111607142857,0.0720297619047619,0.08843948412698413,0.0840172371031746,0.07635218253968254,0.09392261904761905,0.0,0.0,0.0,0.39651955752569035,0.3804543070282205,0.4158185145180946,11212578.79850338,9077165.530907273,13899261.707040228,0.08795820932539683,0.06136210317460317,0.1269017857142857,316649.4954751939,295671.44900934194,335388.56053202,611194.466605633,520770.50547039683,741713.6557202176,927843.9620808269,815520.6204754321,1080721.970765672,106123.96631576751,105245.7172448397,106753.34725458585,259.740076472831,257.59054806031173,261.2804962182898,3.564854661026849e-05,1.546653486695508e-05,6.728460970533397e-05,4.966941687961644e-05,2.272699596643284e-05,9.149278931117687e-05,1.2156780349977754,1.056914139616662,1.4416466346773213
shared_fee_8131_8279,full_multiscale_60d,4.0,5.0,7930799.0,500000000.0,753605334.841629,500000000.0,execution,floor_optimized_only,"Floor-optimized only: derived F, CPSB=1530",True,False,350000000.0,175000000.0,50,50,1530.0,1.7634340839660732,5.656315259465248,True,0.5,32,7200,50400,8,1.4479558695732846,1530.0,5.656315259465248,0.11295316038895495,94328.02942269108,False,state,86897579.62095027,175000000.00001046,77717743.53039083,9179836.09055944,5.899686662007331,114379.0849673271,279.94460919325763,56062584.821343124,51320093.78872212,60451594.0403514,5706770.584675856,4857504.620627447,6929870.885121627,30997050.171169773,30788069.221722033,31151596.70183519,81176148.75551373,74309231.02843226,87531240.41578834,10063513.758392395,8565889.21103709,12220370.516307639,175329087.88160613,174147025.74830708,176203251.7813074,91239662.51390612,82954956.32702479,98838061.796835,177597678.7606237,177415806.87700272,177810887.30535874,1.0148438786321354,1.01380461072573,1.0160622131734784,174393.99794146864,75732.09743562798,329554.35463208216,0.060833019898037265,0.058785315403283626,0.06309513266981603,0.07996031746031747,0.07305952380952381,0.08956845238095237,0.08502790178571429,0.07748015873015873,0.09499702380952381,0.0,0.0,0.0,0.397431328213636,0.38125938146750943,0.41669696580113647,12241715.35450593,9906120.888202235,15170858.235328576,0.07372147817460317,0.05162599206349206,0.10671428571428572,329455.6104326778,307746.63190951775,348838.42437316634,644597.7731538622,548670.4985038218,782750.8175618923,974053.3835865399,855503.0056129388,1136540.9574648882,114594.17508601709,113821.58545640986,115165.52404007019,280.4710456412778,278.5801203730005,281.8694311914076,3.051805865017931e-05,1.3252558498842623e-05,5.76721757372945e-05,4.203322762113922e-05,1.9231547118626282e-05,7.725224472229419e-05,1.220445934651309,1.0593842875178285,1.4461773100974409
shared_fee_8131_8279,full_multiscale_60d,4.0,5.0,7930799.0,500000000.0,753605334.841629,500000000.0,execution,floor_optimized_only,"Floor-optimized only: derived F, CPSB=1530",True,False,375000000.0,187500000.0,50,50,1530.0,1.7634340839660732,5.656315259465248,True,0.5,32,7200,50400,8,1.4479558695732846,1530.0,5.656315259465248,0.11295316038895495,76764.77445877087,False,state,89306499.2728321,187500000.00001308,79682221.25328617,9624278.019545935,6.321092852150774,122549.01960785169,299.94065270706477,57522054.959454834,52643579.414630756,62052849.63031972,5994101.256333111,5098267.310730454,7282774.6798226135,33278852.45904067,33093101.169497784,33420750.71264367,83289397.10845974,76225579.80876195,89849787.84596913,10570202.458161676,8990458.344912158,12842693.096244384,188235680.9815808,187185013.12807333,189038302.23872662,93859599.56662133,85300437.43472415,101742606.59252238,190294633.45235443,190097962.13030767,190522515.54473317,1.0149047117458905,1.0138557980283076,1.0161200829052437,141016.39498832438,61297.35615427936,266705.6531684274,0.06095906251159179,0.05889801514689032,0.06322042183268284,0.08066034226190476,0.07366369047619048,0.09026686507936507,0.08580543154761905,0.07833234126984127,0.09574107142857143,0.0,0.0,0.0,0.39816119067743616,0.3818744966451824,0.41745644224051326,13257757.06316783,10723674.476044673,16422848.44006187,0.06287946428571428,0.044217261904761905,0.09100793650793651,341895.7688111474,319515.3747098417,361868.9995944559,677052.6805942302,575865.405254703,822612.4164866237,1018948.4494053777,894474.1226258993,1190525.454447792,123029.8568507064,122343.14583534205,123554.44590766446,301.1175094206411,299.436773411258,302.4014493872804,2.6439791475842482e-05,1.1492762195598526e-05,5.0007446107248036e-05,3.6034041007057234e-05,1.648430369047943e-05,6.610690139566528e-05,1.224047709974347,1.0612934715974869,1.4495176470943012
shared_fee_8131_8279,full_multiscale_60d,4.0,5.0,7930799.0,500000000.0,753605334.841629,500000000.0,execution,floor_optimized_only,"Floor-optimized only: derived F, CPSB=1530",True,False,400000000.0,200000000.0,64,64,1530.0,2.161501805529043,5.656315259465248,True,0.5,32,7200,50400,8,1.4479558695732846,1530.0,5.656315259465248,0.11295316038895495,63308.22922671631,False,state,93332376.27653272,199999999.99998695,81564794.00591955,11767582.270613175,6.742499042293249,130718.95424835748,319.93669622082587,58895373.03587954,53898253.99714342,63538241.97413843,5980897.8354590405,5087187.539660841,7263487.04576304,35522052.71588774,35330147.38383136,35669168.5611552,85277901.07800992,78042293.23491555,92000570.40882206,12927721.470029492,10995965.052041827,15700040.36385374,200923928.824409,199838451.76632637,201756062.4249061,98205622.54803947,89142448.7690534,106543086.14232093,202985159.5124051,202775076.1532325,203228768.56923294,1.0149257975620256,1.0138753807661627,1.0161438428461647,115952.90777771476,50430.79300353097,219305.92777169115,0.061012333778740636,0.058936400495442416,0.06327942856737612,0.08096292162698412,0.07406944444444444,0.09054662698412698,0.08615327380952381,0.07861904761904762,0.09613690476190476,0.0,0.0,0.0,0.39844636631948993,0.38197146593966946,0.41786582889136475,14198755.431741074,11488740.736445002,17576817.287294317,0.05916790674603174,0.04111904761904762,0.08551686507936508,353854.9856466438,330911.1201985515,374307.4834292506,675561.3124785584,574613.910096004,820433.8172631693,1029416.2981252023,904614.2436933444,1200750.7707139102,131322.82929699938,130613.36716753358,131866.70746725888,321.41468989896987,319.6782701800375,322.74584027375687,2.3189865833110667e-05,1.0085701117148761e-05,4.386128041505357e-05,3.1425168584055486e-05,1.4389123999121383e-05,5.75528402401188e-05,1.2248700994173995,1.0616974305327451,1.4497633030902193
shared_fee_8131_8279,full_multiscale_60d,4.0,5.0,7930799.0,500000000.0,753605334.841629,500000000.0,execution,floor_optimized_only,"Floor-optimized only: derived F, CPSB=1530",True,False,425000000.0,212500000.0,64,64,1530.0,2.161501805529043,5.656315259465248,True,0.5,32,7200,50400,8,1.4479558695732846,1530.0,5.656315259465248,0.11295316038895495,52824.37891763159,False,state,95640456.39759071,212499999.9999876,83373693.53520703,12266762.862383675,7.163905232436627,138888.88888888079,339.9327397346298,60231227.73315862,55112118.6657096,64998418.44198968,6242554.504946852,5307024.8383119125,7584682.60176263,37794230.30497131,37620072.65425506,37931747.923030764,87212159.72783232,79799915.70663333,94114841.49605976,13493292.833556086,11471143.769998686,16394305.138074486,213776081.5937444,212790991.0164466,214553924.59521958,100705452.56138852,91380160.05095732,109308697.59447823,215680539.03801018,215455900.55367884,215938599.4314925,1.0149672425318124,1.0139101202526064,1.0161816443834941,96326.0831978037,41931.58324106883,182281.88955261168,0.06110362225614202,0.05902145475715572,0.06336818680393252,0.0815265376984127,0.07443551587301586,0.09117956349206348,0.08670200892857143,0.07919742063492063,0.09659920634920634,0.0,0.0,0.0,0.3990094756414604,0.3824653755083027,0.41847531561739176,15200012.907351628,12289577.427138865,18805633.686497927,0.05190662202380952,0.0363204365079365,0.07497222222222222,365723.3387551454,342179.61745561386,386701.58372583566,705116.2602340551,599445.2277500131,856713.8704162105,1070839.5989892005,940718.2554823661,1250248.6113890558,139722.92914623817,139079.0790957167,140231.3232648494,341.97406638070373,340.39823325680896,343.21836898105613,2.046864238050822e-05,8.910040337408728e-06,3.873497163924865e-05,2.749119342528311e-05,1.2583609665168567e-05,5.0288372627175315e-05,1.2273099782594832,1.0630569976671664,1.452100123123843
shared_fee_8131_8279,full_multiscale_60d,4.0,5.0,7930799.0,500000000.0,753605334.841629,500000000.0,execution,floor_optimized_only,"Floor-optimized only: derived F, CPSB=1530",True,False,450000000.0,225000000.0,64,64,1530.0,2.161501805529043,5.656315259465248,True,0.5,32,7200,50400,8,1.4479558695732846,1530.0,5.656315259465248,0.11295316038895495,44535.26644046533,False,state,97872676.92324537,225000000.00000715,85115895.78368536,12756781.139560016,7.5853114225806415,147058.82352941643,359.928783248464,61514194.244159505,56279079.695890896,66398454.1366672,6498603.936558321,5522435.788985322,7899440.423009887,40062076.93841502,39903302.658567466,40191712.82367155,89069838.6179019,81489623.77984828,96142031.3977799,14046744.14228895,11936754.928810053,17074654.73700483,226603737.11261642,225705659.73070335,227336998.5485666,103116582.7601907,93540262.88622957,111972101.9244565,228375167.37758636,228136022.6173076,228648230.2061318,1.0150007439003839,1.013937878299145,1.016214356471697,80914.76994925336,35252.963928533856,153181.89742749828,0.06118085327052285,0.059094569742564405,0.06344321515716013,0.08195808531746031,0.07475297619047619,0.09168353174603175,0.08716951884920635,0.07978174603174602,0.09687599206349207,0.0,0.0,0.0,0.3995121137692181,0.38290062678650066,0.4190282047025519,16194789.137400769,13079796.831574531,20024133.200321846,0.04606212797619048,0.03219444444444445,0.06648611111111111,377346.4878368638,353235.54875621357,398822.90164619434,734037.8527503662,623776.5754109641,892266.7610832299,1111384.34058723,976108.2683766261,1298594.8137433894,148107.01772066433,147520.0390396754,148586.27356115464,362.4942550155389,361.0576154629392,363.66724122195916,1.8205221858931135e-05,7.931523754153933e-06,3.446596725223885e-05,2.4250393655915014e-05,1.1096479030807863e-05,4.431387443210023e-05,1.229259718342402,1.0641684945627194,1.4539439816648612
shared_fee_8131_8279,full_multiscale_60d,4.0,5.0,7930799.0,500000000.0,753605334.841629,500000000.0,execution,floor_optimized_only,"Floor-optimized only: derived F, CPSB=1530",True,False,475000000.0,237500000.0,64,64,1530.0,2.161501805529043,5.656315259465248,True,0.5,32,7200,50400,8,1.4479558695732846,1530.0,5.656315259465248,0.11295316038895495,37895.07442306996,False,state,100035671.92883277,237500000.00000367,86797370.73081948,13238301.198013294,8.006717612723879,155228.75816993703,379.9248267622614,62749627.67337504,57403630.499043375,67744587.61515866,6749572.349785384,5733833.292337513,8210902.771809042,42326410.96279034,42180674.94934476,42450653.20520673,90858691.70320152,83117923.71590523,98091173.26919003,14589212.820609983,12393691.01399003,17747881.16628867,239411524.20725495,238587195.37054893,240114277.49890766,105447904.52381125,95630056.29665303,114543719.27614406,241068748.7959665,240815480.2378636,241356362.66725537,1.015026310719859,1.0139599167910047,1.0162373164937069,68640.62105928463,29928.657449860075,129983.73981272888,0.06124685229549899,0.05915707042662473,0.06350716301374332,0.08234188988095237,0.07509126984126985,0.09207539682539682,0.08757874503968255,0.08023313492063493,0.0971875,0.0,0.0,0.0,0.3999671562454089,0.3832911169213117,0.4195252779793988,17183775.907743182,13865111.717698054,21234130.072535243,0.041280381944444444,0.028784722222222222,0.05900992063492063,388750.2518481795,364100.1731102699,410734.91997729434,762385.528182164,647654.5915129286,927447.4177222614,1151135.7800303437,1010854.0157301261,1345916.5295437037,156478.12039689865,155939.34337944374,156937.43627379584,382.982660460332,381.6639952372556,384.1068432922806,1.630158354846067e-05,7.107677755637417e-06,3.08711506609712e-05,2.154918452355076e-05,9.857012118251407e-06,3.9343456400632754e-05,1.2308280503752704,1.0650762271504846,1.4552553391719325
shared_fee_8131_8279,full_multiscale_60d,4.0,5.0,7930799.0,500000000.0,753605334.841629,500000000.0,execution,floor_optimized_only,"Floor-optimized only: derived F, CPSB=1530",True,False,500000000.0,250000000.0,64,64,1530.0,2.161501805529043,5.656315259465248,True,0.5,32,7200,50400,8,1.4479558695732846,1530.0,5.656315259465248,0.11295316038895495,32513.150702776144,False,state,102135178.9179452,250000000.00000274,88423272.13360794,13711906.784337273,8.428123802867203,163398.6928104593,399.9208702760628,63942136.18715669,58489669.972070634,69042417.33812033,6995943.793958072,5941537.30237735,8516300.75587385,44588112.65353063,44453451.29718933,44709582.43488538,92585391.40524773,84690460.94546382,99970373.4342596,15121745.14202009,12842643.60670675,18407999.460249692,252204421.99293405,251442734.90819958,252891493.3707756,107707136.54726765,97655945.05839735,117033150.1752075,253762090.88906035,253493969.63471836,254065432.37979525,1.0150483635562413,1.0139758785388733,1.0162617295191811,58740.027521369426,25630.093408147724,111256.90796758045,0.06130308609811684,0.059210834024498,0.06356133728950689,0.08268663194444444,0.07537103174603174,0.09241765873015872,0.08791604662698413,0.08064484126984127,0.09750892857142857,0.0,0.0,0.0,0.40038797950657545,0.3836659764299102,0.41997199723645806,18168710.93304833,14646274.690602686,22437501.05508343,0.0372984871031746,0.025763888888888888,0.053080357142857144,399957.30824797496,374790.6818232186,422444.54718779336,790213.96143106,671115.4158723875,961943.0851987972,1190171.2696790348,1045007.6846454507,1392319.6713875425,164839.49149864967,164341.65680274484,165288.55775867688,403.4472477235378,402.22878947631773,404.54634445701055,1.4684478489680866e-05,6.407161117939733e-06,2.7814217785336174e-05,1.927386473936777e-05,8.812939681712843e-06,3.516262871026871e-05,1.232126183646736,1.065828529830052,1.4561039926473933
shared_fee_8131_8279,full_multiscale_60d,4.5,4.5,9086555.0,450000000.0,863428303.1674209,450000000.0,execution,floor_optimized_only,"Floor-optimized only: derived F, CPSB=1530",True,False,50000000.0,25000000.0,40,40,1530.0,1.5887467517058966,5.656315259465248,True,0.5,32,7200,50400,8,1.4479558695732846,1530.0,5.656315259465248,0.11295316038895495,1495122567.2146773,False,regular,24999999.99999956,6864314.637069767,24079297.73687559,920702.263123971,0.2314131743322273,4486.480154947561,10.98073073402251,16693542.912644766,16536306.82300012,16826993.29138322,574762.0203793319,508192.4354192958,687688.3192955817,1226800.1639968418,999504.1333937186,1523359.7710875561,24171513.444337524,23943842.525427613,24364743.70352863,913151.2928815822,807389.0810139042,1092562.583466936,6939168.487929786,5653510.481613487,8616603.118857985,25084664.737219118,24903613.785482425,25205981.47438822,25262687.170203425,25241748.142695874,25292521.50336685,1.010507486808137,1.009669925707835,1.011700860134674,2866523225.6400576,1340440093.7245994,6557557041.851894,0.05102639289225475,0.04893287353682743,0.05327173211797638,0.02807167658730159,0.02175,0.03412400793650794,0.03387586805555556,0.026855158730158733,0.041123015873015874,0.0,0.0,0.0,0.31867940524972826,0.30267045970828244,0.33619498960118827,112504.49408556029,71029.30835707835,156163.93419471095,0.9796236359126984,0.9581607142857143,0.9917142857142858,77225.32850309114,76476.39371382528,78014.88927375698,64921.186673386466,57401.94166636935,77676.56902700469,142146.5151764776,134818.44917829233,154333.19815758205,4535.404240476984,3695.1048899434554,5631.766744351624,11.100473202740321,9.043827327686737,13.783837672468339,0.07166329992467396,0.0335085544137872,0.16393783864225459,0.08726850764216705,0.04212648954370204,0.19362298439206832,1.0631801866297623,0.8158196744767786,1.4146891719068153
shared_fee_8131_8279,full_multiscale_60d,4.5,4.5,9086555.0,450000000.0,863428303.1674209,450000000.0,execution,floor_optimized_only,"Floor-optimized only: derived F, CPSB=1530",True,False,75000000.0,37500000.0,40,40,1530.0,1.5887467517058966,5.656315259465248,True,0.5,32,7200,50400,8,1.4479558695732846,1530.0,5.656315259465248,0.11295316038895495,59701321.94696217,False,regular,37500000.000000075,20182225.954283174,35572094.90579661,1927905.094203467,0.6803931958405457,13190.997355740637,32.28517347097993,24106616.317220785,23592069.348602038,24476463.54826146,1151584.461187324,1027203.1749297477,1386562.034730657,3252537.2459819578,2739414.6090700813,3856615.450005637,34905316.592071004,34160275.28868814,35440839.06110151,1829576.072026345,1631965.7075116278,2202895.9287170474,18397376.05642677,15494992.655285057,21814232.81975617,36734892.664097264,35934302.731521636,37253646.27984537,37903804.79264616,37870897.1104167,37948391.83706959,1.0107681278038976,1.009890589611112,1.0119571156551892,135153105.46198893,63685698.36373513,290676028.4416462,0.05169702647113893,0.0494938021361874,0.05421744516782322,0.030959201388888885,0.02480059523809524,0.03878472222222222,0.03708891369047619,0.02992261904761905,0.04561210317460317,0.0,0.0,0.0,0.3235848744931947,0.30645159724034127,0.3430448973752503,343036.86125103256,182892.899735421,554440.107247763,0.9156287202380953,0.8647410714285715,0.9512420634920635,115383.81985250313,113807.27613696695,117192.79248164927,130075.10434592009,116025.84496988355,156616.56389816763,245458.92419842322,232015.94127608946,271606.6071772882,12024.428795050175,10127.446179924873,14257.668509644554,29.42997857312845,24.787083790490932,34.895867894725775,0.005068242207853335,0.002388088174950091,0.010900324915796754,0.007109273937377064,0.0035440037591872643,0.014699826013943674,1.032766459591425,0.7826811927196112,1.4710752501821796
shared_fee_8131_8279,full_multiscale_60d,4.5,4.5,9086555.0,450000000.0,863428303.1674209,450000000.0,execution,floor_optimized_only,"Floor-optimized only: derived F, CPSB=1530",True,False,100000000.0,50000000.0,40,40,1530.0,1.5887467517058966,5.656315259465248,True,0.5,32,7200,50400,8,1.4479558695732846,1530.0,5.656315259465248,0.11295316038895495,6244364.927759717,False,regular,50000000.00000078,42983499.114447705,46763423.50596405,3236576.494036737,1.4490810080679764,28093.790270880854,68.75999349344045,30339468.49927588,29150702.9275722,31284552.70641291,1783418.1499674595,1595924.6985379457,2160210.476630983,5936265.6645889925,5193980.478770508,6690747.017981333,43930211.49326028,42208931.4061654,45298651.71822537,2833399.79269414,2535520.180769384,3432027.3777485117,33577390.062854625,29378791.039434426,37844974.455029875,46763611.28595443,44885197.5024824,48205039.0818975,50568731.93357641,50522889.93626802,50629283.0654247,1.0113746386715285,1.0104577987253605,1.012585661308494,21182440.277356118,10222524.242373576,42902402.28354968,0.05319264072575207,0.05100754722343043,0.05560435330572519,0.035757068452380955,0.028955357142857144,0.043680555555555556,0.041857018849206354,0.03491964285714286,0.05043154761904762,0.0,0.0,0.0,0.33641904002192236,0.31859792257480746,0.35797330070021816,941052.0412963551,552750.2402284013,1465076.1850074676,0.8039775545634921,0.7170009920634921,0.8723402777777778,150009.8516338886,146081.43069905293,153477.84445501186,201442.71633384775,180264.73844265114,244002.60044080025,351452.5679677364,329155.8252101928,394182.0310787429,21946.00657702917,19201.82420878067,24735.277421588155,53.71319622214199,46.99676672059633,60.53998047852299,0.00105911265623802,0.000511091989568185,0.002145025999070288,0.0016228753835613886,0.0008131962960440123,0.0032454563943671907,1.1342294355179061,0.8039515166923537,1.628054636624685
shared_fee_8131_8279,full_multiscale_60d,4.5,4.5,9086555.0,450000000.0,863428303.1674209,450000000.0,execution,floor_optimized_only,"Floor-optimized only: derived F, CPSB=1530",True,False,125000000.0,62500000.0,40,40,1530.0,1.5887467517058966,5.656315259465248,True,0.5,32,7200,50400,8,1.4479558695732846,1530.0,5.656315259465248,0.11295316038895495,2041657.8574558252,False,state,57729475.37077761,62500000.00000275,53546380.709798254,4183094.660979354,2.1070309507168705,40849.67320261618,99.980217569019,35310351.550104424,33345868.440642986,36951444.08799509,2387297.29876471,2106288.750097692,2900833.93348741,8837379.851717863,8007125.875514349,9558701.94849068,51127830.783669695,48283345.93464702,53504060.35642109,3792810.828768681,3346359.4098723587,4608690.489066343,49987006.50896317,45290828.27413178,54067031.69192932,54920641.61243862,51757024.63320422,57324441.98657882,63262507.018608764,63207711.68497063,63336547.53805678,1.0122001122977402,1.0113233869595302,1.0133847606089086,6612206.967638401,3185178.979489756,12947202.390939774,0.05511312374494781,0.05306837780220058,0.05776372430519954,0.043196924603174605,0.03534722222222222,0.053624007936507935,0.04884796626984127,0.04082043650793651,0.05883531746031746,0.0,0.0,0.0,0.35278388457078674,0.3349293255860509,0.37691033740357044,1930865.210528294,1276423.8954246445,2771727.4584597843,0.6633252728174603,0.5520892857142857,0.759172619047619,179595.90217240178,172155.56734532845,184689.7160332265,269652.77468348923,237911.97101523605,327658.3605509265,449248.6768558909,417133.3694483899,507909.4917910237,32671.246084289654,29601.84854518417,35337.92921041132,79.9633885822382,72.45098983565717,86.49013746991842,0.00041325619501785015,0.0001990592427273088,0.0008092026631438895,0.0006494851236536933,0.00032842893317928116,0.001250053157896306,1.1000830411207914,0.8475040713479486,1.4592154316267618
shared_fee_8131_8279,full_multiscale_60d,4.5,4.5,9086555.0,450000000.0,863428303.1674209,450000000.0,execution,floor_optimized_only,"Floor-optimized only: derived F, CPSB=1530",True,False,150000000.0,75000000.0,40,40,1530.0,1.5887467517058966,5.656315259465248,True,0.5,32,7200,50400,8,1.4479558695732846,1530.0,5.656315259465248,0.11295316038895495,1184472.6608413283,False,state,61937595.20186268,75000000.00000046,57197805.08629793,4739790.115564752,2.528437140860149,49019.60784313756,119.97626108281827,39222582.557115264,36591873.494561225,41543629.3366502,2927361.8243098985,2575965.807601916,3550667.6987891244,11679125.941473417,10898649.458524527,12273248.397138482,56792568.63339778,52983418.005133085,60153341.94138001,4650836.5894402005,4092557.3093329733,5641111.772838234,66060818.27996893,61646197.239811055,69421362.19193693,61443405.22283795,57146353.5329639,64853954.7938563,75971188.07228805,75899310.78665815,76063874.74928091,1.012949174297174,1.0119908104887754,1.0141849966570788,3004050.054196685,1399624.8606242149,5698411.567448127,0.0567873632807077,0.054798629006318586,0.05936159341129574,0.05229724702380953,0.042962301587301584,0.06327480158730159,0.057171378968253965,0.0477172619047619,0.06801289682539682,0.0,0.0,0.0,0.3669997535861659,0.35002882804297875,0.39042571240900686,3162324.741317883,2268297.76306579,4291948.59765222,0.5140804811507936,0.40011111111111114,0.6237628968253968,204335.40739129158,193677.85784974645,213309.25640715266,330654.7696577798,290963.4790225231,401059.1380692096,534990.1770490713,487699.9128969621,605922.9227224638,43177.005411744394,40291.63218288304,45373.43934113524,105.67639975069488,98.61440339741915,111.05220633419549,0.00022529909690619684,0.0001049694902539798,0.00042737911578337077,0.0003515220624289926,0.00017148283515552602,0.000642286607304498,1.0692317594310135,0.8822451196248502,1.331965608620116
shared_fee_8131_8279,full_multiscale_60d,4.5,4.5,9086555.0,450000000.0,863428303.1674209,450000000.0,execution,floor_optimized_only,"Floor-optimized only: derived F, CPSB=1530",True,False,175000000.0,87500000.0,40,40,1530.0,1.5887467517058966,5.656315259465248,True,0.5,32,7200,50400,8,1.4479558695732846,1530.0,5.656315259465248,0.11295316038895495,747485.4019818847,False,state,65746518.5141173,87500000.00000663,60478631.076628886,5267887.437488413,2.9498433310037124,57189.54248366447,139.97230459663106,42364088.71489194,39218000.548717804,45218160.98432749,3401995.8709979225,2961958.374756348,4111189.1939777685,14367402.554399546,13701741.940812947,14824287.669641836,61341330.91385129,56785934.087444335,65473901.60856707,5404909.88936481,4705801.746582257,6531638.4775805045,81266558.30733225,77501372.02107742,83850844.55650143,66746240.80321604,61549536.85636825,70974284.43279007,88682536.39735112,88599357.35275154,88790609.16471033,1.0135147016840125,1.0125640840314463,1.0147498190252608,1672235.5008831052,744473.9649768885,3222789.829929917,0.058021085537381105,0.05612204185571464,0.0605209912385393,0.06055121527777778,0.05234325396825397,0.07140873015873016,0.06514508928571427,0.056595238095238094,0.07584623015873015,0.0,0.0,0.0,0.3772746663352688,0.36076293207893495,0.39940653865375625,4452953.573514976,3359387.2143126973,5732969.93310189,0.38358010912698415,0.2848998015873016,0.4958531746031746,225267.74673725074,211923.22038400616,236996.23865762888,384266.18525939086,334562.5593692621,464371.8124167093,609533.9319966417,547836.1793513553,689701.3881587457,53115.39758649166,50654.491517044065,54804.47356634081,130.00077089043342,123.97766458503139,134.1348109136742,0.00014631718961032232,6.513997952144921e-05,0.00028199211202011867,0.00022426616466344354,0.0001055635030326111,0.0004160223539860851,1.1061012007874527,0.96040703361375,1.3464267377056074
shared_fee_8131_8279,full_multiscale_60d,4.5,4.5,9086555.0,450000000.0,863428303.1674209,450000000.0,execution,floor_optimized_only,"Floor-optimized only: derived F, CPSB=1530",True,False,200000000.0,100000000.0,40,40,1530.0,1.5887467517058966,5.656315259465248,True,0.5,32,7200,50400,8,1.4479558695732846,1530.0,5.656315259465248,0.11295316038895495,501674.6078754611,False,state,69245017.81901038,99999999.99999495,63472340.56784292,5772677.251167447,3.3712495211466744,65359.477124179706,159.9683481104153,44989331.270702615,41455496.12250911,48217435.5147107,3824978.143110297,3305318.4368922235,4608132.80475149,16917091.190657258,16374266.219280377,17264445.166997995,65142566.2815907,60025728.93666002,69816718.76929614,6076921.600212552,5251313.929966139,7321156.024978324,95688401.04748155,92618011.87866312,97653144.64429265,71219487.88180318,65329099.42332355,76155674.2978297,101391970.42135009,101300697.47407062,101516243.17240804,1.0139197042135009,1.0130069747407062,1.0151624317240804,1046388.0417547674,458184.4119461773,2014044.9361513006,0.05888846157832459,0.05697487780594393,0.061322346111844485,0.06672061011904762,0.059545634920634916,0.07754563492063492,0.07131758432539682,0.06379861111111111,0.08219246031746032,0.0,0.0,0.0,0.3842013449972207,0.36805418496465275,0.40532211105203336,5708065.222457876,4469789.626267281,7227111.654792299,0.28415364583333336,0.20769742063492064,0.3844375,243558.64901882468,228144.761052099,257258.93633703858,432043.36968298454,373346.1635388572,520503.1637886999,675602.0187018092,601688.9845875305,767880.9138681779,62541.43859312519,60534.648286707925,63825.5847348318,153.07115448893327,148.15950365501308,156.21412236535733,0.00010463621451140462,4.581672578653048e-05,0.0002014027719687694,0.00015728267811639115,7.293259293513449e-05,0.0002928233281970715,1.1437889699899375,1.0031926187924793,1.375279675607988
shared_fee_8131_8279,full_multiscale_60d,4.5,4.5,9086555.0,450000000.0,863428303.1674209,450000000.0,execution,floor_optimized_only,"Floor-optimized only: derived F, CPSB=1530",True,False,225000000.0,112500000.0,40,40,1530.0,1.5887467517058966,5.656315259465248,True,0.5,32,7200,50400,8,1.4479558695732846,1530.0,5.656315259465248,0.11295316038895495,352911.6609491433,False,state,72493684.09972806,112500000.00000536,66235747.7973526,6257936.302375466,3.7926557112903807,73529.4117647094,179.96439162423488,47270473.81368305,43440524.566588834,50781259.446776114,4210757.3446122985,3620587.0293826684,5079777.554539851,19368671.872848704,18927478.165558003,19651609.036704507,68445560.0160326,62899962.523534395,73529022.68028446,6689827.053474532,5752195.882200205,8070480.089163783,109555314.26996472,107059783.5710354,111155696.06735094,75135387.0695072,68703005.36250706,80707784.4491527,114098613.59566985,113992528.04738133,114238146.12797666,1.0142098986281765,1.013266915976723,1.015450187804237,705439.554037906,306733.4678888259,1350795.9169584801,0.05950167776569462,0.057625952592239196,0.06187465019115403,0.07103794642857142,0.06351289682539683,0.0810595238095238,0.07584635416666667,0.06814186507936508,0.08647718253968253,0.0,0.0,0.0,0.3888227293689304,0.37325052861666913,0.40923937978303965,6901920.900657214,5500015.963705387,8629642.878703281,0.21266989087301585,0.15541269841269842,0.2967579365079365,260073.46727017715,243070.56206446857,275249.54043505224,475618.34970496316,408956.7474320305,573776.928858153,735691.8169751402,651487.9659904197,844506.5243534367,71604.78056860439,69973.71475231071,72650.78174336662,175.2538265048455,171.26176726917973,177.8139308295841,7.935991873067628e-05,3.4506220508073645e-05,0.00015196309628595617,0.00011709325509850013,5.388980062553313e-05,0.00021780789576463284,1.1711448437863572,1.025699410068306,1.3992559842345038
shared_fee_8131_8279,full_multiscale_60d,4.5,4.5,9086555.0,450000000.0,863428303.1674209,450000000.0,execution,floor_optimized_only,"Floor-optimized only: derived F, CPSB=1530",True,False,250000000.0,125000000.0,40,40,1530.0,1.5887467517058966,5.656315259465248,True,0.5,32,7200,50400,8,1.4479558695732846,1530.0,5.656315259465248,0.11295316038895495,257644.57999920848,False,state,75535972.50241977,125000000.00000334,68809492.02887829,6726480.473541478,4.214061901433668,81699.34640523094,199.96043513803457,49312956.27907025,45244994.99211965,53049268.30441152,4569927.541353863,3916089.146408273,5526236.284953934,21756238.604528554,21393197.70813881,21994376.123812772,71402984.49029052,65512756.067652285,76812999.41794068,7260457.536857278,6221673.910746892,8779789.946879836,123060144.40736791,121006670.64530826,124407125.291548,78663442.02714765,71786751.54971455,84752785.63004333,126802548.9780051,126680806.31073532,126956846.61146285,1.0144203918240406,1.0134464504858824,1.0156547728917027,500876.7097358001,217228.2999754295,953512.703237751,0.05994306016019478,0.05801379631598552,0.062266073541846545,0.07415612599206349,0.06613492063492064,0.08333432539682539,0.07902157738095239,0.07109027777777778,0.08859325396825397,0.0,0.0,0.0,0.39192513107622906,0.3760147789879508,0.4118185318692377,8041017.34011063,6465388.044854784,9959042.683027297,0.16266369047619045,0.11636607142857143,0.23075496031746032,275366.9124541929,257100.8791031629,291701.1251304705,516187.7585444455,442334.6454516993,624205.8534416643,791554.6709986384,698487.5908956679,914498.0539313293,80431.4669329202,79089.32721915573,81311.846595783,196.857280190768,193.5723721347202,199.01202326055403,6.260794082912384e-05,2.7152504877265314e-05,0.00011918786970651572,9.081730534158482e-05,4.163471713164288e-05,0.00016854201926230528,1.1896482845284553,1.043025293338242,1.4167871488333228
shared_fee_8131_8279,full_multiscale_60d,4.5,4.5,9086555.0,450000000.0,863428303.1674209,450000000.0,execution,floor_optimized_only,"Floor-optimized only: derived F, CPSB=1530",True,False,275000000.0,137500000.0,40,40,1530.0,1.5887467517058966,5.656315259465248,True,0.5,32,7200,50400,8,1.4479558695732846,1530.0,5.656315259465248,0.11295316038895495,193825.34889992862,False,state,78404256.24718016,137499999.99999177,71223775.62858163,7180480.618598532,4.635468091576634,89869.28104574626,219.956478651819,51180555.61438878,46911688.5673305,55103607.8177905,4909437.114740849,4195104.788737941,5947139.854028866,24102434.55491454,23798452.28484252,24307587.638444576,74107185.90987618,67926054.81266066,79787592.37443416,7799852.268748891,6664959.106173238,9448499.125029014,136330968.3632225,134611548.81040633,137491378.88011956,81907038.17862497,74649325.2964572,88429342.05659215,139504190.75677854,139367030.96146527,139673116.6805843,1.0145759327765713,1.0135784069924747,1.015804484949704,369641.1582196677,160219.27331553062,699943.5922609665,0.06026821486503189,0.05829719279022906,0.06255329335387076,0.07638020833333334,0.06860714285714285,0.08549801587301586,0.08126426091269842,0.07326388888888889,0.09121825396825396,0.0,0.0,0.0,0.394058441452949,0.3781587586661821,0.41360984823001273,9137355.24440167,7379233.60896158,11326847.398141202,0.12754278273809522,0.08990674603174603,0.18217261904761903,289779.54234132863,270461.9784634202,307051.9641665957,554536.4378408112,473850.34405078954,671748.2417876687,844315.9801821399,743376.1696160295,979697.4390340663,89105.20808053759,87981.40445124597,89863.64632687555,218.08639805359095,215.33587099786325,219.9426875887708,5.0824286503652494e-05,2.2029296238091094e-05,9.62412013171553e-05,7.259515995419123e-05,3.32088399709339e-05,0.00013438363395353592,1.2021604978018898,1.0500250977682932,1.428947928257994
shared_fee_8131_8279,full_multiscale_60d,4.5,4.5,9086555.0,450000000.0,863428303.1674209,450000000.0,execution,floor_optimized_only,"Floor-optimized only: derived F, CPSB=1530",True,False,300000000.0,150000000.0,40,40,1530.0,1.5887467517058966,5.656315259465248,True,0.5,32,7200,50400,8,1.4479558695732846,1530.0,5.656315259465248,0.11295316038895495,149473.1157370768,False,state,81123390.83937971,149999999.9999987,73501735.5231773,7621655.31620242,5.056874281720223,98039.21568627366,239.95252216563298,52913651.60956594,48469264.74840966,56999081.7297143,5233904.523512593,4463761.294976093,6348780.426599735,26422012.391590983,26162861.504497543,26602676.606528237,76616632.42862672,70181356.3863604,82532154.95082803,8315348.810469431,7091786.257783786,10086604.280054303,149451231.87632382,147985392.75915372,150473125.6321116,84931981.23909631,77337047.64796649,91826987.91182637,152204078.67283148,152051690.892483,152387712.1088614,1.0146938578188767,1.01367793928322,1.0159180807257424,281126.88356405444,121889.37484015751,529909.3440193041,0.06051516312647496,0.058512095019418765,0.06277734333617634,0.07796130952380953,0.07076884920634921,0.0872202380952381,0.0829451884920635,0.07523908730158729,0.0929047619047619,0.0,0.0,0.0,0.3955844470756869,0.37974295158296256,0.41492269915771407,10202874.967747534,8258003.233137407,12650743.777844101,0.10283296130952381,0.07246527777777778,0.14816468253968254,303528.1008369474,283306.7383982571,321601.3113365566,591186.0571047945,504195.94548944384,717114.8137999777,894714.1579417421,786575.9211750232,1041356.7704750198,97680.54371001557,96722.47892755145,98348.44812556314,239.0746668632337,236.7297882415403,240.709373423811,4.216786387175965e-05,1.828268444846091e-05,7.94854956249355e-05,5.939490850076576e-05,2.7161265932570046e-05,0.0001096972438530148,1.210836979535092,1.054477856177049,1.4373506643678695
shared_fee_8131_8279,full_multiscale_60d,4.5,4.5,9086555.0,450000000.0,863428303.1674209,450000000.0,execution,floor_optimized_only,"Floor-optimized only: derived F, CPSB=1530",True,False,325000000.0,162500000.0,40,40,1530.0,1.5887467517058966,5.656315259465248,True,0.5,32,7200,50400,8,1.4479558695732846,1530.0,5.656315259465248,0.11295316038895495,117693.76672129458,False,state,83712933.27166711,162500000.00000328,75661538.49123295,8051394.780434166,5.478280471863733,106209.15032679953,259.9485656794432,54538512.27638082,49936087.850209065,58783871.041548915,5546341.211923644,4723889.612099698,6733989.356029461,28723793.05726542,28499644.17320724,28885582.24281365,78969358.96838042,72305251.5062375,85116451.11085024,8811731.584296219,7505064.276640588,10698603.715413837,162470828.97952747,161202972.22623694,163385959.61855936,87781090.55267651,79879304.3509758,95006564.22807965,164902804.26865715,164735281.69873792,165100960.27269316,1.0147864878071209,1.013755579684541,1.0160059093704195,219065.0355724857,95054.33136020428,413650.443663348,0.06070743433595567,0.05867980789968243,0.06296590657801758,0.07919084821428571,0.07226488095238096,0.08864285714285713,0.08422619047619048,0.0766765873015873,0.09413988095238095,0.0,0.0,0.0,0.39672480175687,0.3807261955911728,0.41596317599493504,11246500.396519434,9101281.999238597,13943770.18746185,0.08477554563492064,0.05978472222222222,0.12247718253968252,316751.7055980163,295730.4306317258,335532.94858681416,626476.7684822823,533578.2610152153,760625.3797891111,943228.4740802986,828391.1571569786,1100282.5405577307,106190.08430034475,105361.41975571042,106788.2089010192,259.90190127986114,257.87373177521584,261.3658206461728,3.5597065733602106e-05,1.544570726347036e-05,6.721841158709486e-05,4.950798099741747e-05,2.264093889151562e-05,9.120588553886087e-05,1.2170307053831304,1.057672420929457,1.4432668114050904
shared_fee_8131_8279,full_multiscale_60d,4.5,4.5,9086555.0,450000000.0,863428303.1674209,450000000.0,execution,floor_optimized_only,"Floor-optimized only: derived F, CPSB=1530",True,False,350000000.0,175000000.0,40,40,1530.0,1.5887467517058966,5.656315259465248,True,0.5,32,7200,50400,8,1.4479558695732846,1530.0,5.656315259465248,0.11295316038895495,94328.02942269108,False,state,86188587.45262335,175000000.00001046,77717743.53039083,8470843.922232525,5.899686662007331,114379.0849673271,279.94460919325763,56073234.02827525,51325714.04657882,60472632.44860772,5848771.942828238,4976719.462946596,7105532.839513056,31013018.34066284,30816683.627005506,31159917.448886093,81191568.33719748,74317368.91378362,87561703.10250966,9292217.42563695,7906746.8809079,11288892.217916002,175419408.88237572,174308877.84555256,176250316.54982206,90483785.7628347,82297718.00698632,98009236.02314672,177600055.12054333,177417656.07166815,177812776.79293647,1.0148574578316762,1.0138151775523896,1.0160730102453512,174181.129275794,75650.39960725492,329271.0990933917,0.06086054821043927,0.05881490636724347,0.06311937673587407,0.08011656746031745,0.07315873015873016,0.08974503968253968,0.08519345238095238,0.07766567460317461,0.09517162698412698,0.0,0.0,0.0,0.3976064968316796,0.38148100719534656,0.41682766433034973,12273144.338444993,9928003.150419373,15211550.912732592,0.07102678571428571,0.05013888888888889,0.10279166666666667,329543.9995900298,307799.79924832756,348964.399588997,660637.2753366975,562136.1917090404,802592.3904705048,990181.2749267274,869026.4770850829,1156992.9043242226,114653.2084198534,113927.37114088403,115196.2853266811,280.6155306542057,278.83903249934616,281.94471992414253,3.048080795622181e-05,1.3238262987494118e-05,5.762260561640613e-05,4.190558464016778e-05,1.9162971339976694e-05,7.702560912284453e-05,1.2215664040780256,1.0600103611955094,1.4474988614700093
shared_fee_8131_8279,full_multiscale_60d,4.5,4.5,9086555.0,450000000.0,863428303.1674209,450000000.0,execution,floor_optimized_only,"Floor-optimized only: derived F, CPSB=1530",True,False,375000000.0,187500000.0,50,50,1530.0,1.7634340839660732,5.656315259465248,True,0.5,32,7200,50400,8,1.4479558695732846,1530.0,5.656315259465248,0.11295316038895495,76764.77445877087,False,state,89306499.2728321,187500000.00001308,79682221.25328617,9624278.019545935,6.321092852150774,122549.01960785169,299.94065270706477,57522054.959454834,52643579.414630756,62052849.63031972,5994101.256333111,5098267.310730454,7282774.6798226135,33278852.45904067,33093101.169497784,33420750.71264367,83289397.10845974,76225579.80876195,89849787.84596913,10570202.458161676,8990458.344912158,12842693.096244384,188235680.9815808,187185013.12807333,189038302.23872662,93859599.56662133,85300437.43472415,101742606.59252238,190294633.45235443,190097962.13030767,190522515.54473317,1.0149047117458905,1.0138557980283076,1.0161200829052437,141016.39498832438,61297.35615427936,266705.6531684274,0.06095906251159179,0.05889801514689032,0.06322042183268284,0.08066034226190476,0.07366369047619048,0.09026686507936507,0.08580543154761905,0.07833234126984127,0.09574107142857143,0.0,0.0,0.0,0.39816119067743616,0.3818744966451824,0.41745644224051326,13257757.06316783,10723674.476044673,16422848.44006187,0.06287946428571428,0.044217261904761905,0.09100793650793651,341895.7688111474,319515.3747098417,361868.9995944559,677052.6805942302,575865.405254703,822612.4164866237,1018948.4494053777,894474.1226258993,1190525.454447792,123029.8568507064,122343.14583534205,123554.44590766446,301.1175094206411,299.436773411258,302.4014493872804,2.6439791475842482e-05,1.1492762195598526e-05,5.0007446107248036e-05,3.6034041007057234e-05,1.648430369047943e-05,6.610690139566528e-05,1.224047709974347,1.0612934715974869,1.4495176470943012
shared_fee_8131_8279,full_multiscale_60d,4.5,4.5,9086555.0,450000000.0,863428303.1674209,450000000.0,execution,floor_optimized_only,"Floor-optimized only: derived F, CPSB=1530",True,False,400000000.0,200000000.0,50,50,1530.0,1.7634340839660732,5.656315259465248,True,0.5,32,7200,50400,8,1.4479558695732846,1530.0,5.656315259465248,0.11295316038895495,63308.22922671631,False,state,91624278.30550885,199999999.99998695,81564794.00591955,10059484.299589306,6.742499042293249,130718.95424835748,319.93669622082587,58914530.81347501,53908384.77256325,63576434.47062409,6274110.184980568,5333410.944938958,7626479.96529967,35553698.14944457,35387311.690960236,35685284.87301849,85305640.69452734,78056962.15064803,92055871.45828228,11063979.746753428,9405118.644103004,13448794.711493848,201102925.37312958,200161791.10903683,201847221.36562413,96369620.4412806,87550824.72387692,104518183.50309283,202990236.3152532,202779050.4841032,203232656.3168626,1.014951181576266,1.013895252420516,1.0161632815843131,115703.2923182653,50341.15701741997,218967.86874688955,0.061063543147148104,0.05899263494024562,0.06332373953299075,0.08126054067460317,0.07426984126984126,0.0908234126984127,0.08644717261904762,0.07891666666666666,0.096375,0.0,0.0,0.0,0.39877831167206473,0.3823962612420429,0.41812656622581795,14263154.414293438,11526997.48268489,17657933.297677256,0.05447606646825397,0.03879861111111111,0.07842956349206348,354021.4962425384,331014.102915197,374547.71340842615,708680.5740220859,602425.6218838978,861435.0147236452,1062702.070264624,932539.0664715719,1242959.9359130003,131439.82050531343,130824.7000712659,131926.28847426415,321.70102772113285,320.1955107853625,322.89166572537846,2.31399445755821e-05,1.0067775892730545e-05,4.379366974306508e-05,3.1233026916958114e-05,1.4284237471661512e-05,5.721585434544384e-05,1.2268071988188765,1.0628159267353072,1.4520667608427842
shared_fee_8131_8279,full_multiscale_60d,4.5,4.5,9086555.0,450000000.0,863428303.1674209,450000000.0,execution,floor_optimized_only,"Floor-optimized only: derived F, CPSB=1530",True,False,425000000.0,212500000.0,50,50,1530.0,1.7634340839660732,5.656315259465248,True,0.5,32,7200,50400,8,1.4479558695732846,1530.0,5.656315259465248,0.11295316038895495,52824.37891763159,False,state,93859900.94665553,212499999.9999876,83373693.53520703,10486207.411448492,7.163905232436627,138888.88888888079,339.9327397346298,60248138.21298665,55121151.25455506,65032547.59069011,6547686.5987021085,5563499.750700962,7965310.427599753,37823496.13677955,37673409.04669154,37946689.116750434,87236645.35635634,79812994.4966692,94164258.99724327,11546413.719279196,9810865.086522877,14046299.897399805,213941618.36478218,213092678.4668688,214638436.69725117,98783059.0756356,89716847.57922798,107181731.65380467,215685492.5244735,215459768.59883913,215942435.59375587,1.014990553056346,1.0139283228180667,1.0161996969117923,96141.52271851299,41868.114610116514,182029.1524762228,0.061150363809174435,0.05907334239049872,0.06340878819265823,0.0817906746031746,0.07468849206349207,0.09146527777777777,0.08697110615079365,0.07963293650793651,0.09676388888888889,0.0,0.0,0.0,0.399316698957326,0.382844792791561,0.41872580573672097,15261228.09853476,12320849.926792236,18881962.71909318,0.047863963293650794,0.03398710317460318,0.06871428571428571,365873.68991472886,342275.3689545424,386921.3911358654,739581.8945598102,628414.8796648367,899706.9862764903,1105455.584474539,969793.5938284812,1294063.6057038985,139831.12311423672,139276.26043586197,140286.5599328439,342.2388728188482,340.8808376877059,343.35356159462947,2.0429424472859575e-05,8.896554873775566e-06,3.8681262894251396e-05,2.7329756847988563e-05,1.2495187759734006e-05,5.000458688203145e-05,1.2289807887488127,1.0640257982587682,1.4540744739263114
shared_fee_8131_8279,full_multiscale_60d,4.5,4.5,9086555.0,450000000.0,863428303.1674209,450000000.0,execution,floor_optimized_only,"Floor-optimized only: derived F, CPSB=1530",True,False,450000000.0,225000000.0,50,50,1530.0,1.7634340839660732,5.656315259465248,True,0.5,32,7200,50400,8,1.4479558695732846,1530.0,5.656315259465248,0.11295316038895495,44535.26644046533,False,state,96020993.92837113,225000000.00000715,85115895.78368536,10905098.144685775,7.5853114225806415,147058.82352941643,359.928783248464,61529252.28413194,56287110.936942026,66428968.150289945,6815479.486162893,5789046.80381658,8297756.2082405165,40089293.65995232,39952865.11933651,40206971.661098026,89091641.99526426,81501252.66246794,96186214.34290989,12018648.824471228,10208602.447525047,14632546.118052403,226757683.4699604,225986000.6338491,227423307.34354052,101110290.81973562,91806816.5283023,109745881.88532016,228379813.19311848,228139784.59931943,228651965.88258457,1.0150213919694155,1.0139545982191973,1.0162309594781536,80776.70801658969,35206.54654063713,152988.53976479988,0.06122379448733819,0.05914196955658491,0.06348115410204523,0.08219494047619048,0.07505059523809524,0.09188392857142857,0.08742993551587303,0.08017857142857143,0.0970595238095238,0.0,0.0,0.0,0.3998005932515945,0.3832398350762057,0.41927064995345237,16252843.374281209,13108621.181804985,20096151.343908343,0.04255828373015873,0.030200396825396825,0.06085714285714285,377483.30151882005,353325.8101514582,399064.5194967404,769829.9475281895,653891.1321306612,937257.7878578377,1147313.2490470095,1006323.7856762703,1343989.5539836795,148207.63625487604,147703.26838813667,148642.6845382618,362.7405204603582,361.5060721747793,363.8053079755529,1.8174158222787986e-05,7.921076973775953e-06,3.442245745745315e-05,2.4113309759778426e-05,1.102097379452722e-05,4.407390665884248e-05,1.2307114896681113,1.065000900066923,1.4554737195413283
shared_fee_8131_8279,full_multiscale_60d,5.0,4.0,10242311.0,400000000.0,973251271.4932127,400000000.0,execution,floor_optimized_only,"Floor-optimized only: derived F, CPSB=1530",True,False,50000000.0,25000000.0,40,40,1530.0,1.5887467517058966,5.656315259465248,True,0.5,32,7200,50400,8,1.4479558695732846,1530.0,5.656315259465248,0.11295316038895495,1495122567.2146773,False,regular,24999999.99999956,6864314.637069767,24079297.73687559,920702.263123971,0.2314131743322273,4486.480154947561,10.98073073402251,16693542.912644766,16536306.82300012,16826993.29138322,574762.0203793319,508192.4354192958,687688.3192955817,1226800.1639968418,999504.1333937186,1523359.7710875561,24171513.444337524,23943842.525427613,24364743.70352863,913151.2928815822,807389.0810139042,1092562.583466936,6939168.487929786,5653510.481613487,8616603.118857985,25084664.737219118,24903613.785482425,25205981.47438822,25262687.170203425,25241748.142695874,25292521.50336685,1.010507486808137,1.009669925707835,1.011700860134674,2866523225.6400576,1340440093.7245994,6557557041.851894,0.05102639289225475,0.04893287353682743,0.05327173211797638,0.02807167658730159,0.02175,0.03412400793650794,0.03387586805555556,0.026855158730158733,0.041123015873015874,0.0,0.0,0.0,0.31867940524972826,0.30267045970828244,0.33619498960118827,112504.49408556029,71029.30835707835,156163.93419471095,0.9796236359126984,0.9581607142857143,0.9917142857142858,77225.32850309114,76476.39371382528,78014.88927375698,64921.186673386466,57401.94166636935,77676.56902700469,142146.5151764776,134818.44917829233,154333.19815758205,4535.404240476984,3695.1048899434554,5631.766744351624,11.100473202740321,9.043827327686737,13.783837672468339,0.07166329992467396,0.0335085544137872,0.16393783864225459,0.08726850764216705,0.04212648954370204,0.19362298439206832,1.0631801866297623,0.8158196744767786,1.4146891719068153
shared_fee_8131_8279,full_multiscale_60d,5.0,4.0,10242311.0,400000000.0,973251271.4932127,400000000.0,execution,floor_optimized_only,"Floor-optimized only: derived F, CPSB=1530",True,False,75000000.0,37500000.0,40,40,1530.0,1.5887467517058966,5.656315259465248,True,0.5,32,7200,50400,8,1.4479558695732846,1530.0,5.656315259465248,0.11295316038895495,59701321.94696217,False,regular,37500000.000000075,20182225.954283174,35572094.90579661,1927905.094203467,0.6803931958405457,13190.997355740637,32.28517347097993,24106616.317220785,23592069.348602038,24476463.54826146,1151584.461187324,1027203.1749297477,1386562.034730657,3252537.2459819578,2739414.6090700813,3856615.450005637,34905316.592071004,34160275.28868814,35440839.06110151,1829576.072026345,1631965.7075116278,2202895.9287170474,18397376.05642677,15494992.655285057,21814232.81975617,36734892.664097264,35934302.731521636,37253646.27984537,37903804.79264616,37870897.1104167,37948391.83706959,1.0107681278038976,1.009890589611112,1.0119571156551892,135153105.46198893,63685698.36373513,290676028.4416462,0.05169702647113893,0.0494938021361874,0.05421744516782322,0.030959201388888885,0.02480059523809524,0.03878472222222222,0.03708891369047619,0.02992261904761905,0.04561210317460317,0.0,0.0,0.0,0.3235848744931947,0.30645159724034127,0.3430448973752503,343036.86125103256,182892.899735421,554440.107247763,0.9156287202380953,0.8647410714285715,0.9512420634920635,115383.81985250313,113807.27613696695,117192.79248164927,130075.10434592009,116025.84496988355,156616.56389816763,245458.92419842322,232015.94127608946,271606.6071772882,12024.428795050175,10127.446179924873,14257.668509644554,29.42997857312845,24.787083790490932,34.895867894725775,0.005068242207853335,0.002388088174950091,0.010900324915796754,0.007109273937377064,0.0035440037591872643,0.014699826013943674,1.032766459591425,0.7826811927196112,1.4710752501821796
shared_fee_8131_8279,full_multiscale_60d,5.0,4.0,10242311.0,400000000.0,973251271.4932127,400000000.0,execution,floor_optimized_only,"Floor-optimized only: derived F, CPSB=1530",True,False,100000000.0,50000000.0,40,40,1530.0,1.5887467517058966,5.656315259465248,True,0.5,32,7200,50400,8,1.4479558695732846,1530.0,5.656315259465248,0.11295316038895495,6244364.927759717,False,regular,50000000.00000078,42983499.114447705,46763423.50596405,3236576.494036737,1.4490810080679764,28093.790270880854,68.75999349344045,30339468.49927588,29150702.9275722,31284552.70641291,1783418.1499674595,1595924.6985379457,2160210.476630983,5936265.6645889925,5193980.478770508,6690747.017981333,43930211.49326028,42208931.4061654,45298651.71822537,2833399.79269414,2535520.180769384,3432027.3777485117,33577390.062854625,29378791.039434426,37844974.455029875,46763611.28595443,44885197.5024824,48205039.0818975,50568731.93357641,50522889.93626802,50629283.0654247,1.0113746386715285,1.0104577987253605,1.012585661308494,21182440.277356118,10222524.242373576,42902402.28354968,0.05319264072575207,0.05100754722343043,0.05560435330572519,0.035757068452380955,0.028955357142857144,0.043680555555555556,0.041857018849206354,0.03491964285714286,0.05043154761904762,0.0,0.0,0.0,0.33641904002192236,0.31859792257480746,0.35797330070021816,941052.0412963551,552750.2402284013,1465076.1850074676,0.8039775545634921,0.7170009920634921,0.8723402777777778,150009.8516338886,146081.43069905293,153477.84445501186,201442.71633384775,180264.73844265114,244002.60044080025,351452.5679677364,329155.8252101928,394182.0310787429,21946.00657702917,19201.82420878067,24735.277421588155,53.71319622214199,46.99676672059633,60.53998047852299,0.00105911265623802,0.000511091989568185,0.002145025999070288,0.0016228753835613886,0.0008131962960440123,0.0032454563943671907,1.1342294355179061,0.8039515166923537,1.628054636624685
shared_fee_8131_8279,full_multiscale_60d,5.0,4.0,10242311.0,400000000.0,973251271.4932127,400000000.0,execution,floor_optimized_only,"Floor-optimized only: derived F, CPSB=1530",True,False,125000000.0,62500000.0,40,40,1530.0,1.5887467517058966,5.656315259465248,True,0.5,32,7200,50400,8,1.4479558695732846,1530.0,5.656315259465248,0.11295316038895495,2041657.8574558252,False,state,57729475.37077761,62500000.00000275,53546380.709798254,4183094.660979354,2.1070309507168705,40849.67320261618,99.980217569019,35310351.550104424,33345868.440642986,36951444.08799509,2387297.29876471,2106288.750097692,2900833.93348741,8837379.851717863,8007125.875514349,9558701.94849068,51127830.783669695,48283345.93464702,53504060.35642109,3792810.828768681,3346359.4098723587,4608690.489066343,49987006.50896317,45290828.27413178,54067031.69192932,54920641.61243862,51757024.63320422,57324441.98657882,63262507.018608764,63207711.68497063,63336547.53805678,1.0122001122977402,1.0113233869595302,1.0133847606089086,6612206.967638401,3185178.979489756,12947202.390939774,0.05511312374494781,0.05306837780220058,0.05776372430519954,0.043196924603174605,0.03534722222222222,0.053624007936507935,0.04884796626984127,0.04082043650793651,0.05883531746031746,0.0,0.0,0.0,0.35278388457078674,0.3349293255860509,0.37691033740357044,1930865.210528294,1276423.8954246445,2771727.4584597843,0.6633252728174603,0.5520892857142857,0.759172619047619,179595.90217240178,172155.56734532845,184689.7160332265,269652.77468348923,237911.97101523605,327658.3605509265,449248.6768558909,417133.3694483899,507909.4917910237,32671.246084289654,29601.84854518417,35337.92921041132,79.9633885822382,72.45098983565717,86.49013746991842,0.00041325619501785015,0.0001990592427273088,0.0008092026631438895,0.0006494851236536933,0.00032842893317928116,0.001250053157896306,1.1000830411207914,0.8475040713479486,1.4592154316267618
shared_fee_8131_8279,full_multiscale_60d,5.0,4.0,10242311.0,400000000.0,973251271.4932127,400000000.0,execution,floor_optimized_only,"Floor-optimized only: derived F, CPSB=1530",True,False,150000000.0,75000000.0,40,40,1530.0,1.5887467517058966,5.656315259465248,True,0.5,32,7200,50400,8,1.4479558695732846,1530.0,5.656315259465248,0.11295316038895495,1184472.6608413283,False,state,61937595.20186268,75000000.00000046,57197805.08629793,4739790.115564752,2.528437140860149,49019.60784313756,119.97626108281827,39222582.557115264,36591873.494561225,41543629.3366502,2927361.8243098985,2575965.807601916,3550667.6987891244,11679125.941473417,10898649.458524527,12273248.397138482,56792568.63339778,52983418.005133085,60153341.94138001,4650836.5894402005,4092557.3093329733,5641111.772838234,66060818.27996893,61646197.239811055,69421362.19193693,61443405.22283795,57146353.5329639,64853954.7938563,75971188.07228805,75899310.78665815,76063874.74928091,1.012949174297174,1.0119908104887754,1.0141849966570788,3004050.054196685,1399624.8606242149,5698411.567448127,0.0567873632807077,0.054798629006318586,0.05936159341129574,0.05229724702380953,0.042962301587301584,0.06327480158730159,0.057171378968253965,0.0477172619047619,0.06801289682539682,0.0,0.0,0.0,0.3669997535861659,0.35002882804297875,0.39042571240900686,3162324.741317883,2268297.76306579,4291948.59765222,0.5140804811507936,0.40011111111111114,0.6237628968253968,204335.40739129158,193677.85784974645,213309.25640715266,330654.7696577798,290963.4790225231,401059.1380692096,534990.1770490713,487699.9128969621,605922.9227224638,43177.005411744394,40291.63218288304,45373.43934113524,105.67639975069488,98.61440339741915,111.05220633419549,0.00022529909690619684,0.0001049694902539798,0.00042737911578337077,0.0003515220624289926,0.00017148283515552602,0.000642286607304498,1.0692317594310135,0.8822451196248502,1.331965608620116
shared_fee_8131_8279,full_multiscale_60d,5.0,4.0,10242311.0,400000000.0,973251271.4932127,400000000.0,execution,floor_optimized_only,"Floor-optimized only: derived F, CPSB=1530",True,False,175000000.0,87500000.0,40,40,1530.0,1.5887467517058966,5.656315259465248,True,0.5,32,7200,50400,8,1.4479558695732846,1530.0,5.656315259465248,0.11295316038895495,747485.4019818847,False,state,65746518.5141173,87500000.00000663,60478631.076628886,5267887.437488413,2.9498433310037124,57189.54248366447,139.97230459663106,42364088.71489194,39218000.548717804,45218160.98432749,3401995.8709979225,2961958.374756348,4111189.1939777685,14367402.554399546,13701741.940812947,14824287.669641836,61341330.91385129,56785934.087444335,65473901.60856707,5404909.88936481,4705801.746582257,6531638.4775805045,81266558.30733225,77501372.02107742,83850844.55650143,66746240.80321604,61549536.85636825,70974284.43279007,88682536.39735112,88599357.35275154,88790609.16471033,1.0135147016840125,1.0125640840314463,1.0147498190252608,1672235.5008831052,744473.9649768885,3222789.829929917,0.058021085537381105,0.05612204185571464,0.0605209912385393,0.06055121527777778,0.05234325396825397,0.07140873015873016,0.06514508928571427,0.056595238095238094,0.07584623015873015,0.0,0.0,0.0,0.3772746663352688,0.36076293207893495,0.39940653865375625,4452953.573514976,3359387.2143126973,5732969.93310189,0.38358010912698415,0.2848998015873016,0.4958531746031746,225267.74673725074,211923.22038400616,236996.23865762888,384266.18525939086,334562.5593692621,464371.8124167093,609533.9319966417,547836.1793513553,689701.3881587457,53115.39758649166,50654.491517044065,54804.47356634081,130.00077089043342,123.97766458503139,134.1348109136742,0.00014631718961032232,6.513997952144921e-05,0.00028199211202011867,0.00022426616466344354,0.0001055635030326111,0.0004160223539860851,1.1061012007874527,0.96040703361375,1.3464267377056074
shared_fee_8131_8279,full_multiscale_60d,5.0,4.0,10242311.0,400000000.0,973251271.4932127,400000000.0,execution,floor_optimized_only,"Floor-optimized only: derived F, CPSB=1530",True,False,200000000.0,100000000.0,40,40,1530.0,1.5887467517058966,5.656315259465248,True,0.5,32,7200,50400,8,1.4479558695732846,1530.0,5.656315259465248,0.11295316038895495,501674.6078754611,False,state,69245017.81901038,99999999.99999495,63472340.56784292,5772677.251167447,3.3712495211466744,65359.477124179706,159.9683481104153,44989331.270702615,41455496.12250911,48217435.5147107,3824978.143110297,3305318.4368922235,4608132.80475149,16917091.190657258,16374266.219280377,17264445.166997995,65142566.2815907,60025728.93666002,69816718.76929614,6076921.600212552,5251313.929966139,7321156.024978324,95688401.04748155,92618011.87866312,97653144.64429265,71219487.88180318,65329099.42332355,76155674.2978297,101391970.42135009,101300697.47407062,101516243.17240804,1.0139197042135009,1.0130069747407062,1.0151624317240804,1046388.0417547674,458184.4119461773,2014044.9361513006,0.05888846157832459,0.05697487780594393,0.061322346111844485,0.06672061011904762,0.059545634920634916,0.07754563492063492,0.07131758432539682,0.06379861111111111,0.08219246031746032,0.0,0.0,0.0,0.3842013449972207,0.36805418496465275,0.40532211105203336,5708065.222457876,4469789.626267281,7227111.654792299,0.28415364583333336,0.20769742063492064,0.3844375,243558.64901882468,228144.761052099,257258.93633703858,432043.36968298454,373346.1635388572,520503.1637886999,675602.0187018092,601688.9845875305,767880.9138681779,62541.43859312519,60534.648286707925,63825.5847348318,153.07115448893327,148.15950365501308,156.21412236535733,0.00010463621451140462,4.581672578653048e-05,0.0002014027719687694,0.00015728267811639115,7.293259293513449e-05,0.0002928233281970715,1.1437889699899375,1.0031926187924793,1.375279675607988
shared_fee_8131_8279,full_multiscale_60d,5.0,4.0,10242311.0,400000000.0,973251271.4932127,400000000.0,execution,floor_optimized_only,"Floor-optimized only: derived F, CPSB=1530",True,False,225000000.0,112500000.0,40,40,1530.0,1.5887467517058966,5.656315259465248,True,0.5,32,7200,50400,8,1.4479558695732846,1530.0,5.656315259465248,0.11295316038895495,352911.6609491433,False,state,72493684.09972806,112500000.00000536,66235747.7973526,6257936.302375466,3.7926557112903807,73529.4117647094,179.96439162423488,47270473.81368305,43440524.566588834,50781259.446776114,4210757.3446122985,3620587.0293826684,5079777.554539851,19368671.872848704,18927478.165558003,19651609.036704507,68445560.0160326,62899962.523534395,73529022.68028446,6689827.053474532,5752195.882200205,8070480.089163783,109555314.26996472,107059783.5710354,111155696.06735094,75135387.0695072,68703005.36250706,80707784.4491527,114098613.59566985,113992528.04738133,114238146.12797666,1.0142098986281765,1.013266915976723,1.015450187804237,705439.554037906,306733.4678888259,1350795.9169584801,0.05950167776569462,0.057625952592239196,0.06187465019115403,0.07103794642857142,0.06351289682539683,0.0810595238095238,0.07584635416666667,0.06814186507936508,0.08647718253968253,0.0,0.0,0.0,0.3888227293689304,0.37325052861666913,0.40923937978303965,6901920.900657214,5500015.963705387,8629642.878703281,0.21266989087301585,0.15541269841269842,0.2967579365079365,260073.46727017715,243070.56206446857,275249.54043505224,475618.34970496316,408956.7474320305,573776.928858153,735691.8169751402,651487.9659904197,844506.5243534367,71604.78056860439,69973.71475231071,72650.78174336662,175.2538265048455,171.26176726917973,177.8139308295841,7.935991873067628e-05,3.4506220508073645e-05,0.00015196309628595617,0.00011709325509850013,5.388980062553313e-05,0.00021780789576463284,1.1711448437863572,1.025699410068306,1.3992559842345038
shared_fee_8131_8279,full_multiscale_60d,5.0,4.0,10242311.0,400000000.0,973251271.4932127,400000000.0,execution,floor_optimized_only,"Floor-optimized only: derived F, CPSB=1530",True,False,250000000.0,125000000.0,40,40,1530.0,1.5887467517058966,5.656315259465248,True,0.5,32,7200,50400,8,1.4479558695732846,1530.0,5.656315259465248,0.11295316038895495,257644.57999920848,False,state,75535972.50241977,125000000.00000334,68809492.02887829,6726480.473541478,4.214061901433668,81699.34640523094,199.96043513803457,49312956.27907025,45244994.99211965,53049268.30441152,4569927.541353863,3916089.146408273,5526236.284953934,21756238.604528554,21393197.70813881,21994376.123812772,71402984.49029052,65512756.067652285,76812999.41794068,7260457.536857278,6221673.910746892,8779789.946879836,123060144.40736791,121006670.64530826,124407125.291548,78663442.02714765,71786751.54971455,84752785.63004333,126802548.9780051,126680806.31073532,126956846.61146285,1.0144203918240406,1.0134464504858824,1.0156547728917027,500876.7097358001,217228.2999754295,953512.703237751,0.05994306016019478,0.05801379631598552,0.062266073541846545,0.07415612599206349,0.06613492063492064,0.08333432539682539,0.07902157738095239,0.07109027777777778,0.08859325396825397,0.0,0.0,0.0,0.39192513107622906,0.3760147789879508,0.4118185318692377,8041017.34011063,6465388.044854784,9959042.683027297,0.16266369047619045,0.11636607142857143,0.23075496031746032,275366.9124541929,257100.8791031629,291701.1251304705,516187.7585444455,442334.6454516993,624205.8534416643,791554.6709986384,698487.5908956679,914498.0539313293,80431.4669329202,79089.32721915573,81311.846595783,196.857280190768,193.5723721347202,199.01202326055403,6.260794082912384e-05,2.7152504877265314e-05,0.00011918786970651572,9.081730534158482e-05,4.163471713164288e-05,0.00016854201926230528,1.1896482845284553,1.043025293338242,1.4167871488333228
shared_fee_8131_8279,full_multiscale_60d,5.0,4.0,10242311.0,400000000.0,973251271.4932127,400000000.0,execution,floor_optimized_only,"Floor-optimized only: derived F, CPSB=1530",True,False,275000000.0,137500000.0,40,40,1530.0,1.5887467517058966,5.656315259465248,True,0.5,32,7200,50400,8,1.4479558695732846,1530.0,5.656315259465248,0.11295316038895495,193825.34889992862,False,state,78404256.24718016,137499999.99999177,71223775.62858163,7180480.618598532,4.635468091576634,89869.28104574626,219.956478651819,51180555.61438878,46911688.5673305,55103607.8177905,4909437.114740849,4195104.788737941,5947139.854028866,24102434.55491454,23798452.28484252,24307587.638444576,74107185.90987618,67926054.81266066,79787592.37443416,7799852.268748891,6664959.106173238,9448499.125029014,136330968.3632225,134611548.81040633,137491378.88011956,81907038.17862497,74649325.2964572,88429342.05659215,139504190.75677854,139367030.96146527,139673116.6805843,1.0145759327765713,1.0135784069924747,1.015804484949704,369641.1582196677,160219.27331553062,699943.5922609665,0.06026821486503189,0.05829719279022906,0.06255329335387076,0.07638020833333334,0.06860714285714285,0.08549801587301586,0.08126426091269842,0.07326388888888889,0.09121825396825396,0.0,0.0,0.0,0.394058441452949,0.3781587586661821,0.41360984823001273,9137355.24440167,7379233.60896158,11326847.398141202,0.12754278273809522,0.08990674603174603,0.18217261904761903,289779.54234132863,270461.9784634202,307051.9641665957,554536.4378408112,473850.34405078954,671748.2417876687,844315.9801821399,743376.1696160295,979697.4390340663,89105.20808053759,87981.40445124597,89863.64632687555,218.08639805359095,215.33587099786325,219.9426875887708,5.0824286503652494e-05,2.2029296238091094e-05,9.62412013171553e-05,7.259515995419123e-05,3.32088399709339e-05,0.00013438363395353592,1.2021604978018898,1.0500250977682932,1.428947928257994
shared_fee_8131_8279,full_multiscale_60d,5.0,4.0,10242311.0,400000000.0,973251271.4932127,400000000.0,execution,floor_optimized_only,"Floor-optimized only: derived F, CPSB=1530",True,False,300000000.0,150000000.0,40,40,1530.0,1.5887467517058966,5.656315259465248,True,0.5,32,7200,50400,8,1.4479558695732846,1530.0,5.656315259465248,0.11295316038895495,149473.1157370768,False,state,81123390.83937971,149999999.9999987,73501735.5231773,7621655.31620242,5.056874281720223,98039.21568627366,239.95252216563298,52913651.60956594,48469264.74840966,56999081.7297143,5233904.523512593,4463761.294976093,6348780.426599735,26422012.391590983,26162861.504497543,26602676.606528237,76616632.42862672,70181356.3863604,82532154.95082803,8315348.810469431,7091786.257783786,10086604.280054303,149451231.87632382,147985392.75915372,150473125.6321116,84931981.23909631,77337047.64796649,91826987.91182637,152204078.67283148,152051690.892483,152387712.1088614,1.0146938578188767,1.01367793928322,1.0159180807257424,281126.88356405444,121889.37484015751,529909.3440193041,0.06051516312647496,0.058512095019418765,0.06277734333617634,0.07796130952380953,0.07076884920634921,0.0872202380952381,0.0829451884920635,0.07523908730158729,0.0929047619047619,0.0,0.0,0.0,0.3955844470756869,0.37974295158296256,0.41492269915771407,10202874.967747534,8258003.233137407,12650743.777844101,0.10283296130952381,0.07246527777777778,0.14816468253968254,303528.1008369474,283306.7383982571,321601.3113365566,591186.0571047945,504195.94548944384,717114.8137999777,894714.1579417421,786575.9211750232,1041356.7704750198,97680.54371001557,96722.47892755145,98348.44812556314,239.0746668632337,236.7297882415403,240.709373423811,4.216786387175965e-05,1.828268444846091e-05,7.94854956249355e-05,5.939490850076576e-05,2.7161265932570046e-05,0.0001096972438530148,1.210836979535092,1.054477856177049,1.4373506643678695
shared_fee_8131_8279,full_multiscale_60d,5.0,4.0,10242311.0,400000000.0,973251271.4932127,400000000.0,execution,floor_optimized_only,"Floor-optimized only: derived F, CPSB=1530",True,False,325000000.0,162500000.0,40,40,1530.0,1.5887467517058966,5.656315259465248,True,0.5,32,7200,50400,8,1.4479558695732846,1530.0,5.656315259465248,0.11295316038895495,117693.76672129458,False,state,83712933.27166711,162500000.00000328,75661538.49123295,8051394.780434166,5.478280471863733,106209.15032679953,259.9485656794432,54538512.27638082,49936087.850209065,58783871.041548915,5546341.211923644,4723889.612099698,6733989.356029461,28723793.05726542,28499644.17320724,28885582.24281365,78969358.96838042,72305251.5062375,85116451.11085024,8811731.584296219,7505064.276640588,10698603.715413837,162470828.97952747,161202972.22623694,163385959.61855936,87781090.55267651,79879304.3509758,95006564.22807965,164902804.26865715,164735281.69873792,165100960.27269316,1.0147864878071209,1.013755579684541,1.0160059093704195,219065.0355724857,95054.33136020428,413650.443663348,0.06070743433595567,0.05867980789968243,0.06296590657801758,0.07919084821428571,0.07226488095238096,0.08864285714285713,0.08422619047619048,0.0766765873015873,0.09413988095238095,0.0,0.0,0.0,0.39672480175687,0.3807261955911728,0.41596317599493504,11246500.396519434,9101281.999238597,13943770.18746185,0.08477554563492064,0.05978472222222222,0.12247718253968252,316751.7055980163,295730.4306317258,335532.94858681416,626476.7684822823,533578.2610152153,760625.3797891111,943228.4740802986,828391.1571569786,1100282.5405577307,106190.08430034475,105361.41975571042,106788.2089010192,259.90190127986114,257.87373177521584,261.3658206461728,3.5597065733602106e-05,1.544570726347036e-05,6.721841158709486e-05,4.950798099741747e-05,2.264093889151562e-05,9.120588553886087e-05,1.2170307053831304,1.057672420929457,1.4432668114050904
shared_fee_8131_8279,full_multiscale_60d,5.0,4.0,10242311.0,400000000.0,973251271.4932127,400000000.0,execution,floor_optimized_only,"Floor-optimized only: derived F, CPSB=1530",True,False,350000000.0,175000000.0,40,40,1530.0,1.5887467517058966,5.656315259465248,True,0.5,32,7200,50400,8,1.4479558695732846,1530.0,5.656315259465248,0.11295316038895495,94328.02942269108,False,state,86188587.45262335,175000000.00001046,77717743.53039083,8470843.922232525,5.899686662007331,114379.0849673271,279.94460919325763,56073234.02827525,51325714.04657882,60472632.44860772,5848771.942828238,4976719.462946596,7105532.839513056,31013018.34066284,30816683.627005506,31159917.448886093,81191568.33719748,74317368.91378362,87561703.10250966,9292217.42563695,7906746.8809079,11288892.217916002,175419408.88237572,174308877.84555256,176250316.54982206,90483785.7628347,82297718.00698632,98009236.02314672,177600055.12054333,177417656.07166815,177812776.79293647,1.0148574578316762,1.0138151775523896,1.0160730102453512,174181.129275794,75650.39960725492,329271.0990933917,0.06086054821043927,0.05881490636724347,0.06311937673587407,0.08011656746031745,0.07315873015873016,0.08974503968253968,0.08519345238095238,0.07766567460317461,0.09517162698412698,0.0,0.0,0.0,0.3976064968316796,0.38148100719534656,0.41682766433034973,12273144.338444993,9928003.150419373,15211550.912732592,0.07102678571428571,0.05013888888888889,0.10279166666666667,329543.9995900298,307799.79924832756,348964.399588997,660637.2753366975,562136.1917090404,802592.3904705048,990181.2749267274,869026.4770850829,1156992.9043242226,114653.2084198534,113927.37114088403,115196.2853266811,280.6155306542057,278.83903249934616,281.94471992414253,3.048080795622181e-05,1.3238262987494118e-05,5.762260561640613e-05,4.190558464016778e-05,1.9162971339976694e-05,7.702560912284453e-05,1.2215664040780256,1.0600103611955094,1.4474988614700093
shared_fee_8131_8279,full_multiscale_60d,5.0,4.0,10242311.0,400000000.0,973251271.4932127,400000000.0,execution,floor_optimized_only,"Floor-optimized only: derived F, CPSB=1530",True,False,375000000.0,187500000.0,40,40,1530.0,1.5887467517058966,5.656315259465248,True,0.5,32,7200,50400,8,1.4479558695732846,1530.0,5.656315259465248,0.11295316038895495,76764.77445877087,False,state,88563181.23595819,187500000.00001308,79682221.25328617,8880959.98267202,6.321092852150774,122549.01960785169,299.94065270706477,57531195.37386909,52648459.092278965,62071153.50454037,6142686.086849334,5223174.905620248,7466451.5494770305,33293302.32629452,33119496.08088211,33428228.231492374,83302632.02516137,76232645.36665426,89876291.04808383,9759172.567230865,8298302.164895911,11862300.64600095,188317413.9862259,187334311.0681064,189080597.44269526,93061804.59239197,84608721.12620951,100863619.93856192,190296952.9014538,190099820.12202257,190524265.06481588,1.014917082141087,1.0138657073174535,1.0161294136790178,140867.72910166794,61242.09933681903,266503.8929233881,0.06098368978244292,0.05892422326435599,0.06324219658032275,0.08079861111111111,0.07378075396825397,0.09036607142857142,0.08595858134920635,0.0784890873015873,0.09589087301587301,0.0,0.0,0.0,0.398316297192229,0.38206772203500067,0.4175777350828852,13287071.370382037,10742543.62646643,16459730.099601364,0.06062934027777778,0.04308234126984127,0.08782638888888888,341973.5207260722,319563.53508108034,361981.27096543816,693835.8067868948,589974.1128540885,843359.2994044402,1035809.327512967,908635.6084620038,1211855.5649268632,123083.27711518033,122440.72618830485,123582.08983182698,301.24825635803296,299.6756028596919,302.46910832639907,2.6411917299046578e-05,1.1482405211204015e-05,4.99696195464335e-05,3.59305037024345e-05,1.642812659976013e-05,6.592320602837023e-05,1.2249886478923573,1.061826131214903,1.4506058849966437
shared_fee_8131_8279,full_multiscale_60d,5.0,4.0,10242311.0,400000000.0,973251271.4932127,400000000.0,execution,floor_optimized_only,"Floor-optimized only: derived F, CPSB=1530",True,False,400000000.0,200000000.0,40,40,1530.0,1.5887467517058966,5.656315259465248,True,0.5,32,7200,50400,8,1.4479558695732846,1530.0,5.656315259465248,0.11295316038895495,63308.22922671631,False,state,90847347.7028861,199999999.99998695,81564794.00591955,9282553.69696656,6.742499042293249,130718.95424835748,319.93669622082587,58922486.79370705,53912717.37527607,63592524.20646352,6429167.530112088,5463888.939952822,7819770.809865826,35566915.12189538,35411862.10921818,35692188.2141331,85317160.60280281,78063235.5681768,92079168.68573111,10214319.02963863,8680735.805031892,12423635.473258892,201177684.7360873,200300656.0144548,201886268.83931345,95531479.63244118,86825771.14370641,103591096.43244424,202992452.47631827,202780657.68307975,203234314.01760602,1.0149622623815913,1.0139032884153987,1.01617157008803,115596.5625966631,50303.27616622953,218819.89280442923,0.06108581928468866,0.05901663514432221,0.06334323518254599,0.0813795882936508,0.07434920634920635,0.09094246031746031,0.08656312003968253,0.07915476190476191,0.09644543650793651,0.0,0.0,0.0,0.3989194146981807,0.3825665684752391,0.41824301353682825,14290747.614249192,11541543.732823286,17692332.215721983,0.05254960317460317,0.03772916666666667,0.07550396825396825,354090.7804777848,331058.2653874519,374649.5610597249,726194.791196212,617163.5237819281,883267.8264916427,1080285.5716739967,947325.2998579051,1265154.164203515,131488.68283404398,130915.46144735608,131951.80969889768,321.82061903911415,320.41765068066474,322.9541293240181,2.311859937481557e-05,1.0060203823019369e-05,4.376407164968208e-05,3.114740403346184e-05,1.4237422322694547e-05,5.706503473646238e-05,1.2276050537991638,1.0632620816491116,1.4530212072978452
shared_fee_8131_8279,full_multiscale_60d,3.0,6.0,5619286.0,600000000.0,533959303.1674208,533959303.1674208,transfer payload,fully_optimized,"Floor- and state-growth-adjusted: derived F, matched CPSB",True,True,50000000.0,25000000.0,40,40,510.0,1.5887467517058966,1.8854384198217493,True,0.5,32,7200,50400,8,1.4479558695732846,1530.0,5.656315259465248,0.11295316038895495,1495122567.2146773,False,regular,24999999.99999956,3305572.28824763,24079297.73687559,920702.263123971,0.3343172698161331,6481.514290681627,15.863608155316967,16785587.185780264,16676734.368104044,16870642.10807968,580759.2001742837,511075.72190601303,690157.2960513015,1842167.786016746,1494043.1072237762,2304858.550207267,24304789.489884656,24147175.413610782,24427945.263864107,922679.2928002089,811969.8930539315,1096485.16226763,3473293.919513944,2816926.27522953,4345668.8628154835,25227468.78268487,25150447.035666976,25265899.21465358,25260653.87924298,25240398.429876707,25288692.045852717,1.0104261551697191,1.0096159371950684,1.0115476818341087,2790126255.280221,1314720732.8765578,6467352591.825875,0.05082529728361205,0.04875838181903925,0.052970580085638,0.027348710317460317,0.021439484126984126,0.0339156746031746,0.03316840277777777,0.02645535714285714,0.04098809523809523,0.0,0.0,0.0,0.31717620003351343,0.3003318179093851,0.33386794205254194,99058.00482673723,68704.85105976765,130238.60222742966,0.996352306547619,0.9915089285714286,0.9994335317460318,79253.87307668888,78141.85080300429,80495.62626615034,65598.58708464706,57727.61798735082,77955.44775449013,144852.46016133594,137383.95710633614,156073.93868107168,6810.380234341067,5523.384853391235,8520.91933885389,16.668512724198703,13.518571289919471,20.85508408258485,0.06975335342565372,0.032865577464027615,0.1616818306343116,0.07706851668646307,0.036957916235035325,0.17575692101957163,1.0893468714853545,0.8347604398354044,1.4581425363467662
shared_fee_8131_8279,full_multiscale_60d,3.0,6.0,5619286.0,600000000.0,533959303.1674208,533959303.1674208,transfer payload,fully_optimized,"Floor- and state-growth-adjusted: derived F, matched CPSB",True,True,75000000.0,37500000.0,40,40,765.0,1.5887467517058966,2.828157629732624,True,0.5,32,7200,50400,8,1.4479558695732846,1530.0,5.656315259465248,0.11295316038895495,59701321.94696217,False,regular,37500000.000000075,12727502.086399864,35572094.90579661,1927905.094203467,0.8581517062834202,16637.25762928087,40.71994968666707,24565575.512475304,24228479.330186892,24833735.734740697,1191428.5438715415,1060456.9361991314,1422388.5881943868,4450266.124402418,3657695.457224498,5469821.663456572,35569869.25273433,35081768.8569794,35958153.42054953,1892878.228965597,1684797.5127103443,2259815.2491573365,12586054.094069343,10344539.31458791,15469517.870781343,37462747.48169993,37055611.72672183,37722739.094623074,37895887.78648057,37863701.25509422,37940961.75321091,1.0105570076394819,1.009698700135846,1.0117589800856244,116558801.05102178,54813109.21469209,261765008.1594638,0.05115919809382531,0.04903214026767186,0.05345681152588271,0.028511904761904763,0.02264285714285714,0.03477876984126984,0.03438802083333333,0.027775793650793648,0.0418968253968254,0.0,0.0,0.0,0.31950984931045023,0.303316908198984,0.3374449156518919,192088.26588815294,118341.57005827059,297133.7668127302,0.9675378224206349,0.9390208333333333,0.9842400793650794,120576.67374729304,118642.6252029408,122488.20411404927,134575.6194079013,119781.96240008026,160663.28633773976,255152.29315519432,240594.27186199286,279745.68875331245,16452.358292901103,13522.273613840403,20221.59198794947,40.26740565313408,33.09597732235918,49.49266439707131,0.004370965476711446,0.00205531687957187,0.009816134409592418,0.005543642811129476,0.0026997818668483644,0.012022823605627325,1.0456093132858433,0.8017796985551955,1.402063306310151
shared_fee_8131_8279,full_multiscale_60d,3.0,6.0,5619286.0,600000000.0,533959303.1674208,533959303.1674208,transfer payload,fully_optimized,"Floor- and state-growth-adjusted: derived F, matched CPSB",True,True,100000000.0,50000000.0,40,40,1020.0,1.5887467517058966,3.7708768396434986,True,0.5,32,7200,50400,8,1.4479558695732846,1530.0,5.656315259465248,0.11295316038895495,6244364.927759717,False,regular,50000000.00000078,32822913.71540736,46763423.50596405,3236576.494036737,1.659813482185669,32179.327171968,78.75940930837012,31242822.5295078,30389071.061726008,31900214.901360337,1879973.274599548,1682260.0072168973,2262378.6084859883,7516701.446601255,6433007.823297623,8732764.85506282,45238228.263637364,44002033.81470561,46190103.40707357,2986801.4333139323,2672685.1219905936,3594346.6653609984,28344555.395503227,24258080.210118398,32930180.73800818,48225029.6969512,46886544.072538584,49245178.57220594,50547997.44315736,50502123.72528315,50606655.46419483,1.010959948863147,1.010042474505663,1.0121331092838965,16012205.853793144,7805781.502536142,33038617.80973469,0.05218620562312756,0.04996692495321355,0.05470391609612309,0.032257564484126984,0.025813492063492063,0.04052579365079365,0.038410838293650794,0.03166369047619048,0.047968253968253965,0.0,0.0,0.0,0.32778874071192915,0.3101164422974268,0.3477119922466673,621048.9434342426,329060.18008055293,1009043.7524564101,0.8768756200396826,0.8121994047619048,0.9257777777777778,158188.1589854958,155797.23119857116,161127.5427974584,212348.9228127916,190016.58441109472,255542.81382485855,370537.0817982874,349430.9446821591,413190.8096313107,27788.77979951297,23782.431578547446,32284.490919615862,68.0134755681456,58.207875293141875,79.01679923455275,0.0008006073967651911,0.00039026758186211266,0.0016519267301898786,0.001172414959089978,0.0005885974161300094,0.0023346326234825175,1.0468454490937065,0.770437745584573,1.5188672680823219
shared_fee_8131_8279,full_multiscale_60d,3.0,6.0,5619286.0,600000000.0,533959303.1674208,533959303.1674208,transfer payload,fully_optimized,"Floor- and state-growth-adjusted: derived F, matched CPSB",True,True,125000000.0,62500000.0,40,40,1275.0,1.5887467517058966,4.713596049554373,True,0.5,32,7200,50400,8,1.4479558695732846,1530.0,5.656315259465248,0.11295316038895495,1421367.1930095186,False,state,60493730.18107627,62500000.00000148,55948154.265304595,4545575.915771676,2.5284371408601936,49019.607843138416,119.97626108282037,36120831.67862791,34307888.822747655,37596640.79922694,2486503.8764363714,2201444.913105167,3016071.939487009,10066136.52959169,9010543.486684177,11037041.658013117,52301370.24293779,49676308.9935651,54438276.72147937,3950424.956792405,3497538.454755285,4791774.496771314,47447701.38015711,42472062.18317106,52024155.95797589,56251795.19973031,53332982.13709678,58438259.171479546,63243612.50313462,63188371.33345438,63316127.98627033,1.011897800050154,1.0110139413352701,1.0130580477803253,5300160.059715424,2567500.193682222,10692599.810397064,0.054422156977512674,0.052331600925524704,0.057042473534038275,0.040211433531746034,0.03250694444444444,0.049534722222222216,0.04605654761904762,0.03853373015873016,0.05496031746031746,0.0,0.0,0.0,0.34690575473966606,0.32973637978330844,0.37064185674159356,1652334.7866637367,1050248.9458584806,2438372.880930286,0.7168607390873016,0.6121755952380953,0.8045248015873016,186428.94431554968,180215.1868780842,191268.516671242,280858.47116287565,248660.1603574169,340674.8575255025,467287.41547842533,435246.9334719414,527608.9777885121,37213.883435417345,33311.42132013417,40803.25957488305,91.08156493704466,81.53022753942068,99.86661948523731,0.00033125534911759526,0.0001604570549596565,0.0006682902245052266,0.0005186284782050373,0.00026221544572108693,0.0010270418840947983,1.1622499603270402,0.8488612517751292,1.5945532239384106
shared_fee_8131_8279,full_multiscale_60d,3.0,6.0,5619286.0,600000000.0,533959303.1674208,533959303.1674208,transfer payload,fully_optimized,"Floor- and state-growth-adjusted: derived F, matched CPSB",True,True,150000000.0,75000000.0,40,40,1530.0,1.5887467517058966,5.656315259465248,True,0.5,32,7200,50400,8,1.4479558695732846,1530.0,5.656315259465248,0.11295316038895495,1184472.6608413283,False,state,61937595.20186268,75000000.00000046,57197805.08629793,4739790.115564752,2.528437140860149,49019.60784313756,119.97626108281827,39222582.557115264,36591873.494561225,41543629.3366502,2927361.8243098985,2575965.807601916,3550667.6987891244,11679125.941473417,10898649.458524527,12273248.397138482,56792568.63339778,52983418.005133085,60153341.94138001,4650836.5894402005,4092557.3093329733,5641111.772838234,66060818.27996893,61646197.239811055,69421362.19193693,61443405.22283795,57146353.5329639,64853954.7938563,75971188.07228805,75899310.78665815,76063874.74928091,1.012949174297174,1.0119908104887754,1.0141849966570788,3004050.054196685,1399624.8606242149,5698411.567448127,0.0567873632807077,0.054798629006318586,0.05936159341129574,0.05229724702380953,0.042962301587301584,0.06327480158730159,0.057171378968253965,0.0477172619047619,0.06801289682539682,0.0,0.0,0.0,0.3669997535861659,0.35002882804297875,0.39042571240900686,3162324.741317883,2268297.76306579,4291948.59765222,0.5140804811507936,0.40011111111111114,0.6237628968253968,204335.40739129158,193677.85784974645,213309.25640715266,330654.7696577798,290963.4790225231,401059.1380692096,534990.1770490713,487699.9128969621,605922.9227224638,43177.005411744394,40291.63218288304,45373.43934113524,105.67639975069488,98.61440339741915,111.05220633419549,0.00022529909690619684,0.0001049694902539798,0.00042737911578337077,0.0003515220624289926,0.00017148283515552602,0.000642286607304498,1.0692317594310135,0.8822451196248502,1.331965608620116
shared_fee_8131_8279,full_multiscale_60d,3.0,6.0,5619286.0,600000000.0,533959303.1674208,533959303.1674208,transfer payload,fully_optimized,"Floor- and state-growth-adjusted: derived F, matched CPSB",True,True,175000000.0,87500000.0,40,40,1785.0,1.5887467517058966,6.5990344693761225,True,0.5,32,7200,50400,8,1.4479558695732846,1530.0,5.656315259465248,0.11295316038895495,1015262.2807211468,False,state,63186576.6606963,87500000.00000028,58276121.01656001,4910455.644136288,2.5284371408601416,49019.60784313741,119.97626108281791,41084389.3771691,37937649.11761908,43949348.814359635,3216274.008502528,2788403.3554677106,3882177.071501333,12515659.84774585,12029692.409404479,12837052.41104351,59488382.74650628,54932041.71766861,63636717.57967517,5109844.883604488,4430066.773445111,6167796.211894814,82591270.74225609,79384354.8656472,84712151.3456574,64598227.630110696,59411232.53141562,68862971.99783564,88700693.93145618,88618957.60816446,88809205.00411183,1.0137222163594992,1.0127880869504509,1.014962342904135,2188034.5999595746,964909.5584696057,4220498.591608836,0.05846558078806451,0.05659180012190486,0.06093287035582801,0.06365451388888889,0.05591666666666666,0.07431150793650793,0.06837301587301588,0.060649801587301586,0.07906448412698412,0.0,0.0,0.0,0.38087804992660634,0.36458075429297476,0.40245773086593667,4733492.359969452,3648450.2695117365,6037112.331952549,0.33313554067460316,0.24597420634920636,0.44121031746031747,214733.73947448866,201073.13972394427,226838.84941342517,363288.3139372131,314958.9714392445,438504.1694156135,578022.0534117017,516648.72217350657,654472.4357593465,46269.61946344879,44473.02793593681,47457.787868715626,113.24562127696669,108.848435260022,116.15368213409994,0.00019144843903880774,8.442643828228553e-05,0.0003692907743235581,0.00029080181790064184,0.0001357424845986896,0.0005411728754871546,1.1254002307633746,0.9864626394265755,1.362011039935443
shared_fee_8131_8279,full_multiscale_60d,3.0,6.0,5619286.0,600000000.0,533959303.1674208,533959303.1674208,transfer payload,fully_optimized,"Floor- and state-growth-adjusted: derived F, matched CPSB",True,True,200000000.0,100000000.0,40,40,2040.0,1.5887467517058966,7.541753679286997,True,0.5,32,7200,50400,8,1.4479558695732846,1530.0,5.656315259465248,0.11295316038895495,888354.4956312402,False,state,64289871.04190508,99999999.9999914,59226618.930732764,5063252.111172316,2.528437140859916,49019.60784313304,119.97626108280721,42279298.696041726,38848543.80095977,45423504.8564962,3410144.6717855353,2930429.736526905,4117224.014568895,12921048.119084641,12632988.425105741,13104575.28660564,61218558.70837579,56250977.02097514,65771230.47355496,5417856.27014644,4655710.72500947,6541226.279191887,97447362.19234374,95274886.93542436,98831478.88324383,66636414.978522174,60948176.87552157,71579393.69607098,101422119.78961825,101327522.49140735,101545846.73566501,1.0142211978961826,1.0132752249140735,1.0154584673566502,1774180.3391737666,771284.7235124159,3399640.823237595,0.05952122492090392,0.05766031040068808,0.061886668344534455,0.07117125496031745,0.06366964285714286,0.08109722222222222,0.07598462301587301,0.06831746031746032,0.08653075396825397,0.0,0.0,0.0,0.3889893684102662,0.37350600585678756,0.40932197079991195,6151780.520441156,4907396.393792867,7685409.08784406,0.2102486359126984,0.15415079365079365,0.29333035714285716,221064.95170573005,205739.12191153257,234790.95301454447,385186.6180617317,331001.3000384865,465053.46447485744,606251.5697674619,536180.0536038156,697015.2448169427,47768.314800168504,46703.375948737434,48446.803374139134,116.91370168220514,114.30724709600393,118.5743131369703,0.00017741356868744278,7.712566929088972e-05,0.00033996092199386823,0.000261680913324346,0.00012039818660630859,0.0004871794027889796,1.1727301847401546,1.0269272369792204,1.4014479344000859
shared_fee_8131_8279,full_multiscale_60d,3.0,6.0,5619286.0,600000000.0,533959303.1674208,533959303.1674208,transfer payload,fully_optimized,"Floor- and state-growth-adjusted: derived F, matched CPSB",True,True,225000000.0,112500000.0,50,50,2295.0,1.7634340839660732,8.484472889197871,True,0.5,32,7200,50400,8,1.4479558695732846,1530.0,5.656315259465248,0.11295316038895495,789648.4405610375,False,state,65715241.388391115,112499999.99999341,60077877.415590666,5637363.972800449,2.5284371408599857,49019.607843134385,119.9762610828105,43129199.19327458,39545276.6797119,46422135.5543636,3465103.102478534,2963583.704090803,4196136.119051109,13112745.934054805,12928771.37990106,13235038.474451466,62449177.121897325,57259815.4822885,67217203.65406764,6110480.915367231,5226084.514480158,7399609.453295854,111254737.38041875,109693810.26339959,112292325.12396516,68559658.03726444,62530865.39637657,73953350.07797804,114133562.50715284,114022268.36655371,114271778.06419188,1.0145205556191363,1.0135312743693663,1.0157491383483723,1517304.730029251,657703.9767100287,2880553.8851522636,0.06014456897033671,0.05819509227574775,0.0624409505822961,0.07551277281746033,0.06762400793650794,0.08462797619047618,0.0803968253968254,0.07236011904761905,0.09021924603174604,0.0,0.0,0.0,0.39326367349765196,0.3774137163661345,0.41290888195213454,7386135.027399717,5957420.742093665,9155138.12696495,0.14068452380952381,0.10073214285714285,0.2008531746031746,225317.23816136518,209118.09837362607,239882.0304426985,391394.34649852326,334746.1454542616,473966.8360690669,616711.5846598884,543027.5329285575,714735.9335880375,48477.00975181644,47796.86721716758,48929.117701074145,118.64824372136371,116.98358417182826,119.75478503706199,0.00017069237677564553,7.398902174872717e-05,0.00032405902070029746,0.00024541848026875815,0.00011234646606179157,0.0004549885291083931,1.1978086281326217,1.0478850598421339,1.4250115866320958
shared_fee_8131_8279,full_multiscale_60d,3.0,6.0,5619286.0,600000000.0,533959303.1674208,533959303.1674208,transfer payload,fully_optimized,"Floor- and state-growth-adjusted: derived F, matched CPSB",True,True,250000000.0,125000000.0,50,50,2550.0,1.7634340839660732,9.427192099108746,True,0.5,32,7200,50400,8,1.4479558695732846,1530.0,5.656315259465248,0.11295316038895495,710683.5965047226,False,state,66625039.90411214,125000000.00000511,60849716.328567326,5775323.57554481,2.528437140860237,49019.60784313926,119.97626108282243,43825918.88138963,40137554.83002246,47216728.08466352,3577916.8716919064,3049424.3322512843,4343629.271127379,13227528.923928209,13108974.710941758,13311112.48827217,63457996.483750895,58117408.106450446,68367738.57223459,6309420.56113876,5377458.80396739,7659703.904818772,124698456.1623784,123580822.82239786,125486414.47977526,69767417.04488969,63543506.84350983,75440348.54160757,126841692.94015439,126713993.32396072,126994048.34311639,1.0147335435212352,1.013711946591686,1.0159523867449312,1332418.21682249,577771.3628010822,2513552.6669939393,0.060582979585539196,0.05857831134762487,0.06283666777203231,0.0783438740079365,0.0712529761904762,0.0875486111111111,0.0833624751984127,0.07580853174603175,0.09325892857142858,0.0,0.0,0.0,0.39598279264352004,0.38018338377969213,0.4152322639787996,8553840.82304889,6921796.873061738,10608594.650831513,0.0965172371031746,0.06813392857142857,0.13911904761904761,228693.30224041434,211920.54477794183,243792.69901346197,404137.0182665638,344442.11569476116,490626.6537318103,632830.3205069781,555551.8305647526,737635.3575463676,48901.355357795444,48463.067773489354,49210.35861951971,119.68683626529429,118.61412051015536,120.44312660777736,0.00016654791601504291,7.221883926483492e-05,0.0003141953602346685,0.0002337597105611737,0.00010683671878817307,0.00043172249611812775,1.2133692627143777,1.0558533112765596,1.440186265625321
shared_fee_8131_8279,full_multiscale_60d,3.0,6.0,5619286.0,600000000.0,533959303.1674208,533959303.1674208,transfer payload,fully_optimized,"Floor- and state-growth-adjusted: derived F, matched CPSB",True,True,275000000.0,137500000.0,50,50,2805.0,1.7634340839660732,10.36991130901962,True,0.5,32,7200,50400,8,1.4479558695732846,1530.0,5.656315259465248,0.11295316038895495,646075.9968224195,False,state,67459497.84851901,137500000.00000963,61556468.40547501,5903029.443044004,2.5284371408603104,49019.607843140686,119.97626108282593,44418074.32806428,40654867.880473666,47909213.87379166,3673904.935933302,3125217.303481761,4465578.502761135,13295435.997403443,13215807.024745176,13355843.06564389,64315411.43846308,58866454.57425807,69370427.43519846,6478689.185275979,5511114.71276023,7874753.336395205,137872492.1078087,137046746.72371382,138498908.04790014,70794100.623739,64428681.98422665,76659436.50726661,139546042.93273067,139402614.39339957,139712401.19351545,1.0148803122380414,1.0138371955883605,1.0160901904982942,1192501.9290000768,517928.1517013276,2254994.811551185,0.06088287841140075,0.058841817963174156,0.06313732336761554,0.08017795138888889,0.0731875,0.08979166666666667,0.08527901785714286,0.07780257936507937,0.09525099206349207,0.0,0.0,0.0,0.3977052187571636,0.3816541255000027,0.41686929494313846,9657635.041740771,7809211.885660398,11971873.42222997,0.0694438244047619,0.049489087301587305,0.10029761904761904,231486.03198065245,214329.08883200158,246949.95564736784,414979.1734822475,353003.1713305126,504401.2048518478,646465.2054629,566539.9032217461,756221.9989296049,49152.403603496874,48858.02022235787,49375.724794260306,120.3012807946557,119.5807728398186,120.84786292101822,0.0001639646902352698,7.121260540942571e-05,0.0003100630770564337,0.00022528562815748136,0.00010294430424813055,0.0004142923699814248,1.222440536688548,1.060521221291789,1.448713855454688
shared_fee_8131_8279,full_multiscale_60d,3.0,6.0,5619286.0,600000000.0,533959303.1674208,533959303.1674208,transfer payload,fully_optimized,"Floor- and state-growth-adjusted: derived F, matched CPSB",True,True,300000000.0,150000000.0,64,64,3060.0,2.161501805529043,11.312630518930495,True,0.5,32,7200,50400,8,1.4479558695732846,1530.0,5.656315259465248,0.11295316038895495,592236.3304206335,False,state,69253475.46778028,150000000.0000035,62208847.813166834,7044627.654613436,2.5284371408601922,49019.607843138394,119.97626108282032,44930397.3843838,41112896.42327086,48485369.21181586,3584400.508578654,3046870.7925844328,4357921.314808539,13329834.629948372,13267165.592875555,13379595.8479195,65057232.61497861,59529659.69123349,70204674.93867654,7747688.171031974,6585816.719384899,9419654.79031212,150795494.04703784,150086542.38565752,151358424.3201158,72804920.78601047,66177405.42553161,78932853.79915641,152244938.55956098,152086896.66986424,152425944.1254165,1.0149662570637399,1.0139126444657616,1.01617296083611,1083509.4488226525,471305.6001155689,2050602.6107021603,0.06105853997245987,0.05899263274393474,0.06331641953727782,0.08115327380952381,0.07418849206349207,0.09070634920634921,0.08633370535714285,0.07889186507936509,0.09624900793650794,0.0,0.0,0.0,0.3986761293001235,0.3823659187465389,0.41797287569588765,10683814.016022664,8632424.19689576,13230063.832228292,0.05574404761904762,0.039804563492063495,0.0803611111111111,233839.72834573104,216421.9268620539,249591.17368012556,404869.3655437364,344153.68531921174,492240.9852340144,638709.0938894673,559791.2934297037,747231.645508113,49279.573217986224,49047.88966851553,49463.53735951497,120.61253042599913,120.04548129519335,121.06278555542728,0.00016252208962547866,7.069334749387656e-05,0.000307591675764084,0.00021984082938072486,0.00010050205148480181,0.00040299119746916966,1.226665287318216,1.062757452796816,1.4521831068472624
shared_fee_8131_8279,full_multiscale_60d,3.0,6.0,5619286.0,600000000.0,533959303.1674208,533959303.1674208,transfer payload,fully_optimized,"Floor- and state-growth-adjusted: derived F, matched CPSB",True,True,325000000.0,162500000.0,64,64,3315.0,2.161501805529043,12.25534972884137,True,0.5,32,7200,50400,8,1.4479558695732846,1530.0,5.656315259465248,0.11295316038895495,546679.689618995,False,state,69990300.70037904,162500000.00000888,62815082.50343228,7175218.19694676,2.5284371408602717,49019.60784313994,119.9762610828241,45405736.53784199,41537440.709154025,49021788.36866988,3658531.8306107195,3107362.121800874,4456221.781175194,13360882.740296297,13315010.446222074,13400276.913601404,65745502.73226639,60144381.08187163,70981386.20539479,7907923.15745054,6716568.836705151,9632131.425848113,163742290.6683572,163180109.66161537,164225080.03948882,73653425.8897172,66924528.34869717,79904939.80924529,164945399.5307755,164772459.47858182,165140589.53208628,1.01504861249708,1.013984366022042,1.0162497817359157,992515.6216609627,432455.44361861557,1879924.052476028,0.061225870306655626,0.05914804457040623,0.06348078607071461,0.08208395337301587,0.07495436507936508,0.09175396825396825,0.08732328869047619,0.0800952380952381,0.09700595238095237,0.0,0.0,0.0,0.3996816630566225,0.3831902679096234,0.41909581593790773,11725263.908588562,9454802.734576872,14503196.74349895,0.04355034722222222,0.031199404761904765,0.06234126984126984,236021.18465860083,218363.3678722278,252095.91283868896,413242.7326510695,350986.37213033746,503344.33357783617,649263.9173096705,568571.9003256975,760980.4246183396,49394.35615938377,49224.76912869242,49539.99397872966,120.89346348015644,120.47839655559852,121.24991433331887,0.00016127947054975743,7.027155237241612e-05,0.00030548893394790667,0.0002145273203533554,9.800084122049558e-05,0.0003923939699836617,1.230693512652942,1.0649985839423737,1.4556697712632252
shared_fee_8131_8279,full_multiscale_60d,3.0,6.0,5619286.0,600000000.0,533959303.1674208,533959303.1674208,transfer payload,fully_optimized,"Floor- and state-growth-adjusted: derived F, matched CPSB",True,True,350000000.0,175000000.0,64,64,3570.0,2.161501805529043,13.198068938752245,True,0.5,32,7200,50400,8,1.4479558695732846,1530.0,5.656315259465248,0.11295316038895495,507631.14036054903,False,state,70679917.35061637,175000000.0000034,63381633.9279308,7298283.42268556,2.5284371408601825,49019.607843138205,119.97626108281985,45841357.68557389,41928863.62562861,49507811.18986781,3726712.1694564223,3163606.2891503973,4545481.074108108,13382657.745904505,13346457.27097856,13416378.428989917,66376262.930035084,60711144.191266775,71685125.80209531,8055295.082967113,6838140.7059816215,9825065.548682816,176625239.51415896,176147463.15047106,177070287.41418073,74431558.01300229,67614130.61149786,80785544.06672138,177644604.2300746,177456873.34430188,177854143.35484695,1.015112024171855,1.0140392762531536,1.0163093905991256,916492.6160710745,399927.88632374693,1736635.273502786,0.061355310349743064,0.059269130089793814,0.06360738629547494,0.08281249999999998,0.07552678571428571,0.09249305555555556,0.08804501488095239,0.08077380952380953,0.0975922619047619,0.0,0.0,0.0,0.4005488890264458,0.3839128316566178,0.4200569372912567,12747290.980679974,10260511.713507729,15746967.724571768,0.03507750496031746,0.02489186507936508,0.04941170634920635,238003.3417058838,220143.7106662835,254338.24843797358,420943.9174000815,357339.3285859114,513426.45280869235,658947.2591059653,576708.6889173192,773396.7152762357,49474.85700676721,49341.02609256893,49599.52028408424,121.09049057009094,120.7629373029537,121.3956059017902,0.00016038188579865006,6.998493905762449e-05,0.0003039124196695345,0.00021016351403797774,9.59281513525224e-05,0.0003837715170052084,1.233442141972453,1.06660052644009,1.4580595384028825
shared_fee_8131_8279,full_multiscale_60d,3.0,6.0,5619286.0,600000000.0,533959303.1674208,533959303.1674208,transfer payload,fully_optimized,"Floor- and state-growth-adjusted: derived F, matched CPSB",True,True,359634304.0,179817152.0,64,64,3668.2699008,2.161501805529043,13.561366676949092,True,0.5,32,7200,50400,8,1.4479558695732846,1530.0,5.656315259465248,0.11295316038895495,494032.12416077335,False,state,70934409.00786011,179817152.00000036,63590505.69486087,7343903.312999236,2.5284371408601385,49019.60784313735,119.97626108281777,46000374.01939094,42072238.72101439,49684083.68791472,3751673.681043147,3184301.4472557018,4577812.389620717,13389340.27467749,13356266.662827624,13421407.441127699,66606511.563943505,60918745.00218145,71940360.60028651,8109249.435330538,6882873.327591932,9894949.745538408,181577753.02732736,181129229.64970165,182012627.62984607,74715760.99927396,67866930.48474464,81104900.4465083,182538284.24712357,182344862.60599175,182753407.1821104,1.0151327735805955,1.014057116231002,1.0163291162686772,890377.4359276632,388735.4957718778,1687324.1736716793,0.06139750569389514,0.059308864822356956,0.06364867597745837,0.08304563492063491,0.0757142857142857,0.0926845238095238,0.08828559027777777,0.08097321428571429,0.09784126984126984,0.0,0.0,0.0,0.400858847249031,0.3841926480438433,0.4203907025669296,13137313.339804413,10567924.567280026,16220666.714510432,0.032475198412698414,0.023131944444444445,0.04550496031746032,238723.69566568386,220793.47716842726,255146.2728290937,423763.39902188757,359676.9120986546,517078.3770753739,662487.0946875715,579696.6674145922,777888.4519116795,49499.56190184581,49377.290806818724,49618.11223055086,121.15095618930718,120.85169576138222,121.44110998314588,0.00016010081377368932,6.989887213415634e-05,0.0003034110685078813,0.0002086775573481467,9.521884660260162e-05,0.0003808576554018112,1.23427164090517,1.0670732471183102,1.459117887827415
shared_fee_8131_8279,full_multiscale_60d,3.0,6.0,5619286.0,600000000.0,533959303.1674208,533959303.1674208,transfer payload,fully_optimized,"Floor- and state-growth-adjusted: derived F, matched CPSB",True,True,375000000.0,187500000.0,67,67,3825.0,2.2871073920400034,14.14078814866312,True,0.5,32,7200,50400,8,1.4479558695732846,1530.0,5.656315259465248,0.11295316038895495,473789.064336578,False,state,71658259.64553826,187499999.99999493,63913672.78596637,7744586.859571888,2.528437140860065,49019.60784313593,119.97626108281428,46243547.36312045,42292343.86187765,49951401.032747075,3740898.6223147507,3174695.8427361166,4566120.715373517,13397279.17549707,13368142.891242016,13427505.774292996,66958615.834320374,61237447.53281702,72327424.3187741,8555836.891968323,7260870.329400369,10443208.441077728,189448086.58918303,189036076.56609288,189875514.51920918,75514452.7262887,68567288.92984547,81999796.25329737,190342293.99345884,190139975.11225703,190567035.72336927,1.0151589012984472,1.0140798672653708,1.0163575238579694,852020.8948606595,372252.2310339423,1614758.4681438745,0.0614508147172502,0.05935877992408445,0.06370087292579997,0.08330729166666667,0.07590178571428571,0.0929295634920635,0.08858258928571429,0.08122123015873016,0.09810218253968253,0.0,0.0,0.0,0.40127218337680914,0.38457066333535955,0.4208280628328845,13748556.285583414,11051906.032294624,16963638.918476373,0.029469246031746034,0.020763888888888887,0.041116071428571425,239819.5497442832,221786.02523235,256361.3400611609,422546.32208513864,358591.9287107211,515757.7655189146,662365.8718294218,579604.1931534776,777819.3632268768,49528.9115265838,49421.19648786742,49640.65739064292,121.22278985740826,120.95915560621357,121.4962896170184,0.00015974959496257367,6.979486325525067e-05,0.00030276844575524427,0.00020672923650723812,9.430503185267913e-05,0.0003770006961397106,1.2352068444513251,1.0675856936396262,1.460296860743315
shared_fee_8131_8279,full_multiscale_60d,3.0,6.0,5619286.0,600000000.0,533959303.1674208,533959303.1674208,transfer payload,fully_optimized,"Floor- and state-growth-adjusted: derived F, matched CPSB",True,True,400000000.0,200000000.0,72,72,4080.0,2.5297123127871743,15.083507358573994,True,0.5,32,7200,50400,8,1.4479558695732846,1530.0,5.656315259465248,0.11295316038895495,444177.2478155956,False,state,72910479.49331409,199999999.99998647,64415404.01753994,8495075.475774152,2.5284371408599626,49019.60784313394,119.97626108280942,46618587.42706835,42632420.81220817,50362164.46202251,3712126.1321764374,3149742.5835940763,4532579.284510561,13407450.640000444,13380654.340012351,13435345.355746925,67501657.29623894,61729863.94915469,72922191.63720077,9390611.183185762,7967942.595827944,11466121.624710558,202231380.3881465,201827198.20009217,202652130.53837264,76892268.47942486,69773580.89528318,83542270.41952473,203038899.29279524,202822164.1121707,203279324.80471504,1.0151944964639763,1.0141108205608536,1.0163966240235751,796460.3717125969,348333.55042679183,1509600.423519257,0.061523132571999525,0.0594268272681946,0.06377143698255365,0.08366505456349206,0.07613690476190475,0.09320238095238094,0.08897755456349206,0.08154464285714286,0.09848115079365079,0.0,0.0,0.0,0.40186799436383136,0.3851301614817484,0.4214318233926845,14735436.241994295,11833851.660270257,18162657.59708526,0.025627480158730162,0.017918650793650796,0.03561309523809524,241504.48525464727,223315.18240017,258219.75855596145,419296.3783917561,355773.37922862306,511969.15489897603,660800.8636464034,578313.5944049584,775939.5094936282,49566.514801016296,49467.45053923828,49669.63983783643,121.31482446293424,121.07236312433909,121.56722461230508,0.00015928775255275024,6.966428889526919e-05,0.00030192130791071794,0.00020398382590263947,9.301608138099265e-05,0.00037158204837158063,1.2363725448353204,1.0682135994066124,1.461770610678421
shared_fee_8131_8279,full_multiscale_60d,3.0,6.0,5619286.0,600000000.0,533959303.1674208,533959303.1674208,transfer payload,fully_optimized,"Floor- and state-growth-adjusted: derived F, matched CPSB",True,True,425000000.0,212500000.0,76,76,4335.0,2.741198959017473,16.02622656848487,True,0.5,32,7200,50400,8,1.4479558695732846,1530.0,5.656315259465248,0.11295316038895495,418049.17441461334,False,state,74054121.00148998,212499999.99999672,64890295.112177975,9163825.889312008,2.528437140860094,49019.6078431365,119.97626108281568,46971971.806842,42953145.74296377,50748457.42848763,3697237.404466152,3136753.2712986167,4515856.1139331395,13415669.985904165,13390878.462028572,13441614.025718572,68013342.2831478,62194259.49516165,73481526.80536853,10134863.324363092,8598464.801978525,12378860.078586146,215002566.76210344,214605252.18349546,215418351.82226968,78148205.60751091,70874268.93850051,84946888.31402686,215735278.44102174,215504197.96939087,215991434.34271482,1.015224839722455,1.0141374022088983,1.0164302792598343,747830.1685452611,327359.76965522044,1417475.895289541,0.061584981132586994,0.05948501563758982,0.06383194904106386,0.08396019345238095,0.07630456349206349,0.09337797619047619,0.08929501488095237,0.08177876984126985,0.0986875,0.0,0.0,0.0,0.4023981705132118,0.38563508871640484,0.4219553480884188,15718434.51054342,12611834.869488066,19359686.943139803,0.022455977182539683,0.015551587301587302,0.031087301587301587,243088.73589187991,224754.4861605326,259962.24391861417,417614.64954270876,354306.1953535718,510080.21993053274,660703.3854345888,578275.9362728298,775840.997150575,49596.90121386468,49505.248485235395,49692.81472255356,121.38919568624011,121.16487419158092,121.62394550710056,0.0001589095863112143,6.956153472003361e-05,0.0003012148423577341,0.00020154391900862635,9.185904598908376e-05,0.0003668013184167157,1.237293782023603,1.0687206745943798,1.4629498474431084
shared_fee_8131_8279,full_multiscale_60d,3.0,6.0,5619286.0,600000000.0,533959303.1674208,533959303.1674208,transfer payload,fully_optimized,"Floor- and state-growth-adjusted: derived F, matched CPSB",True,True,450000000.0,225000000.0,81,81,4590.0,3.0271211899142436,16.968945778395742,True,0.5,32,7200,50400,8,1.4479558695732846,1530.0,5.656315259465248,0.11295316038895495,394824.2202804984,False,state,75363705.38055535,224999999.9999907,65341240.410287745,10022464.970267601,2.5284371408600292,49019.60784313523,119.97626108281257,47305577.002972536,43256412.35103021,51111955.44352835,3662988.740427478,3107503.677361444,4474731.373063731,13421785.033433124,13398727.303899355,13445484.193331713,68496387.88500512,62633376.16035654,74007855.88982509,11088310.834565299,9406790.229477314,13545554.158575237,227753542.48159015,227362277.11935753,228155692.24090347,79584698.71957037,72129160.82945731,86554238.72916305,228431026.43709692,228185575.1058331,228702919.04523185,1.0152490063870976,1.0141581115814806,1.0164574179788082,704979.4914435258,308838.0673912314,1336233.047729991,0.0616342332761937,0.05953150874605655,0.06388011351671674,0.08421626984126984,0.07648511904761905,0.0935843253968254,0.08951636904761903,0.08190376984126985,0.09887797619047618,0.0,0.0,0.0,0.4028283573857575,0.3860498722404001,0.4223732570412834,16693671.773871794,13383936.538964542,20554290.653103642,0.020083705357142857,0.013758928571428571,0.027813492063492064,244580.22526801826,226110.95796853804,261595.19097786225,413746.15470044105,351002.3612782745,505435.05047915626,658326.3799684594,576317.5256829653,772869.1293431262,49619.50816592378,49534.265167616024,49707.12249257156,121.4445265569237,121.23589297802644,121.65896399922488,0.00015861605834175156,6.948615488882836e-05,0.00030065364287001054,0.00019950520423447178,9.089746163757484e-05,0.0003627992442338314,1.2379428874464304,1.0690593420758103,1.4637698647726543
shared_fee_8131_8279,full_multiscale_60d,3.0,6.0,5619286.0,600000000.0,533959303.1674208,533959303.1674208,transfer payload,fully_optimized,"Floor- and state-growth-adjusted: derived F, matched CPSB",True,True,475000000.0,237500000.0,85,85,4845.0,3.274452060763763,17.911664988306615,True,0.5,32,7200,50400,8,1.4479558695732846,1530.0,5.656315259465248,0.11295316038895495,374043.998160432,False,state,76551322.39835249,237499999.99999875,65770681.85054311,10780640.54780938,2.5284371408601203,49019.607843137,119.97626108281689,47622562.97301373,43544730.7442199,51457091.7948451,3643572.919435398,3090854.8213260947,4451800.953264103,13426973.145361403,13405422.397501273,13448696.792477239,68955369.58089839,63050848.47008139,74507598.09551693,11930704.85458827,10120855.939212732,14577208.805525696,240499444.78668165,240113435.0107623,240888551.47614124,80886074.43548678,73267234.79340158,88009585.4254546,241126791.38290405,240867000.47666457,241414423.3680436,1.015270700559596,1.0141768441122718,1.016481782602289,666820.19013995,292319.07012709323,1263889.8292545278,0.06167751474152786,0.05957270657464292,0.06392220050627226,0.0844109623015873,0.07658829365079364,0.09374206349206349,0.08970672123015873,0.0820138888888889,0.09907837301587302,0.0,0.0,0.0,0.4032107219158117,0.3864318716209247,0.42274061726925705,17667350.508954182,14154281.766304392,21746445.030756697,0.018074776785714286,0.012251984126984127,0.02525,245995.88974393072,227399.05818443035,263143.56817001884,411553.07635783934,349121.8203722211,502844.98709374276,657548.96610177,575714.9479838376,771867.5971057145,49638.688294464744,49559.01651408923,49718.999272681365,121.49147022315611,121.2964722877615,121.68803260531895,0.00015836548087515954,6.942338738609976e-05,0.00030017504962768463,0.00019764101586505704,9.000821134016729e-05,0.00035916395578213266,1.2384849736730672,1.06932589272548,1.464454313819836
shared_fee_8131_8279,full_multiscale_60d,3.0,6.0,5619286.0,600000000.0,533959303.1674208,533959303.1674208,transfer payload,fully_optimized,"Floor- and state-growth-adjusted: derived F, matched CPSB",True,True,500000000.0,250000000.0,89,89,5100.0,3.536166747247089,18.854384198217492,True,0.5,32,7200,50400,8,1.4479558695732846,1530.0,5.656315259465248,0.11295316038895495,355341.79825234425,False,state,77754804.38434722,250000000.00001428,66180699.361574434,11574105.022772783,2.528437140860278,49019.60784314005,119.97626108282438,47924363.85011285,43819408.93362941,51785247.66391383,3623098.8566092215,3073356.7225630805,4427361.102356477,13431183.441198952,13410900.720255373,13451735.676176617,69392363.93233658,63448570.366680585,74982753.31227027,12811881.698730458,10867901.844755828,15655887.108208079,253236692.8370794,252854274.62382308,253624192.57147616,82204245.63106705,74410962.23890717,89483964.95635585,253822170.21614334,253547970.638963,254125520.413141,1.0152886808645734,1.014191882555852,1.016502081652564,632649.8734520822,277498.832020003,1199135.7600798022,0.061714530930590095,0.05960772517716143,0.06395801928682839,0.08458147321428572,0.07666964285714287,0.09388690476190475,0.08989025297619048,0.08212599206349207,0.09919940476190477,0.0,0.0,0.0,0.40353552029010953,0.3867611673716437,0.4230572622129654,18637648.520136565,14922437.474513875,22933728.930075575,0.016471974206349205,0.011003968253968254,0.023145833333333334,247341.93187078368,228624.3482817829,264612.8962872537,409240.4662556207,347145.35481614055,500084.4286942915,656582.3981264044,574954.7655092422,770613.5049686182,49654.25349746655,49579.26953408295,49730.23383754434,121.52956630228282,121.34604187269696,121.71552937949686,0.0001581581474405084,6.937231852892304e-05,0.0002997851440879784,0.00019599149481910996,8.921876016033055e-05,0.0003559674964015756,1.23891062079008,1.0695348526839863,1.4650016613257697
shared_fee_8131_8279,full_multiscale_60d,3.0,6.0,5619286.0,600000000.0,533959303.1674208,533959303.1674208,transfer payload,fully_optimized,"Floor- and state-growth-adjusted: derived F, matched CPSB",True,True,525000000.0,262500000.0,94,94,5355.0,3.885833754446056,19.797103408128365,True,0.5,32,7200,50400,8,1.4479558695732846,1530.0,5.656315259465248,0.11295316038895495,338420.7602404324,False,state,79159549.8773173,262499999.9999878,66573079.644873574,12586470.232443724,2.5284371408600164,49019.60784313498,119.97626108281196,48212185.382068366,44081655.50595071,52097483.259044185,3586032.460011994,3041870.642892166,4382112.157609718,13434355.744589135,13414563.841309296,13454427.837505268,69809116.80892122,63828291.83034893,75434856.67492859,13934725.977653846,11820203.620808806,17028159.337808322,265961329.89719033,265569507.5413193,266358699.19626477,83743842.78657499,75723020.20348373,91207933.68685007,266517110.30761364,266228521.88388366,266836205.17878127,1.0153032773623378,1.0142038928909853,1.0165188768715478,601905.6144660412,264135.74180005456,1140880.3659133392,0.06174438019513792,0.0596357559544704,0.06398655471806146,0.08470796130952381,0.07676289682539682,0.09393551587301588,0.0900297619047619,0.08223015873015874,0.09929861111111112,0.0,0.0,0.0,0.4037938116991018,0.38702099340983104,0.42331788779468454,19602726.07425163,15687711.68365423,24113190.872121416,0.015264136904761905,0.009875992063492064,0.021747023809523806,248623.5347152698,229791.92627790637,266007.225436756,405053.69961573347,343588.9026090523,494973.41738087987,653677.2343310033,572557.8821649584,766928.0681393192,49665.981306664864,49592.81186579259,49740.1865912726,121.55827029972826,121.3791869425242,121.73988890076465,0.0001579958993919114,6.93332486493217e-05,0.00029948229086876484,0.00019460956765310716,8.856301971729252e-05,0.0003532767217131424,1.2392112846335817,1.0696834243949338,1.4653792797112657
shared_fee_8131_8279,full_multiscale_60d,3.0,6.0,5619286.0,600000000.0,533959303.1674208,533959303.1674208,transfer payload,fully_optimized,"Floor- and state-growth-adjusted: derived F, matched CPSB",True,True,533959303.1674208,266979651.5837104,96,96,5446.384892307692,4.032547620151323,20.134947696262085,True,0.5,32,7200,50400,8,1.4479558695732846,1530.0,5.656315259465248,0.11295316038895495,332742.39829187415,False,state,79711167.87378341,266979651.5837189,66709707.264755495,13001460.609027911,2.528437140860214,49019.607843138816,119.97626108282135,48312205.62644121,44172849.2846086,52205842.90132447,3569644.9199835137,3027966.4353135563,4362001.085609305,13435288.47546886,13415496.219469784,13455226.828946814,69953941.708837,63960336.397424996,75591756.65499435,14394763.126864742,12210418.842621738,17589977.096871264,270518830.7377404,270120314.6984101,270920288.44216746,84348704.83570187,76236863.98058043,91885680.78628157,271066459.7539304,270772733.9171092,271391149.26586044,1.0153075642505982,1.0142073836372862,1.0165237225233505,591620.779532741,259659.42625044342,1121383.8369909222,0.06175368682321127,0.05964447866878108,0.06399544447454868,0.08474950396825397,0.07679365079365079,0.09396428571428571,0.09006696428571428,0.08225,0.09934920634920635,0.0,0.0,0.0,0.40387279056476055,0.38707862232166534,0.42339873428907626,19947482.3493288,15961379.819344098,24534418.90302957,0.014934895833333333,0.009578373015873016,0.0211875,249068.4784434833,230197.4363701274,266490.37594391016,403202.6751785161,342018.3784203443,492701.8082396234,652271.1536219993,571390.1331658033,765150.0260051191,49669.429554971946,49596.25881011821,49743.140413158646,121.56670994168732,121.38762339296812,121.74711842628282,0.0001579463749692799,6.932139071906997e-05,0.0002993878518591043,0.00019417062473050742,8.835658017295017e-05,0.00035241785558382926,1.2392940665081746,1.069723491649197,1.4654842264075438
shared_fee_8131_8279,full_multiscale_60d,3.5,5.5,6775042.0,550000000.0,643782271.4932127,550000000.0,execution,fully_optimized,"Floor- and state-growth-adjusted: derived F, matched CPSB",True,True,50000000.0,25000000.0,40,40,510.0,1.5887467517058966,1.8854384198217493,True,0.5,32,7200,50400,8,1.4479558695732846,1530.0,5.656315259465248,0.11295316038895495,1495122567.2146773,False,regular,24999999.99999956,3305572.28824763,24079297.73687559,920702.263123971,0.3343172698161331,6481.514290681627,15.863608155316967,16785587.185780264,16676734.368104044,16870642.10807968,580759.2001742837,511075.72190601303,690157.2960513015,1842167.786016746,1494043.1072237762,2304858.550207267,24304789.489884656,24147175.413610782,24427945.263864107,922679.2928002089,811969.8930539315,1096485.16226763,3473293.919513944,2816926.27522953,4345668.8628154835,25227468.78268487,25150447.035666976,25265899.21465358,25260653.87924298,25240398.429876707,25288692.045852717,1.0104261551697191,1.0096159371950684,1.0115476818341087,2790126255.280221,1314720732.8765578,6467352591.825875,0.05082529728361205,0.04875838181903925,0.052970580085638,0.027348710317460317,0.021439484126984126,0.0339156746031746,0.03316840277777777,0.02645535714285714,0.04098809523809523,0.0,0.0,0.0,0.31717620003351343,0.3003318179093851,0.33386794205254194,99058.00482673723,68704.85105976765,130238.60222742966,0.996352306547619,0.9915089285714286,0.9994335317460318,79253.87307668888,78141.85080300429,80495.62626615034,65598.58708464706,57727.61798735082,77955.44775449013,144852.46016133594,137383.95710633614,156073.93868107168,6810.380234341067,5523.384853391235,8520.91933885389,16.668512724198703,13.518571289919471,20.85508408258485,0.06975335342565372,0.032865577464027615,0.1616818306343116,0.07706851668646307,0.036957916235035325,0.17575692101957163,1.0893468714853545,0.8347604398354044,1.4581425363467662
shared_fee_8131_8279,full_multiscale_60d,3.5,5.5,6775042.0,550000000.0,643782271.4932127,550000000.0,execution,fully_optimized,"Floor- and state-growth-adjusted: derived F, matched CPSB",True,True,75000000.0,37500000.0,40,40,765.0,1.5887467517058966,2.828157629732624,True,0.5,32,7200,50400,8,1.4479558695732846,1530.0,5.656315259465248,0.11295316038895495,59701321.94696217,False,regular,37500000.000000075,12727502.086399864,35572094.90579661,1927905.094203467,0.8581517062834202,16637.25762928087,40.71994968666707,24565575.512475304,24228479.330186892,24833735.734740697,1191428.5438715415,1060456.9361991314,1422388.5881943868,4450266.124402418,3657695.457224498,5469821.663456572,35569869.25273433,35081768.8569794,35958153.42054953,1892878.228965597,1684797.5127103443,2259815.2491573365,12586054.094069343,10344539.31458791,15469517.870781343,37462747.48169993,37055611.72672183,37722739.094623074,37895887.78648057,37863701.25509422,37940961.75321091,1.0105570076394819,1.009698700135846,1.0117589800856244,116558801.05102178,54813109.21469209,261765008.1594638,0.05115919809382531,0.04903214026767186,0.05345681152588271,0.028511904761904763,0.02264285714285714,0.03477876984126984,0.03438802083333333,0.027775793650793648,0.0418968253968254,0.0,0.0,0.0,0.31950984931045023,0.303316908198984,0.3374449156518919,192088.26588815294,118341.57005827059,297133.7668127302,0.9675378224206349,0.9390208333333333,0.9842400793650794,120576.67374729304,118642.6252029408,122488.20411404927,134575.6194079013,119781.96240008026,160663.28633773976,255152.29315519432,240594.27186199286,279745.68875331245,16452.358292901103,13522.273613840403,20221.59198794947,40.26740565313408,33.09597732235918,49.49266439707131,0.004370965476711446,0.00205531687957187,0.009816134409592418,0.005543642811129476,0.0026997818668483644,0.012022823605627325,1.0456093132858433,0.8017796985551955,1.402063306310151
shared_fee_8131_8279,full_multiscale_60d,3.5,5.5,6775042.0,550000000.0,643782271.4932127,550000000.0,execution,fully_optimized,"Floor- and state-growth-adjusted: derived F, matched CPSB",True,True,100000000.0,50000000.0,40,40,1020.0,1.5887467517058966,3.7708768396434986,True,0.5,32,7200,50400,8,1.4479558695732846,1530.0,5.656315259465248,0.11295316038895495,6244364.927759717,False,regular,50000000.00000078,32822913.71540736,46763423.50596405,3236576.494036737,1.659813482185669,32179.327171968,78.75940930837012,31242822.5295078,30389071.061726008,31900214.901360337,1879973.274599548,1682260.0072168973,2262378.6084859883,7516701.446601255,6433007.823297623,8732764.85506282,45238228.263637364,44002033.81470561,46190103.40707357,2986801.4333139323,2672685.1219905936,3594346.6653609984,28344555.395503227,24258080.210118398,32930180.73800818,48225029.6969512,46886544.072538584,49245178.57220594,50547997.44315736,50502123.72528315,50606655.46419483,1.010959948863147,1.010042474505663,1.0121331092838965,16012205.853793144,7805781.502536142,33038617.80973469,0.05218620562312756,0.04996692495321355,0.05470391609612309,0.032257564484126984,0.025813492063492063,0.04052579365079365,0.038410838293650794,0.03166369047619048,0.047968253968253965,0.0,0.0,0.0,0.32778874071192915,0.3101164422974268,0.3477119922466673,621048.9434342426,329060.18008055293,1009043.7524564101,0.8768756200396826,0.8121994047619048,0.9257777777777778,158188.1589854958,155797.23119857116,161127.5427974584,212348.9228127916,190016.58441109472,255542.81382485855,370537.0817982874,349430.9446821591,413190.8096313107,27788.77979951297,23782.431578547446,32284.490919615862,68.0134755681456,58.207875293141875,79.01679923455275,0.0008006073967651911,0.00039026758186211266,0.0016519267301898786,0.001172414959089978,0.0005885974161300094,0.0023346326234825175,1.0468454490937065,0.770437745584573,1.5188672680823219
shared_fee_8131_8279,full_multiscale_60d,3.5,5.5,6775042.0,550000000.0,643782271.4932127,550000000.0,execution,fully_optimized,"Floor- and state-growth-adjusted: derived F, matched CPSB",True,True,125000000.0,62500000.0,40,40,1275.0,1.5887467517058966,4.713596049554373,True,0.5,32,7200,50400,8,1.4479558695732846,1530.0,5.656315259465248,0.11295316038895495,1421367.1930095186,False,state,60493730.18107627,62500000.00000148,55948154.265304595,4545575.915771676,2.5284371408601936,49019.607843138416,119.97626108282037,36120831.67862791,34307888.822747655,37596640.79922694,2486503.8764363714,2201444.913105167,3016071.939487009,10066136.52959169,9010543.486684177,11037041.658013117,52301370.24293779,49676308.9935651,54438276.72147937,3950424.956792405,3497538.454755285,4791774.496771314,47447701.38015711,42472062.18317106,52024155.95797589,56251795.19973031,53332982.13709678,58438259.171479546,63243612.50313462,63188371.33345438,63316127.98627033,1.011897800050154,1.0110139413352701,1.0130580477803253,5300160.059715424,2567500.193682222,10692599.810397064,0.054422156977512674,0.052331600925524704,0.057042473534038275,0.040211433531746034,0.03250694444444444,0.049534722222222216,0.04605654761904762,0.03853373015873016,0.05496031746031746,0.0,0.0,0.0,0.34690575473966606,0.32973637978330844,0.37064185674159356,1652334.7866637367,1050248.9458584806,2438372.880930286,0.7168607390873016,0.6121755952380953,0.8045248015873016,186428.94431554968,180215.1868780842,191268.516671242,280858.47116287565,248660.1603574169,340674.8575255025,467287.41547842533,435246.9334719414,527608.9777885121,37213.883435417345,33311.42132013417,40803.25957488305,91.08156493704466,81.53022753942068,99.86661948523731,0.00033125534911759526,0.0001604570549596565,0.0006682902245052266,0.0005186284782050373,0.00026221544572108693,0.0010270418840947983,1.1622499603270402,0.8488612517751292,1.5945532239384106
shared_fee_8131_8279,full_multiscale_60d,3.5,5.5,6775042.0,550000000.0,643782271.4932127,550000000.0,execution,fully_optimized,"Floor- and state-growth-adjusted: derived F, matched CPSB",True,True,150000000.0,75000000.0,40,40,1530.0,1.5887467517058966,5.656315259465248,True,0.5,32,7200,50400,8,1.4479558695732846,1530.0,5.656315259465248,0.11295316038895495,1184472.6608413283,False,state,61937595.20186268,75000000.00000046,57197805.08629793,4739790.115564752,2.528437140860149,49019.60784313756,119.97626108281827,39222582.557115264,36591873.494561225,41543629.3366502,2927361.8243098985,2575965.807601916,3550667.6987891244,11679125.941473417,10898649.458524527,12273248.397138482,56792568.63339778,52983418.005133085,60153341.94138001,4650836.5894402005,4092557.3093329733,5641111.772838234,66060818.27996893,61646197.239811055,69421362.19193693,61443405.22283795,57146353.5329639,64853954.7938563,75971188.07228805,75899310.78665815,76063874.74928091,1.012949174297174,1.0119908104887754,1.0141849966570788,3004050.054196685,1399624.8606242149,5698411.567448127,0.0567873632807077,0.054798629006318586,0.05936159341129574,0.05229724702380953,0.042962301587301584,0.06327480158730159,0.057171378968253965,0.0477172619047619,0.06801289682539682,0.0,0.0,0.0,0.3669997535861659,0.35002882804297875,0.39042571240900686,3162324.741317883,2268297.76306579,4291948.59765222,0.5140804811507936,0.40011111111111114,0.6237628968253968,204335.40739129158,193677.85784974645,213309.25640715266,330654.7696577798,290963.4790225231,401059.1380692096,534990.1770490713,487699.9128969621,605922.9227224638,43177.005411744394,40291.63218288304,45373.43934113524,105.67639975069488,98.61440339741915,111.05220633419549,0.00022529909690619684,0.0001049694902539798,0.00042737911578337077,0.0003515220624289926,0.00017148283515552602,0.000642286607304498,1.0692317594310135,0.8822451196248502,1.331965608620116
shared_fee_8131_8279,full_multiscale_60d,3.5,5.5,6775042.0,550000000.0,643782271.4932127,550000000.0,execution,fully_optimized,"Floor- and state-growth-adjusted: derived F, matched CPSB",True,True,175000000.0,87500000.0,40,40,1785.0,1.5887467517058966,6.5990344693761225,True,0.5,32,7200,50400,8,1.4479558695732846,1530.0,5.656315259465248,0.11295316038895495,1015262.2807211468,False,state,63186576.6606963,87500000.00000028,58276121.01656001,4910455.644136288,2.5284371408601416,49019.60784313741,119.97626108281791,41084389.3771691,37937649.11761908,43949348.814359635,3216274.008502528,2788403.3554677106,3882177.071501333,12515659.84774585,12029692.409404479,12837052.41104351,59488382.74650628,54932041.71766861,63636717.57967517,5109844.883604488,4430066.773445111,6167796.211894814,82591270.74225609,79384354.8656472,84712151.3456574,64598227.630110696,59411232.53141562,68862971.99783564,88700693.93145618,88618957.60816446,88809205.00411183,1.0137222163594992,1.0127880869504509,1.014962342904135,2188034.5999595746,964909.5584696057,4220498.591608836,0.05846558078806451,0.05659180012190486,0.06093287035582801,0.06365451388888889,0.05591666666666666,0.07431150793650793,0.06837301587301588,0.060649801587301586,0.07906448412698412,0.0,0.0,0.0,0.38087804992660634,0.36458075429297476,0.40245773086593667,4733492.359969452,3648450.2695117365,6037112.331952549,0.33313554067460316,0.24597420634920636,0.44121031746031747,214733.73947448866,201073.13972394427,226838.84941342517,363288.3139372131,314958.9714392445,438504.1694156135,578022.0534117017,516648.72217350657,654472.4357593465,46269.61946344879,44473.02793593681,47457.787868715626,113.24562127696669,108.848435260022,116.15368213409994,0.00019144843903880774,8.442643828228553e-05,0.0003692907743235581,0.00029080181790064184,0.0001357424845986896,0.0005411728754871546,1.1254002307633746,0.9864626394265755,1.362011039935443
shared_fee_8131_8279,full_multiscale_60d,3.5,5.5,6775042.0,550000000.0,643782271.4932127,550000000.0,execution,fully_optimized,"Floor- and state-growth-adjusted: derived F, matched CPSB",True,True,200000000.0,100000000.0,40,40,2040.0,1.5887467517058966,7.541753679286997,True,0.5,32,7200,50400,8,1.4479558695732846,1530.0,5.656315259465248,0.11295316038895495,888354.4956312402,False,state,64289871.04190508,99999999.9999914,59226618.930732764,5063252.111172316,2.528437140859916,49019.60784313304,119.97626108280721,42279298.696041726,38848543.80095977,45423504.8564962,3410144.6717855353,2930429.736526905,4117224.014568895,12921048.119084641,12632988.425105741,13104575.28660564,61218558.70837579,56250977.02097514,65771230.47355496,5417856.27014644,4655710.72500947,6541226.279191887,97447362.19234374,95274886.93542436,98831478.88324383,66636414.978522174,60948176.87552157,71579393.69607098,101422119.78961825,101327522.49140735,101545846.73566501,1.0142211978961826,1.0132752249140735,1.0154584673566502,1774180.3391737666,771284.7235124159,3399640.823237595,0.05952122492090392,0.05766031040068808,0.061886668344534455,0.07117125496031745,0.06366964285714286,0.08109722222222222,0.07598462301587301,0.06831746031746032,0.08653075396825397,0.0,0.0,0.0,0.3889893684102662,0.37350600585678756,0.40932197079991195,6151780.520441156,4907396.393792867,7685409.08784406,0.2102486359126984,0.15415079365079365,0.29333035714285716,221064.95170573005,205739.12191153257,234790.95301454447,385186.6180617317,331001.3000384865,465053.46447485744,606251.5697674619,536180.0536038156,697015.2448169427,47768.314800168504,46703.375948737434,48446.803374139134,116.91370168220514,114.30724709600393,118.5743131369703,0.00017741356868744278,7.712566929088972e-05,0.00033996092199386823,0.000261680913324346,0.00012039818660630859,0.0004871794027889796,1.1727301847401546,1.0269272369792204,1.4014479344000859
shared_fee_8131_8279,full_multiscale_60d,3.5,5.5,6775042.0,550000000.0,643782271.4932127,550000000.0,execution,fully_optimized,"Floor- and state-growth-adjusted: derived F, matched CPSB",True,True,225000000.0,112500000.0,40,40,2295.0,1.5887467517058966,8.484472889197871,True,0.5,32,7200,50400,8,1.4479558695732846,1530.0,5.656315259465248,0.11295316038895495,789648.4405610375,False,state,65279847.241121516,112499999.99999341,60077877.415590666,5201969.8255308485,2.5284371408599857,49019.607843134385,119.9762610828105,43143847.37117395,39552802.9856624,46443319.384839505,3552665.5937517574,3036833.0514505785,4305011.585836081,13124439.612921098,12948430.983074903,13241460.457644131,62470387.03706531,57270713.24116585,67247876.90574475,5644285.921970397,4824758.645965228,6839573.173053253,111353952.08173451,109860611.63353948,112346812.26625796,68114672.95903555,62137085.083235264,73479227.40399045,114135604.79193525,114023832.51053213,114273500.79500282,1.0145387092616467,1.0135451778713966,1.0157644515111361,1514377.2241370156,656368.0620929659,2874744.878087836,0.0601818911711066,0.0582347079684116,0.06246979671051455,0.07575024801587302,0.06790476190476191,0.08487103174603174,0.08065290178571428,0.07262400793650793,0.09047123015873017,0.0,0.0,0.0,0.3935309327628572,0.3777317360919782,0.4130924192919115,7415959.816378041,5986341.127582503,9194248.507579215,0.13646205357142857,0.09797420634920635,0.19489781746031745,225412.23944791086,209168.16337482215,240016.8327713241,401284.8066193642,343019.8907349767,486264.66413125215,626697.0460672751,551352.3811206156,727454.7126922337,48520.24055848998,47869.547552740514,48952.859375275795,118.75405180054872,117.16147043612048,119.81289315803423,0.00017036303669856095,7.383874130136766e-05,0.00032340550243774416,0.0002445676389649,0.00011191806367820379,0.00045354091053691924,1.199685910050925,1.0489595669977347,1.427265532222265
shared_fee_8131_8279,full_multiscale_60d,3.5,5.5,6775042.0,550000000.0,643782271.4932127,550000000.0,execution,fully_optimized,"Floor- and state-growth-adjusted: derived F, matched CPSB",True,True,250000000.0,125000000.0,40,40,2550.0,1.5887467517058966,9.427192099108746,True,0.5,32,7200,50400,8,1.4479558695732846,1530.0,5.656315259465248,0.11295316038895495,710683.5965047226,False,state,66178990.63436253,125000000.00000511,60849716.328567326,5329274.3057952095,2.528437140860237,49019.60784313926,119.97626108282243,43835233.683210865,40142492.60896995,47233947.089729905,3667058.797116993,3124317.5730772438,4453621.72377015,13235059.778214192,13122222.649501545,13315165.419479493,63471483.90572165,58124557.79246063,68392670.93168838,5826027.752234148,4963749.395524163,7075677.04696667,124769450.97240199,123705713.6841181,125524622.24083173,69297511.65795566,63133204.07464266,74928925.49238853,126843415.77086593,126715321.5546963,126995463.47483137,1.0147473261669275,1.0137225724375705,1.015963707798651,1330662.2004435207,577037.5308625908,2511302.804208225,0.06061106923858673,0.0586073626283817,0.0628615777464557,0.07852554563492063,0.07149107142857143,0.08781349206349207,0.08353980654761906,0.07600099206349206,0.09337599206349206,0.0,0.0,0.0,0.39616732767938934,0.38041081575108254,0.415363171579986,8577440.56831388,6938682.985599193,10639424.988906678,0.09355344742063493,0.06649801587301588,0.13492757936507938,228753.85173053265,211954.6193635085,243880.38641149804,414205.88046648394,352901.54393782443,503050.6488767438,642959.7321970167,564046.8885840093,750443.5934752069,48929.19645976549,48512.044582007096,49225.34205522813,119.75497780019762,118.73399201921622,120.47979880230457,0.00016632841848120635,7.21271186519824e-05,0.00031391412746317694,0.00023309468412421004,0.00010648375305877687,0.000430527635823835,1.21459643238292,1.0565318600578406,1.441645879830247
shared_fee_8131_8279,full_multiscale_60d,3.5,5.5,6775042.0,550000000.0,643782271.4932127,550000000.0,execution,fully_optimized,"Floor- and state-growth-adjusted: derived F, matched CPSB",True,True,275000000.0,137500000.0,50,50,2805.0,1.7634340839660732,10.36991130901962,True,0.5,32,7200,50400,8,1.4479558695732846,1530.0,5.656315259465248,0.11295316038895495,646075.9968224195,False,state,67459497.84851901,137500000.00000963,61556468.40547501,5903029.443044004,2.5284371408603104,49019.607843140686,119.97626108282593,44418074.32806428,40654867.880473666,47909213.87379166,3673904.935933302,3125217.303481761,4465578.502761135,13295435.997403443,13215807.024745176,13355843.06564389,64315411.43846308,58866454.57425807,69370427.43519846,6478689.185275979,5511114.71276023,7874753.336395205,137872492.1078087,137046746.72371382,138498908.04790014,70794100.623739,64428681.98422665,76659436.50726661,139546042.93273067,139402614.39339957,139712401.19351545,1.0148803122380414,1.0138371955883605,1.0160901904982942,1192501.9290000768,517928.1517013276,2254994.811551185,0.06088287841140075,0.058841817963174156,0.06313732336761554,0.08017795138888889,0.0731875,0.08979166666666667,0.08527901785714286,0.07780257936507937,0.09525099206349207,0.0,0.0,0.0,0.3977052187571636,0.3816541255000027,0.41686929494313846,9657635.041740771,7809211.885660398,11971873.42222997,0.0694438244047619,0.049489087301587305,0.10029761904761904,231486.03198065245,214329.08883200158,246949.95564736784,414979.1734822475,353003.1713305126,504401.2048518478,646465.2054629,566539.9032217461,756221.9989296049,49152.403603496874,48858.02022235787,49375.724794260306,120.3012807946557,119.5807728398186,120.84786292101822,0.0001639646902352698,7.121260540942571e-05,0.0003100630770564337,0.00022528562815748136,0.00010294430424813055,0.0004142923699814248,1.222440536688548,1.060521221291789,1.448713855454688
shared_fee_8131_8279,full_multiscale_60d,3.5,5.5,6775042.0,550000000.0,643782271.4932127,550000000.0,execution,fully_optimized,"Floor- and state-growth-adjusted: derived F, matched CPSB",True,True,300000000.0,150000000.0,50,50,3060.0,1.7634340839660732,11.312630518930495,True,0.5,32,7200,50400,8,1.4479558695732846,1530.0,5.656315259465248,0.11295316038895495,592236.3304206335,False,state,68230927.7662432,150000000.0000035,62208847.813166834,6022079.953076369,2.5284371408601922,49019.607843138394,119.97626108282032,44940828.30724922,41118618.4184842,48506309.674720794,3758787.0140566556,3193831.05629942,4575924.715233324,13338374.291238306,13281924.526853332,13384105.868558342,65072336.13096683,59537944.88778876,70234995.80485144,6628373.134956583,5632110.543107778,8069341.608505241,150892100.07996732,150253504.75259987,151409444.51723593,71700709.26592338,65222881.96311614,77709011.75358929,152247802.03797257,152089177.0505738,152428268.24450618,1.0149853469198171,1.0139278470038253,1.0161884549633744,1081768.1583353027,470681.254117553,2048151.0660206142,0.061097227229016435,0.059032615881817976,0.06335076420444223,0.0813702876984127,0.07437103174603174,0.0909186507936508,0.08655381944444444,0.07917857142857143,0.09645436507936508,0.0,0.0,0.0,0.3989153802877587,0.38263758319834473,0.4181799019191136,10719809.354480542,8651510.232022861,13274811.162836723,0.05231584821428571,0.03789087301587302,0.07484722222222223,233907.59195390815,216464.6424436575,249724.96237621614,424566.8724666625,360753.31155741384,516865.1582875327,658474.4644205706,576437.3775347035,772076.3390388517,49311.14381698279,49102.45253352937,49480.21062654768,120.68979996352527,120.17902476537525,121.10359363869514,0.00016226090325538337,7.059970728694714e-05,0.00030722393535216554,0.0002187882647601941,9.992749375778881e-05,0.00040112736124287197,1.2280323858152533,1.0635131822765302,1.4537977272224405
shared_fee_8131_8279,full_multiscale_60d,3.5,5.5,6775042.0,550000000.0,643782271.4932127,550000000.0,execution,fully_optimized,"Floor- and state-growth-adjusted: derived F, matched CPSB",True,True,325000000.0,162500000.0,50,50,3315.0,1.7634340839660732,12.25534972884137,True,0.5,32,7200,50400,8,1.4479558695732846,1530.0,5.656315259465248,0.11295316038895495,546679.689618995,False,state,68948797.41091704,162500000.00000888,62815082.50343228,6133714.907484762,2.5284371408602717,49019.60784313994,119.9762610828241,45413409.04934857,41541696.14519739,49037407.48264584,3835753.210207594,3256949.9708164446,4677324.493876596,13367203.355200915,13323163.37553973,13404383.297056269,65756612.19033703,60150542.76546897,71004001.99315482,6764097.948562363,5743416.588310014,8248153.43427132,163819752.0145148,163280026.66171682,164275405.20484847,72520710.13889927,65948133.31388211,78642200.42773405,164947921.29101026,164774472.00871712,165142691.6698866,1.0150641310216013,1.0139967508228747,1.0162627179685328,991288.3288540408,432039.88479421305,1878113.3404512263,0.06125731110674931,0.0591803328816344,0.06350940184582836,0.08226128472222222,0.07510515873015873,0.09197321428571428,0.08750372023809523,0.08028670634920636,0.09717658730158729,0.0,0.0,0.0,0.39988498383690696,0.3834010101282207,0.41928898935661174,11755460.474812055,9469819.801952245,14539532.928202163,0.040996403769841275,0.029699404761904764,0.05804662698412698,236071.1026533019,218396.87819105553,252196.13267999506,433260.4475650272,367882.792432432,528318.5837480307,669331.5502183292,585505.6033042578,786097.6816774638,49417.72308130161,49254.91000353448,49555.175024087024,120.95065438902064,120.55216682077257,121.28707018056949,0.00016108004177894534,7.020403430089754e-05,0.0003051946799140322,0.00021359961461578033,9.748920392537505e-05,0.00039075134649420664,1.2316792050690777,1.0655536553241287,1.4564223490939128
shared_fee_8131_8279,full_multiscale_60d,3.5,5.5,6775042.0,550000000.0,643782271.4932127,550000000.0,execution,fully_optimized,"Floor- and state-growth-adjusted: derived F, matched CPSB",True,True,350000000.0,175000000.0,64,64,3570.0,2.161501805529043,13.198068938752245,True,0.5,32,7200,50400,8,1.4479558695732846,1530.0,5.656315259465248,0.11295316038895495,507631.14036054903,False,state,70679917.35061637,175000000.0000034,63381633.9279308,7298283.42268556,2.5284371408601825,49019.607843138205,119.97626108281985,45841357.68557389,41928863.62562861,49507811.18986781,3726712.1694564223,3163606.2891503973,4545481.074108108,13382657.745904505,13346457.27097856,13416378.428989917,66376262.930035084,60711144.191266775,71685125.80209531,8055295.082967113,6838140.7059816215,9825065.548682816,176625239.51415896,176147463.15047106,177070287.41418073,74431558.01300229,67614130.61149786,80785544.06672138,177644604.2300746,177456873.34430188,177854143.35484695,1.015112024171855,1.0140392762531536,1.0163093905991256,916492.6160710745,399927.88632374693,1736635.273502786,0.061355310349743064,0.059269130089793814,0.06360738629547494,0.08281249999999998,0.07552678571428571,0.09249305555555556,0.08804501488095239,0.08077380952380953,0.0975922619047619,0.0,0.0,0.0,0.4005488890264458,0.3839128316566178,0.4200569372912567,12747290.980679974,10260511.713507729,15746967.724571768,0.03507750496031746,0.02489186507936508,0.04941170634920635,238003.3417058838,220143.7106662835,254338.24843797358,420943.9174000815,357339.3285859114,513426.45280869235,658947.2591059653,576708.6889173192,773396.7152762357,49474.85700676721,49341.02609256893,49599.52028408424,121.09049057009094,120.7629373029537,121.3956059017902,0.00016038188579865006,6.998493905762449e-05,0.0003039124196695345,0.00021016351403797774,9.59281513525224e-05,0.0003837715170052084,1.233442141972453,1.06660052644009,1.4580595384028825
shared_fee_8131_8279,full_multiscale_60d,3.5,5.5,6775042.0,550000000.0,643782271.4932127,550000000.0,execution,fully_optimized,"Floor- and state-growth-adjusted: derived F, matched CPSB",True,True,375000000.0,187500000.0,64,64,3825.0,2.161501805529043,14.14078814866312,True,0.5,32,7200,50400,8,1.4479558695732846,1530.0,5.656315259465248,0.11295316038895495,473789.064336578,False,state,71328423.6870288,187499999.99999493,63913672.78596637,7414750.901062434,2.528437140860065,49019.60784313593,119.97626108281428,46245042.69880121,42293186.146583945,49954404.904899284,3790162.173043985,3216321.052908193,4627396.471365557,13398518.5733007,13369847.477448316,13428331.435175778,66960781.0143965,61238667.12390178,72331773.79309,8192442.3802824505,6952083.763022114,10002125.82775535,189465612.65095615,189060180.75852042,189887190.0148358,75153223.39467901,68256721.84749934,81594642.7434809,190342941.83551812,190140468.95959342,190567704.50755912,1.0151623564560965,1.0140825011178316,1.016361090706982,851801.6950795329,372185.3956867203,1614421.8381647083,0.06145781292819405,0.05936582649302418,0.06370736586068726,0.08334015376984127,0.07591071428571429,0.09296031746031745,0.08862413194444443,0.08127380952380953,0.09815079365079366,0.0,0.0,0.0,0.4013272451931158,0.3846355511839265,0.4208786297671506,13755812.108359938,11055247.377323184,16971750.453770094,0.029001116071428572,0.020552579365079364,0.04052777777777778,239829.27848252447,221793.13116180364,256380.71078894942,428110.7958319872,363293.6277515116,522679.05581343797,667940.0743145116,584314.3048060581,784769.2352023234,49533.493503517944,49427.49823752168,49643.70980780021,121.23400431801116,120.97457923759424,121.50376045601344,0.000159708496665265,6.978233353377263e-05,0.0003027053232748421,0.00020649274473235734,9.417281204721629e-05,0.00037658761037527507,1.2353924445807585,1.067681782198006,1.460531233662491
shared_fee_8131_8279,full_multiscale_60d,3.5,5.5,6775042.0,550000000.0,643782271.4932127,550000000.0,execution,fully_optimized,"Floor- and state-growth-adjusted: derived F, matched CPSB",True,True,400000000.0,200000000.0,64,64,4080.0,2.161501805529043,15.083507358573994,True,0.5,32,7200,50400,8,1.4479558695732846,1530.0,5.656315259465248,0.11295316038895495,444177.2478155956,False,state,71940784.88356473,199999999.99998647,64415404.01753994,7525380.866024785,2.5284371408599626,49019.60784313394,119.97626108280942,46622153.86652689,42634420.604368776,50369323.171016894,3849701.478376771,3266048.9826049022,4703443.966074512,13410414.471507587,13384544.151551712,13437311.079414029,67506821.34318647,61732759.55995224,72932557.1319081,8321136.6962592285,7059570.772846773,10166502.624874784,202276085.36249393,201885870.20107207,202681780.54577053,75827958.03944573,68859239.72169346,82346269.18640427,203040650.819862,202823552.4409966,203281167.77430958,1.0152032540993101,1.014117762204983,1.016405838871548,795955.2737333064,348187.4215160777,1508806.4977454473,0.06154085648799744,0.05944458497904469,0.06378811635913076,0.08375372023809524,0.07615674603174603,0.09324404761904762,0.08906808035714285,0.08164583333333333,0.09853373015873015,0.0,0.0,0.0,0.40201600760556194,0.38530351086227,0.42156486054538495,14754430.632427925,11842427.614966867,18182989.634720888,0.024459325396825396,0.017237103174603176,0.03425099206349206,241527.69221692247,223332.569645785,258265.99177195498,434835.94853668835,368910.55457035464,531268.8606804769,676363.6407536109,591469.7710290145,795306.4752994976,49577.47190257204,49481.83093163531,49676.906996512385,121.34164214130429,121.10755936087817,121.58501109744844,0.00015918673856884537,6.963507023573405e-05,0.00030176251803537595,0.0002033480970553561,9.265897279439692e-05,0.0003704744732222362,1.2368040495374735,1.068437201581849,1.462311989943572
shared_fee_8131_8279,full_multiscale_60d,3.5,5.5,6775042.0,550000000.0,643782271.4932127,550000000.0,execution,fully_optimized,"Floor- and state-growth-adjusted: derived F, matched CPSB",True,True,425000000.0,212500000.0,64,64,4335.0,2.161501805529043,16.02622656848487,True,0.5,32,7200,50400,8,1.4479558695732846,1530.0,5.656315259465248,0.11295316038895495,418049.17441461334,False,state,72521099.91512787,212499999.99999672,64890295.112177975,7630804.802949905,2.528437140860094,49019.6078431365,119.97626108281568,46976611.693066865,42955745.82757974,50757750.941094875,3905919.4144505085,3313277.6675562654,4774662.96946728,13419533.95832016,13395967.632941542,13443883.525314713,68020060.63364121,62198024.30294247,73494983.40149736,8442651.866585694,7161655.660641983,10320442.62929613,215064491.6594966,214686812.38959214,215454723.33699414,76462712.50022672,69427201.84536251,83050071.81321962,215737815.80903023,215506196.2960427,215994182.94606474,1.0152367802777893,1.0141468060990244,1.016443213863834,747192.4745274038,327184.5667474817,1416452.5797617682,0.06160926789915284,0.05950902476504531,0.06385488654324517,0.08408420138888888,0.0763531746031746,0.09347718253968254,0.08941220238095238,0.08185813492063491,0.09878174603174604,0.0,0.0,0.0,0.4026088110486718,0.38588304849659366,0.422145376755693,15745314.066947805,12623263.066967739,19399455.987463098,0.020908358134920632,0.014634920634920636,0.029073412698412696,243118.92665988614,224777.16498821325,260022.28267067557,441185.9420867613,374245.1837966254,539313.2721934416,684304.8687466474,598235.7464358343,805162.2433870914,49611.18608062205,49524.06283496935,49701.204922028635,121.42415812227387,121.21092260843092,121.64448065226082,0.00015877408303043602,6.952431745629763e-05,0.00030099737386557533,0.0002006172785560644,9.133642819920401e-05,0.0003651939570163553,1.2378382719293526,1.0689914273236942,1.4636176763780369
shared_fee_8131_8279,full_multiscale_60d,3.5,5.5,6775042.0,550000000.0,643782271.4932127,550000000.0,execution,fully_optimized,"Floor- and state-growth-adjusted: derived F, matched CPSB",True,True,433602688.0,216801344.0,64,64,4422.7474176,2.161501805529043,16.350623337863656,True,0.5,32,7200,50400,8,1.4479558695732846,1530.0,5.656315259465248,0.11295316038895495,409755.0685067893,False,state,72714015.57298979,216801344.00001404,65048039.09721432,7665976.475775467,2.5284371408602975,49019.60784314043,119.9762610828253,47093903.06874461,43062191.548320405,50886051.36854557,3924584.818616966,3328975.9884787593,4798234.761234832,13422177.804104906,13399389.350885907,13445527.755145565,68189893.3695041,62352153.00907983,73680756.75849341,8482997.171392452,7195587.609659687,10371393.099761331,219460973.64873394,219088368.23369804,219842759.9031563,76672890.5408965,69615485.2632465,83282638.21965638,220106893.759323,219870284.7811192,220368710.47246155,1.0152469062153184,1.0141555431553007,1.0164545403946461,731802.7902176398,320547.8992684528,1387283.2455907415,0.06162999899299293,0.05952870802582578,0.06387499976745108,0.08418588789682539,0.07641269841269842,0.09356249999999999,0.08951450892857143,0.08189980158730159,0.09887400793650794,0.0,0.0,0.0,0.4027914440569722,0.38606543082247496,0.422321386468848,16084853.684125882,12890710.063552495,19815894.470834143,0.01990141369047619,0.013913690476190475,0.02758531746031746,243644.54445219273,225254.71500814694,260600.95778315308,443294.25847729977,376018.35875762114,541975.7805696169,686938.8029294924,600482.2993398947,808420.7714288854,49620.96021477625,49536.712714330446,49707.28353789957,121.44808046932516,121.24188338710033,121.65935816019781,0.00015865150875818092,6.949281195674382e-05,0.00030076606445745424,0.00019975764866917795,9.091898954123853e-05,0.00036353632280092333,1.2381284258865588,1.0691414320743744,1.4639776814943228
shared_fee_8131_8279,full_multiscale_60d,3.5,5.5,6775042.0,550000000.0,643782271.4932127,550000000.0,execution,fully_optimized,"Floor- and state-growth-adjusted: derived F, matched CPSB",True,True,450000000.0,225000000.0,67,67,4590.0,2.2871073920400034,16.968945778395742,True,0.5,32,7200,50400,8,1.4479558695732846,1530.0,5.656315259465248,0.11295316038895495,394824.2202804984,False,state,73416722.35719962,224999999.9999907,65341240.410287745,8075481.946911876,2.5284371408600292,49019.60784313523,119.97626108281257,47310610.572387606,43259247.67874199,51122065.840628065,3908047.250230001,3314805.0279633063,4778641.005396575,13425981.6595729,13404298.221632376,13447905.844401632,68503676.27138458,62637481.58975867,74022495.29864934,8938123.754442636,7581315.0826262925,10929265.167347966,227824754.80300802,227456809.7203072,228196785.1066026,77441800.0258272,70290060.87566763,84140851.68170488,228434051.71955734,228187995.5413417,228706210.0473674,1.0152624520869216,1.0141688690726296,1.0164720446549662,704313.9927976915,308660.3039438112,1335154.875896665,0.061661577107640614,0.059558582856501834,0.06390585162458103,0.08433407738095239,0.07654662698412698,0.09361309523809523,0.08964347718253968,0.08196329365079365,0.09903472222222222,0.0,0.0,0.0,0.40307107071947407,0.38634442500142363,0.42258869508730057,16725123.316931557,13397033.388257042,20599478.014504693,0.01847160218253968,0.012876984126984127,0.025945436507936508,244612.98928583518,226135.7946508256,261660.5928562414,441426.28786284366,374417.7039816536,539762.6039237962,686039.2771486789,599755.6098036002,807293.8619711591,49635.02283289935,49554.860505513556,49716.07518662366,121.48249894833145,121.28630039141478,121.68087585870826,0.000158466329311717,6.944616668487811e-05,0.00030041103516654415,0.00019841036304876563,9.027742830664048e-05,0.00036090600447990964,1.2385210299222347,1.069342353775864,1.4644652847976989
shared_fee_8131_8279,full_multiscale_60d,3.5,5.5,6775042.0,550000000.0,643782271.4932127,550000000.0,execution,fully_optimized,"Floor- and state-growth-adjusted: derived F, matched CPSB",True,True,475000000.0,237500000.0,71,71,4845.0,2.4791563099864544,17.911664988306615,True,0.5,32,7200,50400,8,1.4479558695732846,1530.0,5.656315259465248,0.11295316038895495,374043.998160432,False,state,74471067.60883178,237499999.99999875,65770681.85054311,8700385.758288661,2.5284371408601203,49019.607843137,119.97626108281689,47627239.27899951,43547312.890965044,51466500.97755282,3885396.53956951,3295416.4054137077,4751741.791061314,13430869.780584786,13410636.425622959,13450864.681237753,68962140.66559854,63054587.30461745,74521222.17684582,9632505.347873304,8169852.37551426,11780310.644736068,240569240.01138434,240206826.93571898,240927381.97335312,78594646.01347196,71301058.97393899,85427446.80881673,241129852.49285877,240869386.8314113,241417731.17475945,1.0152835894436159,1.0141868919217318,1.0164957102095133,666228.9283368745,292163.570750109,1262939.8127049245,0.06170377562752506,0.059598461553509924,0.06394680427412687,0.08451822916666667,0.07661904761904761,0.09383928571428572,0.08984126984126985,0.08208234126984126,0.09916666666666667,0.0,0.0,0.0,0.40344523997320314,0.38672307481828766,0.4229505784638195,17698516.499311406,14166954.963855905,21789432.05552628,0.01660900297619048,0.011435515873015873,0.023520833333333335,246026.32601288508,227422.17755895926,263204.4295759159,438867.81850868545,372227.69778908795,536724.2526526487,684894.1445215705,598842.1261714946,805838.0587844491,49653.09391359842,49578.29245319277,49727.013823189496,121.52672820252985,121.34365045185258,121.70764834372514,0.00015822506439592152,6.93864687609086e-05,0.0002999494049431543,0.0001965472211633991,8.938629770778005e-05,0.0003572843984776097,1.2390123836202267,1.0695798511770995,1.465082729829701
shared_fee_8131_8279,full_multiscale_60d,3.5,5.5,6775042.0,550000000.0,643782271.4932127,550000000.0,execution,fully_optimized,"Floor- and state-growth-adjusted: derived F, matched CPSB",True,True,500000000.0,250000000.0,74,74,5100.0,2.633485991067783,18.854384198217492,True,0.5,32,7200,50400,8,1.4479558695732846,1530.0,5.656315259465248,0.11295316038895495,355341.79825234425,False,state,75403419.25782622,250000000.00001428,66180699.361574434,9222719.896251788,2.528437140860278,49019.60784314005,119.97626108282438,47928999.32734927,43821943.45939143,51794536.12205647,3878249.991050286,3289204.662066458,4743793.194486116,13435044.733770508,13416111.875445042,13454371.227934513,69399075.89880942,63452240.248134784,74996202.58975777,10213317.021289662,8662074.399306947,12492712.922201782,253309495.13072526,252952527.7458872,253673884.2768953,79612392.9200989,72195329.74984282,86561696.69144453,253825477.7817989,253550493.26024285,254129089.07034427,1.015301911127196,1.0142019730409715,1.016516356281377,632089.5812217991,277353.11848329665,1198240.8793675005,0.06174135932108214,0.05963365919060871,0.06398293230353572,0.08468998015873017,0.07670734126984127,0.09395535714285715,0.09000744047619047,0.08219246031746032,0.09926984126984127,0.0,0.0,0.0,0.4037739047510595,0.3870361737627663,0.4232780473008149,18670558.573817227,14935449.783801826,22977248.589786228,0.015030381944444445,0.010052579365079365,0.021601190476190475,247372.10275080957,228647.49239251684,264672.9275336408,438060.59326756606,371526.06174649094,535826.4335488232,685432.6960183757,599356.9569005818,806445.8199589892,49668.52845700494,49598.53485213474,49739.97730919516,121.56450449024234,121.39319404159681,121.73937667958893,0.00015801808392881426,6.933590546796593e-05,0.00029956140840760385,0.00019483057235671156,8.855562061781325e-05,0.0003539822483511377,1.2394252353478352,1.0697849477839732,1.4655967377221495
shared_fee_8131_8279,full_multiscale_60d,3.5,5.5,6775042.0,550000000.0,643782271.4932127,550000000.0,execution,fully_optimized,"Floor- and state-growth-adjusted: derived F, matched CPSB",True,True,525000000.0,262500000.0,78,78,5355.0,2.8527721305450795,19.797103408128365,True,0.5,32,7200,50400,8,1.4479558695732846,1530.0,5.656315259465248,0.11295316038895495,338420.7602404324,False,state,76492503.10218303,262499999.9999878,66573079.644873574,9919423.457309457,2.5284371408600164,49019.60784313498,119.97626108281196,48216907.81767727,44084188.764824495,52106924.97791141,3851281.960372707,3266245.46500523,4711201.32560588,13438281.960922692,13420368.226104839,13457052.283438655,69815954.6872797,63831959.877403915,75448527.86718169,10986829.84342229,9317854.03408624,13439983.84307549,266039057.60794848,265684417.54733345,266410655.62379682,80802784.53070179,73236772.62615229,87891061.52708913,266520720.34118044,266231270.54177365,266840111.99731487,1.0153170298711638,1.0142143639686616,1.0165337599897708,601359.3156503178,263995.3213635466,1140004.2090333789,0.061772244822247364,0.05966274246321757,0.06401243383661911,0.08481274801587302,0.07682936507936508,0.09401488095238095,0.09014012896825396,0.08229861111111111,0.09939087301587302,0.0,0.0,0.0,0.4040376209674731,0.38723213955965313,0.42354148635749794,19638093.408222497,15701365.782144474,24159154.171858817,0.013807663690476191,0.00911011904761905,0.019913690476190477,248654.25429789606,229815.51364662146,266068.1824900084,435014.46897306724,368932.74787843245,532145.0789558181,683668.7232709632,597923.7175006119,804193.0040863839,49680.49628533117,49614.27031696236,49749.889005377554,121.59379593827794,121.43170683921974,121.76363571186756,0.000157852506535132,6.929640179119565e-05,0.00029925228843316723,0.00019336580461674376,8.785033360902824e-05,0.00035115540043119945,1.239725676694178,1.0699374584814973,1.465969633591486
shared_fee_8131_8279,full_multiscale_60d,3.5,5.5,6775042.0,550000000.0,643782271.4932127,550000000.0,execution,fully_optimized,"Floor- and state-growth-adjusted: derived F, matched CPSB",True,True,550000000.0,275000000.0,82,82,5610.0,3.0874605142255307,20.73982261803924,True,0.5,32,7200,50400,8,1.4479558695732846,1530.0,5.656315259465248,0.11295316038895495,323037.9984111931,False,state,77604972.67226711,275000000.00002396,66949369.283919476,10655603.388347628,2.5284371408603534,49019.60784314152,119.97626108282797,48492523.43394486,44335329.73984353,52405688.16229741,3823186.806216768,3242356.3955012765,4677078.0419457285,13440955.804081852,13423905.952331586,13459262.276026277,70215033.93660058,64195600.92627376,75881123.77362607,11803938.302702278,10010647.344156872,14440293.776458671,278763039.19353783,278409428.2925756,279142712.17442447,82018972.23930289,74299483.96876854,89249869.1493386,279215781.6559571,278911892.8110233,279550914.3649957,1.015330115112571,1.0142250647673574,1.0165487795090755,573518.6078537854,251879.5391214964,1087237.6765498968,0.06179880163000466,0.059687791098404115,0.06403772431302485,0.08491567460317462,0.07693650793650794,0.09410714285714286,0.09024429563492063,0.08238492063492063,0.09945436507936507,0.0,0.0,0.0,0.4042587361840235,0.3873968126706064,0.4237610945285641,20603303.904057845,16465922.194888348,25338424.10445484,0.01273499503968254,0.008284722222222223,0.01850595238095238,249880.61476913263,230932.79400117084,267400.9198865405,431841.032519539,366234.40197920956,528290.7462235552,681721.6472886716,596335.4733950935,801702.635678919,49690.38131792118,49627.349071760356,49758.05921112736,121.61798971099488,121.4637172972655,121.78363241892559,0.00015771330491418589,6.926451122398045e-05,0.00029899154618622783,0.00019205610648378345,8.721897912617607e-05,0.00034863700007202534,1.2399645139348026,1.0700621248785664,1.4662708836326381
shared_fee_8131_8279,full_multiscale_60d,4.0,5.0,7930799.0,500000000.0,753605334.841629,500000000.0,execution,fully_optimized,"Floor- and state-growth-adjusted: derived F, matched CPSB",True,True,50000000.0,25000000.0,40,40,510.0,1.5887467517058966,1.8854384198217493,True,0.5,32,7200,50400,8,1.4479558695732846,1530.0,5.656315259465248,0.11295316038895495,1495122567.2146773,False,regular,24999999.99999956,3305572.28824763,24079297.73687559,920702.263123971,0.3343172698161331,6481.514290681627,15.863608155316967,16785587.185780264,16676734.368104044,16870642.10807968,580759.2001742837,511075.72190601303,690157.2960513015,1842167.786016746,1494043.1072237762,2304858.550207267,24304789.489884656,24147175.413610782,24427945.263864107,922679.2928002089,811969.8930539315,1096485.16226763,3473293.919513944,2816926.27522953,4345668.8628154835,25227468.78268487,25150447.035666976,25265899.21465358,25260653.87924298,25240398.429876707,25288692.045852717,1.0104261551697191,1.0096159371950684,1.0115476818341087,2790126255.280221,1314720732.8765578,6467352591.825875,0.05082529728361205,0.04875838181903925,0.052970580085638,0.027348710317460317,0.021439484126984126,0.0339156746031746,0.03316840277777777,0.02645535714285714,0.04098809523809523,0.0,0.0,0.0,0.31717620003351343,0.3003318179093851,0.33386794205254194,99058.00482673723,68704.85105976765,130238.60222742966,0.996352306547619,0.9915089285714286,0.9994335317460318,79253.87307668888,78141.85080300429,80495.62626615034,65598.58708464706,57727.61798735082,77955.44775449013,144852.46016133594,137383.95710633614,156073.93868107168,6810.380234341067,5523.384853391235,8520.91933885389,16.668512724198703,13.518571289919471,20.85508408258485,0.06975335342565372,0.032865577464027615,0.1616818306343116,0.07706851668646307,0.036957916235035325,0.17575692101957163,1.0893468714853545,0.8347604398354044,1.4581425363467662
shared_fee_8131_8279,full_multiscale_60d,4.0,5.0,7930799.0,500000000.0,753605334.841629,500000000.0,execution,fully_optimized,"Floor- and state-growth-adjusted: derived F, matched CPSB",True,True,75000000.0,37500000.0,40,40,765.0,1.5887467517058966,2.828157629732624,True,0.5,32,7200,50400,8,1.4479558695732846,1530.0,5.656315259465248,0.11295316038895495,59701321.94696217,False,regular,37500000.000000075,12727502.086399864,35572094.90579661,1927905.094203467,0.8581517062834202,16637.25762928087,40.71994968666707,24565575.512475304,24228479.330186892,24833735.734740697,1191428.5438715415,1060456.9361991314,1422388.5881943868,4450266.124402418,3657695.457224498,5469821.663456572,35569869.25273433,35081768.8569794,35958153.42054953,1892878.228965597,1684797.5127103443,2259815.2491573365,12586054.094069343,10344539.31458791,15469517.870781343,37462747.48169993,37055611.72672183,37722739.094623074,37895887.78648057,37863701.25509422,37940961.75321091,1.0105570076394819,1.009698700135846,1.0117589800856244,116558801.05102178,54813109.21469209,261765008.1594638,0.05115919809382531,0.04903214026767186,0.05345681152588271,0.028511904761904763,0.02264285714285714,0.03477876984126984,0.03438802083333333,0.027775793650793648,0.0418968253968254,0.0,0.0,0.0,0.31950984931045023,0.303316908198984,0.3374449156518919,192088.26588815294,118341.57005827059,297133.7668127302,0.9675378224206349,0.9390208333333333,0.9842400793650794,120576.67374729304,118642.6252029408,122488.20411404927,134575.6194079013,119781.96240008026,160663.28633773976,255152.29315519432,240594.27186199286,279745.68875331245,16452.358292901103,13522.273613840403,20221.59198794947,40.26740565313408,33.09597732235918,49.49266439707131,0.004370965476711446,0.00205531687957187,0.009816134409592418,0.005543642811129476,0.0026997818668483644,0.012022823605627325,1.0456093132858433,0.8017796985551955,1.402063306310151
shared_fee_8131_8279,full_multiscale_60d,4.0,5.0,7930799.0,500000000.0,753605334.841629,500000000.0,execution,fully_optimized,"Floor- and state-growth-adjusted: derived F, matched CPSB",True,True,100000000.0,50000000.0,40,40,1020.0,1.5887467517058966,3.7708768396434986,True,0.5,32,7200,50400,8,1.4479558695732846,1530.0,5.656315259465248,0.11295316038895495,6244364.927759717,False,regular,50000000.00000078,32822913.71540736,46763423.50596405,3236576.494036737,1.659813482185669,32179.327171968,78.75940930837012,31242822.5295078,30389071.061726008,31900214.901360337,1879973.274599548,1682260.0072168973,2262378.6084859883,7516701.446601255,6433007.823297623,8732764.85506282,45238228.263637364,44002033.81470561,46190103.40707357,2986801.4333139323,2672685.1219905936,3594346.6653609984,28344555.395503227,24258080.210118398,32930180.73800818,48225029.6969512,46886544.072538584,49245178.57220594,50547997.44315736,50502123.72528315,50606655.46419483,1.010959948863147,1.010042474505663,1.0121331092838965,16012205.853793144,7805781.502536142,33038617.80973469,0.05218620562312756,0.04996692495321355,0.05470391609612309,0.032257564484126984,0.025813492063492063,0.04052579365079365,0.038410838293650794,0.03166369047619048,0.047968253968253965,0.0,0.0,0.0,0.32778874071192915,0.3101164422974268,0.3477119922466673,621048.9434342426,329060.18008055293,1009043.7524564101,0.8768756200396826,0.8121994047619048,0.9257777777777778,158188.1589854958,155797.23119857116,161127.5427974584,212348.9228127916,190016.58441109472,255542.81382485855,370537.0817982874,349430.9446821591,413190.8096313107,27788.77979951297,23782.431578547446,32284.490919615862,68.0134755681456,58.207875293141875,79.01679923455275,0.0008006073967651911,0.00039026758186211266,0.0016519267301898786,0.001172414959089978,0.0005885974161300094,0.0023346326234825175,1.0468454490937065,0.770437745584573,1.5188672680823219
shared_fee_8131_8279,full_multiscale_60d,4.0,5.0,7930799.0,500000000.0,753605334.841629,500000000.0,execution,fully_optimized,"Floor- and state-growth-adjusted: derived F, matched CPSB",True,True,125000000.0,62500000.0,40,40,1275.0,1.5887467517058966,4.713596049554373,True,0.5,32,7200,50400,8,1.4479558695732846,1530.0,5.656315259465248,0.11295316038895495,1421367.1930095186,False,state,60493730.18107627,62500000.00000148,55948154.265304595,4545575.915771676,2.5284371408601936,49019.607843138416,119.97626108282037,36120831.67862791,34307888.822747655,37596640.79922694,2486503.8764363714,2201444.913105167,3016071.939487009,10066136.52959169,9010543.486684177,11037041.658013117,52301370.24293779,49676308.9935651,54438276.72147937,3950424.956792405,3497538.454755285,4791774.496771314,47447701.38015711,42472062.18317106,52024155.95797589,56251795.19973031,53332982.13709678,58438259.171479546,63243612.50313462,63188371.33345438,63316127.98627033,1.011897800050154,1.0110139413352701,1.0130580477803253,5300160.059715424,2567500.193682222,10692599.810397064,0.054422156977512674,0.052331600925524704,0.057042473534038275,0.040211433531746034,0.03250694444444444,0.049534722222222216,0.04605654761904762,0.03853373015873016,0.05496031746031746,0.0,0.0,0.0,0.34690575473966606,0.32973637978330844,0.37064185674159356,1652334.7866637367,1050248.9458584806,2438372.880930286,0.7168607390873016,0.6121755952380953,0.8045248015873016,186428.94431554968,180215.1868780842,191268.516671242,280858.47116287565,248660.1603574169,340674.8575255025,467287.41547842533,435246.9334719414,527608.9777885121,37213.883435417345,33311.42132013417,40803.25957488305,91.08156493704466,81.53022753942068,99.86661948523731,0.00033125534911759526,0.0001604570549596565,0.0006682902245052266,0.0005186284782050373,0.00026221544572108693,0.0010270418840947983,1.1622499603270402,0.8488612517751292,1.5945532239384106
shared_fee_8131_8279,full_multiscale_60d,4.0,5.0,7930799.0,500000000.0,753605334.841629,500000000.0,execution,fully_optimized,"Floor- and state-growth-adjusted: derived F, matched CPSB",True,True,150000000.0,75000000.0,40,40,1530.0,1.5887467517058966,5.656315259465248,True,0.5,32,7200,50400,8,1.4479558695732846,1530.0,5.656315259465248,0.11295316038895495,1184472.6608413283,False,state,61937595.20186268,75000000.00000046,57197805.08629793,4739790.115564752,2.528437140860149,49019.60784313756,119.97626108281827,39222582.557115264,36591873.494561225,41543629.3366502,2927361.8243098985,2575965.807601916,3550667.6987891244,11679125.941473417,10898649.458524527,12273248.397138482,56792568.63339778,52983418.005133085,60153341.94138001,4650836.5894402005,4092557.3093329733,5641111.772838234,66060818.27996893,61646197.239811055,69421362.19193693,61443405.22283795,57146353.5329639,64853954.7938563,75971188.07228805,75899310.78665815,76063874.74928091,1.012949174297174,1.0119908104887754,1.0141849966570788,3004050.054196685,1399624.8606242149,5698411.567448127,0.0567873632807077,0.054798629006318586,0.05936159341129574,0.05229724702380953,0.042962301587301584,0.06327480158730159,0.057171378968253965,0.0477172619047619,0.06801289682539682,0.0,0.0,0.0,0.3669997535861659,0.35002882804297875,0.39042571240900686,3162324.741317883,2268297.76306579,4291948.59765222,0.5140804811507936,0.40011111111111114,0.6237628968253968,204335.40739129158,193677.85784974645,213309.25640715266,330654.7696577798,290963.4790225231,401059.1380692096,534990.1770490713,487699.9128969621,605922.9227224638,43177.005411744394,40291.63218288304,45373.43934113524,105.67639975069488,98.61440339741915,111.05220633419549,0.00022529909690619684,0.0001049694902539798,0.00042737911578337077,0.0003515220624289926,0.00017148283515552602,0.000642286607304498,1.0692317594310135,0.8822451196248502,1.331965608620116
shared_fee_8131_8279,full_multiscale_60d,4.0,5.0,7930799.0,500000000.0,753605334.841629,500000000.0,execution,fully_optimized,"Floor- and state-growth-adjusted: derived F, matched CPSB",True,True,175000000.0,87500000.0,40,40,1785.0,1.5887467517058966,6.5990344693761225,True,0.5,32,7200,50400,8,1.4479558695732846,1530.0,5.656315259465248,0.11295316038895495,1015262.2807211468,False,state,63186576.6606963,87500000.00000028,58276121.01656001,4910455.644136288,2.5284371408601416,49019.60784313741,119.97626108281791,41084389.3771691,37937649.11761908,43949348.814359635,3216274.008502528,2788403.3554677106,3882177.071501333,12515659.84774585,12029692.409404479,12837052.41104351,59488382.74650628,54932041.71766861,63636717.57967517,5109844.883604488,4430066.773445111,6167796.211894814,82591270.74225609,79384354.8656472,84712151.3456574,64598227.630110696,59411232.53141562,68862971.99783564,88700693.93145618,88618957.60816446,88809205.00411183,1.0137222163594992,1.0127880869504509,1.014962342904135,2188034.5999595746,964909.5584696057,4220498.591608836,0.05846558078806451,0.05659180012190486,0.06093287035582801,0.06365451388888889,0.05591666666666666,0.07431150793650793,0.06837301587301588,0.060649801587301586,0.07906448412698412,0.0,0.0,0.0,0.38087804992660634,0.36458075429297476,0.40245773086593667,4733492.359969452,3648450.2695117365,6037112.331952549,0.33313554067460316,0.24597420634920636,0.44121031746031747,214733.73947448866,201073.13972394427,226838.84941342517,363288.3139372131,314958.9714392445,438504.1694156135,578022.0534117017,516648.72217350657,654472.4357593465,46269.61946344879,44473.02793593681,47457.787868715626,113.24562127696669,108.848435260022,116.15368213409994,0.00019144843903880774,8.442643828228553e-05,0.0003692907743235581,0.00029080181790064184,0.0001357424845986896,0.0005411728754871546,1.1254002307633746,0.9864626394265755,1.362011039935443
shared_fee_8131_8279,full_multiscale_60d,4.0,5.0,7930799.0,500000000.0,753605334.841629,500000000.0,execution,fully_optimized,"Floor- and state-growth-adjusted: derived F, matched CPSB",True,True,200000000.0,100000000.0,40,40,2040.0,1.5887467517058966,7.541753679286997,True,0.5,32,7200,50400,8,1.4479558695732846,1530.0,5.656315259465248,0.11295316038895495,888354.4956312402,False,state,64289871.04190508,99999999.9999914,59226618.930732764,5063252.111172316,2.528437140859916,49019.60784313304,119.97626108280721,42279298.696041726,38848543.80095977,45423504.8564962,3410144.6717855353,2930429.736526905,4117224.014568895,12921048.119084641,12632988.425105741,13104575.28660564,61218558.70837579,56250977.02097514,65771230.47355496,5417856.27014644,4655710.72500947,6541226.279191887,97447362.19234374,95274886.93542436,98831478.88324383,66636414.978522174,60948176.87552157,71579393.69607098,101422119.78961825,101327522.49140735,101545846.73566501,1.0142211978961826,1.0132752249140735,1.0154584673566502,1774180.3391737666,771284.7235124159,3399640.823237595,0.05952122492090392,0.05766031040068808,0.061886668344534455,0.07117125496031745,0.06366964285714286,0.08109722222222222,0.07598462301587301,0.06831746031746032,0.08653075396825397,0.0,0.0,0.0,0.3889893684102662,0.37350600585678756,0.40932197079991195,6151780.520441156,4907396.393792867,7685409.08784406,0.2102486359126984,0.15415079365079365,0.29333035714285716,221064.95170573005,205739.12191153257,234790.95301454447,385186.6180617317,331001.3000384865,465053.46447485744,606251.5697674619,536180.0536038156,697015.2448169427,47768.314800168504,46703.375948737434,48446.803374139134,116.91370168220514,114.30724709600393,118.5743131369703,0.00017741356868744278,7.712566929088972e-05,0.00033996092199386823,0.000261680913324346,0.00012039818660630859,0.0004871794027889796,1.1727301847401546,1.0269272369792204,1.4014479344000859
shared_fee_8131_8279,full_multiscale_60d,4.0,5.0,7930799.0,500000000.0,753605334.841629,500000000.0,execution,fully_optimized,"Floor- and state-growth-adjusted: derived F, matched CPSB",True,True,225000000.0,112500000.0,40,40,2295.0,1.5887467517058966,8.484472889197871,True,0.5,32,7200,50400,8,1.4479558695732846,1530.0,5.656315259465248,0.11295316038895495,789648.4405610375,False,state,65279847.241121516,112499999.99999341,60077877.415590666,5201969.8255308485,2.5284371408599857,49019.607843134385,119.9762610828105,43143847.37117395,39552802.9856624,46443319.384839505,3552665.5937517574,3036833.0514505785,4305011.585836081,13124439.612921098,12948430.983074903,13241460.457644131,62470387.03706531,57270713.24116585,67247876.90574475,5644285.921970397,4824758.645965228,6839573.173053253,111353952.08173451,109860611.63353948,112346812.26625796,68114672.95903555,62137085.083235264,73479227.40399045,114135604.79193525,114023832.51053213,114273500.79500282,1.0145387092616467,1.0135451778713966,1.0157644515111361,1514377.2241370156,656368.0620929659,2874744.878087836,0.0601818911711066,0.0582347079684116,0.06246979671051455,0.07575024801587302,0.06790476190476191,0.08487103174603174,0.08065290178571428,0.07262400793650793,0.09047123015873017,0.0,0.0,0.0,0.3935309327628572,0.3777317360919782,0.4130924192919115,7415959.816378041,5986341.127582503,9194248.507579215,0.13646205357142857,0.09797420634920635,0.19489781746031745,225412.23944791086,209168.16337482215,240016.8327713241,401284.8066193642,343019.8907349767,486264.66413125215,626697.0460672751,551352.3811206156,727454.7126922337,48520.24055848998,47869.547552740514,48952.859375275795,118.75405180054872,117.16147043612048,119.81289315803423,0.00017036303669856095,7.383874130136766e-05,0.00032340550243774416,0.0002445676389649,0.00011191806367820379,0.00045354091053691924,1.199685910050925,1.0489595669977347,1.427265532222265
shared_fee_8131_8279,full_multiscale_60d,4.0,5.0,7930799.0,500000000.0,753605334.841629,500000000.0,execution,fully_optimized,"Floor- and state-growth-adjusted: derived F, matched CPSB",True,True,250000000.0,125000000.0,40,40,2550.0,1.5887467517058966,9.427192099108746,True,0.5,32,7200,50400,8,1.4479558695732846,1530.0,5.656315259465248,0.11295316038895495,710683.5965047226,False,state,66178990.63436253,125000000.00000511,60849716.328567326,5329274.3057952095,2.528437140860237,49019.60784313926,119.97626108282243,43835233.683210865,40142492.60896995,47233947.089729905,3667058.797116993,3124317.5730772438,4453621.72377015,13235059.778214192,13122222.649501545,13315165.419479493,63471483.90572165,58124557.79246063,68392670.93168838,5826027.752234148,4963749.395524163,7075677.04696667,124769450.97240199,123705713.6841181,125524622.24083173,69297511.65795566,63133204.07464266,74928925.49238853,126843415.77086593,126715321.5546963,126995463.47483137,1.0147473261669275,1.0137225724375705,1.015963707798651,1330662.2004435207,577037.5308625908,2511302.804208225,0.06061106923858673,0.0586073626283817,0.0628615777464557,0.07852554563492063,0.07149107142857143,0.08781349206349207,0.08353980654761906,0.07600099206349206,0.09337599206349206,0.0,0.0,0.0,0.39616732767938934,0.38041081575108254,0.415363171579986,8577440.56831388,6938682.985599193,10639424.988906678,0.09355344742063493,0.06649801587301588,0.13492757936507938,228753.85173053265,211954.6193635085,243880.38641149804,414205.88046648394,352901.54393782443,503050.6488767438,642959.7321970167,564046.8885840093,750443.5934752069,48929.19645976549,48512.044582007096,49225.34205522813,119.75497780019762,118.73399201921622,120.47979880230457,0.00016632841848120635,7.21271186519824e-05,0.00031391412746317694,0.00023309468412421004,0.00010648375305877687,0.000430527635823835,1.21459643238292,1.0565318600578406,1.441645879830247
shared_fee_8131_8279,full_multiscale_60d,4.0,5.0,7930799.0,500000000.0,753605334.841629,500000000.0,execution,fully_optimized,"Floor- and state-growth-adjusted: derived F, matched CPSB",True,True,275000000.0,137500000.0,40,40,2805.0,1.5887467517058966,10.36991130901962,True,0.5,32,7200,50400,8,1.4479558695732846,1530.0,5.656315259465248,0.11295316038895495,646075.9968224195,False,state,67003585.389599904,137500000.00000963,61556468.40547501,5447116.984124889,2.5284371408603104,49019.607843140686,119.97626108282593,44424313.89960687,40658233.54962957,47921697.32196027,3764650.308145428,3201666.017554887,4577351.458149972,13300531.743973667,13225153.783137556,13358559.404785598,64324446.06270192,58871327.914667934,69388502.91724682,5981075.948374641,5086636.485437455,7272252.260551916,137925334.54779527,137143671.77927005,138527076.24388397,70305522.01107639,64005090.39097486,76121018.3641371,139547495.35508445,139403735.71256605,139713575.43100578,1.014890875309705,1.013845350636844,1.0160987304073146,1191384.2205848966,517500.01698406565,2253446.6357347164,0.06090429556040433,0.05886363265262257,0.06315642407620853,0.08030443948412698,0.07329960317460317,0.0898888888888889,0.0854048859126984,0.07796329365079366,0.09532638888888889,0.0,0.0,0.0,0.39783619262767733,0.3818078321472391,0.41697394336859617,9676576.14974138,7821208.340388681,11995824.199069485,0.06740451388888889,0.048398809523809525,0.09715178571428572,231526.64873949662,214353.7304102712,247009.64755041015,425229.1500642792,361638.2951927438,517026.3134090306,656755.7988037758,575201.1914577552,769158.1921073396,49171.24226302862,48892.57460936543,49385.76693186595,120.34738871011808,119.66534524542499,120.87244121073158,0.00016381100945010555,7.11537441101199e-05,0.00030985020264020775,0.00022473710147151245,0.00010264902465544842,0.0004133071498537468,1.2232636937989776,1.0609671272654446,1.4496672255656575
shared_fee_8131_8279,full_multiscale_60d,4.0,5.0,7930799.0,500000000.0,753605334.841629,500000000.0,execution,fully_optimized,"Floor- and state-growth-adjusted: derived F, matched CPSB",True,True,300000000.0,150000000.0,40,40,3060.0,1.5887467517058966,11.312630518930495,True,0.5,32,7200,50400,8,1.4479558695732846,1530.0,5.656315259465248,0.11295316038895495,592236.3304206335,False,state,67765820.60292898,150000000.0000035,62208847.813166834,5556972.789762143,2.5284371408601922,49019.607843138394,119.97626108282032,44945231.42020549,41121079.81919452,48515167.432207495,3851117.3724446855,3271757.47372274,4691052.163571364,13341993.79943809,13286511.680837251,13386035.441369463,65078711.64421615,59541508.887394205,70247821.44679615,6118450.21590964,5197994.05874652,7452893.886956844,150933046.2388921,150305397.53075436,151431273.06150806,71197161.86012587,64788209.38107824,77149380.01309948,152249049.7359351,152090182.0355628,152429309.67289266,1.014993664906234,1.013934546903752,1.0161953978192844,1081016.4179260768,470414.05919989425,2047069.811699186,0.06111407722408656,0.059049615893334996,0.06336612765425127,0.08146329365079365,0.07442361111111111,0.09098710317460318,0.08664558531746032,0.07936607142857142,0.09650496031746032,0.0,0.0,0.0,0.39901766702436,0.3827480714734781,0.4182733937113958,10735343.190939538,8659694.327065526,13294153.941783046,0.05081349206349206,0.03690773809523809,0.0722906746031746,233936.2495599039,216483.12774400876,249781.73347487889,434995.8782464354,369555.34668316675,529869.1674248305,668932.1278063392,585259.1801092091,785157.7912036343,49324.52491467062,49119.41095776287,49487.344137747736,120.72255041054859,120.22053077537643,121.12105301953949,0.0001621481454785548,7.055963479384576e-05,0.0003070617438435208,0.0002183173673220053,9.96702461423444e-05,0.00040029050060359106,1.22860517357659,1.0638226669276227,1.4544668493704593
shared_fee_8131_8279,full_multiscale_60d,4.0,5.0,7930799.0,500000000.0,753605334.841629,500000000.0,execution,fully_optimized,"Floor- and state-growth-adjusted: derived F, matched CPSB",True,True,325000000.0,162500000.0,50,50,3315.0,1.7634340839660732,12.25534972884137,True,0.5,32,7200,50400,8,1.4479558695732846,1530.0,5.656315259465248,0.11295316038895495,546679.689618995,False,state,68948797.41091704,162500000.00000888,62815082.50343228,6133714.907484762,2.5284371408602717,49019.60784313994,119.9762610828241,45413409.04934857,41541696.14519739,49037407.48264584,3835753.210207594,3256949.9708164446,4677324.493876596,13367203.355200915,13323163.37553973,13404383.297056269,65756612.19033703,60150542.76546897,71004001.99315482,6764097.948562363,5743416.588310014,8248153.43427132,163819752.0145148,163280026.66171682,164275405.20484847,72520710.13889927,65948133.31388211,78642200.42773405,164947921.29101026,164774472.00871712,165142691.6698866,1.0150641310216013,1.0139967508228747,1.0162627179685328,991288.3288540408,432039.88479421305,1878113.3404512263,0.06125731110674931,0.0591803328816344,0.06350940184582836,0.08226128472222222,0.07510515873015873,0.09197321428571428,0.08750372023809523,0.08028670634920636,0.09717658730158729,0.0,0.0,0.0,0.39988498383690696,0.3834010101282207,0.41928898935661174,11755460.474812055,9469819.801952245,14539532.928202163,0.040996403769841275,0.029699404761904764,0.05804662698412698,236071.1026533019,218396.87819105553,252196.13267999506,433260.4475650272,367882.792432432,528318.5837480307,669331.5502183292,585505.6033042578,786097.6816774638,49417.72308130161,49254.91000353448,49555.175024087024,120.95065438902064,120.55216682077257,121.28707018056949,0.00016108004177894534,7.020403430089754e-05,0.0003051946799140322,0.00021359961461578033,9.748920392537505e-05,0.00039075134649420664,1.2316792050690777,1.0655536553241287,1.4564223490939128
shared_fee_8131_8279,full_multiscale_60d,4.0,5.0,7930799.0,500000000.0,753605334.841629,500000000.0,execution,fully_optimized,"Floor- and state-growth-adjusted: derived F, matched CPSB",True,True,350000000.0,175000000.0,50,50,3570.0,1.7634340839660732,13.198068938752245,True,0.5,32,7200,50400,8,1.4479558695732846,1530.0,5.656315259465248,0.11295316038895495,507631.14036054903,False,state,69620550.79429512,175000000.0000034,63381633.9279308,6238916.866364321,2.5284371408601825,49019.607843138205,119.97626108281985,45847203.429019526,41932177.191475876,49519602.94791344,3906684.3763471274,3315678.537800781,4769113.6250491,13387501.134785172,13353095.093537599,13419605.340735737,66384727.30856943,60715942.088383935,71702199.74737024,6889180.384548277,5846980.545032729,8410017.516718648,176689162.8945035,176235069.59020728,177112876.41786256,73273907.6931178,66618203.25340948,79489259.00052045,177646848.8112686,177458618.06966743,177856009.32549018,1.0151248503501065,1.0140492461123853,1.0163200532885153,915589.2649060196,399638.48818981793,1735249.032749809,0.0613813042926641,0.05929512151302372,0.06363143739141117,0.08295262896825398,0.0756170634920635,0.09264484126984127,0.08818700396825396,0.08099107142857143,0.09776388888888889,0.0,0.0,0.0,0.40073626711310534,0.38411828755258043,0.420237659818911,12773247.726831678,10272860.873018682,15776356.527657947,0.03317770337301587,0.023864087301587303,0.04624404761904762,238041.38698594322,220170.54853651498,254414.27492560964,441272.3469505615,374516.36967842723,538686.4562033213,679313.7339365047,593916.2471799784,798767.1947030582,49492.7627155472,49365.56571154266,49611.44997699231,121.13431507391672,120.82299840630414,121.42480401279013,0.00016022380562837738,6.993430116393981e-05,0.00030366981781367806,0.0002093271981928935,9.546291767691303e-05,0.0003823010487003145,1.234180429892695,1.0669963058623189,1.4589981604800228
shared_fee_8131_8279,full_multiscale_60d,4.0,5.0,7930799.0,500000000.0,753605334.841629,500000000.0,execution,fully_optimized,"Floor- and state-growth-adjusted: derived F, matched CPSB",True,True,375000000.0,187500000.0,50,50,3825.0,1.7634340839660732,14.14078814866312,True,0.5,32,7200,50400,8,1.4479558695732846,1530.0,5.656315259465248,0.11295316038895495,473789.064336578,False,state,70252151.54560682,187499999.99999493,63913672.78596637,6338478.759640455,2.528437140860065,49019.60784313593,119.97626108281428,46249636.22931601,42295813.94596067,49963529.87464287,3972801.3215195993,3370778.56197514,4853652.596631875,13402348.083548788,13374871.90156524,13430907.4639063,66967432.24386744,61242472.0614331,72344986.34658945,7005773.259193109,5944145.805689096,8559096.420631066,189519764.94408765,189131230.0755239,189923617.091378,73973205.50306056,67242864.44217704,80269178.16999228,190344978.19272423,190142075.95271876,190569876.7370431,1.0151732170278627,1.0140910717478333,1.0163726759308966,851111.6378566895,371975.91633156233,1613344.091421653,0.0614799094272544,0.059387420317485416,0.06372815834078215,0.0834468005952381,0.07598313492063492,0.09304166666666666,0.08874193948412698,0.08140773809523809,0.09825,0.0,0.0,0.0,0.4015038195702154,0.38483676669805333,0.42104697106152345,13778688.327187574,11065723.00790714,16996579.064117737,0.027488219246031745,0.019633928571428573,0.038660714285714284,239859.19655694676,221815.2603565128,256439.77312358812,448740.4648630555,380740.0915464289,548235.4002196279,688599.6614200023,601787.1122701074,810411.4968865225,49547.65096577455,49446.07322235919,49653.23322650405,121.2686549295257,121.02004180509594,121.52706917305724,0.00015957911604090114,6.974306374584209e-05,0.00030250322988055304,0.00020572685848154422,9.374468518076495e-05,0.00037524802996103393,1.235958693162991,1.0679667597488496,1.4612202221952455
shared_fee_8131_8279,full_multiscale_60d,4.0,5.0,7930799.0,500000000.0,753605334.841629,500000000.0,execution,fully_optimized,"Floor- and state-growth-adjusted: derived F, matched CPSB",True,True,400000000.0,200000000.0,64,64,4080.0,2.161501805529043,15.083507358573994,True,0.5,32,7200,50400,8,1.4479558695732846,1530.0,5.656315259465248,0.11295316038895495,444177.2478155956,False,state,71940784.88356473,199999999.99998647,64415404.01753994,7525380.866024785,2.5284371408599626,49019.60784313394,119.97626108280942,46622153.86652689,42634420.604368776,50369323.171016894,3849701.478376771,3266048.9826049022,4703443.966074512,13410414.471507587,13384544.151551712,13437311.079414029,67506821.34318647,61732759.55995224,72932557.1319081,8321136.6962592285,7059570.772846773,10166502.624874784,202276085.36249393,201885870.20107207,202681780.54577053,75827958.03944573,68859239.72169346,82346269.18640427,203040650.819862,202823552.4409966,203281167.77430958,1.0152032540993101,1.014117762204983,1.016405838871548,795955.2737333064,348187.4215160777,1508806.4977454473,0.06154085648799744,0.05944458497904469,0.06378811635913076,0.08375372023809524,0.07615674603174603,0.09324404761904762,0.08906808035714285,0.08164583333333333,0.09853373015873015,0.0,0.0,0.0,0.40201600760556194,0.38530351086227,0.42156486054538495,14754430.632427925,11842427.614966867,18182989.634720888,0.024459325396825396,0.017237103174603176,0.03425099206349206,241527.69221692247,223332.569645785,258265.99177195498,434835.94853668835,368910.55457035464,531268.8606804769,676363.6407536109,591469.7710290145,795306.4752994976,49577.47190257204,49481.83093163531,49676.906996512385,121.34164214130429,121.10755936087817,121.58501109744844,0.00015918673856884537,6.963507023573405e-05,0.00030176251803537595,0.0002033480970553561,9.265897279439692e-05,0.0003704744732222362,1.2368040495374735,1.068437201581849,1.462311989943572
shared_fee_8131_8279,full_multiscale_60d,4.0,5.0,7930799.0,500000000.0,753605334.841629,500000000.0,execution,fully_optimized,"Floor- and state-growth-adjusted: derived F, matched CPSB",True,True,425000000.0,212500000.0,64,64,4335.0,2.161501805529043,16.02622656848487,True,0.5,32,7200,50400,8,1.4479558695732846,1530.0,5.656315259465248,0.11295316038895495,418049.17441461334,False,state,72521099.91512787,212499999.99999672,64890295.112177975,7630804.802949905,2.528437140860094,49019.6078431365,119.97626108281568,46976611.693066865,42955745.82757974,50757750.941094875,3905919.4144505085,3313277.6675562654,4774662.96946728,13419533.95832016,13395967.632941542,13443883.525314713,68020060.63364121,62198024.30294247,73494983.40149736,8442651.866585694,7161655.660641983,10320442.62929613,215064491.6594966,214686812.38959214,215454723.33699414,76462712.50022672,69427201.84536251,83050071.81321962,215737815.80903023,215506196.2960427,215994182.94606474,1.0152367802777893,1.0141468060990244,1.016443213863834,747192.4745274038,327184.5667474817,1416452.5797617682,0.06160926789915284,0.05950902476504531,0.06385488654324517,0.08408420138888888,0.0763531746031746,0.09347718253968254,0.08941220238095238,0.08185813492063491,0.09878174603174604,0.0,0.0,0.0,0.4026088110486718,0.38588304849659366,0.422145376755693,15745314.066947805,12623263.066967739,19399455.987463098,0.020908358134920632,0.014634920634920636,0.029073412698412696,243118.92665988614,224777.16498821325,260022.28267067557,441185.9420867613,374245.1837966254,539313.2721934416,684304.8687466474,598235.7464358343,805162.2433870914,49611.18608062205,49524.06283496935,49701.204922028635,121.42415812227387,121.21092260843092,121.64448065226082,0.00015877408303043602,6.952431745629763e-05,0.00030099737386557533,0.0002006172785560644,9.133642819920401e-05,0.0003651939570163553,1.2378382719293526,1.0689914273236942,1.4636176763780369
shared_fee_8131_8279,full_multiscale_60d,4.0,5.0,7930799.0,500000000.0,753605334.841629,500000000.0,execution,fully_optimized,"Floor- and state-growth-adjusted: derived F, matched CPSB",True,True,450000000.0,225000000.0,64,64,4590.0,2.161501805529043,16.968945778395742,True,0.5,32,7200,50400,8,1.4479558695732846,1530.0,5.656315259465248,0.11295316038895495,394824.2202804984,False,state,73072793.8330985,224999999.9999907,65341240.410287745,7731553.422810756,2.5284371408600292,49019.60784313523,119.97626108281257,47311425.02465351,43259708.01803644,51123660.93024812,3959291.185826384,3358188.7254866236,4841971.452064113,13426665.966960244,13405219.723887766,13448303.483880514,68504855.56232345,62638148.14074203,74024804.91802691,8558015.046778966,7258730.993446661,10465930.03595663,227836366.7779593,227472446.64211246,228203532.62935817,77062870.60910241,69965037.53455214,83713485.82508487,228434560.8727523,228188395.6370304,228706753.14835906,1.0152647149900103,1.0141706472756906,1.0164744584371515,704202.7179403005,308630.8964745652,1334968.7490276187,0.061666191951045404,0.059562921361231404,0.06391024941826853,0.08435763888888889,0.07654662698412698,0.0936656746031746,0.08966145833333333,0.08198511904761904,0.0990436507936508,0.0,0.0,0.0,0.40311277147233776,0.38639299162713453,0.4226290750387821,16730351.962812576,13399218.759644344,20606524.192044362,0.01822606646825397,0.012696428571428572,0.025612103174603173,244618.2991321027,226139.8327130391,261670.94998990232,447214.45233922324,379318.0297262708,546915.9780237388,691832.7514713259,604659.6620998967,814462.2501836235,49637.55267493666,49558.2672422903,49717.545235154284,121.48869077650231,121.2946384332505,121.68447382560507,0.00015844129421224338,6.943955373562392e-05,0.00030036915423299593,0.00019821866902397986,9.01689719860104e-05,0.00036057295700980227,1.2386136845035693,1.069385223295127,1.4645672236791465
shared_fee_8131_8279,full_multiscale_60d,4.0,5.0,7930799.0,500000000.0,753605334.841629,500000000.0,execution,fully_optimized,"Floor- and state-growth-adjusted: derived F, matched CPSB",True,True,475000000.0,237500000.0,64,64,4845.0,2.161501805529043,17.911664988306615,True,0.5,32,7200,50400,8,1.4479558695732846,1530.0,5.656315259465248,0.11295316038895495,374043.998160432,False,state,73598759.21351556,237499999.99999875,65770681.85054311,7828077.362972453,2.5284371408601203,49019.607843137,119.97626108281689,47628999.364696264,43548297.19086714,51469912.4263354,4010164.4678468974,3401070.1279684003,4905790.185374218,13432352.758504689,13412663.119637592,13451901.838169258,68964689.19201405,63056012.52743796,74526161.80413517,8667977.73771948,7351419.222334521,10603874.34323304,240595802.6150712,240243128.39994207,240945959.18085197,77632666.92973363,70476180.5760184,84341639.05723302,241131061.58557823,240870322.45498088,241419104.70040512,1.0152886803603294,1.0141908313893933,1.01650149347539,665996.8377788386,292102.7778602279,1262554.987195004,0.061714209977707934,0.059607968422288285,0.0639566269313354,0.08457589285714287,0.0766388888888889,0.0938938492063492,0.08988033234126984,0.08210218253968254,0.09918650793650793,0.0,0.0,0.0,0.4035397417702934,0.38683629060196384,0.42304663975801987,17710772.668808065,14171954.920937113,21804963.410821132,0.016070808531746028,0.011128968253968254,0.022851190476190476,246037.8101100284,227431.12161642587,263226.5874043057,452960.75032279873,384161.6196584982,554124.505643135,698998.5604328271,610784.3655586068,823271.5661311637,49658.57639113956,49585.78501546792,49730.84812814282,121.54014665252974,121.3619886158497,121.71703286539702,0.0001581699462320918,6.937203829093326e-05,0.00029985799799015894,0.00019609305599960398,8.912813239347073e-05,0.00035650200995540176,1.2392097210167061,1.0696708882787405,1.465293879926731
shared_fee_8131_8279,full_multiscale_60d,4.0,5.0,7930799.0,500000000.0,753605334.841629,500000000.0,execution,fully_optimized,"Floor- and state-growth-adjusted: derived F, matched CPSB",True,True,500000000.0,250000000.0,64,64,5100.0,2.161501805529043,18.854384198217492,True,0.5,32,7200,50400,8,1.4479558695732846,1530.0,5.656315259465248,0.11295316038895495,355341.79825234425,False,state,74101462.14605744,250000000.00001428,66180699.361574434,7920762.784483012,2.528437140860278,49019.60784314005,119.97626108282438,47931252.52850194,43823192.43301533,51798803.341016896,4058812.556272481,3442135.4099594695,4966551.889999106,13436950.009955227,13418758.329193877,13455669.164846962,69402338.43464363,63454048.70682348,75002381.33449762,8773130.668686923,7440181.903502864,10735210.877486741,253345417.93991548,253002425.00162953,253698356.0781059,78175469.10333073,70963531.29957844,84938619.11351986,253827169.03437638,253551813.32502866,254131083.42607835,1.0153086761375056,1.0142072533001145,1.0165243337043135,631802.7511734357,277279.2646886538,1197761.477339723,0.061755299947506684,0.0596463764780745,0.0639960876069246,0.08476190476190476,0.07679166666666666,0.09400793650793651,0.0900657242063492,0.08222123015873016,0.09931150793650795,0.0,0.0,0.0,0.4038986948612562,0.3871440690142614,0.4234084586022548,18687483.59037468,14942169.384016134,22997514.21447381,0.014344618055555557,0.009724206349206349,0.020720238095238094,247386.8163056804,228659.14242559296,264700.71217257937,458455.7056573498,388800.07304165314,560987.7322111363,705842.5219630301,616641.8624077447,831649.4144961298,49675.57214508146,49608.318627770495,49744.77570158939,121.5817440275793,121.41713998632586,121.75112082043375,0.00015794638149225915,6.931744678234737e-05,0.0002994415395478368,0.00019419464340343892,8.819234290068263e-05,0.0003528907556564988,1.2396728076611145,1.069900472812236,1.4658439827915022
shared_fee_8131_8279,full_multiscale_60d,4.5,4.5,9086555.0,450000000.0,863428303.1674209,450000000.0,execution,fully_optimized,"Floor- and state-growth-adjusted: derived F, matched CPSB",True,True,50000000.0,25000000.0,40,40,510.0,1.5887467517058966,1.8854384198217493,True,0.5,32,7200,50400,8,1.4479558695732846,1530.0,5.656315259465248,0.11295316038895495,1495122567.2146773,False,regular,24999999.99999956,3305572.28824763,24079297.73687559,920702.263123971,0.3343172698161331,6481.514290681627,15.863608155316967,16785587.185780264,16676734.368104044,16870642.10807968,580759.2001742837,511075.72190601303,690157.2960513015,1842167.786016746,1494043.1072237762,2304858.550207267,24304789.489884656,24147175.413610782,24427945.263864107,922679.2928002089,811969.8930539315,1096485.16226763,3473293.919513944,2816926.27522953,4345668.8628154835,25227468.78268487,25150447.035666976,25265899.21465358,25260653.87924298,25240398.429876707,25288692.045852717,1.0104261551697191,1.0096159371950684,1.0115476818341087,2790126255.280221,1314720732.8765578,6467352591.825875,0.05082529728361205,0.04875838181903925,0.052970580085638,0.027348710317460317,0.021439484126984126,0.0339156746031746,0.03316840277777777,0.02645535714285714,0.04098809523809523,0.0,0.0,0.0,0.31717620003351343,0.3003318179093851,0.33386794205254194,99058.00482673723,68704.85105976765,130238.60222742966,0.996352306547619,0.9915089285714286,0.9994335317460318,79253.87307668888,78141.85080300429,80495.62626615034,65598.58708464706,57727.61798735082,77955.44775449013,144852.46016133594,137383.95710633614,156073.93868107168,6810.380234341067,5523.384853391235,8520.91933885389,16.668512724198703,13.518571289919471,20.85508408258485,0.06975335342565372,0.032865577464027615,0.1616818306343116,0.07706851668646307,0.036957916235035325,0.17575692101957163,1.0893468714853545,0.8347604398354044,1.4581425363467662
shared_fee_8131_8279,full_multiscale_60d,4.5,4.5,9086555.0,450000000.0,863428303.1674209,450000000.0,execution,fully_optimized,"Floor- and state-growth-adjusted: derived F, matched CPSB",True,True,75000000.0,37500000.0,40,40,765.0,1.5887467517058966,2.828157629732624,True,0.5,32,7200,50400,8,1.4479558695732846,1530.0,5.656315259465248,0.11295316038895495,59701321.94696217,False,regular,37500000.000000075,12727502.086399864,35572094.90579661,1927905.094203467,0.8581517062834202,16637.25762928087,40.71994968666707,24565575.512475304,24228479.330186892,24833735.734740697,1191428.5438715415,1060456.9361991314,1422388.5881943868,4450266.124402418,3657695.457224498,5469821.663456572,35569869.25273433,35081768.8569794,35958153.42054953,1892878.228965597,1684797.5127103443,2259815.2491573365,12586054.094069343,10344539.31458791,15469517.870781343,37462747.48169993,37055611.72672183,37722739.094623074,37895887.78648057,37863701.25509422,37940961.75321091,1.0105570076394819,1.009698700135846,1.0117589800856244,116558801.05102178,54813109.21469209,261765008.1594638,0.05115919809382531,0.04903214026767186,0.05345681152588271,0.028511904761904763,0.02264285714285714,0.03477876984126984,0.03438802083333333,0.027775793650793648,0.0418968253968254,0.0,0.0,0.0,0.31950984931045023,0.303316908198984,0.3374449156518919,192088.26588815294,118341.57005827059,297133.7668127302,0.9675378224206349,0.9390208333333333,0.9842400793650794,120576.67374729304,118642.6252029408,122488.20411404927,134575.6194079013,119781.96240008026,160663.28633773976,255152.29315519432,240594.27186199286,279745.68875331245,16452.358292901103,13522.273613840403,20221.59198794947,40.26740565313408,33.09597732235918,49.49266439707131,0.004370965476711446,0.00205531687957187,0.009816134409592418,0.005543642811129476,0.0026997818668483644,0.012022823605627325,1.0456093132858433,0.8017796985551955,1.402063306310151
shared_fee_8131_8279,full_multiscale_60d,4.5,4.5,9086555.0,450000000.0,863428303.1674209,450000000.0,execution,fully_optimized,"Floor- and state-growth-adjusted: derived F, matched CPSB",True,True,100000000.0,50000000.0,40,40,1020.0,1.5887467517058966,3.7708768396434986,True,0.5,32,7200,50400,8,1.4479558695732846,1530.0,5.656315259465248,0.11295316038895495,6244364.927759717,False,regular,50000000.00000078,32822913.71540736,46763423.50596405,3236576.494036737,1.659813482185669,32179.327171968,78.75940930837012,31242822.5295078,30389071.061726008,31900214.901360337,1879973.274599548,1682260.0072168973,2262378.6084859883,7516701.446601255,6433007.823297623,8732764.85506282,45238228.263637364,44002033.81470561,46190103.40707357,2986801.4333139323,2672685.1219905936,3594346.6653609984,28344555.395503227,24258080.210118398,32930180.73800818,48225029.6969512,46886544.072538584,49245178.57220594,50547997.44315736,50502123.72528315,50606655.46419483,1.010959948863147,1.010042474505663,1.0121331092838965,16012205.853793144,7805781.502536142,33038617.80973469,0.05218620562312756,0.04996692495321355,0.05470391609612309,0.032257564484126984,0.025813492063492063,0.04052579365079365,0.038410838293650794,0.03166369047619048,0.047968253968253965,0.0,0.0,0.0,0.32778874071192915,0.3101164422974268,0.3477119922466673,621048.9434342426,329060.18008055293,1009043.7524564101,0.8768756200396826,0.8121994047619048,0.9257777777777778,158188.1589854958,155797.23119857116,161127.5427974584,212348.9228127916,190016.58441109472,255542.81382485855,370537.0817982874,349430.9446821591,413190.8096313107,27788.77979951297,23782.431578547446,32284.490919615862,68.0134755681456,58.207875293141875,79.01679923455275,0.0008006073967651911,0.00039026758186211266,0.0016519267301898786,0.001172414959089978,0.0005885974161300094,0.0023346326234825175,1.0468454490937065,0.770437745584573,1.5188672680823219
shared_fee_8131_8279,full_multiscale_60d,4.5,4.5,9086555.0,450000000.0,863428303.1674209,450000000.0,execution,fully_optimized,"Floor- and state-growth-adjusted: derived F, matched CPSB",True,True,125000000.0,62500000.0,40,40,1275.0,1.5887467517058966,4.713596049554373,True,0.5,32,7200,50400,8,1.4479558695732846,1530.0,5.656315259465248,0.11295316038895495,1421367.1930095186,False,state,60493730.18107627,62500000.00000148,55948154.265304595,4545575.915771676,2.5284371408601936,49019.607843138416,119.97626108282037,36120831.67862791,34307888.822747655,37596640.79922694,2486503.8764363714,2201444.913105167,3016071.939487009,10066136.52959169,9010543.486684177,11037041.658013117,52301370.24293779,49676308.9935651,54438276.72147937,3950424.956792405,3497538.454755285,4791774.496771314,47447701.38015711,42472062.18317106,52024155.95797589,56251795.19973031,53332982.13709678,58438259.171479546,63243612.50313462,63188371.33345438,63316127.98627033,1.011897800050154,1.0110139413352701,1.0130580477803253,5300160.059715424,2567500.193682222,10692599.810397064,0.054422156977512674,0.052331600925524704,0.057042473534038275,0.040211433531746034,0.03250694444444444,0.049534722222222216,0.04605654761904762,0.03853373015873016,0.05496031746031746,0.0,0.0,0.0,0.34690575473966606,0.32973637978330844,0.37064185674159356,1652334.7866637367,1050248.9458584806,2438372.880930286,0.7168607390873016,0.6121755952380953,0.8045248015873016,186428.94431554968,180215.1868780842,191268.516671242,280858.47116287565,248660.1603574169,340674.8575255025,467287.41547842533,435246.9334719414,527608.9777885121,37213.883435417345,33311.42132013417,40803.25957488305,91.08156493704466,81.53022753942068,99.86661948523731,0.00033125534911759526,0.0001604570549596565,0.0006682902245052266,0.0005186284782050373,0.00026221544572108693,0.0010270418840947983,1.1622499603270402,0.8488612517751292,1.5945532239384106
shared_fee_8131_8279,full_multiscale_60d,4.5,4.5,9086555.0,450000000.0,863428303.1674209,450000000.0,execution,fully_optimized,"Floor- and state-growth-adjusted: derived F, matched CPSB",True,True,150000000.0,75000000.0,40,40,1530.0,1.5887467517058966,5.656315259465248,True,0.5,32,7200,50400,8,1.4479558695732846,1530.0,5.656315259465248,0.11295316038895495,1184472.6608413283,False,state,61937595.20186268,75000000.00000046,57197805.08629793,4739790.115564752,2.528437140860149,49019.60784313756,119.97626108281827,39222582.557115264,36591873.494561225,41543629.3366502,2927361.8243098985,2575965.807601916,3550667.6987891244,11679125.941473417,10898649.458524527,12273248.397138482,56792568.63339778,52983418.005133085,60153341.94138001,4650836.5894402005,4092557.3093329733,5641111.772838234,66060818.27996893,61646197.239811055,69421362.19193693,61443405.22283795,57146353.5329639,64853954.7938563,75971188.07228805,75899310.78665815,76063874.74928091,1.012949174297174,1.0119908104887754,1.0141849966570788,3004050.054196685,1399624.8606242149,5698411.567448127,0.0567873632807077,0.054798629006318586,0.05936159341129574,0.05229724702380953,0.042962301587301584,0.06327480158730159,0.057171378968253965,0.0477172619047619,0.06801289682539682,0.0,0.0,0.0,0.3669997535861659,0.35002882804297875,0.39042571240900686,3162324.741317883,2268297.76306579,4291948.59765222,0.5140804811507936,0.40011111111111114,0.6237628968253968,204335.40739129158,193677.85784974645,213309.25640715266,330654.7696577798,290963.4790225231,401059.1380692096,534990.1770490713,487699.9128969621,605922.9227224638,43177.005411744394,40291.63218288304,45373.43934113524,105.67639975069488,98.61440339741915,111.05220633419549,0.00022529909690619684,0.0001049694902539798,0.00042737911578337077,0.0003515220624289926,0.00017148283515552602,0.000642286607304498,1.0692317594310135,0.8822451196248502,1.331965608620116
shared_fee_8131_8279,full_multiscale_60d,4.5,4.5,9086555.0,450000000.0,863428303.1674209,450000000.0,execution,fully_optimized,"Floor- and state-growth-adjusted: derived F, matched CPSB",True,True,175000000.0,87500000.0,40,40,1785.0,1.5887467517058966,6.5990344693761225,True,0.5,32,7200,50400,8,1.4479558695732846,1530.0,5.656315259465248,0.11295316038895495,1015262.2807211468,False,state,63186576.6606963,87500000.00000028,58276121.01656001,4910455.644136288,2.5284371408601416,49019.60784313741,119.97626108281791,41084389.3771691,37937649.11761908,43949348.814359635,3216274.008502528,2788403.3554677106,3882177.071501333,12515659.84774585,12029692.409404479,12837052.41104351,59488382.74650628,54932041.71766861,63636717.57967517,5109844.883604488,4430066.773445111,6167796.211894814,82591270.74225609,79384354.8656472,84712151.3456574,64598227.630110696,59411232.53141562,68862971.99783564,88700693.93145618,88618957.60816446,88809205.00411183,1.0137222163594992,1.0127880869504509,1.014962342904135,2188034.5999595746,964909.5584696057,4220498.591608836,0.05846558078806451,0.05659180012190486,0.06093287035582801,0.06365451388888889,0.05591666666666666,0.07431150793650793,0.06837301587301588,0.060649801587301586,0.07906448412698412,0.0,0.0,0.0,0.38087804992660634,0.36458075429297476,0.40245773086593667,4733492.359969452,3648450.2695117365,6037112.331952549,0.33313554067460316,0.24597420634920636,0.44121031746031747,214733.73947448866,201073.13972394427,226838.84941342517,363288.3139372131,314958.9714392445,438504.1694156135,578022.0534117017,516648.72217350657,654472.4357593465,46269.61946344879,44473.02793593681,47457.787868715626,113.24562127696669,108.848435260022,116.15368213409994,0.00019144843903880774,8.442643828228553e-05,0.0003692907743235581,0.00029080181790064184,0.0001357424845986896,0.0005411728754871546,1.1254002307633746,0.9864626394265755,1.362011039935443
shared_fee_8131_8279,full_multiscale_60d,4.5,4.5,9086555.0,450000000.0,863428303.1674209,450000000.0,execution,fully_optimized,"Floor- and state-growth-adjusted: derived F, matched CPSB",True,True,200000000.0,100000000.0,40,40,2040.0,1.5887467517058966,7.541753679286997,True,0.5,32,7200,50400,8,1.4479558695732846,1530.0,5.656315259465248,0.11295316038895495,888354.4956312402,False,state,64289871.04190508,99999999.9999914,59226618.930732764,5063252.111172316,2.528437140859916,49019.60784313304,119.97626108280721,42279298.696041726,38848543.80095977,45423504.8564962,3410144.6717855353,2930429.736526905,4117224.014568895,12921048.119084641,12632988.425105741,13104575.28660564,61218558.70837579,56250977.02097514,65771230.47355496,5417856.27014644,4655710.72500947,6541226.279191887,97447362.19234374,95274886.93542436,98831478.88324383,66636414.978522174,60948176.87552157,71579393.69607098,101422119.78961825,101327522.49140735,101545846.73566501,1.0142211978961826,1.0132752249140735,1.0154584673566502,1774180.3391737666,771284.7235124159,3399640.823237595,0.05952122492090392,0.05766031040068808,0.061886668344534455,0.07117125496031745,0.06366964285714286,0.08109722222222222,0.07598462301587301,0.06831746031746032,0.08653075396825397,0.0,0.0,0.0,0.3889893684102662,0.37350600585678756,0.40932197079991195,6151780.520441156,4907396.393792867,7685409.08784406,0.2102486359126984,0.15415079365079365,0.29333035714285716,221064.95170573005,205739.12191153257,234790.95301454447,385186.6180617317,331001.3000384865,465053.46447485744,606251.5697674619,536180.0536038156,697015.2448169427,47768.314800168504,46703.375948737434,48446.803374139134,116.91370168220514,114.30724709600393,118.5743131369703,0.00017741356868744278,7.712566929088972e-05,0.00033996092199386823,0.000261680913324346,0.00012039818660630859,0.0004871794027889796,1.1727301847401546,1.0269272369792204,1.4014479344000859
shared_fee_8131_8279,full_multiscale_60d,4.5,4.5,9086555.0,450000000.0,863428303.1674209,450000000.0,execution,fully_optimized,"Floor- and state-growth-adjusted: derived F, matched CPSB",True,True,225000000.0,112500000.0,40,40,2295.0,1.5887467517058966,8.484472889197871,True,0.5,32,7200,50400,8,1.4479558695732846,1530.0,5.656315259465248,0.11295316038895495,789648.4405610375,False,state,65279847.241121516,112499999.99999341,60077877.415590666,5201969.8255308485,2.5284371408599857,49019.607843134385,119.9762610828105,43143847.37117395,39552802.9856624,46443319.384839505,3552665.5937517574,3036833.0514505785,4305011.585836081,13124439.612921098,12948430.983074903,13241460.457644131,62470387.03706531,57270713.24116585,67247876.90574475,5644285.921970397,4824758.645965228,6839573.173053253,111353952.08173451,109860611.63353948,112346812.26625796,68114672.95903555,62137085.083235264,73479227.40399045,114135604.79193525,114023832.51053213,114273500.79500282,1.0145387092616467,1.0135451778713966,1.0157644515111361,1514377.2241370156,656368.0620929659,2874744.878087836,0.0601818911711066,0.0582347079684116,0.06246979671051455,0.07575024801587302,0.06790476190476191,0.08487103174603174,0.08065290178571428,0.07262400793650793,0.09047123015873017,0.0,0.0,0.0,0.3935309327628572,0.3777317360919782,0.4130924192919115,7415959.816378041,5986341.127582503,9194248.507579215,0.13646205357142857,0.09797420634920635,0.19489781746031745,225412.23944791086,209168.16337482215,240016.8327713241,401284.8066193642,343019.8907349767,486264.66413125215,626697.0460672751,551352.3811206156,727454.7126922337,48520.24055848998,47869.547552740514,48952.859375275795,118.75405180054872,117.16147043612048,119.81289315803423,0.00017036303669856095,7.383874130136766e-05,0.00032340550243774416,0.0002445676389649,0.00011191806367820379,0.00045354091053691924,1.199685910050925,1.0489595669977347,1.427265532222265
shared_fee_8131_8279,full_multiscale_60d,4.5,4.5,9086555.0,450000000.0,863428303.1674209,450000000.0,execution,fully_optimized,"Floor- and state-growth-adjusted: derived F, matched CPSB",True,True,250000000.0,125000000.0,40,40,2550.0,1.5887467517058966,9.427192099108746,True,0.5,32,7200,50400,8,1.4479558695732846,1530.0,5.656315259465248,0.11295316038895495,710683.5965047226,False,state,66178990.63436253,125000000.00000511,60849716.328567326,5329274.3057952095,2.528437140860237,49019.60784313926,119.97626108282243,43835233.683210865,40142492.60896995,47233947.089729905,3667058.797116993,3124317.5730772438,4453621.72377015,13235059.778214192,13122222.649501545,13315165.419479493,63471483.90572165,58124557.79246063,68392670.93168838,5826027.752234148,4963749.395524163,7075677.04696667,124769450.97240199,123705713.6841181,125524622.24083173,69297511.65795566,63133204.07464266,74928925.49238853,126843415.77086593,126715321.5546963,126995463.47483137,1.0147473261669275,1.0137225724375705,1.015963707798651,1330662.2004435207,577037.5308625908,2511302.804208225,0.06061106923858673,0.0586073626283817,0.0628615777464557,0.07852554563492063,0.07149107142857143,0.08781349206349207,0.08353980654761906,0.07600099206349206,0.09337599206349206,0.0,0.0,0.0,0.39616732767938934,0.38041081575108254,0.415363171579986,8577440.56831388,6938682.985599193,10639424.988906678,0.09355344742063493,0.06649801587301588,0.13492757936507938,228753.85173053265,211954.6193635085,243880.38641149804,414205.88046648394,352901.54393782443,503050.6488767438,642959.7321970167,564046.8885840093,750443.5934752069,48929.19645976549,48512.044582007096,49225.34205522813,119.75497780019762,118.73399201921622,120.47979880230457,0.00016632841848120635,7.21271186519824e-05,0.00031391412746317694,0.00023309468412421004,0.00010648375305877687,0.000430527635823835,1.21459643238292,1.0565318600578406,1.441645879830247
shared_fee_8131_8279,full_multiscale_60d,4.5,4.5,9086555.0,450000000.0,863428303.1674209,450000000.0,execution,fully_optimized,"Floor- and state-growth-adjusted: derived F, matched CPSB",True,True,275000000.0,137500000.0,40,40,2805.0,1.5887467517058966,10.36991130901962,True,0.5,32,7200,50400,8,1.4479558695732846,1530.0,5.656315259465248,0.11295316038895495,646075.9968224195,False,state,67003585.389599904,137500000.00000963,61556468.40547501,5447116.984124889,2.5284371408603104,49019.607843140686,119.97626108282593,44424313.89960687,40658233.54962957,47921697.32196027,3764650.308145428,3201666.017554887,4577351.458149972,13300531.743973667,13225153.783137556,13358559.404785598,64324446.06270192,58871327.914667934,69388502.91724682,5981075.948374641,5086636.485437455,7272252.260551916,137925334.54779527,137143671.77927005,138527076.24388397,70305522.01107639,64005090.39097486,76121018.3641371,139547495.35508445,139403735.71256605,139713575.43100578,1.014890875309705,1.013845350636844,1.0160987304073146,1191384.2205848966,517500.01698406565,2253446.6357347164,0.06090429556040433,0.05886363265262257,0.06315642407620853,0.08030443948412698,0.07329960317460317,0.0898888888888889,0.0854048859126984,0.07796329365079366,0.09532638888888889,0.0,0.0,0.0,0.39783619262767733,0.3818078321472391,0.41697394336859617,9676576.14974138,7821208.340388681,11995824.199069485,0.06740451388888889,0.048398809523809525,0.09715178571428572,231526.64873949662,214353.7304102712,247009.64755041015,425229.1500642792,361638.2951927438,517026.3134090306,656755.7988037758,575201.1914577552,769158.1921073396,49171.24226302862,48892.57460936543,49385.76693186595,120.34738871011808,119.66534524542499,120.87244121073158,0.00016381100945010555,7.11537441101199e-05,0.00030985020264020775,0.00022473710147151245,0.00010264902465544842,0.0004133071498537468,1.2232636937989776,1.0609671272654446,1.4496672255656575
shared_fee_8131_8279,full_multiscale_60d,4.5,4.5,9086555.0,450000000.0,863428303.1674209,450000000.0,execution,fully_optimized,"Floor- and state-growth-adjusted: derived F, matched CPSB",True,True,300000000.0,150000000.0,40,40,3060.0,1.5887467517058966,11.312630518930495,True,0.5,32,7200,50400,8,1.4479558695732846,1530.0,5.656315259465248,0.11295316038895495,592236.3304206335,False,state,67765820.60292898,150000000.0000035,62208847.813166834,5556972.789762143,2.5284371408601922,49019.607843138394,119.97626108282032,44945231.42020549,41121079.81919452,48515167.432207495,3851117.3724446855,3271757.47372274,4691052.163571364,13341993.79943809,13286511.680837251,13386035.441369463,65078711.64421615,59541508.887394205,70247821.44679615,6118450.21590964,5197994.05874652,7452893.886956844,150933046.2388921,150305397.53075436,151431273.06150806,71197161.86012587,64788209.38107824,77149380.01309948,152249049.7359351,152090182.0355628,152429309.67289266,1.014993664906234,1.013934546903752,1.0161953978192844,1081016.4179260768,470414.05919989425,2047069.811699186,0.06111407722408656,0.059049615893334996,0.06336612765425127,0.08146329365079365,0.07442361111111111,0.09098710317460318,0.08664558531746032,0.07936607142857142,0.09650496031746032,0.0,0.0,0.0,0.39901766702436,0.3827480714734781,0.4182733937113958,10735343.190939538,8659694.327065526,13294153.941783046,0.05081349206349206,0.03690773809523809,0.0722906746031746,233936.2495599039,216483.12774400876,249781.73347487889,434995.8782464354,369555.34668316675,529869.1674248305,668932.1278063392,585259.1801092091,785157.7912036343,49324.52491467062,49119.41095776287,49487.344137747736,120.72255041054859,120.22053077537643,121.12105301953949,0.0001621481454785548,7.055963479384576e-05,0.0003070617438435208,0.0002183173673220053,9.96702461423444e-05,0.00040029050060359106,1.22860517357659,1.0638226669276227,1.4544668493704593
shared_fee_8131_8279,full_multiscale_60d,4.5,4.5,9086555.0,450000000.0,863428303.1674209,450000000.0,execution,fully_optimized,"Floor- and state-growth-adjusted: derived F, matched CPSB",True,True,325000000.0,162500000.0,40,40,3315.0,1.5887467517058966,12.25534972884137,True,0.5,32,7200,50400,8,1.4479558695732846,1530.0,5.656315259465248,0.11295316038895495,546679.689618995,False,state,68475068.27357122,162500000.00000888,62815082.50343228,5659985.770138943,2.5284371408602717,49019.60784313994,119.9762610828241,45416647.99813288,41543509.07616058,49043989.970883414,3929625.5017558965,3336289.4127697344,4793783.285641481,13369886.26425926,13326850.895291397,13406142.201531297,65761302.04524036,60153167.80949713,71013533.14563513,6243179.751335332,5300518.967288702,7616107.623444945,163852632.0033158,163325218.5059063,164296961.1943312,72004481.79657568,65503607.72310976,78065393.09995146,164949017.18613315,164775314.00729275,165143627.8477118,1.0150708749915887,1.0140019323525706,1.016268479062842,990755.940774303,431859.5157376662,1877310.9727815837,0.06127094656382971,0.05919374746779133,0.06352201521197262,0.08234809027777779,0.07515575396825397,0.09204365079365079,0.08757006448412699,0.08037996031746032,0.0971984126984127,0.0,0.0,0.0,0.39997328788447917,0.38349203351825445,0.4193770186556454,11768509.408807697,9476231.256981375,14554566.768256323,0.039899553571428575,0.029077380952380952,0.05620337301587301,236092.1918101032,218411.28290009376,252238.48958577463,443863.6195683613,376844.4331445521,541472.9723329536,679955.8113784646,594483.1401898103,799312.3798539583,49427.641629959515,49268.54253571835,49561.67758501696,120.97493019284084,120.585532657679,121.30298530070536,0.0001609935316878678,7.017472732730607e-05,0.0003050642918353101,0.00021318292105912255,9.725919405949235e-05,0.0003900116572078576,1.2320914963535026,1.0657782118884964,1.456733750197
shared_fee_8131_8279,full_multiscale_60d,4.5,4.5,9086555.0,450000000.0,863428303.1674209,450000000.0,execution,fully_optimized,"Floor- and state-growth-adjusted: derived F, matched CPSB",True,True,350000000.0,175000000.0,40,40,3570.0,1.5887467517058966,13.198068938752245,True,0.5,32,7200,50400,8,1.4479558695732846,1530.0,5.656315259465248,0.11295316038895495,507631.14036054903,False,state,69138696.52658723,175000000.0000034,63381633.9279308,5757062.598656428,2.5284371408601825,49019.607843138205,119.97626108281985,45849679.22143952,41933607.73333509,49524503.62346283,4002064.8556926604,3396360.664340175,4887125.738509521,13389564.488022894,13355970.927588718,13420999.296103572,66388312.14673572,60718013.44986653,71709295.70929568,6358267.539598041,5395956.973092139,7764405.14223524,176716395.17278022,176273025.04627243,177131273.93690565,72746579.6863338,66164921.33812063,78897687.19950517,177647820.66075313,177459400.81459668,177857016.01741344,1.0151304037757323,1.0140537189405525,1.016325805813791,915196.2557567139,399513.6033882305,1734635.210427388,0.06139267138055221,0.059305981007853205,0.06364216305040114,0.08300657242063492,0.07564583333333334,0.09268650793650793,0.08824962797619047,0.08103571428571428,0.09779265873015873,0.0,0.0,0.0,0.40082025617398087,0.38420853247243225,0.4203251569456562,12784511.394669984,10278267.828083355,15788862.625981705,0.032357390873015875,0.023436507936507936,0.04518154761904762,238057.51658704513,220182.18814409518,254446.00150777254,452045.8735320529,383629.67085795343,552016.2973828558,690103.390119098,603042.9537297786,812144.4751273121,49500.39080470034,49376.19749195307,49616.60334367105,121.15298494207906,120.84901985605495,121.43741695877864,0.00016015503053201855,6.991244838601704e-05,0.00030356238769244895,0.00020895075022608033,9.52538587384008e-05,0.00038163766143341015,1.2344903213424139,1.067148817912819,1.4593726753784781
shared_fee_8131_8279,full_multiscale_60d,4.5,4.5,9086555.0,450000000.0,863428303.1674209,450000000.0,execution,fully_optimized,"Floor- and state-growth-adjusted: derived F, matched CPSB",True,True,375000000.0,187500000.0,50,50,3825.0,1.7634340839660732,14.14078814866312,True,0.5,32,7200,50400,8,1.4479558695732846,1530.0,5.656315259465248,0.11295316038895495,473789.064336578,False,state,70252151.54560682,187499999.99999493,63913672.78596637,6338478.759640455,2.528437140860065,49019.60784313593,119.97626108281428,46249636.22931601,42295813.94596067,49963529.87464287,3972801.3215195993,3370778.56197514,4853652.596631875,13402348.083548788,13374871.90156524,13430907.4639063,66967432.24386744,61242472.0614331,72344986.34658945,7005773.259193109,5944145.805689096,8559096.420631066,189519764.94408765,189131230.0755239,189923617.091378,73973205.50306056,67242864.44217704,80269178.16999228,190344978.19272423,190142075.95271876,190569876.7370431,1.0151732170278627,1.0140910717478333,1.0163726759308966,851111.6378566895,371975.91633156233,1613344.091421653,0.0614799094272544,0.059387420317485416,0.06372815834078215,0.0834468005952381,0.07598313492063492,0.09304166666666666,0.08874193948412698,0.08140773809523809,0.09825,0.0,0.0,0.0,0.4015038195702154,0.38483676669805333,0.42104697106152345,13778688.327187574,11065723.00790714,16996579.064117737,0.027488219246031745,0.019633928571428573,0.038660714285714284,239859.19655694676,221815.2603565128,256439.77312358812,448740.4648630555,380740.0915464289,548235.4002196279,688599.6614200023,601787.1122701074,810411.4968865225,49547.65096577455,49446.07322235919,49653.23322650405,121.2686549295257,121.02004180509594,121.52706917305724,0.00015957911604090114,6.974306374584209e-05,0.00030250322988055304,0.00020572685848154422,9.374468518076495e-05,0.00037524802996103393,1.235958693162991,1.0679667597488496,1.4612202221952455
shared_fee_8131_8279,full_multiscale_60d,4.5,4.5,9086555.0,450000000.0,863428303.1674209,450000000.0,execution,fully_optimized,"Floor- and state-growth-adjusted: derived F, matched CPSB",True,True,400000000.0,200000000.0,50,50,4080.0,1.7634340839660732,15.083507358573994,True,0.5,32,7200,50400,8,1.4479558695732846,1530.0,5.656315259465248,0.11295316038895495,444177.2478155956,False,state,70848454.48868498,199999999.99998647,64415404.01753994,6433050.471145039,2.5284371408599626,49019.60784313394,119.97626108280942,46625834.19760958,42636528.58043309,50376579.855745375,4034910.3614806607,3422834.988048749,4932355.553210895,13413494.949215926,13388648.238774553,13439383.62488249,67512150.3001796,61735811.81626788,72943064.49115328,7115298.457182888,6035943.881716784,8697883.896771383,202322549.77067563,201947774.2308982,202713041.80059367,74627448.75736247,67828703.08051643,80994985.48055752,203042501.2526174,202825081.4749701,203283206.46761113,1.015212506263087,1.0141254073748507,1.0164160323380558,795415.5371044622,348032.87724226865,1507936.0540777887,0.06155984411426432,0.05946280829856485,0.06380622419137319,0.08384486607142858,0.07620734126984127,0.09332738095238095,0.08916356646825398,0.08168353174603174,0.09856646825396825,0.0,0.0,0.0,0.4021788608805217,0.3854830125130298,0.42172511902540083,14774548.394999176,11851569.807992501,18212469.431870863,0.023245907738095237,0.016634920634920634,0.032612103174603176,241551.6651103426,223350.69708369212,258313.00083507513,455755.87721538125,386620.0293899971,557125.1478971827,697307.5423257239,609195.8737437341,821234.03567994,49588.86023791069,49497.003487965245,49684.56906877296,121.36951527113959,121.14469443110066,121.60376413980065,0.00015907879523390078,6.960416758110917e-05,0.0003015884116057496,0.0002026390453454587,9.226122237476357e-05,0.00036923805423237714,1.237242794473879,1.0686513538344724,1.462838571200186
shared_fee_8131_8279,full_multiscale_60d,4.5,4.5,9086555.0,450000000.0,863428303.1674209,450000000.0,execution,fully_optimized,"Floor- and state-growth-adjusted: derived F, matched CPSB",True,True,425000000.0,212500000.0,50,50,4335.0,1.7634340839660732,16.02622656848487,True,0.5,32,7200,50400,8,1.4479558695732846,1530.0,5.656315259465248,0.11295316038895495,418049.17441461334,False,state,71413466.93653823,212499999.99999672,64890295.112177975,6523171.8243602635,2.528437140860094,49019.6078431365,119.97626108281568,46979620.01466983,42957497.60082314,50763650.884754896,4093623.39115428,3472221.8911213935,5006371.67502649,13422065.30171302,13399394.904536992,13445374.387328109,68024416.55056384,62200560.79329199,73503526.25955081,7218835.014882245,6123034.429896613,8828406.448744094,215105059.5422333,214741738.62069303,215478616.2294044,75243251.56544614,68381119.42737687,81675504.59516731,215739527.69431162,215507554.27885816,215996096.61468697,1.0152448362085253,1.0141531966063912,1.0164522193632326,746760.6246644326,327067.4638010527,1415733.2888292337,0.061625803213678804,0.05952465332049055,0.06387046683065642,0.08416356646825397,0.07641269841269842,0.0935515873015873,0.08949280753968253,0.0818779761904762,0.09886507936507936,0.0,0.0,0.0,0.4027561559756872,0.38604909899477585,0.4222912400241124,15763453.458553286,12630990.355033236,19424785.729434323,0.019964657738095238,0.014123015873015872,0.027896825396825396,243138.54443375216,224792.19812148748,260060.57276112103,462387.699473027,392198.4361738753,565485.5027759882,705526.2439067792,616202.6981191271,831394.9081598829,49620.54430039984,49536.73324583461,49706.71654657541,121.4470625123482,121.24193363827966,121.65797044001535,0.0001586823192163099,6.949944016717359e-05,0.0003008445054222188,0.00019995515218886945,9.096373099088562e-05,0.00036404257512946366,1.2381866254524103,1.069155250335508,1.464017344838871
shared_fee_8131_8279,full_multiscale_60d,4.5,4.5,9086555.0,450000000.0,863428303.1674209,450000000.0,execution,fully_optimized,"Floor- and state-growth-adjusted: derived F, matched CPSB",True,True,450000000.0,225000000.0,50,50,4590.0,1.7634340839660732,16.968945778395742,True,0.5,32,7200,50400,8,1.4479558695732846,1530.0,5.656315259465248,0.11295316038895495,394824.2202804984,False,state,71950536.9063426,224999999.9999907,65341240.410287745,6609296.496054844,2.5284371408600292,49019.60784313523,119.97626108281257,47313939.70027158,43261155.942328125,51128492.426257245,4149397.3398001026,3519214.0896641947,5076284.035727986,13428791.982617747,13408117.93152326,13449536.278751055,68508496.70164482,62640244.67121924,74031800.71103221,7317188.696921643,6205902.074487439,8951692.288495455,227872443.02237564,227521626.17033505,228224451.85867622,75825685.3985666,68904223.08833063,82317312.38362876,228436160.34375972,228189701.05312175,228708596.68896636,1.015271823750043,1.0141764491249856,1.0164826519509618,703851.615830305,308538.25600234314,1334378.9341337767,0.06168090782070357,0.059576386959084335,0.0639242613553814,0.08441964285714286,0.07657738095238095,0.09371428571428571,0.08973152281746032,0.08198511904761904,0.09906349206349206,0.0,0.0,0.0,0.40324702684535685,0.3865474418346235,0.42276437855718885,16746964.862058446,13406104.179427942,20627536.50789698,0.017456597222222224,0.012214285714285714,0.024802579365079364,244634.7168747406,226152.64657947767,261702.37988581607,468687.54323994403,397506.35351290985,573382.3248674747,713322.2601146847,622859.6719764789,840982.6614592273,49645.41242317551,49568.98173645644,49722.102801454515,121.50792763392,121.32086232621923,121.6956285407976,0.00015836229995971695,6.941871938411438e-05,0.0003002364232490486,0.00019759636022303936,8.981672369802414e-05,0.00035949362251811974,1.238898809186498,1.0695091287618217,1.4648765082800594
shared_fee_8131_8279,full_multiscale_60d,5.0,4.0,10242311.0,400000000.0,973251271.4932127,400000000.0,execution,fully_optimized,"Floor- and state-growth-adjusted: derived F, matched CPSB",True,True,50000000.0,25000000.0,40,40,510.0,1.5887467517058966,1.8854384198217493,True,0.5,32,7200,50400,8,1.4479558695732846,1530.0,5.656315259465248,0.11295316038895495,1495122567.2146773,False,regular,24999999.99999956,3305572.28824763,24079297.73687559,920702.263123971,0.3343172698161331,6481.514290681627,15.863608155316967,16785587.185780264,16676734.368104044,16870642.10807968,580759.2001742837,511075.72190601303,690157.2960513015,1842167.786016746,1494043.1072237762,2304858.550207267,24304789.489884656,24147175.413610782,24427945.263864107,922679.2928002089,811969.8930539315,1096485.16226763,3473293.919513944,2816926.27522953,4345668.8628154835,25227468.78268487,25150447.035666976,25265899.21465358,25260653.87924298,25240398.429876707,25288692.045852717,1.0104261551697191,1.0096159371950684,1.0115476818341087,2790126255.280221,1314720732.8765578,6467352591.825875,0.05082529728361205,0.04875838181903925,0.052970580085638,0.027348710317460317,0.021439484126984126,0.0339156746031746,0.03316840277777777,0.02645535714285714,0.04098809523809523,0.0,0.0,0.0,0.31717620003351343,0.3003318179093851,0.33386794205254194,99058.00482673723,68704.85105976765,130238.60222742966,0.996352306547619,0.9915089285714286,0.9994335317460318,79253.87307668888,78141.85080300429,80495.62626615034,65598.58708464706,57727.61798735082,77955.44775449013,144852.46016133594,137383.95710633614,156073.93868107168,6810.380234341067,5523.384853391235,8520.91933885389,16.668512724198703,13.518571289919471,20.85508408258485,0.06975335342565372,0.032865577464027615,0.1616818306343116,0.07706851668646307,0.036957916235035325,0.17575692101957163,1.0893468714853545,0.8347604398354044,1.4581425363467662
shared_fee_8131_8279,full_multiscale_60d,5.0,4.0,10242311.0,400000000.0,973251271.4932127,400000000.0,execution,fully_optimized,"Floor- and state-growth-adjusted: derived F, matched CPSB",True,True,75000000.0,37500000.0,40,40,765.0,1.5887467517058966,2.828157629732624,True,0.5,32,7200,50400,8,1.4479558695732846,1530.0,5.656315259465248,0.11295316038895495,59701321.94696217,False,regular,37500000.000000075,12727502.086399864,35572094.90579661,1927905.094203467,0.8581517062834202,16637.25762928087,40.71994968666707,24565575.512475304,24228479.330186892,24833735.734740697,1191428.5438715415,1060456.9361991314,1422388.5881943868,4450266.124402418,3657695.457224498,5469821.663456572,35569869.25273433,35081768.8569794,35958153.42054953,1892878.228965597,1684797.5127103443,2259815.2491573365,12586054.094069343,10344539.31458791,15469517.870781343,37462747.48169993,37055611.72672183,37722739.094623074,37895887.78648057,37863701.25509422,37940961.75321091,1.0105570076394819,1.009698700135846,1.0117589800856244,116558801.05102178,54813109.21469209,261765008.1594638,0.05115919809382531,0.04903214026767186,0.05345681152588271,0.028511904761904763,0.02264285714285714,0.03477876984126984,0.03438802083333333,0.027775793650793648,0.0418968253968254,0.0,0.0,0.0,0.31950984931045023,0.303316908198984,0.3374449156518919,192088.26588815294,118341.57005827059,297133.7668127302,0.9675378224206349,0.9390208333333333,0.9842400793650794,120576.67374729304,118642.6252029408,122488.20411404927,134575.6194079013,119781.96240008026,160663.28633773976,255152.29315519432,240594.27186199286,279745.68875331245,16452.358292901103,13522.273613840403,20221.59198794947,40.26740565313408,33.09597732235918,49.49266439707131,0.004370965476711446,0.00205531687957187,0.009816134409592418,0.005543642811129476,0.0026997818668483644,0.012022823605627325,1.0456093132858433,0.8017796985551955,1.402063306310151
shared_fee_8131_8279,full_multiscale_60d,5.0,4.0,10242311.0,400000000.0,973251271.4932127,400000000.0,execution,fully_optimized,"Floor- and state-growth-adjusted: derived F, matched CPSB",True,True,100000000.0,50000000.0,40,40,1020.0,1.5887467517058966,3.7708768396434986,True,0.5,32,7200,50400,8,1.4479558695732846,1530.0,5.656315259465248,0.11295316038895495,6244364.927759717,False,regular,50000000.00000078,32822913.71540736,46763423.50596405,3236576.494036737,1.659813482185669,32179.327171968,78.75940930837012,31242822.5295078,30389071.061726008,31900214.901360337,1879973.274599548,1682260.0072168973,2262378.6084859883,7516701.446601255,6433007.823297623,8732764.85506282,45238228.263637364,44002033.81470561,46190103.40707357,2986801.4333139323,2672685.1219905936,3594346.6653609984,28344555.395503227,24258080.210118398,32930180.73800818,48225029.6969512,46886544.072538584,49245178.57220594,50547997.44315736,50502123.72528315,50606655.46419483,1.010959948863147,1.010042474505663,1.0121331092838965,16012205.853793144,7805781.502536142,33038617.80973469,0.05218620562312756,0.04996692495321355,0.05470391609612309,0.032257564484126984,0.025813492063492063,0.04052579365079365,0.038410838293650794,0.03166369047619048,0.047968253968253965,0.0,0.0,0.0,0.32778874071192915,0.3101164422974268,0.3477119922466673,621048.9434342426,329060.18008055293,1009043.7524564101,0.8768756200396826,0.8121994047619048,0.9257777777777778,158188.1589854958,155797.23119857116,161127.5427974584,212348.9228127916,190016.58441109472,255542.81382485855,370537.0817982874,349430.9446821591,413190.8096313107,27788.77979951297,23782.431578547446,32284.490919615862,68.0134755681456,58.207875293141875,79.01679923455275,0.0008006073967651911,0.00039026758186211266,0.0016519267301898786,0.001172414959089978,0.0005885974161300094,0.0023346326234825175,1.0468454490937065,0.770437745584573,1.5188672680823219
shared_fee_8131_8279,full_multiscale_60d,5.0,4.0,10242311.0,400000000.0,973251271.4932127,400000000.0,execution,fully_optimized,"Floor- and state-growth-adjusted: derived F, matched CPSB",True,True,125000000.0,62500000.0,40,40,1275.0,1.5887467517058966,4.713596049554373,True,0.5,32,7200,50400,8,1.4479558695732846,1530.0,5.656315259465248,0.11295316038895495,1421367.1930095186,False,state,60493730.18107627,62500000.00000148,55948154.265304595,4545575.915771676,2.5284371408601936,49019.607843138416,119.97626108282037,36120831.67862791,34307888.822747655,37596640.79922694,2486503.8764363714,2201444.913105167,3016071.939487009,10066136.52959169,9010543.486684177,11037041.658013117,52301370.24293779,49676308.9935651,54438276.72147937,3950424.956792405,3497538.454755285,4791774.496771314,47447701.38015711,42472062.18317106,52024155.95797589,56251795.19973031,53332982.13709678,58438259.171479546,63243612.50313462,63188371.33345438,63316127.98627033,1.011897800050154,1.0110139413352701,1.0130580477803253,5300160.059715424,2567500.193682222,10692599.810397064,0.054422156977512674,0.052331600925524704,0.057042473534038275,0.040211433531746034,0.03250694444444444,0.049534722222222216,0.04605654761904762,0.03853373015873016,0.05496031746031746,0.0,0.0,0.0,0.34690575473966606,0.32973637978330844,0.37064185674159356,1652334.7866637367,1050248.9458584806,2438372.880930286,0.7168607390873016,0.6121755952380953,0.8045248015873016,186428.94431554968,180215.1868780842,191268.516671242,280858.47116287565,248660.1603574169,340674.8575255025,467287.41547842533,435246.9334719414,527608.9777885121,37213.883435417345,33311.42132013417,40803.25957488305,91.08156493704466,81.53022753942068,99.86661948523731,0.00033125534911759526,0.0001604570549596565,0.0006682902245052266,0.0005186284782050373,0.00026221544572108693,0.0010270418840947983,1.1622499603270402,0.8488612517751292,1.5945532239384106
shared_fee_8131_8279,full_multiscale_60d,5.0,4.0,10242311.0,400000000.0,973251271.4932127,400000000.0,execution,fully_optimized,"Floor- and state-growth-adjusted: derived F, matched CPSB",True,True,150000000.0,75000000.0,40,40,1530.0,1.5887467517058966,5.656315259465248,True,0.5,32,7200,50400,8,1.4479558695732846,1530.0,5.656315259465248,0.11295316038895495,1184472.6608413283,False,state,61937595.20186268,75000000.00000046,57197805.08629793,4739790.115564752,2.528437140860149,49019.60784313756,119.97626108281827,39222582.557115264,36591873.494561225,41543629.3366502,2927361.8243098985,2575965.807601916,3550667.6987891244,11679125.941473417,10898649.458524527,12273248.397138482,56792568.63339778,52983418.005133085,60153341.94138001,4650836.5894402005,4092557.3093329733,5641111.772838234,66060818.27996893,61646197.239811055,69421362.19193693,61443405.22283795,57146353.5329639,64853954.7938563,75971188.07228805,75899310.78665815,76063874.74928091,1.012949174297174,1.0119908104887754,1.0141849966570788,3004050.054196685,1399624.8606242149,5698411.567448127,0.0567873632807077,0.054798629006318586,0.05936159341129574,0.05229724702380953,0.042962301587301584,0.06327480158730159,0.057171378968253965,0.0477172619047619,0.06801289682539682,0.0,0.0,0.0,0.3669997535861659,0.35002882804297875,0.39042571240900686,3162324.741317883,2268297.76306579,4291948.59765222,0.5140804811507936,0.40011111111111114,0.6237628968253968,204335.40739129158,193677.85784974645,213309.25640715266,330654.7696577798,290963.4790225231,401059.1380692096,534990.1770490713,487699.9128969621,605922.9227224638,43177.005411744394,40291.63218288304,45373.43934113524,105.67639975069488,98.61440339741915,111.05220633419549,0.00022529909690619684,0.0001049694902539798,0.00042737911578337077,0.0003515220624289926,0.00017148283515552602,0.000642286607304498,1.0692317594310135,0.8822451196248502,1.331965608620116
shared_fee_8131_8279,full_multiscale_60d,5.0,4.0,10242311.0,400000000.0,973251271.4932127,400000000.0,execution,fully_optimized,"Floor- and state-growth-adjusted: derived F, matched CPSB",True,True,175000000.0,87500000.0,40,40,1785.0,1.5887467517058966,6.5990344693761225,True,0.5,32,7200,50400,8,1.4479558695732846,1530.0,5.656315259465248,0.11295316038895495,1015262.2807211468,False,state,63186576.6606963,87500000.00000028,58276121.01656001,4910455.644136288,2.5284371408601416,49019.60784313741,119.97626108281791,41084389.3771691,37937649.11761908,43949348.814359635,3216274.008502528,2788403.3554677106,3882177.071501333,12515659.84774585,12029692.409404479,12837052.41104351,59488382.74650628,54932041.71766861,63636717.57967517,5109844.883604488,4430066.773445111,6167796.211894814,82591270.74225609,79384354.8656472,84712151.3456574,64598227.630110696,59411232.53141562,68862971.99783564,88700693.93145618,88618957.60816446,88809205.00411183,1.0137222163594992,1.0127880869504509,1.014962342904135,2188034.5999595746,964909.5584696057,4220498.591608836,0.05846558078806451,0.05659180012190486,0.06093287035582801,0.06365451388888889,0.05591666666666666,0.07431150793650793,0.06837301587301588,0.060649801587301586,0.07906448412698412,0.0,0.0,0.0,0.38087804992660634,0.36458075429297476,0.40245773086593667,4733492.359969452,3648450.2695117365,6037112.331952549,0.33313554067460316,0.24597420634920636,0.44121031746031747,214733.73947448866,201073.13972394427,226838.84941342517,363288.3139372131,314958.9714392445,438504.1694156135,578022.0534117017,516648.72217350657,654472.4357593465,46269.61946344879,44473.02793593681,47457.787868715626,113.24562127696669,108.848435260022,116.15368213409994,0.00019144843903880774,8.442643828228553e-05,0.0003692907743235581,0.00029080181790064184,0.0001357424845986896,0.0005411728754871546,1.1254002307633746,0.9864626394265755,1.362011039935443
shared_fee_8131_8279,full_multiscale_60d,5.0,4.0,10242311.0,400000000.0,973251271.4932127,400000000.0,execution,fully_optimized,"Floor- and state-growth-adjusted: derived F, matched CPSB",True,True,200000000.0,100000000.0,40,40,2040.0,1.5887467517058966,7.541753679286997,True,0.5,32,7200,50400,8,1.4479558695732846,1530.0,5.656315259465248,0.11295316038895495,888354.4956312402,False,state,64289871.04190508,99999999.9999914,59226618.930732764,5063252.111172316,2.528437140859916,49019.60784313304,119.97626108280721,42279298.696041726,38848543.80095977,45423504.8564962,3410144.6717855353,2930429.736526905,4117224.014568895,12921048.119084641,12632988.425105741,13104575.28660564,61218558.70837579,56250977.02097514,65771230.47355496,5417856.27014644,4655710.72500947,6541226.279191887,97447362.19234374,95274886.93542436,98831478.88324383,66636414.978522174,60948176.87552157,71579393.69607098,101422119.78961825,101327522.49140735,101545846.73566501,1.0142211978961826,1.0132752249140735,1.0154584673566502,1774180.3391737666,771284.7235124159,3399640.823237595,0.05952122492090392,0.05766031040068808,0.061886668344534455,0.07117125496031745,0.06366964285714286,0.08109722222222222,0.07598462301587301,0.06831746031746032,0.08653075396825397,0.0,0.0,0.0,0.3889893684102662,0.37350600585678756,0.40932197079991195,6151780.520441156,4907396.393792867,7685409.08784406,0.2102486359126984,0.15415079365079365,0.29333035714285716,221064.95170573005,205739.12191153257,234790.95301454447,385186.6180617317,331001.3000384865,465053.46447485744,606251.5697674619,536180.0536038156,697015.2448169427,47768.314800168504,46703.375948737434,48446.803374139134,116.91370168220514,114.30724709600393,118.5743131369703,0.00017741356868744278,7.712566929088972e-05,0.00033996092199386823,0.000261680913324346,0.00012039818660630859,0.0004871794027889796,1.1727301847401546,1.0269272369792204,1.4014479344000859
shared_fee_8131_8279,full_multiscale_60d,5.0,4.0,10242311.0,400000000.0,973251271.4932127,400000000.0,execution,fully_optimized,"Floor- and state-growth-adjusted: derived F, matched CPSB",True,True,225000000.0,112500000.0,40,40,2295.0,1.5887467517058966,8.484472889197871,True,0.5,32,7200,50400,8,1.4479558695732846,1530.0,5.656315259465248,0.11295316038895495,789648.4405610375,False,state,65279847.241121516,112499999.99999341,60077877.415590666,5201969.8255308485,2.5284371408599857,49019.607843134385,119.9762610828105,43143847.37117395,39552802.9856624,46443319.384839505,3552665.5937517574,3036833.0514505785,4305011.585836081,13124439.612921098,12948430.983074903,13241460.457644131,62470387.03706531,57270713.24116585,67247876.90574475,5644285.921970397,4824758.645965228,6839573.173053253,111353952.08173451,109860611.63353948,112346812.26625796,68114672.95903555,62137085.083235264,73479227.40399045,114135604.79193525,114023832.51053213,114273500.79500282,1.0145387092616467,1.0135451778713966,1.0157644515111361,1514377.2241370156,656368.0620929659,2874744.878087836,0.0601818911711066,0.0582347079684116,0.06246979671051455,0.07575024801587302,0.06790476190476191,0.08487103174603174,0.08065290178571428,0.07262400793650793,0.09047123015873017,0.0,0.0,0.0,0.3935309327628572,0.3777317360919782,0.4130924192919115,7415959.816378041,5986341.127582503,9194248.507579215,0.13646205357142857,0.09797420634920635,0.19489781746031745,225412.23944791086,209168.16337482215,240016.8327713241,401284.8066193642,343019.8907349767,486264.66413125215,626697.0460672751,551352.3811206156,727454.7126922337,48520.24055848998,47869.547552740514,48952.859375275795,118.75405180054872,117.16147043612048,119.81289315803423,0.00017036303669856095,7.383874130136766e-05,0.00032340550243774416,0.0002445676389649,0.00011191806367820379,0.00045354091053691924,1.199685910050925,1.0489595669977347,1.427265532222265
shared_fee_8131_8279,full_multiscale_60d,5.0,4.0,10242311.0,400000000.0,973251271.4932127,400000000.0,execution,fully_optimized,"Floor- and state-growth-adjusted: derived F, matched CPSB",True,True,250000000.0,125000000.0,40,40,2550.0,1.5887467517058966,9.427192099108746,True,0.5,32,7200,50400,8,1.4479558695732846,1530.0,5.656315259465248,0.11295316038895495,710683.5965047226,False,state,66178990.63436253,125000000.00000511,60849716.328567326,5329274.3057952095,2.528437140860237,49019.60784313926,119.97626108282243,43835233.683210865,40142492.60896995,47233947.089729905,3667058.797116993,3124317.5730772438,4453621.72377015,13235059.778214192,13122222.649501545,13315165.419479493,63471483.90572165,58124557.79246063,68392670.93168838,5826027.752234148,4963749.395524163,7075677.04696667,124769450.97240199,123705713.6841181,125524622.24083173,69297511.65795566,63133204.07464266,74928925.49238853,126843415.77086593,126715321.5546963,126995463.47483137,1.0147473261669275,1.0137225724375705,1.015963707798651,1330662.2004435207,577037.5308625908,2511302.804208225,0.06061106923858673,0.0586073626283817,0.0628615777464557,0.07852554563492063,0.07149107142857143,0.08781349206349207,0.08353980654761906,0.07600099206349206,0.09337599206349206,0.0,0.0,0.0,0.39616732767938934,0.38041081575108254,0.415363171579986,8577440.56831388,6938682.985599193,10639424.988906678,0.09355344742063493,0.06649801587301588,0.13492757936507938,228753.85173053265,211954.6193635085,243880.38641149804,414205.88046648394,352901.54393782443,503050.6488767438,642959.7321970167,564046.8885840093,750443.5934752069,48929.19645976549,48512.044582007096,49225.34205522813,119.75497780019762,118.73399201921622,120.47979880230457,0.00016632841848120635,7.21271186519824e-05,0.00031391412746317694,0.00023309468412421004,0.00010648375305877687,0.000430527635823835,1.21459643238292,1.0565318600578406,1.441645879830247
shared_fee_8131_8279,full_multiscale_60d,5.0,4.0,10242311.0,400000000.0,973251271.4932127,400000000.0,execution,fully_optimized,"Floor- and state-growth-adjusted: derived F, matched CPSB",True,True,275000000.0,137500000.0,40,40,2805.0,1.5887467517058966,10.36991130901962,True,0.5,32,7200,50400,8,1.4479558695732846,1530.0,5.656315259465248,0.11295316038895495,646075.9968224195,False,state,67003585.389599904,137500000.00000963,61556468.40547501,5447116.984124889,2.5284371408603104,49019.607843140686,119.97626108282593,44424313.89960687,40658233.54962957,47921697.32196027,3764650.308145428,3201666.017554887,4577351.458149972,13300531.743973667,13225153.783137556,13358559.404785598,64324446.06270192,58871327.914667934,69388502.91724682,5981075.948374641,5086636.485437455,7272252.260551916,137925334.54779527,137143671.77927005,138527076.24388397,70305522.01107639,64005090.39097486,76121018.3641371,139547495.35508445,139403735.71256605,139713575.43100578,1.014890875309705,1.013845350636844,1.0160987304073146,1191384.2205848966,517500.01698406565,2253446.6357347164,0.06090429556040433,0.05886363265262257,0.06315642407620853,0.08030443948412698,0.07329960317460317,0.0898888888888889,0.0854048859126984,0.07796329365079366,0.09532638888888889,0.0,0.0,0.0,0.39783619262767733,0.3818078321472391,0.41697394336859617,9676576.14974138,7821208.340388681,11995824.199069485,0.06740451388888889,0.048398809523809525,0.09715178571428572,231526.64873949662,214353.7304102712,247009.64755041015,425229.1500642792,361638.2951927438,517026.3134090306,656755.7988037758,575201.1914577552,769158.1921073396,49171.24226302862,48892.57460936543,49385.76693186595,120.34738871011808,119.66534524542499,120.87244121073158,0.00016381100945010555,7.11537441101199e-05,0.00030985020264020775,0.00022473710147151245,0.00010264902465544842,0.0004133071498537468,1.2232636937989776,1.0609671272654446,1.4496672255656575
shared_fee_8131_8279,full_multiscale_60d,5.0,4.0,10242311.0,400000000.0,973251271.4932127,400000000.0,execution,fully_optimized,"Floor- and state-growth-adjusted: derived F, matched CPSB",True,True,300000000.0,150000000.0,40,40,3060.0,1.5887467517058966,11.312630518930495,True,0.5,32,7200,50400,8,1.4479558695732846,1530.0,5.656315259465248,0.11295316038895495,592236.3304206335,False,state,67765820.60292898,150000000.0000035,62208847.813166834,5556972.789762143,2.5284371408601922,49019.607843138394,119.97626108282032,44945231.42020549,41121079.81919452,48515167.432207495,3851117.3724446855,3271757.47372274,4691052.163571364,13341993.79943809,13286511.680837251,13386035.441369463,65078711.64421615,59541508.887394205,70247821.44679615,6118450.21590964,5197994.05874652,7452893.886956844,150933046.2388921,150305397.53075436,151431273.06150806,71197161.86012587,64788209.38107824,77149380.01309948,152249049.7359351,152090182.0355628,152429309.67289266,1.014993664906234,1.013934546903752,1.0161953978192844,1081016.4179260768,470414.05919989425,2047069.811699186,0.06111407722408656,0.059049615893334996,0.06336612765425127,0.08146329365079365,0.07442361111111111,0.09098710317460318,0.08664558531746032,0.07936607142857142,0.09650496031746032,0.0,0.0,0.0,0.39901766702436,0.3827480714734781,0.4182733937113958,10735343.190939538,8659694.327065526,13294153.941783046,0.05081349206349206,0.03690773809523809,0.0722906746031746,233936.2495599039,216483.12774400876,249781.73347487889,434995.8782464354,369555.34668316675,529869.1674248305,668932.1278063392,585259.1801092091,785157.7912036343,49324.52491467062,49119.41095776287,49487.344137747736,120.72255041054859,120.22053077537643,121.12105301953949,0.0001621481454785548,7.055963479384576e-05,0.0003070617438435208,0.0002183173673220053,9.96702461423444e-05,0.00040029050060359106,1.22860517357659,1.0638226669276227,1.4544668493704593
shared_fee_8131_8279,full_multiscale_60d,5.0,4.0,10242311.0,400000000.0,973251271.4932127,400000000.0,execution,fully_optimized,"Floor- and state-growth-adjusted: derived F, matched CPSB",True,True,325000000.0,162500000.0,40,40,3315.0,1.5887467517058966,12.25534972884137,True,0.5,32,7200,50400,8,1.4479558695732846,1530.0,5.656315259465248,0.11295316038895495,546679.689618995,False,state,68475068.27357122,162500000.00000888,62815082.50343228,5659985.770138943,2.5284371408602717,49019.60784313994,119.9762610828241,45416647.99813288,41543509.07616058,49043989.970883414,3929625.5017558965,3336289.4127697344,4793783.285641481,13369886.26425926,13326850.895291397,13406142.201531297,65761302.04524036,60153167.80949713,71013533.14563513,6243179.751335332,5300518.967288702,7616107.623444945,163852632.0033158,163325218.5059063,164296961.1943312,72004481.79657568,65503607.72310976,78065393.09995146,164949017.18613315,164775314.00729275,165143627.8477118,1.0150708749915887,1.0140019323525706,1.016268479062842,990755.940774303,431859.5157376662,1877310.9727815837,0.06127094656382971,0.05919374746779133,0.06352201521197262,0.08234809027777779,0.07515575396825397,0.09204365079365079,0.08757006448412699,0.08037996031746032,0.0971984126984127,0.0,0.0,0.0,0.39997328788447917,0.38349203351825445,0.4193770186556454,11768509.408807697,9476231.256981375,14554566.768256323,0.039899553571428575,0.029077380952380952,0.05620337301587301,236092.1918101032,218411.28290009376,252238.48958577463,443863.6195683613,376844.4331445521,541472.9723329536,679955.8113784646,594483.1401898103,799312.3798539583,49427.641629959515,49268.54253571835,49561.67758501696,120.97493019284084,120.585532657679,121.30298530070536,0.0001609935316878678,7.017472732730607e-05,0.0003050642918353101,0.00021318292105912255,9.725919405949235e-05,0.0003900116572078576,1.2320914963535026,1.0657782118884964,1.456733750197
shared_fee_8131_8279,full_multiscale_60d,5.0,4.0,10242311.0,400000000.0,973251271.4932127,400000000.0,execution,fully_optimized,"Floor- and state-growth-adjusted: derived F, matched CPSB",True,True,350000000.0,175000000.0,40,40,3570.0,1.5887467517058966,13.198068938752245,True,0.5,32,7200,50400,8,1.4479558695732846,1530.0,5.656315259465248,0.11295316038895495,507631.14036054903,False,state,69138696.52658723,175000000.0000034,63381633.9279308,5757062.598656428,2.5284371408601825,49019.607843138205,119.97626108281985,45849679.22143952,41933607.73333509,49524503.62346283,4002064.8556926604,3396360.664340175,4887125.738509521,13389564.488022894,13355970.927588718,13420999.296103572,66388312.14673572,60718013.44986653,71709295.70929568,6358267.539598041,5395956.973092139,7764405.14223524,176716395.17278022,176273025.04627243,177131273.93690565,72746579.6863338,66164921.33812063,78897687.19950517,177647820.66075313,177459400.81459668,177857016.01741344,1.0151304037757323,1.0140537189405525,1.016325805813791,915196.2557567139,399513.6033882305,1734635.210427388,0.06139267138055221,0.059305981007853205,0.06364216305040114,0.08300657242063492,0.07564583333333334,0.09268650793650793,0.08824962797619047,0.08103571428571428,0.09779265873015873,0.0,0.0,0.0,0.40082025617398087,0.38420853247243225,0.4203251569456562,12784511.394669984,10278267.828083355,15788862.625981705,0.032357390873015875,0.023436507936507936,0.04518154761904762,238057.51658704513,220182.18814409518,254446.00150777254,452045.8735320529,383629.67085795343,552016.2973828558,690103.390119098,603042.9537297786,812144.4751273121,49500.39080470034,49376.19749195307,49616.60334367105,121.15298494207906,120.84901985605495,121.43741695877864,0.00016015503053201855,6.991244838601704e-05,0.00030356238769244895,0.00020895075022608033,9.52538587384008e-05,0.00038163766143341015,1.2344903213424139,1.067148817912819,1.4593726753784781
shared_fee_8131_8279,full_multiscale_60d,5.0,4.0,10242311.0,400000000.0,973251271.4932127,400000000.0,execution,fully_optimized,"Floor- and state-growth-adjusted: derived F, matched CPSB",True,True,375000000.0,187500000.0,40,40,3825.0,1.5887467517058966,14.14078814866312,True,0.5,32,7200,50400,8,1.4479558695732846,1530.0,5.656315259465248,0.11295316038895495,473789.064336578,False,state,69762607.7503409,187499999.99999493,63913672.78596637,5848934.964374529,2.528437140860065,49019.60784313593,119.97626108281428,46251583.527449064,42296934.47041575,49967355.95147148,4069627.3743454954,3452739.934629766,4973181.7449951265,13403979.594889358,13377018.994828701,13432006.219560418,66970251.84562893,61244094.53139477,72350526.3369908,6465607.2716448065,5485529.355628312,7901126.343004102,189542835.80031654,189161591.66649765,189939154.36231068,73435859.11727354,66781456.65241784,79664873.51294838,190345854.02052993,190142755.47933713,190570841.43559274,1.015177888109493,1.014094695889798,1.016377820989828,850811.3453814909,371885.7885835467,1612864.6404494308,0.061489586322902835,0.05939673376139305,0.06373747463664507,0.08349020337301588,0.07602083333333334,0.09307242063492063,0.08879340277777778,0.08141865079365079,0.09832738095238094,0.0,0.0,0.0,0.4015827765581106,0.3849240143507057,0.4211279119292258,13788528.29826153,11070283.398936152,17006989.160446543,0.02683655753968254,0.019372023809523808,0.0377688492063492,239871.88826343126,221824.788820588,256464.57660097757,459677.27353772835,389997.8876175858,561736.5952858573,699549.1618011596,611056.4400307181,823952.3969510501,49553.68256217426,49454.010893202,49657.29525812044,121.28341735656743,121.03946937931222,121.53701105931822,0.0001595228125025171,6.972616588505771e-05,0.0003024133202289652,0.00020538161319322962,9.355204510157131e-05,0.0003746423470919735,1.2361959538452512,1.0680842544584896,1.4615041647943157
shared_fee_8131_8279,full_multiscale_60d,5.0,4.0,10242311.0,400000000.0,973251271.4932127,400000000.0,execution,fully_optimized,"Floor- and state-growth-adjusted: derived F, matched CPSB",True,True,400000000.0,200000000.0,40,40,4080.0,1.5887467517058966,15.083507358573994,True,0.5,32,7200,50400,8,1.4479558695732846,1530.0,5.656315259465248,0.11295316038895495,444177.2478155956,False,state,70351606.57577027,199999999.99998647,64415404.01753994,5936202.558230327,2.5284371408599626,49019.60784313394,119.97626108280942,46627399.118345425,42637445.81636592,50379616.91334803,4133131.267950279,3506028.5457128678,5053435.1830215305,13414811.25729956,13390425.395355636,13440287.103059648,67514416.23634417,61737139.9334198,72947462.01653546,6566498.876330068,5570191.463389485,8028628.731981716,202342404.3133415,201974579.98526478,202726669.42032847,74080915.11267433,67359791.5363442,80379263.03502977,203043308.92657512,202825724.13784072,203284120.75501078,1.0152165446328754,1.0141286206892037,1.016420603775054,795179.9465141844,347966.15704881656,1507546.2167335427,0.06156818348533703,0.059470650441017354,0.06381413015294518,0.08388454861111111,0.07620734126984127,0.09333630952380952,0.08921006944444443,0.08172123015873016,0.09858829365079365,0.0,0.0,0.0,0.40225135893322883,0.3855615031905218,0.42180003988827935,14783294.336975146,11855503.262335759,18224756.702311818,0.022739335317460318,0.016293650793650794,0.03191468253968254,241561.8669608452,223358.56353838966,258332.70598625342,466850.2390173926,396017.00465216,570801.4747430189,708412.1059782379,618599.9471646671,834944.3092220413,49593.72654738762,49503.57352580019,49687.90917164914,121.38142564011241,121.16077470202269,121.61193909411683,0.00015903167901240098,6.959082765151494e-05,0.00030151042665616207,0.00020231895263551634,9.208180833401859e-05,0.0003686786623971799,1.237427491768533,1.0687359391182567,1.4630498573009834
shared_fee_8131_8279,full_multiscale_60d,3.0,6.0,5619286.0,600000000.0,533959303.1674208,533959303.1674208,transfer payload,proposal_faithful,"Proposal-faithful: F=64, CPSB=1530",False,False,50000000.0,25000000.0,40,64,1530.0,2.161501805529043,5.656315259465248,True,0.5,32,7200,50400,8,1.4479558695732846,1530.0,5.656315259465248,0.11295316038895495,1616044955.0430844,False,regular,25000000.000000708,6687851.184176778,23853463.050618015,1146536.9493826907,0.22546415102157322,4371.144564821424,10.698445063410981,16546440.306668289,16388487.501199182,16690701.388392564,525665.4018404109,465976.8145406435,626021.5204238404,1197972.0511411817,977968.0263163433,1488660.1629361883,23958515.362584323,23729806.670789637,24167399.04261811,1136226.7151821996,1007209.7259642719,1353146.6466961668,6776107.593282759,5531695.470522212,8420331.195774088,25094742.077766493,24923573.88275583,25210806.33632791,25262538.93053484,25241668.535349652,25292161.12580526,1.0105015572213936,1.0096667414139862,1.0116864450322103,3075015619.7018623,1446509068.8807626,7003806908.84776,0.05101625236670262,0.04894284894054113,0.05325149168471371,0.027788318452380955,0.021732142857142856,0.0337281746031746,0.033710937499999996,0.02676388888888889,0.04096626984126984,0.0,0.0,0.0,0.3186173351394078,0.30276196995165433,0.3360501447112437,109642.10925039167,69285.69676788485,149586.1800259147,0.9807614087301588,0.9599732142857142,0.9924811507936508,76497.16021385592,75726.5830501593,77306.27539167712,59375.56844500439,52633.55387034362,70711.10920337148,135872.72865886032,129361.13198683746,146499.15320092769,4428.828492341672,3615.4872356354326,5503.48444168241,10.839627383159394,8.848961866693493,13.469864719306468,0.07687559770590154,0.03615977974285261,0.1750938341284944,0.09322703436954291,0.04519776324221508,0.20609438414291162,1.060656245383876,0.814816489825894,1.4143465008202256
shared_fee_8131_8279,full_multiscale_60d,3.0,6.0,5619286.0,600000000.0,533959303.1674208,533959303.1674208,transfer payload,proposal_faithful,"Proposal-faithful: F=64, CPSB=1530",False,False,75000000.0,37500000.0,40,64,1530.0,2.161501805529043,5.656315259465248,True,0.5,32,7200,50400,8,1.4479558695732846,1530.0,5.656315259465248,0.11295316038895495,66425030.80442605,False,regular,37499999.999999896,19473716.7488722,35115102.532672405,2384897.4673274895,0.6565075826458469,12727.919443707318,31.151782998873696,23858255.00579673,23363607.98972974,24235732.65953151,1049605.0643400745,938318.5678618496,1256656.8930692563,3167444.6058975086,2667524.6426026355,3768408.7250880464,34545700.37341965,33829473.3231387,35092271.357777886,2268723.2416634946,2028177.2785948145,2716266.14329972,17916065.25784897,15088360.340952775,21315307.7756174,36814423.6150831,36040173.384649225,37305764.843846366,37902973.26582389,37870154.41383199,37947232.511066474,1.0107459537553038,1.009870784368853,1.011926200295106,146666903.62050897,68782372.82036893,314844544.307276,0.051645918594019805,0.04945098164882215,0.05414747954386213,0.030513392857142857,0.024586309523809524,0.03799107142857143,0.036598462301587295,0.02959623015873016,0.044503968253968254,0.0,0.0,0.0,0.32318245022206826,0.30620344773018615,0.34243572938220745,324623.57296544407,174045.5429596877,521395.08991018723,0.9213659474206348,0.8726527777777778,0.955610119047619,114060.32794271302,112452.29857928267,115955.41324536735,118556.20917746381,105986.047691634,141943.36759673752,232616.53712017683,220794.89847914735,255322.10944450865,11709.846573757495,9861.67342545933,13931.573709553857,28.660033639366457,24.1366007943704,34.09774574330778,0.005500009749512363,0.002579203636388406,0.011806629701693966,0.007657580058069102,0.003846786033730186,0.015809637964776153,1.0282047789672095,0.7753270910854692,1.4585090129135585
shared_fee_8131_8279,full_multiscale_60d,3.0,6.0,5619286.0,600000000.0,533959303.1674208,533959303.1674208,transfer payload,proposal_faithful,"Proposal-faithful: F=64, CPSB=1530",False,False,100000000.0,50000000.0,40,64,1530.0,2.161501805529043,5.656315259465248,True,0.5,32,7200,50400,8,1.4479558695732846,1530.0,5.656315259465248,0.11295316038895495,7127800.090390119,False,regular,50000000.000000015,41120468.92685538,46019677.17025021,3980322.8297498054,1.386273611789949,26876.123481604824,65.77973487755048,30046784.244126,28928695.39427744,30943772.507507835,1627095.7340936912,1459789.2893002098,1959419.6235617965,5794928.951566906,5053307.139566265,6564312.749784963,43506417.60808429,41887474.295242295,44805217.02898618,3516970.3670121073,3155337.184514388,4235289.054117838,32777945.056265067,28583098.28429362,37129822.374511264,47023387.975096494,45224368.10516102,48402774.8072085,50565191.54368234,50518856.86871456,50625308.8338514,1.0113038308736466,1.0103771373742914,1.012506176677028,22717186.98527202,11159921.011419004,45498082.4988905,0.05302859784451576,0.05081967418023132,0.055465217902267,0.03493923611111111,0.027797619047619047,0.043027777777777776,0.04099392361111111,0.03390178571428572,0.04999603174603174,0.0,0.0,0.0,0.3350579859783571,0.31709906015221295,0.3560049597886526,884261.5235498648,506809.38091865624,1389458.412960522,0.8168415178571429,0.7322063492063492,0.882719246031746,148345.43293314625,144830.3361854932,151833.9390758389,183785.60542126908,164887.81372840516,221322.63900944134,332131.03835441533,312432.4189600225,369436.16680886556,21423.493500826844,18681.763584505632,24267.857761118474,52.43433725104941,45.723910164163264,59.39596350884005,0.0011358499725654307,0.000557953399608653,0.0022747874282708198,0.0017305159320980725,0.0008808447529571611,0.003408645933547091,1.1086382617091495,0.7879631920386516,1.5952884554892695
shared_fee_8131_8279,full_multiscale_60d,3.0,6.0,5619286.0,600000000.0,533959303.1674208,533959303.1674208,transfer payload,proposal_faithful,"Proposal-faithful: F=64, CPSB=1530",False,False,125000000.0,62500000.0,40,64,1530.0,2.161501805529043,5.656315259465248,True,0.5,32,7200,50400,8,1.4479558695732846,1530.0,5.656315259465248,0.11295316038895495,2041657.8574558252,False,state,58849329.8955297,62500000.00000275,53546380.709798254,5302949.185731451,2.1070309507168705,40849.67320261618,99.980217569019,35031555.39943841,33159209.72778152,36596470.73616239,2185013.9267372657,1932878.8902050797,2642236.5220410484,8666260.254743055,7816321.754652402,9424968.279892521,50724146.260898486,48013072.35575284,52990074.60809351,4722911.547748705,4177921.2110472233,5711199.013026562,49019100.12140107,44211580.013731174,53310591.901533455,55447057.80864708,52360762.47890741,57813089.3507256,63255549.06743453,63200318.96105214,63328465.79864505,1.0120887850789524,1.0112051033768343,1.0132554527783209,6949461.623606029,3396643.6006583874,13827565.644713212,0.05486418418599118,0.05279952402984572,0.057520801546513754,0.041981646825396825,0.033998015873015874,0.052001984126984126,0.04758804563492064,0.03956746031746032,0.05742559523809524,0.0,0.0,0.0,0.35069186249977524,0.33327822387708433,0.3746563129789834,1822040.5976166467,1180622.0758296272,2644582.710083865,0.6844289434523809,0.5740962301587301,0.776421626984127,177917.27274689142,171019.39652464667,182863.79563460028,246804.2285188546,218324.7792977596,298448.965659657,424721.5012657461,395845.03809065506,476631.968403667,32038.627530327496,28896.457525314494,34843.52411864932,78.41504472279982,70.72453422148385,85.28007323277221,0.0004343345792601032,0.00021227349080604939,0.0008642250619947427,0.0006817349431699207,0.0003483975133971527,0.0013328207085594173,1.118232163440216,0.8412935223502486,1.5083293563873996
shared_fee_8131_8279,full_multiscale_60d,3.0,6.0,5619286.0,600000000.0,533959303.1674208,533959303.1674208,transfer payload,proposal_faithful,"Proposal-faithful: F=64, CPSB=1530",False,False,150000000.0,75000000.0,40,64,1530.0,2.161501805529043,5.656315259465248,True,0.5,32,7200,50400,8,1.4479558695732846,1530.0,5.656315259465248,0.11295316038895495,1184472.6608413283,False,state,63206482.43427539,75000000.00000046,57197805.08629793,6008677.347977456,2.528437140860149,49019.60784313756,119.97626108281827,38992053.560354725,36453044.50506333,41226968.79346099,2689842.3302268097,2377500.175252782,3252542.3534210166,11509931.706064235,10686593.83899009,12154923.026322648,56458772.81943147,52782399.75492219,59694831.449206226,5814099.053373706,5138970.921454534,7030376.169479256,65103802.34441055,60446743.803183526,68752076.5914099,62272871.872805074,58012071.84465094,65574092.460780725,75962152.71956256,75891131.71688624,76055117.99409449,1.012828702927501,1.0118817562251499,1.01406823992126,3104912.9361992544,1461849.9051599405,5830191.239135599,0.05652504586241988,0.054476670081905314,0.05912359676215976,0.050694444444444445,0.041063492063492066,0.06151190476190476,0.055554315476190476,0.04628472222222222,0.06632638888888889,0.0,0.0,0.0,0.3647689144933911,0.3477324465469491,0.38843855471167305,3013754.0504931016,2126490.208921493,4135864.865657384,0.5411067708333333,0.42440972222222223,0.6490188492063492,202876.24888037727,192785.0183940004,211141.779704103,303826.1921471091,268546.158620096,367384.93811783305,506702.44102748646,464301.3740316346,570541.0667393635,42551.50480026834,39507.67568835525,44935.99777216334,104.14547716742865,96.69565754849239,109.98156121489151,0.00023286380654345077,0.00010963624584996981,0.0004372625719731316,0.0003640648180559282,0.00017913133342363984,0.0006692870883873548,1.0641353840992602,0.8690258048769159,1.3423074928537952
shared_fee_8131_8279,full_multiscale_60d,3.0,6.0,5619286.0,600000000.0,533959303.1674208,533959303.1674208,transfer payload,proposal_faithful,"Proposal-faithful: F=64, CPSB=1530",False,False,175000000.0,87500000.0,40,64,1530.0,2.161501805529043,5.656315259465248,True,0.5,32,7200,50400,8,1.4479558695732846,1530.0,5.656315259465248,0.11295316038895495,747485.4019818847,False,state,67156782.46003886,87500000.00000663,60478631.076628886,6678151.383409966,2.9498433310037124,57189.54248366447,139.97230459663106,42186601.28908236,39119395.006779954,44961814.77142328,3136755.562900082,2742350.564871822,3783695.968871134,14217418.634926595,13496222.483716773,14727171.167194696,61084336.95387481,56643157.61422317,65102723.60494843,6780102.812711789,5927595.697364075,8178465.668287894,80418201.97494295,76338889.17978723,83301523.00176455,67864439.76658657,62644058.454378374,71997814.06862228,88672728.26989,88589166.39655177,88780761.87418954,1.0134026087987427,1.0124476159605917,1.0146372785621662,1709633.8767864835,766705.874199173,3278542.451638906,0.057781750638598646,0.05585967366583204,0.06030570246825756,0.058796502976190476,0.05032936507936508,0.06966071428571428,0.06344680059523809,0.05472420634920635,0.0744781746031746,0.0,0.0,0.0,0.3752566836652807,0.35860500423839187,0.39776278483449834,4288506.334549006,3195213.512497184,5559597.100414969,0.4117764136904762,0.3068214285714286,0.5252857142857142,224093.02220393333,211269.99996720586,235372.67696789128,354306.4541971996,309757.1631967081,427380.4176349435,578399.476401133,522360.0279617659,651396.3666471912,52560.91632349213,49894.698810318456,54445.43987043435,128.64366927942012,122.11805998675236,133.2560702967471,0.0001495895352935903,6.708520724419625e-05,0.0002868708142551143,0.00023015962560647978,0.00010886510574885344,0.00042445867933444374,1.0940636330576858,0.9418434669606441,1.335585626332567
shared_fee_8131_8279,full_multiscale_60d,3.0,6.0,5619286.0,600000000.0,533959303.1674208,533959303.1674208,transfer payload,proposal_faithful,"Proposal-faithful: F=64, CPSB=1530",False,False,200000000.0,100000000.0,40,64,1530.0,2.161501805529043,5.656315259465248,True,0.5,32,7200,50400,8,1.4479558695732846,1530.0,5.656315259465248,0.11295316038895495,501674.6078754611,False,state,70790418.83514225,99999999.99999495,63472340.56784292,7318078.267299333,3.3712495211466744,65359.477124179706,159.9683481104153,44855249.90797889,41384891.01747357,48029267.2235596,3535964.258882203,3066239.084016309,4254972.016005586,16789793.54890469,16184900.594927577,17186231.125687376,64948422.38543454,59923495.86040145,69544259.38765661,7642993.129860053,6627681.316285007,9197129.69507165,94968365.45394264,91546900.20801927,97210741.36892395,72591415.51529469,66616862.42208179,77508137.58260106,101382127.6136049,101289961.84858741,101506949.35292846,1.013821276136049,1.0128996184858743,1.0150694935292845,1062746.5223059566,466799.04343526624,2040751.8026830857,0.058681412742451644,0.05672646190116023,0.06114716791886458,0.06515687003968254,0.05759623015873016,0.07604761904761904,0.06990389384920635,0.06230456349206349,0.08060416666666667,0.0,0.0,0.0,0.38249171328748466,0.36586758334922986,0.4039807264193665,5544019.1421030145,4298549.1085911915,7053124.6746837245,0.30983692956349207,0.2265138888888889,0.41471825396825396,242634.75819132454,227651.35369258653,255997.44359709203,399398.3380631337,346341.39504777646,480612.53657439386,642033.0962544582,574207.5392500319,725059.1054562763,62070.82709408015,59834.57529935901,63536.43226727055,151.919325444142,146.44606400906616,155.5064171537636,0.00010627204924373333,4.667813641729119e-05,0.00020407346895020805,0.00016049604485590476,7.465845004032323e-05,0.0002977215680817774,1.1316989265682293,0.9918429657883152,1.3633750398712352
shared_fee_8131_8279,full_multiscale_60d,3.0,6.0,5619286.0,600000000.0,533959303.1674208,533959303.1674208,transfer payload,proposal_faithful,"Proposal-faithful: F=64, CPSB=1530",False,False,225000000.0,112500000.0,50,64,1530.0,2.161501805529043,5.656315259465248,True,0.5,32,7200,50400,8,1.4479558695732846,1530.0,5.656315259465248,0.11295316038895495,352911.6609491433,False,state,74168993.61380558,112500000.00000536,66235747.7973526,7933245.816452979,3.7926557112903807,73529.4117647094,179.96439162423488,47168405.477285445,43387214.62108167,50635552.408292875,3899878.81281473,3362919.568885485,4690855.900960395,19261724.202581674,18760106.77301708,19589248.208112672,68297769.56924796,62822772.075031176,73318045.3186735,8429595.095243482,7268956.719994834,10139293.499402503,108950384.53066956,106113078.20940915,110802963.56099395,76727364.66449139,70155346.53795129,82332671.43071836,114088977.8170021,113984773.50546488,114229437.50497432,1.014124247262241,1.0131979867152434,1.0153727778219939,713536.4004987222,310783.5528134329,1364984.3545269321,0.059323911901240575,0.05739422564672772,0.06172996197687375,0.06972780257936508,0.062070436507936505,0.0804156746031746,0.07449714781746032,0.0665595238095238,0.08536805555555556,0.0,0.0,0.0,0.38741104498799706,0.37167395646479245,0.4082026418340468,6747656.317373928,5341156.489455964,8479887.914691826,0.23455295138888888,0.17033035714285713,0.3245843253968254,259344.0730919033,242688.38143120173,274238.72721706843,440503.6370413494,379852.3934394774,529846.9989426553,699847.7101332527,622018.5622623105,798299.2651681423,71209.4016540324,69354.95307804519,72420.23762156467,174.28613039366633,169.7473383407134,177.24967046591635,8.02708008917659e-05,3.496182558672432e-05,0.00015355928987674687,0.00011905277668025014,5.491097708292726e-05,0.00022093440787172416,1.160833190644154,1.016736422564172,1.3877235710922344
shared_fee_8131_8279,full_multiscale_60d,3.0,6.0,5619286.0,600000000.0,533959303.1674208,533959303.1674208,transfer payload,proposal_faithful,"Proposal-faithful: F=64, CPSB=1530",False,False,250000000.0,125000000.0,50,64,1530.0,2.161501805529043,5.656315259465248,True,0.5,32,7200,50400,8,1.4479558695732846,1530.0,5.656315259465248,0.11295316038895495,257644.57999920848,False,state,77336715.7808873,125000000.00000334,68809492.02887829,8527223.752009023,4.214061901433668,81699.34640523094,199.96043513803457,49233648.606687546,45204021.89007207,52935246.71948155,4238107.227185768,3640319.2069456913,5111568.0082057975,21665569.468445525,21246094.2484271,21943671.618068427,71288150.48056194,65453428.82404916,76647901.19478346,9160676.423587732,7868556.538515225,11048663.478821293,122547291.18937856,120174607.10141915,124120324.62198235,80448826.90414949,73387612.04511926,86619270.39017642,126793315.78355265,126673597.01847307,126948722.69589005,1.014346526268421,1.0133887761477847,1.0155897815671204,505296.555104715,219318.67838416967,961701.8028597649,0.059790795349459885,0.057840273548903746,0.062145012828245166,0.07306299603174604,0.06524107142857143,0.08252777777777777,0.07793340773809523,0.06995138888888888,0.08790674603174603,0.0,0.0,0.0,0.39077308529247945,0.3746713059556548,0.41101647260292834,7898105.398398734,6322140.622583884,9824361.132599818,0.1810044642857143,0.12907539682539682,0.25572222222222224,274780.55765579216,256792.15683282982,290884.10839122604,478707.6053779032,411185.55924912996,577367.7610699205,753488.1630336952,667028.7894289413,865520.1065535961,80096.26875122782,78545.49483752887,81124.39517776623,196.03687736971926,192.24133382833176,198.55323296708025,6.316041510936348e-05,2.7413784654331005e-05,0.00012021150657178829,9.211913194021696e-05,4.22959291638613e-05,0.00017068382261894023,1.1812386620347737,1.0354187407802842,1.4069441352966605
shared_fee_8131_8279,full_multiscale_60d,3.0,6.0,5619286.0,600000000.0,533959303.1674208,533959303.1674208,transfer payload,proposal_faithful,"Proposal-faithful: F=64, CPSB=1530",False,False,275000000.0,137500000.0,50,64,1530.0,2.161501805529043,5.656315259465248,True,0.5,32,7200,50400,8,1.4479558695732846,1530.0,5.656315259465248,0.11295316038895495,193825.34889992862,False,state,80326539.71488196,137499999.99999177,71223775.62858163,9102764.086300336,4.635468091576634,89869.28104574626,219.956478651819,51117483.18847251,46879161.94552809,55013370.880751446,4557281.306749072,3901733.9278121144,5507566.348767657,24024570.63548305,23669218.317275766,24265258.058639698,74015859.82056242,67878957.69970451,79656933.27179584,9850571.77284186,8433604.92965981,11904614.606932119,135890545.48758066,133880560.74761808,137251949.43194324,83866431.59340432,76386056.32589567,90513983.90019302,139495368.08408427,139360151.8134442,139665608.0432561,1.014511767884249,1.0135283768250487,1.0157498766782262,372229.9403941468,161386.25536513378,704957.6862212839,0.06013674178001778,0.05816033964265809,0.06245119894487751,0.07544332837301587,0.06752281746031746,0.08457738095238096,0.0803689236111111,0.07210615079365079,0.09026785714285714,0.0,0.0,0.0,0.3931099952092483,0.3768443936371471,0.41296813047209985,9006251.644949894,7251983.303809348,11153659.559715066,0.14258308531746033,0.1002063492063492,0.2039126984126984,289298.4351598695,270207.20661268436,306384.98093030794,514759.32637881406,440713.17814318894,622097.0251451642,804057.7615386837,709981.4708195919,928067.1122559004,88817.34999188277,87503.63447556738,89707.15649146617,217.38186085472623,214.1665214689365,219.5596762556332,5.11802382857861e-05,2.2189744015263916e-05,9.693064023036949e-05,7.351455642755025e-05,3.368707971764644e-05,0.00013592678363989153,1.1953493452337958,1.045951607828125,1.4207660429993805
shared_fee_8131_8279,full_multiscale_60d,3.0,6.0,5619286.0,600000000.0,533959303.1674208,533959303.1674208,transfer payload,proposal_faithful,"Proposal-faithful: F=64, CPSB=1530",False,False,300000000.0,150000000.0,64,64,1530.0,2.161501805529043,5.656315259465248,True,0.5,32,7200,50400,8,1.4479558695732846,1530.0,5.656315259465248,0.11295316038895495,149473.1157370768,False,state,83163781.00113425,149999999.9999987,73501735.5231773,9662045.477956943,5.056874281720223,98039.21568627366,239.95252216563298,52862187.43486661,48442371.02076453,56925246.93126091,4861818.492351089,4153038.6153232157,5884593.187349654,26353926.91107985,26047564.28951483,26566238.0961209,76542114.5747982,70142415.45556295,82425245.42102724,10508829.449371353,8976800.465452952,12719558.799260046,149066118.93396097,147333235.362674,150267017.92966193,87050944.02416964,79200039.23461497,94110156.18667929,152195634.49253282,152045226.5763045,152380778.6881864,1.0146375632835518,1.01363484384203,1.0158718579212427,282744.9126600396,122585.83553360982,533167.9343635509,0.06040022351485772,0.05838823375551414,0.06268822695316022,0.07722098214285714,0.06981547619047619,0.0863998015873016,0.08220486111111111,0.07419345238095239,0.09220039682539682,0.0,0.0,0.0,0.39479019576434066,0.3786851364989179,0.4143880010871002,10081958.68343737,8143029.476348239,12491434.521365952,0.11529947916666666,0.07995436507936508,0.1654404761904762,303123.9330554976,283085.8197985631,321039.23397960246,549157.7639485197,469098.83681812655,664683.398114457,852281.6970040173,751252.3215795883,987102.2525569352,97428.83590454968,96296.23226318562,98213.73720892936,238.4586080509764,235.6865428273117,240.37966633687387,4.2410563430701226e-05,1.83871416141157e-05,7.997428496672906e-05,6.007810026823437e-05,2.7525251691169525e-05,0.00011085792951329088,1.205288519442445,1.0512197947652888,1.4306450309525705
shared_fee_8131_8279,full_multiscale_60d,3.0,6.0,5619286.0,600000000.0,533959303.1674208,533959303.1674208,transfer payload,proposal_faithful,"Proposal-faithful: F=64, CPSB=1530",False,False,325000000.0,162500000.0,64,64,1530.0,2.161501805529043,5.656315259465248,True,0.5,32,7200,50400,8,1.4479558695732846,1530.0,5.656315259465248,0.11295316038895495,117693.76672129458,False,state,85868368.80592386,162500000.00000328,75661538.49123295,10206830.31469092,5.478280471863733,106209.15032679953,259.9485656794432,54495677.99738879,49913650.82864934,58707664.35400091,5154693.783275615,4396192.756071304,6246833.9539615875,28663419.795185618,28395228.263225917,28853959.270727985,78907336.82269491,72272763.68917368,85006107.1903134,11141879.919499593,9502378.579701718,13502542.870328005,162129338.77596182,160612362.92127815,163207090.11899963,90049216.7421945,81862648.29409927,97472179.0120913,164894704.13384902,164729181.23890886,165094449.9431652,1.0147366408236864,1.0137180383932853,1.0159658458040937,220123.3512216695,95487.5310040543,414990.4892159253,0.06060569162562311,0.05856976698846391,0.06287693871902723,0.07855406746031746,0.07142757936507937,0.0879236111111111,0.08353360615079365,0.07572619047619047,0.0934920634920635,0.0,0.0,0.0,0.3960433612880822,0.379809242065841,0.4154945760579388,11134152.77028272,9009184.661844324,13795693.41325365,0.09516989087301587,0.0653095238095238,0.1371845238095238,316405.85452152306,295535.3051633926,335048.43978778535,582238.9536582797,496563.8654772839,705599.6375249928,898644.8081798027,791172.8785784879,1043430.8332991336,105966.88808886394,104975.40060214259,106671.3007313723,259.3556250422582,256.9289438262868,261.07968606245373,3.576903845904108e-05,1.5516100012509618e-05,6.743616733503784e-05,5.003418238078094e-05,2.292154420288859e-05,9.213656940209648e-05,1.2124653684526188,1.0550562182920702,1.4377661001065989
shared_fee_8131_8279,full_multiscale_60d,3.0,6.0,5619286.0,600000000.0,533959303.1674208,533959303.1674208,transfer payload,proposal_faithful,"Proposal-faithful: F=64, CPSB=1530",False,False,350000000.0,175000000.0,64,64,1530.0,2.161501805529043,5.656315259465248,True,0.5,32,7200,50400,8,1.4479558695732846,1530.0,5.656315259465248,0.11295316038895495,94328.02942269108,False,state,88456313.54146113,175000000.00001046,77717743.53039083,10738570.0110703,5.899686662007331,114379.0849673271,279.94460919325763,56037042.67401981,51306629.91993786,60402066.837328374,5437939.0191487465,4632351.766444724,6596692.692751828,30958947.59107984,30721308.886211928,31131906.967624966,81139164.85337538,74289735.94059862,87459527.21146657,11754115.008246839,10012836.707015984,14258763.165903214,175113567.676419,173769408.24383423,176091880.43724024,92893279.86162236,84396148.36057805,100645524.2587063,177592299.42532682,177411693.1000153,177806561.18192965,1.0148131395732962,1.013781103428659,1.0160374924681694,174895.08212363633,75928.62625804872,330201.43270351074,0.060770061160162064,0.05871651136317091,0.06304021214035517,0.07958829365079365,0.07264880952380953,0.08913095238095238,0.08461991567460318,0.07691964285714285,0.09464087301587301,0.0,0.0,0.0,0.3970181127045902,0.380700178023818,0.4164047257062735,12168439.167944007,9854605.956989901,15075145.438225735,0.08009796626984127,0.055304563492063495,0.11563988095238095,329243.9919534966,307623.5876890917,348541.56049134297,614232.3982152648,523238.77205328963,745117.2877610443,943476.3901687613,829941.2396793065,1097593.0879017247,114453.31220680979,113574.776629957,115092.73231192172,280.12628152919575,277.9760518889194,281.69127229203497,3.060574696998605e-05,1.3286946600602346e-05,5.778541130281197e-05,4.232158919420101e-05,1.9386279737912885e-05,7.776055280793956e-05,1.2177633309590297,1.0578598968864261,1.442969003839958
shared_fee_8131_8279,full_multiscale_60d,3.0,6.0,5619286.0,600000000.0,533959303.1674208,533959303.1674208,transfer payload,proposal_faithful,"Proposal-faithful: F=64, CPSB=1530",False,False,359634304.0,179817152.0,64,64,1530.0,2.161501805529043,5.656315259465248,True,0.5,32,7200,50400,8,1.4479558695732846,1530.0,5.656315259465248,0.11295316038895495,86980.77679364083,False,state,89425354.40921809,179817152.00000554,78485084.93699026,10940269.472227827,6.06208487574008,117527.550326801,287.650527673618,56609526.95518505,51824932.58213765,61031781.94668158,5544846.492650914,4721713.323954433,6727992.791304464,31840753.092405237,31613207.23856639,32007885.809127606,81968096.82852739,75040215.32254551,88371326.90021421,11985195.705246333,10205991.874918085,14542568.565990869,180101337.58944395,178814266.5041484,181046692.9253996,93953292.53377353,85341970.3286295,101825050.19536099,182485684.5234608,182299407.30472785,182705555.35029042,1.014840255747465,1.0138043299936583,1.0160630024342194,160818.28462849784,69840.85407334182,303755.10707902984,0.06082416312595653,0.058765176846273144,0.06309385124747645,0.07991753472222221,0.07307738095238095,0.08953373015873016,0.08496155753968254,0.07725793650793651,0.09500992063492064,0.0,0.0,0.0,0.39733759263558033,0.3809924879801629,0.416718156834223,12563392.258356906,10172581.873649001,15562774.234042816,0.07510478670634921,0.05173214285714286,0.10838690476190475,334088.94521165115,312197.53735734563,353623.0183386848,626307.935216533,533332.4423912907,759948.0488519458,960396.880428184,844610.3909801766,1117963.350438118,117713.29254212024,116872.0696105545,118331.17184666642,288.1051346666105,286.04622831245626,289.61740398131246,2.891704525246963e-05,1.2558057924266555e-05,5.4620536783869e-05,3.982004517765663e-05,1.823937232889731e-05,7.310984301472536e-05,1.2194423167951107,1.0587429900085779,1.4446010848789603
shared_fee_8131_8279,full_multiscale_60d,3.0,6.0,5619286.0,600000000.0,533959303.1674208,533959303.1674208,transfer payload,proposal_faithful,"Proposal-faithful: F=64, CPSB=1530",False,False,375000000.0,187500000.0,67,64,1530.0,2.161501805529043,5.656315259465248,False,0.5,32,7200,50400,8,1.4479558695732846,1530.0,5.656315259465248,0.11295316038895495,76764.77445877087,False,state,90940699.32406408,187500000.00001308,79682221.25328617,11258478.070777904,6.321092852150774,122549.01960785169,299.94065270706477,57500092.85739536,52632001.47021602,62009660.81181947,5712981.430397081,4862477.423976786,6934481.918248352,33244307.047631264,33031328.0601049,33403064.395084463,83257596.9538743,76208815.456189,89787252.34272176,12348619.676757203,10510253.731270116,14988895.186702296,188040281.24388143,186835604.94678938,188938262.850831,95606216.63063169,86818124.6335084,103661338.32715197,190289429.31256133,190094025.27480704,190518386.46007743,1.0148769563336604,1.0138348014656375,1.016098061120413,141364.59601572977,61427.52686162063,267166.4572527522,0.060902615848814706,0.05883631359951664,0.0631709769639146,0.08036334325396825,0.07348313492063492,0.08997718253968254,0.08546378968253968,0.07779265873015873,0.09549305555555555,0.0,0.0,0.0,0.39779618870265054,0.38140498935278894,0.4171828866925059,13189200.475748284,10675963.146898232,16334987.478279103,0.06823102678571429,0.04719642857142857,0.09878968253968254,341709.28081875126,319402.82888580865,361604.85097141616,645299.3078067629,549232.1923581224,783271.648326214,987008.5886255141,867718.7462228951,1149932.2700079198,122902.14460384408,122114.77447502574,123489.06068681764,300.8049316880314,298.87783091549545,302.24141803100406,2.6505077377261693e-05,1.1517167979624773e-05,5.009384597667361e-05,3.6266982404025176e-05,1.661021201961905e-05,6.651695129832509e-05,1.2217786979925216,1.0599869008695155,1.4468523079041438
shared_fee_8131_8279,full_multiscale_60d,3.0,6.0,5619286.0,600000000.0,533959303.1674208,533959303.1674208,transfer payload,proposal_faithful,"Proposal-faithful: F=64, CPSB=1530",False,False,400000000.0,200000000.0,72,64,1530.0,2.161501805529043,5.656315259465248,False,0.5,32,7200,50400,8,1.4479558695732846,1530.0,5.656315259465248,0.11295316038895495,63308.22922671631,False,state,93332376.27653272,199999999.99998695,81564794.00591955,11767582.270613175,6.742499042293249,130718.95424835748,319.93669622082587,58895373.03587954,53898253.99714342,63538241.97413843,5980897.8354590405,5087187.539660841,7263487.04576304,35522052.71588774,35330147.38383136,35669168.5611552,85277901.07800992,78042293.23491555,92000570.40882206,12927721.470029492,10995965.052041827,15700040.36385374,200923928.824409,199838451.76632637,201756062.4249061,98205622.54803947,89142448.7690534,106543086.14232093,202985159.5124051,202775076.1532325,203228768.56923294,1.0149257975620256,1.0138753807661627,1.0161438428461647,115952.90777771476,50430.79300353097,219305.92777169115,0.061012333778740636,0.058936400495442416,0.06327942856737612,0.08096292162698412,0.07406944444444444,0.09054662698412698,0.08615327380952381,0.07861904761904762,0.09613690476190476,0.0,0.0,0.0,0.39844636631948993,0.38197146593966946,0.41786582889136475,14198755.431741074,11488740.736445002,17576817.287294317,0.05916790674603174,0.04111904761904762,0.08551686507936508,353854.9856466438,330911.1201985515,374307.4834292506,675561.3124785584,574613.910096004,820433.8172631693,1029416.2981252023,904614.2436933444,1200750.7707139102,131322.82929699938,130613.36716753358,131866.70746725888,321.41468989896987,319.6782701800375,322.74584027375687,2.3189865833110667e-05,1.0085701117148761e-05,4.386128041505357e-05,3.1425168584055486e-05,1.4389123999121383e-05,5.75528402401188e-05,1.2248700994173995,1.0616974305327451,1.4497633030902193
shared_fee_8131_8279,full_multiscale_60d,3.0,6.0,5619286.0,600000000.0,533959303.1674208,533959303.1674208,transfer payload,proposal_faithful,"Proposal-faithful: F=64, CPSB=1530",False,False,425000000.0,212500000.0,76,64,1530.0,2.161501805529043,5.656315259465248,False,0.5,32,7200,50400,8,1.4479558695732846,1530.0,5.656315259465248,0.11295316038895495,52824.37891763159,False,state,95640456.39759071,212499999.9999876,83373693.53520703,12266762.862383675,7.163905232436627,138888.88888888079,339.9327397346298,60231227.73315862,55112118.6657096,64998418.44198968,6242554.504946852,5307024.8383119125,7584682.60176263,37794230.30497131,37620072.65425506,37931747.923030764,87212159.72783232,79799915.70663333,94114841.49605976,13493292.833556086,11471143.769998686,16394305.138074486,213776081.5937444,212790991.0164466,214553924.59521958,100705452.56138852,91380160.05095732,109308697.59447823,215680539.03801018,215455900.55367884,215938599.4314925,1.0149672425318124,1.0139101202526064,1.0161816443834941,96326.0831978037,41931.58324106883,182281.88955261168,0.06110362225614202,0.05902145475715572,0.06336818680393252,0.0815265376984127,0.07443551587301586,0.09117956349206348,0.08670200892857143,0.07919742063492063,0.09659920634920634,0.0,0.0,0.0,0.3990094756414604,0.3824653755083027,0.41847531561739176,15200012.907351628,12289577.427138865,18805633.686497927,0.05190662202380952,0.0363204365079365,0.07497222222222222,365723.3387551454,342179.61745561386,386701.58372583566,705116.2602340551,599445.2277500131,856713.8704162105,1070839.5989892005,940718.2554823661,1250248.6113890558,139722.92914623817,139079.0790957167,140231.3232648494,341.97406638070373,340.39823325680896,343.21836898105613,2.046864238050822e-05,8.910040337408728e-06,3.873497163924865e-05,2.749119342528311e-05,1.2583609665168567e-05,5.0288372627175315e-05,1.2273099782594832,1.0630569976671664,1.452100123123843
shared_fee_8131_8279,full_multiscale_60d,3.0,6.0,5619286.0,600000000.0,533959303.1674208,533959303.1674208,transfer payload,proposal_faithful,"Proposal-faithful: F=64, CPSB=1530",False,False,450000000.0,225000000.0,81,64,1530.0,2.161501805529043,5.656315259465248,False,0.5,32,7200,50400,8,1.4479558695732846,1530.0,5.656315259465248,0.11295316038895495,44535.26644046533,False,state,97872676.92324537,225000000.00000715,85115895.78368536,12756781.139560016,7.5853114225806415,147058.82352941643,359.928783248464,61514194.244159505,56279079.695890896,66398454.1366672,6498603.936558321,5522435.788985322,7899440.423009887,40062076.93841502,39903302.658567466,40191712.82367155,89069838.6179019,81489623.77984828,96142031.3977799,14046744.14228895,11936754.928810053,17074654.73700483,226603737.11261642,225705659.73070335,227336998.5485666,103116582.7601907,93540262.88622957,111972101.9244565,228375167.37758636,228136022.6173076,228648230.2061318,1.0150007439003839,1.013937878299145,1.016214356471697,80914.76994925336,35252.963928533856,153181.89742749828,0.06118085327052285,0.059094569742564405,0.06344321515716013,0.08195808531746031,0.07475297619047619,0.09168353174603175,0.08716951884920635,0.07978174603174602,0.09687599206349207,0.0,0.0,0.0,0.3995121137692181,0.38290062678650066,0.4190282047025519,16194789.137400769,13079796.831574531,20024133.200321846,0.04606212797619048,0.03219444444444445,0.06648611111111111,377346.4878368638,353235.54875621357,398822.90164619434,734037.8527503662,623776.5754109641,892266.7610832299,1111384.34058723,976108.2683766261,1298594.8137433894,148107.01772066433,147520.0390396754,148586.27356115464,362.4942550155389,361.0576154629392,363.66724122195916,1.8205221858931135e-05,7.931523754153933e-06,3.446596725223885e-05,2.4250393655915014e-05,1.1096479030807863e-05,4.431387443210023e-05,1.229259718342402,1.0641684945627194,1.4539439816648612
shared_fee_8131_8279,full_multiscale_60d,3.0,6.0,5619286.0,600000000.0,533959303.1674208,533959303.1674208,transfer payload,proposal_faithful,"Proposal-faithful: F=64, CPSB=1530",False,False,475000000.0,237500000.0,85,64,1530.0,2.161501805529043,5.656315259465248,False,0.5,32,7200,50400,8,1.4479558695732846,1530.0,5.656315259465248,0.11295316038895495,37895.07442306996,False,state,100035671.92883277,237500000.00000367,86797370.73081948,13238301.198013294,8.006717612723879,155228.75816993703,379.9248267622614,62749627.67337504,57403630.499043375,67744587.61515866,6749572.349785384,5733833.292337513,8210902.771809042,42326410.96279034,42180674.94934476,42450653.20520673,90858691.70320152,83117923.71590523,98091173.26919003,14589212.820609983,12393691.01399003,17747881.16628867,239411524.20725495,238587195.37054893,240114277.49890766,105447904.52381125,95630056.29665303,114543719.27614406,241068748.7959665,240815480.2378636,241356362.66725537,1.015026310719859,1.0139599167910047,1.0162373164937069,68640.62105928463,29928.657449860075,129983.73981272888,0.06124685229549899,0.05915707042662473,0.06350716301374332,0.08234188988095237,0.07509126984126985,0.09207539682539682,0.08757874503968255,0.08023313492063493,0.0971875,0.0,0.0,0.0,0.3999671562454089,0.3832911169213117,0.4195252779793988,17183775.907743182,13865111.717698054,21234130.072535243,0.041280381944444444,0.028784722222222222,0.05900992063492063,388750.2518481795,364100.1731102699,410734.91997729434,762385.528182164,647654.5915129286,927447.4177222614,1151135.7800303437,1010854.0157301261,1345916.5295437037,156478.12039689865,155939.34337944374,156937.43627379584,382.982660460332,381.6639952372556,384.1068432922806,1.630158354846067e-05,7.107677755637417e-06,3.08711506609712e-05,2.154918452355076e-05,9.857012118251407e-06,3.9343456400632754e-05,1.2308280503752704,1.0650762271504846,1.4552553391719325
shared_fee_8131_8279,full_multiscale_60d,3.0,6.0,5619286.0,600000000.0,533959303.1674208,533959303.1674208,transfer payload,proposal_faithful,"Proposal-faithful: F=64, CPSB=1530",False,False,500000000.0,250000000.0,89,64,1530.0,2.161501805529043,5.656315259465248,False,0.5,32,7200,50400,8,1.4479558695732846,1530.0,5.656315259465248,0.11295316038895495,32513.150702776144,False,state,102135178.9179452,250000000.00000274,88423272.13360794,13711906.784337273,8.428123802867203,163398.6928104593,399.9208702760628,63942136.18715669,58489669.972070634,69042417.33812033,6995943.793958072,5941537.30237735,8516300.75587385,44588112.65353063,44453451.29718933,44709582.43488538,92585391.40524773,84690460.94546382,99970373.4342596,15121745.14202009,12842643.60670675,18407999.460249692,252204421.99293405,251442734.90819958,252891493.3707756,107707136.54726765,97655945.05839735,117033150.1752075,253762090.88906035,253493969.63471836,254065432.37979525,1.0150483635562413,1.0139758785388733,1.0162617295191811,58740.027521369426,25630.093408147724,111256.90796758045,0.06130308609811684,0.059210834024498,0.06356133728950689,0.08268663194444444,0.07537103174603174,0.09241765873015872,0.08791604662698413,0.08064484126984127,0.09750892857142857,0.0,0.0,0.0,0.40038797950657545,0.3836659764299102,0.41997199723645806,18168710.93304833,14646274.690602686,22437501.05508343,0.0372984871031746,0.025763888888888888,0.053080357142857144,399957.30824797496,374790.6818232186,422444.54718779336,790213.96143106,671115.4158723875,961943.0851987972,1190171.2696790348,1045007.6846454507,1392319.6713875425,164839.49149864967,164341.65680274484,165288.55775867688,403.4472477235378,402.22878947631773,404.54634445701055,1.4684478489680866e-05,6.407161117939733e-06,2.7814217785336174e-05,1.927386473936777e-05,8.812939681712843e-06,3.516262871026871e-05,1.232126183646736,1.065828529830052,1.4561039926473933
shared_fee_8131_8279,full_multiscale_60d,3.0,6.0,5619286.0,600000000.0,533959303.1674208,533959303.1674208,transfer payload,proposal_faithful,"Proposal-faithful: F=64, CPSB=1530",False,False,525000000.0,262500000.0,94,64,1530.0,2.161501805529043,5.656315259465248,False,0.5,32,7200,50400,8,1.4479558695732846,1530.0,5.656315259465248,0.11295316038895495,28104.879612834324,False,state,104176198.40937558,262499999.99998045,89998083.87911603,14178114.530259551,8.849529993009808,171568.62745096762,419.91691378983006,65095551.69097422,59540706.73182322,70296628.15914828,7238094.157267134,6145863.242920237,8816127.95740977,46847793.52579367,46722949.61306531,46967383.74209085,94255486.15405715,86212315.79088423,101786415.35424924,15645153.589522097,13284294.496106707,19056076.497716174,264985889.3922262,264279732.8636084,265662329.35755262,109900639.74357927,99623717.165137,119448407.32345252,266456097.00882792,266174050.30602765,266774486.52744403,1.0150708457479158,1.0139963821182005,1.0162837581997868,50662.908433552264,22120.302047355464,95972.8216466485,0.06135041675241455,0.05925615396804411,0.06360695907608861,0.08298859126984127,0.07557638888888889,0.0926954365079365,0.08821304563492063,0.0808640873015873,0.0977579365079365,0.0,0.0,0.0,0.4007803595759618,0.38402098801731605,0.42038389687275546,19150736.85310933,15424592.888842465,23636418.735599473,0.033937872023809525,0.023238095238095238,0.048100198412698414,410986.2383880008,385324.0378439651,433952.7923874631,817565.6102561522,694194.6766061523,995809.5151828555,1228551.848644153,1078623.053581815,1437884.2961336784,173193.39175962497,172731.8515448421,173635.5093840213,423.89354998645786,422.763923052554,424.9756398249492,1.329852987666851e-05,5.806250509153935e-06,2.519285151682548e-05,1.733922466705285e-05,7.925349264156192e-06,3.1611808076112785e-05,1.2332187444956633,1.0664593166769842,1.4575991524331173
shared_fee_8131_8279,full_multiscale_60d,3.0,6.0,5619286.0,600000000.0,533959303.1674208,533959303.1674208,transfer payload,proposal_faithful,"Proposal-faithful: F=64, CPSB=1530",False,False,533959303.1674208,266979651.5837104,96,64,1530.0,2.161501805529043,5.656315259465248,False,0.5,32,7200,50400,8,1.4479558695732846,1530.0,5.656315259465248,0.11295316038895495,26719.968495497193,False,state,104894263.30428444,266979651.5837113,90550783.97764835,14343479.326636096,9.000550225575381,174496.50430307927,427.0829384294267,65499982.617769234,59909385.62013096,70736206.6238797,7323893.121190599,6218279.528706186,8922304.053958368,47657068.88622301,47534266.98434487,47776248.96525645,94841084.28834702,86746146.55119742,102422905.57239464,15830608.204955291,13440822.428582923,19285576.322109897,269563405.9625206,268868799.69103897,270237526.06217974,110671692.49330229,100315634.29255116,120297096.21693918,271004768.6339164,270716555.7322377,271328686.78844213,1.0150764937564685,1.0139969624140275,1.0162897628299892,48131.77100728423,21019.916073866505,91182.48880689096,0.061365918458273584,0.05927100766154256,0.0636217443213521,0.08307105654761904,0.07569940476190476,0.0927063492063492,0.08830295138888888,0.08090376984126985,0.09779761904761905,0.0,0.0,0.0,0.40091475387600756,0.38414669165416315,0.42052205013868965,19501635.763782836,15702525.149640137,24064922.049313746,0.032857142857142856,0.022373015873015874,0.046554563492063494,414897.8518378149,389062.26857981243,438031.20584590343,827256.8743894056,702374.324949305,1007802.4408457824,1242154.7262272204,1090541.5532173486,1454022.2749345365,176185.23265524226,175731.24162813005,176625.83402756843,431.21612762843876,430.1049774500782,432.2945064161437,1.2849730409104678e-05,5.611564965134921e-06,2.4343853246486554e-05,1.671601836985495e-05,7.639475261365662e-06,3.0468962462357388e-05,1.2335592641993411,1.066640572019711,1.4580684660013954
shared_fee_8131_8279,full_multiscale_60d,3.5,5.5,6775042.0,550000000.0,643782271.4932127,550000000.0,execution,proposal_faithful,"Proposal-faithful: F=64, CPSB=1530",False,False,50000000.0,25000000.0,40,64,1530.0,2.161501805529043,5.656315259465248,True,0.5,32,7200,50400,8,1.4479558695732846,1530.0,5.656315259465248,0.11295316038895495,1616044955.0430844,False,regular,25000000.000000708,6687851.184176778,23853463.050618015,1146536.9493826907,0.22546415102157322,4371.144564821424,10.698445063410981,16546440.306668289,16388487.501199182,16690701.388392564,525665.4018404109,465976.8145406435,626021.5204238404,1197972.0511411817,977968.0263163433,1488660.1629361883,23958515.362584323,23729806.670789637,24167399.04261811,1136226.7151821996,1007209.7259642719,1353146.6466961668,6776107.593282759,5531695.470522212,8420331.195774088,25094742.077766493,24923573.88275583,25210806.33632791,25262538.93053484,25241668.535349652,25292161.12580526,1.0105015572213936,1.0096667414139862,1.0116864450322103,3075015619.7018623,1446509068.8807626,7003806908.84776,0.05101625236670262,0.04894284894054113,0.05325149168471371,0.027788318452380955,0.021732142857142856,0.0337281746031746,0.033710937499999996,0.02676388888888889,0.04096626984126984,0.0,0.0,0.0,0.3186173351394078,0.30276196995165433,0.3360501447112437,109642.10925039167,69285.69676788485,149586.1800259147,0.9807614087301588,0.9599732142857142,0.9924811507936508,76497.16021385592,75726.5830501593,77306.27539167712,59375.56844500439,52633.55387034362,70711.10920337148,135872.72865886032,129361.13198683746,146499.15320092769,4428.828492341672,3615.4872356354326,5503.48444168241,10.839627383159394,8.848961866693493,13.469864719306468,0.07687559770590154,0.03615977974285261,0.1750938341284944,0.09322703436954291,0.04519776324221508,0.20609438414291162,1.060656245383876,0.814816489825894,1.4143465008202256
shared_fee_8131_8279,full_multiscale_60d,3.5,5.5,6775042.0,550000000.0,643782271.4932127,550000000.0,execution,proposal_faithful,"Proposal-faithful: F=64, CPSB=1530",False,False,75000000.0,37500000.0,40,64,1530.0,2.161501805529043,5.656315259465248,True,0.5,32,7200,50400,8,1.4479558695732846,1530.0,5.656315259465248,0.11295316038895495,66425030.80442605,False,regular,37499999.999999896,19473716.7488722,35115102.532672405,2384897.4673274895,0.6565075826458469,12727.919443707318,31.151782998873696,23858255.00579673,23363607.98972974,24235732.65953151,1049605.0643400745,938318.5678618496,1256656.8930692563,3167444.6058975086,2667524.6426026355,3768408.7250880464,34545700.37341965,33829473.3231387,35092271.357777886,2268723.2416634946,2028177.2785948145,2716266.14329972,17916065.25784897,15088360.340952775,21315307.7756174,36814423.6150831,36040173.384649225,37305764.843846366,37902973.26582389,37870154.41383199,37947232.511066474,1.0107459537553038,1.009870784368853,1.011926200295106,146666903.62050897,68782372.82036893,314844544.307276,0.051645918594019805,0.04945098164882215,0.05414747954386213,0.030513392857142857,0.024586309523809524,0.03799107142857143,0.036598462301587295,0.02959623015873016,0.044503968253968254,0.0,0.0,0.0,0.32318245022206826,0.30620344773018615,0.34243572938220745,324623.57296544407,174045.5429596877,521395.08991018723,0.9213659474206348,0.8726527777777778,0.955610119047619,114060.32794271302,112452.29857928267,115955.41324536735,118556.20917746381,105986.047691634,141943.36759673752,232616.53712017683,220794.89847914735,255322.10944450865,11709.846573757495,9861.67342545933,13931.573709553857,28.660033639366457,24.1366007943704,34.09774574330778,0.005500009749512363,0.002579203636388406,0.011806629701693966,0.007657580058069102,0.003846786033730186,0.015809637964776153,1.0282047789672095,0.7753270910854692,1.4585090129135585
shared_fee_8131_8279,full_multiscale_60d,3.5,5.5,6775042.0,550000000.0,643782271.4932127,550000000.0,execution,proposal_faithful,"Proposal-faithful: F=64, CPSB=1530",False,False,100000000.0,50000000.0,40,64,1530.0,2.161501805529043,5.656315259465248,True,0.5,32,7200,50400,8,1.4479558695732846,1530.0,5.656315259465248,0.11295316038895495,7127800.090390119,False,regular,50000000.000000015,41120468.92685538,46019677.17025021,3980322.8297498054,1.386273611789949,26876.123481604824,65.77973487755048,30046784.244126,28928695.39427744,30943772.507507835,1627095.7340936912,1459789.2893002098,1959419.6235617965,5794928.951566906,5053307.139566265,6564312.749784963,43506417.60808429,41887474.295242295,44805217.02898618,3516970.3670121073,3155337.184514388,4235289.054117838,32777945.056265067,28583098.28429362,37129822.374511264,47023387.975096494,45224368.10516102,48402774.8072085,50565191.54368234,50518856.86871456,50625308.8338514,1.0113038308736466,1.0103771373742914,1.012506176677028,22717186.98527202,11159921.011419004,45498082.4988905,0.05302859784451576,0.05081967418023132,0.055465217902267,0.03493923611111111,0.027797619047619047,0.043027777777777776,0.04099392361111111,0.03390178571428572,0.04999603174603174,0.0,0.0,0.0,0.3350579859783571,0.31709906015221295,0.3560049597886526,884261.5235498648,506809.38091865624,1389458.412960522,0.8168415178571429,0.7322063492063492,0.882719246031746,148345.43293314625,144830.3361854932,151833.9390758389,183785.60542126908,164887.81372840516,221322.63900944134,332131.03835441533,312432.4189600225,369436.16680886556,21423.493500826844,18681.763584505632,24267.857761118474,52.43433725104941,45.723910164163264,59.39596350884005,0.0011358499725654307,0.000557953399608653,0.0022747874282708198,0.0017305159320980725,0.0008808447529571611,0.003408645933547091,1.1086382617091495,0.7879631920386516,1.5952884554892695
shared_fee_8131_8279,full_multiscale_60d,3.5,5.5,6775042.0,550000000.0,643782271.4932127,550000000.0,execution,proposal_faithful,"Proposal-faithful: F=64, CPSB=1530",False,False,125000000.0,62500000.0,40,64,1530.0,2.161501805529043,5.656315259465248,True,0.5,32,7200,50400,8,1.4479558695732846,1530.0,5.656315259465248,0.11295316038895495,2041657.8574558252,False,state,58849329.8955297,62500000.00000275,53546380.709798254,5302949.185731451,2.1070309507168705,40849.67320261618,99.980217569019,35031555.39943841,33159209.72778152,36596470.73616239,2185013.9267372657,1932878.8902050797,2642236.5220410484,8666260.254743055,7816321.754652402,9424968.279892521,50724146.260898486,48013072.35575284,52990074.60809351,4722911.547748705,4177921.2110472233,5711199.013026562,49019100.12140107,44211580.013731174,53310591.901533455,55447057.80864708,52360762.47890741,57813089.3507256,63255549.06743453,63200318.96105214,63328465.79864505,1.0120887850789524,1.0112051033768343,1.0132554527783209,6949461.623606029,3396643.6006583874,13827565.644713212,0.05486418418599118,0.05279952402984572,0.057520801546513754,0.041981646825396825,0.033998015873015874,0.052001984126984126,0.04758804563492064,0.03956746031746032,0.05742559523809524,0.0,0.0,0.0,0.35069186249977524,0.33327822387708433,0.3746563129789834,1822040.5976166467,1180622.0758296272,2644582.710083865,0.6844289434523809,0.5740962301587301,0.776421626984127,177917.27274689142,171019.39652464667,182863.79563460028,246804.2285188546,218324.7792977596,298448.965659657,424721.5012657461,395845.03809065506,476631.968403667,32038.627530327496,28896.457525314494,34843.52411864932,78.41504472279982,70.72453422148385,85.28007323277221,0.0004343345792601032,0.00021227349080604939,0.0008642250619947427,0.0006817349431699207,0.0003483975133971527,0.0013328207085594173,1.118232163440216,0.8412935223502486,1.5083293563873996
shared_fee_8131_8279,full_multiscale_60d,3.5,5.5,6775042.0,550000000.0,643782271.4932127,550000000.0,execution,proposal_faithful,"Proposal-faithful: F=64, CPSB=1530",False,False,150000000.0,75000000.0,40,64,1530.0,2.161501805529043,5.656315259465248,True,0.5,32,7200,50400,8,1.4479558695732846,1530.0,5.656315259465248,0.11295316038895495,1184472.6608413283,False,state,63206482.43427539,75000000.00000046,57197805.08629793,6008677.347977456,2.528437140860149,49019.60784313756,119.97626108281827,38992053.560354725,36453044.50506333,41226968.79346099,2689842.3302268097,2377500.175252782,3252542.3534210166,11509931.706064235,10686593.83899009,12154923.026322648,56458772.81943147,52782399.75492219,59694831.449206226,5814099.053373706,5138970.921454534,7030376.169479256,65103802.34441055,60446743.803183526,68752076.5914099,62272871.872805074,58012071.84465094,65574092.460780725,75962152.71956256,75891131.71688624,76055117.99409449,1.012828702927501,1.0118817562251499,1.01406823992126,3104912.9361992544,1461849.9051599405,5830191.239135599,0.05652504586241988,0.054476670081905314,0.05912359676215976,0.050694444444444445,0.041063492063492066,0.06151190476190476,0.055554315476190476,0.04628472222222222,0.06632638888888889,0.0,0.0,0.0,0.3647689144933911,0.3477324465469491,0.38843855471167305,3013754.0504931016,2126490.208921493,4135864.865657384,0.5411067708333333,0.42440972222222223,0.6490188492063492,202876.24888037727,192785.0183940004,211141.779704103,303826.1921471091,268546.158620096,367384.93811783305,506702.44102748646,464301.3740316346,570541.0667393635,42551.50480026834,39507.67568835525,44935.99777216334,104.14547716742865,96.69565754849239,109.98156121489151,0.00023286380654345077,0.00010963624584996981,0.0004372625719731316,0.0003640648180559282,0.00017913133342363984,0.0006692870883873548,1.0641353840992602,0.8690258048769159,1.3423074928537952
shared_fee_8131_8279,full_multiscale_60d,3.5,5.5,6775042.0,550000000.0,643782271.4932127,550000000.0,execution,proposal_faithful,"Proposal-faithful: F=64, CPSB=1530",False,False,175000000.0,87500000.0,40,64,1530.0,2.161501805529043,5.656315259465248,True,0.5,32,7200,50400,8,1.4479558695732846,1530.0,5.656315259465248,0.11295316038895495,747485.4019818847,False,state,67156782.46003886,87500000.00000663,60478631.076628886,6678151.383409966,2.9498433310037124,57189.54248366447,139.97230459663106,42186601.28908236,39119395.006779954,44961814.77142328,3136755.562900082,2742350.564871822,3783695.968871134,14217418.634926595,13496222.483716773,14727171.167194696,61084336.95387481,56643157.61422317,65102723.60494843,6780102.812711789,5927595.697364075,8178465.668287894,80418201.97494295,76338889.17978723,83301523.00176455,67864439.76658657,62644058.454378374,71997814.06862228,88672728.26989,88589166.39655177,88780761.87418954,1.0134026087987427,1.0124476159605917,1.0146372785621662,1709633.8767864835,766705.874199173,3278542.451638906,0.057781750638598646,0.05585967366583204,0.06030570246825756,0.058796502976190476,0.05032936507936508,0.06966071428571428,0.06344680059523809,0.05472420634920635,0.0744781746031746,0.0,0.0,0.0,0.3752566836652807,0.35860500423839187,0.39776278483449834,4288506.334549006,3195213.512497184,5559597.100414969,0.4117764136904762,0.3068214285714286,0.5252857142857142,224093.02220393333,211269.99996720586,235372.67696789128,354306.4541971996,309757.1631967081,427380.4176349435,578399.476401133,522360.0279617659,651396.3666471912,52560.91632349213,49894.698810318456,54445.43987043435,128.64366927942012,122.11805998675236,133.2560702967471,0.0001495895352935903,6.708520724419625e-05,0.0002868708142551143,0.00023015962560647978,0.00010886510574885344,0.00042445867933444374,1.0940636330576858,0.9418434669606441,1.335585626332567
shared_fee_8131_8279,full_multiscale_60d,3.5,5.5,6775042.0,550000000.0,643782271.4932127,550000000.0,execution,proposal_faithful,"Proposal-faithful: F=64, CPSB=1530",False,False,200000000.0,100000000.0,40,64,1530.0,2.161501805529043,5.656315259465248,True,0.5,32,7200,50400,8,1.4479558695732846,1530.0,5.656315259465248,0.11295316038895495,501674.6078754611,False,state,70790418.83514225,99999999.99999495,63472340.56784292,7318078.267299333,3.3712495211466744,65359.477124179706,159.9683481104153,44855249.90797889,41384891.01747357,48029267.2235596,3535964.258882203,3066239.084016309,4254972.016005586,16789793.54890469,16184900.594927577,17186231.125687376,64948422.38543454,59923495.86040145,69544259.38765661,7642993.129860053,6627681.316285007,9197129.69507165,94968365.45394264,91546900.20801927,97210741.36892395,72591415.51529469,66616862.42208179,77508137.58260106,101382127.6136049,101289961.84858741,101506949.35292846,1.013821276136049,1.0128996184858743,1.0150694935292845,1062746.5223059566,466799.04343526624,2040751.8026830857,0.058681412742451644,0.05672646190116023,0.06114716791886458,0.06515687003968254,0.05759623015873016,0.07604761904761904,0.06990389384920635,0.06230456349206349,0.08060416666666667,0.0,0.0,0.0,0.38249171328748466,0.36586758334922986,0.4039807264193665,5544019.1421030145,4298549.1085911915,7053124.6746837245,0.30983692956349207,0.2265138888888889,0.41471825396825396,242634.75819132454,227651.35369258653,255997.44359709203,399398.3380631337,346341.39504777646,480612.53657439386,642033.0962544582,574207.5392500319,725059.1054562763,62070.82709408015,59834.57529935901,63536.43226727055,151.919325444142,146.44606400906616,155.5064171537636,0.00010627204924373333,4.667813641729119e-05,0.00020407346895020805,0.00016049604485590476,7.465845004032323e-05,0.0002977215680817774,1.1316989265682293,0.9918429657883152,1.3633750398712352
shared_fee_8131_8279,full_multiscale_60d,3.5,5.5,6775042.0,550000000.0,643782271.4932127,550000000.0,execution,proposal_faithful,"Proposal-faithful: F=64, CPSB=1530",False,False,225000000.0,112500000.0,40,64,1530.0,2.161501805529043,5.656315259465248,True,0.5,32,7200,50400,8,1.4479558695732846,1530.0,5.656315259465248,0.11295316038895495,352911.6609491433,False,state,74168993.61380558,112500000.00000536,66235747.7973526,7933245.816452979,3.7926557112903807,73529.4117647094,179.96439162423488,47168405.477285445,43387214.62108167,50635552.408292875,3899878.81281473,3362919.568885485,4690855.900960395,19261724.202581674,18760106.77301708,19589248.208112672,68297769.56924796,62822772.075031176,73318045.3186735,8429595.095243482,7268956.719994834,10139293.499402503,108950384.53066956,106113078.20940915,110802963.56099395,76727364.66449139,70155346.53795129,82332671.43071836,114088977.8170021,113984773.50546488,114229437.50497432,1.014124247262241,1.0131979867152434,1.0153727778219939,713536.4004987222,310783.5528134329,1364984.3545269321,0.059323911901240575,0.05739422564672772,0.06172996197687375,0.06972780257936508,0.062070436507936505,0.0804156746031746,0.07449714781746032,0.0665595238095238,0.08536805555555556,0.0,0.0,0.0,0.38741104498799706,0.37167395646479245,0.4082026418340468,6747656.317373928,5341156.489455964,8479887.914691826,0.23455295138888888,0.17033035714285713,0.3245843253968254,259344.0730919033,242688.38143120173,274238.72721706843,440503.6370413494,379852.3934394774,529846.9989426553,699847.7101332527,622018.5622623105,798299.2651681423,71209.4016540324,69354.95307804519,72420.23762156467,174.28613039366633,169.7473383407134,177.24967046591635,8.02708008917659e-05,3.496182558672432e-05,0.00015355928987674687,0.00011905277668025014,5.491097708292726e-05,0.00022093440787172416,1.160833190644154,1.016736422564172,1.3877235710922344
shared_fee_8131_8279,full_multiscale_60d,3.5,5.5,6775042.0,550000000.0,643782271.4932127,550000000.0,execution,proposal_faithful,"Proposal-faithful: F=64, CPSB=1530",False,False,250000000.0,125000000.0,40,64,1530.0,2.161501805529043,5.656315259465248,True,0.5,32,7200,50400,8,1.4479558695732846,1530.0,5.656315259465248,0.11295316038895495,257644.57999920848,False,state,77336715.7808873,125000000.00000334,68809492.02887829,8527223.752009023,4.214061901433668,81699.34640523094,199.96043513803457,49233648.606687546,45204021.89007207,52935246.71948155,4238107.227185768,3640319.2069456913,5111568.0082057975,21665569.468445525,21246094.2484271,21943671.618068427,71288150.48056194,65453428.82404916,76647901.19478346,9160676.423587732,7868556.538515225,11048663.478821293,122547291.18937856,120174607.10141915,124120324.62198235,80448826.90414949,73387612.04511926,86619270.39017642,126793315.78355265,126673597.01847307,126948722.69589005,1.014346526268421,1.0133887761477847,1.0155897815671204,505296.555104715,219318.67838416967,961701.8028597649,0.059790795349459885,0.057840273548903746,0.062145012828245166,0.07306299603174604,0.06524107142857143,0.08252777777777777,0.07793340773809523,0.06995138888888888,0.08790674603174603,0.0,0.0,0.0,0.39077308529247945,0.3746713059556548,0.41101647260292834,7898105.398398734,6322140.622583884,9824361.132599818,0.1810044642857143,0.12907539682539682,0.25572222222222224,274780.55765579216,256792.15683282982,290884.10839122604,478707.6053779032,411185.55924912996,577367.7610699205,753488.1630336952,667028.7894289413,865520.1065535961,80096.26875122782,78545.49483752887,81124.39517776623,196.03687736971926,192.24133382833176,198.55323296708025,6.316041510936348e-05,2.7413784654331005e-05,0.00012021150657178829,9.211913194021696e-05,4.22959291638613e-05,0.00017068382261894023,1.1812386620347737,1.0354187407802842,1.4069441352966605
shared_fee_8131_8279,full_multiscale_60d,3.5,5.5,6775042.0,550000000.0,643782271.4932127,550000000.0,execution,proposal_faithful,"Proposal-faithful: F=64, CPSB=1530",False,False,275000000.0,137500000.0,50,64,1530.0,2.161501805529043,5.656315259465248,True,0.5,32,7200,50400,8,1.4479558695732846,1530.0,5.656315259465248,0.11295316038895495,193825.34889992862,False,state,80326539.71488196,137499999.99999177,71223775.62858163,9102764.086300336,4.635468091576634,89869.28104574626,219.956478651819,51117483.18847251,46879161.94552809,55013370.880751446,4557281.306749072,3901733.9278121144,5507566.348767657,24024570.63548305,23669218.317275766,24265258.058639698,74015859.82056242,67878957.69970451,79656933.27179584,9850571.77284186,8433604.92965981,11904614.606932119,135890545.48758066,133880560.74761808,137251949.43194324,83866431.59340432,76386056.32589567,90513983.90019302,139495368.08408427,139360151.8134442,139665608.0432561,1.014511767884249,1.0135283768250487,1.0157498766782262,372229.9403941468,161386.25536513378,704957.6862212839,0.06013674178001778,0.05816033964265809,0.06245119894487751,0.07544332837301587,0.06752281746031746,0.08457738095238096,0.0803689236111111,0.07210615079365079,0.09026785714285714,0.0,0.0,0.0,0.3931099952092483,0.3768443936371471,0.41296813047209985,9006251.644949894,7251983.303809348,11153659.559715066,0.14258308531746033,0.1002063492063492,0.2039126984126984,289298.4351598695,270207.20661268436,306384.98093030794,514759.32637881406,440713.17814318894,622097.0251451642,804057.7615386837,709981.4708195919,928067.1122559004,88817.34999188277,87503.63447556738,89707.15649146617,217.38186085472623,214.1665214689365,219.5596762556332,5.11802382857861e-05,2.2189744015263916e-05,9.693064023036949e-05,7.351455642755025e-05,3.368707971764644e-05,0.00013592678363989153,1.1953493452337958,1.045951607828125,1.4207660429993805
shared_fee_8131_8279,full_multiscale_60d,3.5,5.5,6775042.0,550000000.0,643782271.4932127,550000000.0,execution,proposal_faithful,"Proposal-faithful: F=64, CPSB=1530",False,False,300000000.0,150000000.0,50,64,1530.0,2.161501805529043,5.656315259465248,True,0.5,32,7200,50400,8,1.4479558695732846,1530.0,5.656315259465248,0.11295316038895495,149473.1157370768,False,state,83163781.00113425,149999999.9999987,73501735.5231773,9662045.477956943,5.056874281720223,98039.21568627366,239.95252216563298,52862187.43486661,48442371.02076453,56925246.93126091,4861818.492351089,4153038.6153232157,5884593.187349654,26353926.91107985,26047564.28951483,26566238.0961209,76542114.5747982,70142415.45556295,82425245.42102724,10508829.449371353,8976800.465452952,12719558.799260046,149066118.93396097,147333235.362674,150267017.92966193,87050944.02416964,79200039.23461497,94110156.18667929,152195634.49253282,152045226.5763045,152380778.6881864,1.0146375632835518,1.01363484384203,1.0158718579212427,282744.9126600396,122585.83553360982,533167.9343635509,0.06040022351485772,0.05838823375551414,0.06268822695316022,0.07722098214285714,0.06981547619047619,0.0863998015873016,0.08220486111111111,0.07419345238095239,0.09220039682539682,0.0,0.0,0.0,0.39479019576434066,0.3786851364989179,0.4143880010871002,10081958.68343737,8143029.476348239,12491434.521365952,0.11529947916666666,0.07995436507936508,0.1654404761904762,303123.9330554976,283085.8197985631,321039.23397960246,549157.7639485197,469098.83681812655,664683.398114457,852281.6970040173,751252.3215795883,987102.2525569352,97428.83590454968,96296.23226318562,98213.73720892936,238.4586080509764,235.6865428273117,240.37966633687387,4.2410563430701226e-05,1.83871416141157e-05,7.997428496672906e-05,6.007810026823437e-05,2.7525251691169525e-05,0.00011085792951329088,1.205288519442445,1.0512197947652888,1.4306450309525705
shared_fee_8131_8279,full_multiscale_60d,3.5,5.5,6775042.0,550000000.0,643782271.4932127,550000000.0,execution,proposal_faithful,"Proposal-faithful: F=64, CPSB=1530",False,False,325000000.0,162500000.0,50,64,1530.0,2.161501805529043,5.656315259465248,True,0.5,32,7200,50400,8,1.4479558695732846,1530.0,5.656315259465248,0.11295316038895495,117693.76672129458,False,state,85868368.80592386,162500000.00000328,75661538.49123295,10206830.31469092,5.478280471863733,106209.15032679953,259.9485656794432,54495677.99738879,49913650.82864934,58707664.35400091,5154693.783275615,4396192.756071304,6246833.9539615875,28663419.795185618,28395228.263225917,28853959.270727985,78907336.82269491,72272763.68917368,85006107.1903134,11141879.919499593,9502378.579701718,13502542.870328005,162129338.77596182,160612362.92127815,163207090.11899963,90049216.7421945,81862648.29409927,97472179.0120913,164894704.13384902,164729181.23890886,165094449.9431652,1.0147366408236864,1.0137180383932853,1.0159658458040937,220123.3512216695,95487.5310040543,414990.4892159253,0.06060569162562311,0.05856976698846391,0.06287693871902723,0.07855406746031746,0.07142757936507937,0.0879236111111111,0.08353360615079365,0.07572619047619047,0.0934920634920635,0.0,0.0,0.0,0.3960433612880822,0.379809242065841,0.4154945760579388,11134152.77028272,9009184.661844324,13795693.41325365,0.09516989087301587,0.0653095238095238,0.1371845238095238,316405.85452152306,295535.3051633926,335048.43978778535,582238.9536582797,496563.8654772839,705599.6375249928,898644.8081798027,791172.8785784879,1043430.8332991336,105966.88808886394,104975.40060214259,106671.3007313723,259.3556250422582,256.9289438262868,261.07968606245373,3.576903845904108e-05,1.5516100012509618e-05,6.743616733503784e-05,5.003418238078094e-05,2.292154420288859e-05,9.213656940209648e-05,1.2124653684526188,1.0550562182920702,1.4377661001065989
shared_fee_8131_8279,full_multiscale_60d,3.5,5.5,6775042.0,550000000.0,643782271.4932127,550000000.0,execution,proposal_faithful,"Proposal-faithful: F=64, CPSB=1530",False,False,350000000.0,175000000.0,64,64,1530.0,2.161501805529043,5.656315259465248,True,0.5,32,7200,50400,8,1.4479558695732846,1530.0,5.656315259465248,0.11295316038895495,94328.02942269108,False,state,88456313.54146113,175000000.00001046,77717743.53039083,10738570.0110703,5.899686662007331,114379.0849673271,279.94460919325763,56037042.67401981,51306629.91993786,60402066.837328374,5437939.0191487465,4632351.766444724,6596692.692751828,30958947.59107984,30721308.886211928,31131906.967624966,81139164.85337538,74289735.94059862,87459527.21146657,11754115.008246839,10012836.707015984,14258763.165903214,175113567.676419,173769408.24383423,176091880.43724024,92893279.86162236,84396148.36057805,100645524.2587063,177592299.42532682,177411693.1000153,177806561.18192965,1.0148131395732962,1.013781103428659,1.0160374924681694,174895.08212363633,75928.62625804872,330201.43270351074,0.060770061160162064,0.05871651136317091,0.06304021214035517,0.07958829365079365,0.07264880952380953,0.08913095238095238,0.08461991567460318,0.07691964285714285,0.09464087301587301,0.0,0.0,0.0,0.3970181127045902,0.380700178023818,0.4164047257062735,12168439.167944007,9854605.956989901,15075145.438225735,0.08009796626984127,0.055304563492063495,0.11563988095238095,329243.9919534966,307623.5876890917,348541.56049134297,614232.3982152648,523238.77205328963,745117.2877610443,943476.3901687613,829941.2396793065,1097593.0879017247,114453.31220680979,113574.776629957,115092.73231192172,280.12628152919575,277.9760518889194,281.69127229203497,3.060574696998605e-05,1.3286946600602346e-05,5.778541130281197e-05,4.232158919420101e-05,1.9386279737912885e-05,7.776055280793956e-05,1.2177633309590297,1.0578598968864261,1.442969003839958
shared_fee_8131_8279,full_multiscale_60d,3.5,5.5,6775042.0,550000000.0,643782271.4932127,550000000.0,execution,proposal_faithful,"Proposal-faithful: F=64, CPSB=1530",False,False,375000000.0,187500000.0,64,64,1530.0,2.161501805529043,5.656315259465248,True,0.5,32,7200,50400,8,1.4479558695732846,1530.0,5.656315259465248,0.11295316038895495,76764.77445877087,False,state,90940699.32406408,187500000.00001308,79682221.25328617,11258478.070777904,6.321092852150774,122549.01960785169,299.94065270706477,57500092.85739536,52632001.47021602,62009660.81181947,5712981.430397081,4862477.423976786,6934481.918248352,33244307.047631264,33031328.0601049,33403064.395084463,83257596.9538743,76208815.456189,89787252.34272176,12348619.676757203,10510253.731270116,14988895.186702296,188040281.24388143,186835604.94678938,188938262.850831,95606216.63063169,86818124.6335084,103661338.32715197,190289429.31256133,190094025.27480704,190518386.46007743,1.0148769563336604,1.0138348014656375,1.016098061120413,141364.59601572977,61427.52686162063,267166.4572527522,0.060902615848814706,0.05883631359951664,0.0631709769639146,0.08036334325396825,0.07348313492063492,0.08997718253968254,0.08546378968253968,0.07779265873015873,0.09549305555555555,0.0,0.0,0.0,0.39779618870265054,0.38140498935278894,0.4171828866925059,13189200.475748284,10675963.146898232,16334987.478279103,0.06823102678571429,0.04719642857142857,0.09878968253968254,341709.28081875126,319402.82888580865,361604.85097141616,645299.3078067629,549232.1923581224,783271.648326214,987008.5886255141,867718.7462228951,1149932.2700079198,122902.14460384408,122114.77447502574,123489.06068681764,300.8049316880314,298.87783091549545,302.24141803100406,2.6505077377261693e-05,1.1517167979624773e-05,5.009384597667361e-05,3.6266982404025176e-05,1.661021201961905e-05,6.651695129832509e-05,1.2217786979925216,1.0599869008695155,1.4468523079041438
shared_fee_8131_8279,full_multiscale_60d,3.5,5.5,6775042.0,550000000.0,643782271.4932127,550000000.0,execution,proposal_faithful,"Proposal-faithful: F=64, CPSB=1530",False,False,400000000.0,200000000.0,64,64,1530.0,2.161501805529043,5.656315259465248,True,0.5,32,7200,50400,8,1.4479558695732846,1530.0,5.656315259465248,0.11295316038895495,63308.22922671631,False,state,93332376.27653272,199999999.99998695,81564794.00591955,11767582.270613175,6.742499042293249,130718.95424835748,319.93669622082587,58895373.03587954,53898253.99714342,63538241.97413843,5980897.8354590405,5087187.539660841,7263487.04576304,35522052.71588774,35330147.38383136,35669168.5611552,85277901.07800992,78042293.23491555,92000570.40882206,12927721.470029492,10995965.052041827,15700040.36385374,200923928.824409,199838451.76632637,201756062.4249061,98205622.54803947,89142448.7690534,106543086.14232093,202985159.5124051,202775076.1532325,203228768.56923294,1.0149257975620256,1.0138753807661627,1.0161438428461647,115952.90777771476,50430.79300353097,219305.92777169115,0.061012333778740636,0.058936400495442416,0.06327942856737612,0.08096292162698412,0.07406944444444444,0.09054662698412698,0.08615327380952381,0.07861904761904762,0.09613690476190476,0.0,0.0,0.0,0.39844636631948993,0.38197146593966946,0.41786582889136475,14198755.431741074,11488740.736445002,17576817.287294317,0.05916790674603174,0.04111904761904762,0.08551686507936508,353854.9856466438,330911.1201985515,374307.4834292506,675561.3124785584,574613.910096004,820433.8172631693,1029416.2981252023,904614.2436933444,1200750.7707139102,131322.82929699938,130613.36716753358,131866.70746725888,321.41468989896987,319.6782701800375,322.74584027375687,2.3189865833110667e-05,1.0085701117148761e-05,4.386128041505357e-05,3.1425168584055486e-05,1.4389123999121383e-05,5.75528402401188e-05,1.2248700994173995,1.0616974305327451,1.4497633030902193
shared_fee_8131_8279,full_multiscale_60d,3.5,5.5,6775042.0,550000000.0,643782271.4932127,550000000.0,execution,proposal_faithful,"Proposal-faithful: F=64, CPSB=1530",False,False,425000000.0,212500000.0,64,64,1530.0,2.161501805529043,5.656315259465248,True,0.5,32,7200,50400,8,1.4479558695732846,1530.0,5.656315259465248,0.11295316038895495,52824.37891763159,False,state,95640456.39759071,212499999.9999876,83373693.53520703,12266762.862383675,7.163905232436627,138888.88888888079,339.9327397346298,60231227.73315862,55112118.6657096,64998418.44198968,6242554.504946852,5307024.8383119125,7584682.60176263,37794230.30497131,37620072.65425506,37931747.923030764,87212159.72783232,79799915.70663333,94114841.49605976,13493292.833556086,11471143.769998686,16394305.138074486,213776081.5937444,212790991.0164466,214553924.59521958,100705452.56138852,91380160.05095732,109308697.59447823,215680539.03801018,215455900.55367884,215938599.4314925,1.0149672425318124,1.0139101202526064,1.0161816443834941,96326.0831978037,41931.58324106883,182281.88955261168,0.06110362225614202,0.05902145475715572,0.06336818680393252,0.0815265376984127,0.07443551587301586,0.09117956349206348,0.08670200892857143,0.07919742063492063,0.09659920634920634,0.0,0.0,0.0,0.3990094756414604,0.3824653755083027,0.41847531561739176,15200012.907351628,12289577.427138865,18805633.686497927,0.05190662202380952,0.0363204365079365,0.07497222222222222,365723.3387551454,342179.61745561386,386701.58372583566,705116.2602340551,599445.2277500131,856713.8704162105,1070839.5989892005,940718.2554823661,1250248.6113890558,139722.92914623817,139079.0790957167,140231.3232648494,341.97406638070373,340.39823325680896,343.21836898105613,2.046864238050822e-05,8.910040337408728e-06,3.873497163924865e-05,2.749119342528311e-05,1.2583609665168567e-05,5.0288372627175315e-05,1.2273099782594832,1.0630569976671664,1.452100123123843
shared_fee_8131_8279,full_multiscale_60d,3.5,5.5,6775042.0,550000000.0,643782271.4932127,550000000.0,execution,proposal_faithful,"Proposal-faithful: F=64, CPSB=1530",False,False,433602688.0,216801344.0,64,64,1530.0,2.161501805529043,5.656315259465248,True,0.5,32,7200,50400,8,1.4479558695732846,1530.0,5.656315259465248,0.11295316038895495,49755.90583132637,False,state,96416784.6836919,216801344.00000364,83980404.31904954,12436380.364642369,7.308914271440045,141700.22483660368,346.8135286780023,60678424.34747968,55518757.504789926,65486702.36932788,6331279.390597401,5381632.790273157,7693573.284298323,38575139.38587348,38406575.66760916,38709775.49546135,87859680.6903917,80388710.80047664,94821855.07466719,13685071.834085131,11632408.992869725,16629672.544980936,218193149.54430205,217239700.01249224,218954693.8254384,101544752.52447677,92131888.4626484,110236326.50391057,220049409.74844614,219819663.36667597,220312556.6664849,1.014981760207382,1.0139220509937243,1.016195529980132,90609.38207634162,39454.94211407393,171490.86674691775,0.061131139366878445,0.059047620693184304,0.06339496713627454,0.08169394841269842,0.07457440476190476,0.09137003968253968,0.08686135912698412,0.07938888888888888,0.09672222222222222,0.0,0.0,0.0,0.3991885932378997,0.3826211625642784,0.41867014974480826,15543287.914566241,12562609.605629569,19226550.855596635,0.049780505952380955,0.03482142857142857,0.0720109126984127,369749.61454132374,346007.1195943836,390902.4798393711,715138.0164734332,607872.4317141831,869013.4171455274,1084887.6310147569,952973.8265969884,1267010.2207699006,142609.90166294255,141986.73203430866,143107.64302316235,349.03997701612576,347.51475955002303,350.25820682278896,1.964361338624243e-05,8.553482008860908e-06,3.717952050107899e-05,2.6306446905446964e-05,1.203996943975276e-05,4.81028821575989e-05,1.2280374897908446,1.0634641797766875,1.4527978898191285
shared_fee_8131_8279,full_multiscale_60d,3.5,5.5,6775042.0,550000000.0,643782271.4932127,550000000.0,execution,proposal_faithful,"Proposal-faithful: F=64, CPSB=1530",False,False,450000000.0,225000000.0,67,64,1530.0,2.161501805529043,5.656315259465248,False,0.5,32,7200,50400,8,1.4479558695732846,1530.0,5.656315259465248,0.11295316038895495,44535.26644046533,False,state,97872676.92324537,225000000.00000715,85115895.78368536,12756781.139560016,7.5853114225806415,147058.82352941643,359.928783248464,61514194.244159505,56279079.695890896,66398454.1366672,6498603.936558321,5522435.788985322,7899440.423009887,40062076.93841502,39903302.658567466,40191712.82367155,89069838.6179019,81489623.77984828,96142031.3977799,14046744.14228895,11936754.928810053,17074654.73700483,226603737.11261642,225705659.73070335,227336998.5485666,103116582.7601907,93540262.88622957,111972101.9244565,228375167.37758636,228136022.6173076,228648230.2061318,1.0150007439003839,1.013937878299145,1.016214356471697,80914.76994925336,35252.963928533856,153181.89742749828,0.06118085327052285,0.059094569742564405,0.06344321515716013,0.08195808531746031,0.07475297619047619,0.09168353174603175,0.08716951884920635,0.07978174603174602,0.09687599206349207,0.0,0.0,0.0,0.3995121137692181,0.38290062678650066,0.4190282047025519,16194789.137400769,13079796.831574531,20024133.200321846,0.04606212797619048,0.03219444444444445,0.06648611111111111,377346.4878368638,353235.54875621357,398822.90164619434,734037.8527503662,623776.5754109641,892266.7610832299,1111384.34058723,976108.2683766261,1298594.8137433894,148107.01772066433,147520.0390396754,148586.27356115464,362.4942550155389,361.0576154629392,363.66724122195916,1.8205221858931135e-05,7.931523754153933e-06,3.446596725223885e-05,2.4250393655915014e-05,1.1096479030807863e-05,4.431387443210023e-05,1.229259718342402,1.0641684945627194,1.4539439816648612
shared_fee_8131_8279,full_multiscale_60d,3.5,5.5,6775042.0,550000000.0,643782271.4932127,550000000.0,execution,proposal_faithful,"Proposal-faithful: F=64, CPSB=1530",False,False,475000000.0,237500000.0,71,64,1530.0,2.161501805529043,5.656315259465248,False,0.5,32,7200,50400,8,1.4479558695732846,1530.0,5.656315259465248,0.11295316038895495,37895.07442306996,False,state,100035671.92883277,237500000.00000367,86797370.73081948,13238301.198013294,8.006717612723879,155228.75816993703,379.9248267622614,62749627.67337504,57403630.499043375,67744587.61515866,6749572.349785384,5733833.292337513,8210902.771809042,42326410.96279034,42180674.94934476,42450653.20520673,90858691.70320152,83117923.71590523,98091173.26919003,14589212.820609983,12393691.01399003,17747881.16628867,239411524.20725495,238587195.37054893,240114277.49890766,105447904.52381125,95630056.29665303,114543719.27614406,241068748.7959665,240815480.2378636,241356362.66725537,1.015026310719859,1.0139599167910047,1.0162373164937069,68640.62105928463,29928.657449860075,129983.73981272888,0.06124685229549899,0.05915707042662473,0.06350716301374332,0.08234188988095237,0.07509126984126985,0.09207539682539682,0.08757874503968255,0.08023313492063493,0.0971875,0.0,0.0,0.0,0.3999671562454089,0.3832911169213117,0.4195252779793988,17183775.907743182,13865111.717698054,21234130.072535243,0.041280381944444444,0.028784722222222222,0.05900992063492063,388750.2518481795,364100.1731102699,410734.91997729434,762385.528182164,647654.5915129286,927447.4177222614,1151135.7800303437,1010854.0157301261,1345916.5295437037,156478.12039689865,155939.34337944374,156937.43627379584,382.982660460332,381.6639952372556,384.1068432922806,1.630158354846067e-05,7.107677755637417e-06,3.08711506609712e-05,2.154918452355076e-05,9.857012118251407e-06,3.9343456400632754e-05,1.2308280503752704,1.0650762271504846,1.4552553391719325
shared_fee_8131_8279,full_multiscale_60d,3.5,5.5,6775042.0,550000000.0,643782271.4932127,550000000.0,execution,proposal_faithful,"Proposal-faithful: F=64, CPSB=1530",False,False,500000000.0,250000000.0,74,64,1530.0,2.161501805529043,5.656315259465248,False,0.5,32,7200,50400,8,1.4479558695732846,1530.0,5.656315259465248,0.11295316038895495,32513.150702776144,False,state,102135178.9179452,250000000.00000274,88423272.13360794,13711906.784337273,8.428123802867203,163398.6928104593,399.9208702760628,63942136.18715669,58489669.972070634,69042417.33812033,6995943.793958072,5941537.30237735,8516300.75587385,44588112.65353063,44453451.29718933,44709582.43488538,92585391.40524773,84690460.94546382,99970373.4342596,15121745.14202009,12842643.60670675,18407999.460249692,252204421.99293405,251442734.90819958,252891493.3707756,107707136.54726765,97655945.05839735,117033150.1752075,253762090.88906035,253493969.63471836,254065432.37979525,1.0150483635562413,1.0139758785388733,1.0162617295191811,58740.027521369426,25630.093408147724,111256.90796758045,0.06130308609811684,0.059210834024498,0.06356133728950689,0.08268663194444444,0.07537103174603174,0.09241765873015872,0.08791604662698413,0.08064484126984127,0.09750892857142857,0.0,0.0,0.0,0.40038797950657545,0.3836659764299102,0.41997199723645806,18168710.93304833,14646274.690602686,22437501.05508343,0.0372984871031746,0.025763888888888888,0.053080357142857144,399957.30824797496,374790.6818232186,422444.54718779336,790213.96143106,671115.4158723875,961943.0851987972,1190171.2696790348,1045007.6846454507,1392319.6713875425,164839.49149864967,164341.65680274484,165288.55775867688,403.4472477235378,402.22878947631773,404.54634445701055,1.4684478489680866e-05,6.407161117939733e-06,2.7814217785336174e-05,1.927386473936777e-05,8.812939681712843e-06,3.516262871026871e-05,1.232126183646736,1.065828529830052,1.4561039926473933
shared_fee_8131_8279,full_multiscale_60d,3.5,5.5,6775042.0,550000000.0,643782271.4932127,550000000.0,execution,proposal_faithful,"Proposal-faithful: F=64, CPSB=1530",False,False,525000000.0,262500000.0,78,64,1530.0,2.161501805529043,5.656315259465248,False,0.5,32,7200,50400,8,1.4479558695732846,1530.0,5.656315259465248,0.11295316038895495,28104.879612834324,False,state,104176198.40937558,262499999.99998045,89998083.87911603,14178114.530259551,8.849529993009808,171568.62745096762,419.91691378983006,65095551.69097422,59540706.73182322,70296628.15914828,7238094.157267134,6145863.242920237,8816127.95740977,46847793.52579367,46722949.61306531,46967383.74209085,94255486.15405715,86212315.79088423,101786415.35424924,15645153.589522097,13284294.496106707,19056076.497716174,264985889.3922262,264279732.8636084,265662329.35755262,109900639.74357927,99623717.165137,119448407.32345252,266456097.00882792,266174050.30602765,266774486.52744403,1.0150708457479158,1.0139963821182005,1.0162837581997868,50662.908433552264,22120.302047355464,95972.8216466485,0.06135041675241455,0.05925615396804411,0.06360695907608861,0.08298859126984127,0.07557638888888889,0.0926954365079365,0.08821304563492063,0.0808640873015873,0.0977579365079365,0.0,0.0,0.0,0.4007803595759618,0.38402098801731605,0.42038389687275546,19150736.85310933,15424592.888842465,23636418.735599473,0.033937872023809525,0.023238095238095238,0.048100198412698414,410986.2383880008,385324.0378439651,433952.7923874631,817565.6102561522,694194.6766061523,995809.5151828555,1228551.848644153,1078623.053581815,1437884.2961336784,173193.39175962497,172731.8515448421,173635.5093840213,423.89354998645786,422.763923052554,424.9756398249492,1.329852987666851e-05,5.806250509153935e-06,2.519285151682548e-05,1.733922466705285e-05,7.925349264156192e-06,3.1611808076112785e-05,1.2332187444956633,1.0664593166769842,1.4575991524331173
shared_fee_8131_8279,full_multiscale_60d,3.5,5.5,6775042.0,550000000.0,643782271.4932127,550000000.0,execution,proposal_faithful,"Proposal-faithful: F=64, CPSB=1530",False,False,550000000.0,275000000.0,82,64,1530.0,2.161501805529043,5.656315259465248,False,0.5,32,7200,50400,8,1.4479558695732846,1530.0,5.656315259465248,0.11295316038895495,24459.55889629373,False,state,106163118.92890373,274999999.9999798,91525734.44585241,14637384.483051311,9.270936183153141,179738.56209149005,439.9129573036319,66212933.06503551,60559345.5576255,71510840.12284395,7476276.036710767,6346955.711166438,9110765.567454262,49105307.6548312,48985796.54609997,49223734.15652543,95873405.07318097,87687259.85768114,103544540.69398907,16159984.15198387,13718956.22929911,19692936.223804355,277755101.00875115,277079108.50076,278424958.63740754,112033389.22516516,101537533.75804009,121795470.08409894,279147611.71086836,278850763.63307065,279482423.75857985,1.0150822244031579,1.0140027768475297,1.0162997227584722,44007.21875799484,19226.316784198272,83375.0564298236,0.06139289149749033,0.059296614038068664,0.06364765383344752,0.0832204861111111,0.07583829365079364,0.09282539682539682,0.08846354166666667,0.0810079365079365,0.09792063492063492,0.0,0.0,0.0,0.4011467852415801,0.3843637021888392,0.42075980485580367,20128442.856597215,16199187.194507882,24830015.28916688,0.03111111111111111,0.02124107142857143,0.043807539682539684,421850.10822423006,395710.3936164406,445275.4689447862,844469.0062866916,716908.7064249762,1029089.7644068293,1266319.1145109218,1111726.2686799224,1482670.2575582291,181539.2817050661,181097.4565364445,181977.09714863237,444.32024687613705,443.23887282775354,445.3918070593904,1.2101518076032298e-05,5.286908000149329e-06,2.2928106953609216e-05,1.568080105772736e-05,7.16466104278367e-06,2.8571777526288462e-05,1.2341073292793423,1.0669383081044133,1.458807079716102
shared_fee_8131_8279,full_multiscale_60d,4.0,5.0,7930799.0,500000000.0,753605334.841629,500000000.0,execution,proposal_faithful,"Proposal-faithful: F=64, CPSB=1530",False,False,50000000.0,25000000.0,40,64,1530.0,2.161501805529043,5.656315259465248,True,0.5,32,7200,50400,8,1.4479558695732846,1530.0,5.656315259465248,0.11295316038895495,1616044955.0430844,False,regular,25000000.000000708,6687851.184176778,23853463.050618015,1146536.9493826907,0.22546415102157322,4371.144564821424,10.698445063410981,16546440.306668289,16388487.501199182,16690701.388392564,525665.4018404109,465976.8145406435,626021.5204238404,1197972.0511411817,977968.0263163433,1488660.1629361883,23958515.362584323,23729806.670789637,24167399.04261811,1136226.7151821996,1007209.7259642719,1353146.6466961668,6776107.593282759,5531695.470522212,8420331.195774088,25094742.077766493,24923573.88275583,25210806.33632791,25262538.93053484,25241668.535349652,25292161.12580526,1.0105015572213936,1.0096667414139862,1.0116864450322103,3075015619.7018623,1446509068.8807626,7003806908.84776,0.05101625236670262,0.04894284894054113,0.05325149168471371,0.027788318452380955,0.021732142857142856,0.0337281746031746,0.033710937499999996,0.02676388888888889,0.04096626984126984,0.0,0.0,0.0,0.3186173351394078,0.30276196995165433,0.3360501447112437,109642.10925039167,69285.69676788485,149586.1800259147,0.9807614087301588,0.9599732142857142,0.9924811507936508,76497.16021385592,75726.5830501593,77306.27539167712,59375.56844500439,52633.55387034362,70711.10920337148,135872.72865886032,129361.13198683746,146499.15320092769,4428.828492341672,3615.4872356354326,5503.48444168241,10.839627383159394,8.848961866693493,13.469864719306468,0.07687559770590154,0.03615977974285261,0.1750938341284944,0.09322703436954291,0.04519776324221508,0.20609438414291162,1.060656245383876,0.814816489825894,1.4143465008202256
shared_fee_8131_8279,full_multiscale_60d,4.0,5.0,7930799.0,500000000.0,753605334.841629,500000000.0,execution,proposal_faithful,"Proposal-faithful: F=64, CPSB=1530",False,False,75000000.0,37500000.0,40,64,1530.0,2.161501805529043,5.656315259465248,True,0.5,32,7200,50400,8,1.4479558695732846,1530.0,5.656315259465248,0.11295316038895495,66425030.80442605,False,regular,37499999.999999896,19473716.7488722,35115102.532672405,2384897.4673274895,0.6565075826458469,12727.919443707318,31.151782998873696,23858255.00579673,23363607.98972974,24235732.65953151,1049605.0643400745,938318.5678618496,1256656.8930692563,3167444.6058975086,2667524.6426026355,3768408.7250880464,34545700.37341965,33829473.3231387,35092271.357777886,2268723.2416634946,2028177.2785948145,2716266.14329972,17916065.25784897,15088360.340952775,21315307.7756174,36814423.6150831,36040173.384649225,37305764.843846366,37902973.26582389,37870154.41383199,37947232.511066474,1.0107459537553038,1.009870784368853,1.011926200295106,146666903.62050897,68782372.82036893,314844544.307276,0.051645918594019805,0.04945098164882215,0.05414747954386213,0.030513392857142857,0.024586309523809524,0.03799107142857143,0.036598462301587295,0.02959623015873016,0.044503968253968254,0.0,0.0,0.0,0.32318245022206826,0.30620344773018615,0.34243572938220745,324623.57296544407,174045.5429596877,521395.08991018723,0.9213659474206348,0.8726527777777778,0.955610119047619,114060.32794271302,112452.29857928267,115955.41324536735,118556.20917746381,105986.047691634,141943.36759673752,232616.53712017683,220794.89847914735,255322.10944450865,11709.846573757495,9861.67342545933,13931.573709553857,28.660033639366457,24.1366007943704,34.09774574330778,0.005500009749512363,0.002579203636388406,0.011806629701693966,0.007657580058069102,0.003846786033730186,0.015809637964776153,1.0282047789672095,0.7753270910854692,1.4585090129135585
shared_fee_8131_8279,full_multiscale_60d,4.0,5.0,7930799.0,500000000.0,753605334.841629,500000000.0,execution,proposal_faithful,"Proposal-faithful: F=64, CPSB=1530",False,False,100000000.0,50000000.0,40,64,1530.0,2.161501805529043,5.656315259465248,True,0.5,32,7200,50400,8,1.4479558695732846,1530.0,5.656315259465248,0.11295316038895495,7127800.090390119,False,regular,50000000.000000015,41120468.92685538,46019677.17025021,3980322.8297498054,1.386273611789949,26876.123481604824,65.77973487755048,30046784.244126,28928695.39427744,30943772.507507835,1627095.7340936912,1459789.2893002098,1959419.6235617965,5794928.951566906,5053307.139566265,6564312.749784963,43506417.60808429,41887474.295242295,44805217.02898618,3516970.3670121073,3155337.184514388,4235289.054117838,32777945.056265067,28583098.28429362,37129822.374511264,47023387.975096494,45224368.10516102,48402774.8072085,50565191.54368234,50518856.86871456,50625308.8338514,1.0113038308736466,1.0103771373742914,1.012506176677028,22717186.98527202,11159921.011419004,45498082.4988905,0.05302859784451576,0.05081967418023132,0.055465217902267,0.03493923611111111,0.027797619047619047,0.043027777777777776,0.04099392361111111,0.03390178571428572,0.04999603174603174,0.0,0.0,0.0,0.3350579859783571,0.31709906015221295,0.3560049597886526,884261.5235498648,506809.38091865624,1389458.412960522,0.8168415178571429,0.7322063492063492,0.882719246031746,148345.43293314625,144830.3361854932,151833.9390758389,183785.60542126908,164887.81372840516,221322.63900944134,332131.03835441533,312432.4189600225,369436.16680886556,21423.493500826844,18681.763584505632,24267.857761118474,52.43433725104941,45.723910164163264,59.39596350884005,0.0011358499725654307,0.000557953399608653,0.0022747874282708198,0.0017305159320980725,0.0008808447529571611,0.003408645933547091,1.1086382617091495,0.7879631920386516,1.5952884554892695
shared_fee_8131_8279,full_multiscale_60d,4.0,5.0,7930799.0,500000000.0,753605334.841629,500000000.0,execution,proposal_faithful,"Proposal-faithful: F=64, CPSB=1530",False,False,125000000.0,62500000.0,40,64,1530.0,2.161501805529043,5.656315259465248,True,0.5,32,7200,50400,8,1.4479558695732846,1530.0,5.656315259465248,0.11295316038895495,2041657.8574558252,False,state,58849329.8955297,62500000.00000275,53546380.709798254,5302949.185731451,2.1070309507168705,40849.67320261618,99.980217569019,35031555.39943841,33159209.72778152,36596470.73616239,2185013.9267372657,1932878.8902050797,2642236.5220410484,8666260.254743055,7816321.754652402,9424968.279892521,50724146.260898486,48013072.35575284,52990074.60809351,4722911.547748705,4177921.2110472233,5711199.013026562,49019100.12140107,44211580.013731174,53310591.901533455,55447057.80864708,52360762.47890741,57813089.3507256,63255549.06743453,63200318.96105214,63328465.79864505,1.0120887850789524,1.0112051033768343,1.0132554527783209,6949461.623606029,3396643.6006583874,13827565.644713212,0.05486418418599118,0.05279952402984572,0.057520801546513754,0.041981646825396825,0.033998015873015874,0.052001984126984126,0.04758804563492064,0.03956746031746032,0.05742559523809524,0.0,0.0,0.0,0.35069186249977524,0.33327822387708433,0.3746563129789834,1822040.5976166467,1180622.0758296272,2644582.710083865,0.6844289434523809,0.5740962301587301,0.776421626984127,177917.27274689142,171019.39652464667,182863.79563460028,246804.2285188546,218324.7792977596,298448.965659657,424721.5012657461,395845.03809065506,476631.968403667,32038.627530327496,28896.457525314494,34843.52411864932,78.41504472279982,70.72453422148385,85.28007323277221,0.0004343345792601032,0.00021227349080604939,0.0008642250619947427,0.0006817349431699207,0.0003483975133971527,0.0013328207085594173,1.118232163440216,0.8412935223502486,1.5083293563873996
shared_fee_8131_8279,full_multiscale_60d,4.0,5.0,7930799.0,500000000.0,753605334.841629,500000000.0,execution,proposal_faithful,"Proposal-faithful: F=64, CPSB=1530",False,False,150000000.0,75000000.0,40,64,1530.0,2.161501805529043,5.656315259465248,True,0.5,32,7200,50400,8,1.4479558695732846,1530.0,5.656315259465248,0.11295316038895495,1184472.6608413283,False,state,63206482.43427539,75000000.00000046,57197805.08629793,6008677.347977456,2.528437140860149,49019.60784313756,119.97626108281827,38992053.560354725,36453044.50506333,41226968.79346099,2689842.3302268097,2377500.175252782,3252542.3534210166,11509931.706064235,10686593.83899009,12154923.026322648,56458772.81943147,52782399.75492219,59694831.449206226,5814099.053373706,5138970.921454534,7030376.169479256,65103802.34441055,60446743.803183526,68752076.5914099,62272871.872805074,58012071.84465094,65574092.460780725,75962152.71956256,75891131.71688624,76055117.99409449,1.012828702927501,1.0118817562251499,1.01406823992126,3104912.9361992544,1461849.9051599405,5830191.239135599,0.05652504586241988,0.054476670081905314,0.05912359676215976,0.050694444444444445,0.041063492063492066,0.06151190476190476,0.055554315476190476,0.04628472222222222,0.06632638888888889,0.0,0.0,0.0,0.3647689144933911,0.3477324465469491,0.38843855471167305,3013754.0504931016,2126490.208921493,4135864.865657384,0.5411067708333333,0.42440972222222223,0.6490188492063492,202876.24888037727,192785.0183940004,211141.779704103,303826.1921471091,268546.158620096,367384.93811783305,506702.44102748646,464301.3740316346,570541.0667393635,42551.50480026834,39507.67568835525,44935.99777216334,104.14547716742865,96.69565754849239,109.98156121489151,0.00023286380654345077,0.00010963624584996981,0.0004372625719731316,0.0003640648180559282,0.00017913133342363984,0.0006692870883873548,1.0641353840992602,0.8690258048769159,1.3423074928537952
shared_fee_8131_8279,full_multiscale_60d,4.0,5.0,7930799.0,500000000.0,753605334.841629,500000000.0,execution,proposal_faithful,"Proposal-faithful: F=64, CPSB=1530",False,False,175000000.0,87500000.0,40,64,1530.0,2.161501805529043,5.656315259465248,True,0.5,32,7200,50400,8,1.4479558695732846,1530.0,5.656315259465248,0.11295316038895495,747485.4019818847,False,state,67156782.46003886,87500000.00000663,60478631.076628886,6678151.383409966,2.9498433310037124,57189.54248366447,139.97230459663106,42186601.28908236,39119395.006779954,44961814.77142328,3136755.562900082,2742350.564871822,3783695.968871134,14217418.634926595,13496222.483716773,14727171.167194696,61084336.95387481,56643157.61422317,65102723.60494843,6780102.812711789,5927595.697364075,8178465.668287894,80418201.97494295,76338889.17978723,83301523.00176455,67864439.76658657,62644058.454378374,71997814.06862228,88672728.26989,88589166.39655177,88780761.87418954,1.0134026087987427,1.0124476159605917,1.0146372785621662,1709633.8767864835,766705.874199173,3278542.451638906,0.057781750638598646,0.05585967366583204,0.06030570246825756,0.058796502976190476,0.05032936507936508,0.06966071428571428,0.06344680059523809,0.05472420634920635,0.0744781746031746,0.0,0.0,0.0,0.3752566836652807,0.35860500423839187,0.39776278483449834,4288506.334549006,3195213.512497184,5559597.100414969,0.4117764136904762,0.3068214285714286,0.5252857142857142,224093.02220393333,211269.99996720586,235372.67696789128,354306.4541971996,309757.1631967081,427380.4176349435,578399.476401133,522360.0279617659,651396.3666471912,52560.91632349213,49894.698810318456,54445.43987043435,128.64366927942012,122.11805998675236,133.2560702967471,0.0001495895352935903,6.708520724419625e-05,0.0002868708142551143,0.00023015962560647978,0.00010886510574885344,0.00042445867933444374,1.0940636330576858,0.9418434669606441,1.335585626332567
shared_fee_8131_8279,full_multiscale_60d,4.0,5.0,7930799.0,500000000.0,753605334.841629,500000000.0,execution,proposal_faithful,"Proposal-faithful: F=64, CPSB=1530",False,False,200000000.0,100000000.0,40,64,1530.0,2.161501805529043,5.656315259465248,True,0.5,32,7200,50400,8,1.4479558695732846,1530.0,5.656315259465248,0.11295316038895495,501674.6078754611,False,state,70790418.83514225,99999999.99999495,63472340.56784292,7318078.267299333,3.3712495211466744,65359.477124179706,159.9683481104153,44855249.90797889,41384891.01747357,48029267.2235596,3535964.258882203,3066239.084016309,4254972.016005586,16789793.54890469,16184900.594927577,17186231.125687376,64948422.38543454,59923495.86040145,69544259.38765661,7642993.129860053,6627681.316285007,9197129.69507165,94968365.45394264,91546900.20801927,97210741.36892395,72591415.51529469,66616862.42208179,77508137.58260106,101382127.6136049,101289961.84858741,101506949.35292846,1.013821276136049,1.0128996184858743,1.0150694935292845,1062746.5223059566,466799.04343526624,2040751.8026830857,0.058681412742451644,0.05672646190116023,0.06114716791886458,0.06515687003968254,0.05759623015873016,0.07604761904761904,0.06990389384920635,0.06230456349206349,0.08060416666666667,0.0,0.0,0.0,0.38249171328748466,0.36586758334922986,0.4039807264193665,5544019.1421030145,4298549.1085911915,7053124.6746837245,0.30983692956349207,0.2265138888888889,0.41471825396825396,242634.75819132454,227651.35369258653,255997.44359709203,399398.3380631337,346341.39504777646,480612.53657439386,642033.0962544582,574207.5392500319,725059.1054562763,62070.82709408015,59834.57529935901,63536.43226727055,151.919325444142,146.44606400906616,155.5064171537636,0.00010627204924373333,4.667813641729119e-05,0.00020407346895020805,0.00016049604485590476,7.465845004032323e-05,0.0002977215680817774,1.1316989265682293,0.9918429657883152,1.3633750398712352
shared_fee_8131_8279,full_multiscale_60d,4.0,5.0,7930799.0,500000000.0,753605334.841629,500000000.0,execution,proposal_faithful,"Proposal-faithful: F=64, CPSB=1530",False,False,225000000.0,112500000.0,40,64,1530.0,2.161501805529043,5.656315259465248,True,0.5,32,7200,50400,8,1.4479558695732846,1530.0,5.656315259465248,0.11295316038895495,352911.6609491433,False,state,74168993.61380558,112500000.00000536,66235747.7973526,7933245.816452979,3.7926557112903807,73529.4117647094,179.96439162423488,47168405.477285445,43387214.62108167,50635552.408292875,3899878.81281473,3362919.568885485,4690855.900960395,19261724.202581674,18760106.77301708,19589248.208112672,68297769.56924796,62822772.075031176,73318045.3186735,8429595.095243482,7268956.719994834,10139293.499402503,108950384.53066956,106113078.20940915,110802963.56099395,76727364.66449139,70155346.53795129,82332671.43071836,114088977.8170021,113984773.50546488,114229437.50497432,1.014124247262241,1.0131979867152434,1.0153727778219939,713536.4004987222,310783.5528134329,1364984.3545269321,0.059323911901240575,0.05739422564672772,0.06172996197687375,0.06972780257936508,0.062070436507936505,0.0804156746031746,0.07449714781746032,0.0665595238095238,0.08536805555555556,0.0,0.0,0.0,0.38741104498799706,0.37167395646479245,0.4082026418340468,6747656.317373928,5341156.489455964,8479887.914691826,0.23455295138888888,0.17033035714285713,0.3245843253968254,259344.0730919033,242688.38143120173,274238.72721706843,440503.6370413494,379852.3934394774,529846.9989426553,699847.7101332527,622018.5622623105,798299.2651681423,71209.4016540324,69354.95307804519,72420.23762156467,174.28613039366633,169.7473383407134,177.24967046591635,8.02708008917659e-05,3.496182558672432e-05,0.00015355928987674687,0.00011905277668025014,5.491097708292726e-05,0.00022093440787172416,1.160833190644154,1.016736422564172,1.3877235710922344
shared_fee_8131_8279,full_multiscale_60d,4.0,5.0,7930799.0,500000000.0,753605334.841629,500000000.0,execution,proposal_faithful,"Proposal-faithful: F=64, CPSB=1530",False,False,250000000.0,125000000.0,40,64,1530.0,2.161501805529043,5.656315259465248,True,0.5,32,7200,50400,8,1.4479558695732846,1530.0,5.656315259465248,0.11295316038895495,257644.57999920848,False,state,77336715.7808873,125000000.00000334,68809492.02887829,8527223.752009023,4.214061901433668,81699.34640523094,199.96043513803457,49233648.606687546,45204021.89007207,52935246.71948155,4238107.227185768,3640319.2069456913,5111568.0082057975,21665569.468445525,21246094.2484271,21943671.618068427,71288150.48056194,65453428.82404916,76647901.19478346,9160676.423587732,7868556.538515225,11048663.478821293,122547291.18937856,120174607.10141915,124120324.62198235,80448826.90414949,73387612.04511926,86619270.39017642,126793315.78355265,126673597.01847307,126948722.69589005,1.014346526268421,1.0133887761477847,1.0155897815671204,505296.555104715,219318.67838416967,961701.8028597649,0.059790795349459885,0.057840273548903746,0.062145012828245166,0.07306299603174604,0.06524107142857143,0.08252777777777777,0.07793340773809523,0.06995138888888888,0.08790674603174603,0.0,0.0,0.0,0.39077308529247945,0.3746713059556548,0.41101647260292834,7898105.398398734,6322140.622583884,9824361.132599818,0.1810044642857143,0.12907539682539682,0.25572222222222224,274780.55765579216,256792.15683282982,290884.10839122604,478707.6053779032,411185.55924912996,577367.7610699205,753488.1630336952,667028.7894289413,865520.1065535961,80096.26875122782,78545.49483752887,81124.39517776623,196.03687736971926,192.24133382833176,198.55323296708025,6.316041510936348e-05,2.7413784654331005e-05,0.00012021150657178829,9.211913194021696e-05,4.22959291638613e-05,0.00017068382261894023,1.1812386620347737,1.0354187407802842,1.4069441352966605
shared_fee_8131_8279,full_multiscale_60d,4.0,5.0,7930799.0,500000000.0,753605334.841629,500000000.0,execution,proposal_faithful,"Proposal-faithful: F=64, CPSB=1530",False,False,275000000.0,137500000.0,40,64,1530.0,2.161501805529043,5.656315259465248,True,0.5,32,7200,50400,8,1.4479558695732846,1530.0,5.656315259465248,0.11295316038895495,193825.34889992862,False,state,80326539.71488196,137499999.99999177,71223775.62858163,9102764.086300336,4.635468091576634,89869.28104574626,219.956478651819,51117483.18847251,46879161.94552809,55013370.880751446,4557281.306749072,3901733.9278121144,5507566.348767657,24024570.63548305,23669218.317275766,24265258.058639698,74015859.82056242,67878957.69970451,79656933.27179584,9850571.77284186,8433604.92965981,11904614.606932119,135890545.48758066,133880560.74761808,137251949.43194324,83866431.59340432,76386056.32589567,90513983.90019302,139495368.08408427,139360151.8134442,139665608.0432561,1.014511767884249,1.0135283768250487,1.0157498766782262,372229.9403941468,161386.25536513378,704957.6862212839,0.06013674178001778,0.05816033964265809,0.06245119894487751,0.07544332837301587,0.06752281746031746,0.08457738095238096,0.0803689236111111,0.07210615079365079,0.09026785714285714,0.0,0.0,0.0,0.3931099952092483,0.3768443936371471,0.41296813047209985,9006251.644949894,7251983.303809348,11153659.559715066,0.14258308531746033,0.1002063492063492,0.2039126984126984,289298.4351598695,270207.20661268436,306384.98093030794,514759.32637881406,440713.17814318894,622097.0251451642,804057.7615386837,709981.4708195919,928067.1122559004,88817.34999188277,87503.63447556738,89707.15649146617,217.38186085472623,214.1665214689365,219.5596762556332,5.11802382857861e-05,2.2189744015263916e-05,9.693064023036949e-05,7.351455642755025e-05,3.368707971764644e-05,0.00013592678363989153,1.1953493452337958,1.045951607828125,1.4207660429993805
shared_fee_8131_8279,full_multiscale_60d,4.0,5.0,7930799.0,500000000.0,753605334.841629,500000000.0,execution,proposal_faithful,"Proposal-faithful: F=64, CPSB=1530",False,False,300000000.0,150000000.0,40,64,1530.0,2.161501805529043,5.656315259465248,True,0.5,32,7200,50400,8,1.4479558695732846,1530.0,5.656315259465248,0.11295316038895495,149473.1157370768,False,state,83163781.00113425,149999999.9999987,73501735.5231773,9662045.477956943,5.056874281720223,98039.21568627366,239.95252216563298,52862187.43486661,48442371.02076453,56925246.93126091,4861818.492351089,4153038.6153232157,5884593.187349654,26353926.91107985,26047564.28951483,26566238.0961209,76542114.5747982,70142415.45556295,82425245.42102724,10508829.449371353,8976800.465452952,12719558.799260046,149066118.93396097,147333235.362674,150267017.92966193,87050944.02416964,79200039.23461497,94110156.18667929,152195634.49253282,152045226.5763045,152380778.6881864,1.0146375632835518,1.01363484384203,1.0158718579212427,282744.9126600396,122585.83553360982,533167.9343635509,0.06040022351485772,0.05838823375551414,0.06268822695316022,0.07722098214285714,0.06981547619047619,0.0863998015873016,0.08220486111111111,0.07419345238095239,0.09220039682539682,0.0,0.0,0.0,0.39479019576434066,0.3786851364989179,0.4143880010871002,10081958.68343737,8143029.476348239,12491434.521365952,0.11529947916666666,0.07995436507936508,0.1654404761904762,303123.9330554976,283085.8197985631,321039.23397960246,549157.7639485197,469098.83681812655,664683.398114457,852281.6970040173,751252.3215795883,987102.2525569352,97428.83590454968,96296.23226318562,98213.73720892936,238.4586080509764,235.6865428273117,240.37966633687387,4.2410563430701226e-05,1.83871416141157e-05,7.997428496672906e-05,6.007810026823437e-05,2.7525251691169525e-05,0.00011085792951329088,1.205288519442445,1.0512197947652888,1.4306450309525705
shared_fee_8131_8279,full_multiscale_60d,4.0,5.0,7930799.0,500000000.0,753605334.841629,500000000.0,execution,proposal_faithful,"Proposal-faithful: F=64, CPSB=1530",False,False,325000000.0,162500000.0,50,64,1530.0,2.161501805529043,5.656315259465248,True,0.5,32,7200,50400,8,1.4479558695732846,1530.0,5.656315259465248,0.11295316038895495,117693.76672129458,False,state,85868368.80592386,162500000.00000328,75661538.49123295,10206830.31469092,5.478280471863733,106209.15032679953,259.9485656794432,54495677.99738879,49913650.82864934,58707664.35400091,5154693.783275615,4396192.756071304,6246833.9539615875,28663419.795185618,28395228.263225917,28853959.270727985,78907336.82269491,72272763.68917368,85006107.1903134,11141879.919499593,9502378.579701718,13502542.870328005,162129338.77596182,160612362.92127815,163207090.11899963,90049216.7421945,81862648.29409927,97472179.0120913,164894704.13384902,164729181.23890886,165094449.9431652,1.0147366408236864,1.0137180383932853,1.0159658458040937,220123.3512216695,95487.5310040543,414990.4892159253,0.06060569162562311,0.05856976698846391,0.06287693871902723,0.07855406746031746,0.07142757936507937,0.0879236111111111,0.08353360615079365,0.07572619047619047,0.0934920634920635,0.0,0.0,0.0,0.3960433612880822,0.379809242065841,0.4154945760579388,11134152.77028272,9009184.661844324,13795693.41325365,0.09516989087301587,0.0653095238095238,0.1371845238095238,316405.85452152306,295535.3051633926,335048.43978778535,582238.9536582797,496563.8654772839,705599.6375249928,898644.8081798027,791172.8785784879,1043430.8332991336,105966.88808886394,104975.40060214259,106671.3007313723,259.3556250422582,256.9289438262868,261.07968606245373,3.576903845904108e-05,1.5516100012509618e-05,6.743616733503784e-05,5.003418238078094e-05,2.292154420288859e-05,9.213656940209648e-05,1.2124653684526188,1.0550562182920702,1.4377661001065989
shared_fee_8131_8279,full_multiscale_60d,4.0,5.0,7930799.0,500000000.0,753605334.841629,500000000.0,execution,proposal_faithful,"Proposal-faithful: F=64, CPSB=1530",False,False,350000000.0,175000000.0,50,64,1530.0,2.161501805529043,5.656315259465248,True,0.5,32,7200,50400,8,1.4479558695732846,1530.0,5.656315259465248,0.11295316038895495,94328.02942269108,False,state,88456313.54146113,175000000.00001046,77717743.53039083,10738570.0110703,5.899686662007331,114379.0849673271,279.94460919325763,56037042.67401981,51306629.91993786,60402066.837328374,5437939.0191487465,4632351.766444724,6596692.692751828,30958947.59107984,30721308.886211928,31131906.967624966,81139164.85337538,74289735.94059862,87459527.21146657,11754115.008246839,10012836.707015984,14258763.165903214,175113567.676419,173769408.24383423,176091880.43724024,92893279.86162236,84396148.36057805,100645524.2587063,177592299.42532682,177411693.1000153,177806561.18192965,1.0148131395732962,1.013781103428659,1.0160374924681694,174895.08212363633,75928.62625804872,330201.43270351074,0.060770061160162064,0.05871651136317091,0.06304021214035517,0.07958829365079365,0.07264880952380953,0.08913095238095238,0.08461991567460318,0.07691964285714285,0.09464087301587301,0.0,0.0,0.0,0.3970181127045902,0.380700178023818,0.4164047257062735,12168439.167944007,9854605.956989901,15075145.438225735,0.08009796626984127,0.055304563492063495,0.11563988095238095,329243.9919534966,307623.5876890917,348541.56049134297,614232.3982152648,523238.77205328963,745117.2877610443,943476.3901687613,829941.2396793065,1097593.0879017247,114453.31220680979,113574.776629957,115092.73231192172,280.12628152919575,277.9760518889194,281.69127229203497,3.060574696998605e-05,1.3286946600602346e-05,5.778541130281197e-05,4.232158919420101e-05,1.9386279737912885e-05,7.776055280793956e-05,1.2177633309590297,1.0578598968864261,1.442969003839958
shared_fee_8131_8279,full_multiscale_60d,4.0,5.0,7930799.0,500000000.0,753605334.841629,500000000.0,execution,proposal_faithful,"Proposal-faithful: F=64, CPSB=1530",False,False,375000000.0,187500000.0,50,64,1530.0,2.161501805529043,5.656315259465248,True,0.5,32,7200,50400,8,1.4479558695732846,1530.0,5.656315259465248,0.11295316038895495,76764.77445877087,False,state,90940699.32406408,187500000.00001308,79682221.25328617,11258478.070777904,6.321092852150774,122549.01960785169,299.94065270706477,57500092.85739536,52632001.47021602,62009660.81181947,5712981.430397081,4862477.423976786,6934481.918248352,33244307.047631264,33031328.0601049,33403064.395084463,83257596.9538743,76208815.456189,89787252.34272176,12348619.676757203,10510253.731270116,14988895.186702296,188040281.24388143,186835604.94678938,188938262.850831,95606216.63063169,86818124.6335084,103661338.32715197,190289429.31256133,190094025.27480704,190518386.46007743,1.0148769563336604,1.0138348014656375,1.016098061120413,141364.59601572977,61427.52686162063,267166.4572527522,0.060902615848814706,0.05883631359951664,0.0631709769639146,0.08036334325396825,0.07348313492063492,0.08997718253968254,0.08546378968253968,0.07779265873015873,0.09549305555555555,0.0,0.0,0.0,0.39779618870265054,0.38140498935278894,0.4171828866925059,13189200.475748284,10675963.146898232,16334987.478279103,0.06823102678571429,0.04719642857142857,0.09878968253968254,341709.28081875126,319402.82888580865,361604.85097141616,645299.3078067629,549232.1923581224,783271.648326214,987008.5886255141,867718.7462228951,1149932.2700079198,122902.14460384408,122114.77447502574,123489.06068681764,300.8049316880314,298.87783091549545,302.24141803100406,2.6505077377261693e-05,1.1517167979624773e-05,5.009384597667361e-05,3.6266982404025176e-05,1.661021201961905e-05,6.651695129832509e-05,1.2217786979925216,1.0599869008695155,1.4468523079041438
shared_fee_8131_8279,full_multiscale_60d,4.0,5.0,7930799.0,500000000.0,753605334.841629,500000000.0,execution,proposal_faithful,"Proposal-faithful: F=64, CPSB=1530",False,False,400000000.0,200000000.0,64,64,1530.0,2.161501805529043,5.656315259465248,True,0.5,32,7200,50400,8,1.4479558695732846,1530.0,5.656315259465248,0.11295316038895495,63308.22922671631,False,state,93332376.27653272,199999999.99998695,81564794.00591955,11767582.270613175,6.742499042293249,130718.95424835748,319.93669622082587,58895373.03587954,53898253.99714342,63538241.97413843,5980897.8354590405,5087187.539660841,7263487.04576304,35522052.71588774,35330147.38383136,35669168.5611552,85277901.07800992,78042293.23491555,92000570.40882206,12927721.470029492,10995965.052041827,15700040.36385374,200923928.824409,199838451.76632637,201756062.4249061,98205622.54803947,89142448.7690534,106543086.14232093,202985159.5124051,202775076.1532325,203228768.56923294,1.0149257975620256,1.0138753807661627,1.0161438428461647,115952.90777771476,50430.79300353097,219305.92777169115,0.061012333778740636,0.058936400495442416,0.06327942856737612,0.08096292162698412,0.07406944444444444,0.09054662698412698,0.08615327380952381,0.07861904761904762,0.09613690476190476,0.0,0.0,0.0,0.39844636631948993,0.38197146593966946,0.41786582889136475,14198755.431741074,11488740.736445002,17576817.287294317,0.05916790674603174,0.04111904761904762,0.08551686507936508,353854.9856466438,330911.1201985515,374307.4834292506,675561.3124785584,574613.910096004,820433.8172631693,1029416.2981252023,904614.2436933444,1200750.7707139102,131322.82929699938,130613.36716753358,131866.70746725888,321.41468989896987,319.6782701800375,322.74584027375687,2.3189865833110667e-05,1.0085701117148761e-05,4.386128041505357e-05,3.1425168584055486e-05,1.4389123999121383e-05,5.75528402401188e-05,1.2248700994173995,1.0616974305327451,1.4497633030902193
shared_fee_8131_8279,full_multiscale_60d,4.0,5.0,7930799.0,500000000.0,753605334.841629,500000000.0,execution,proposal_faithful,"Proposal-faithful: F=64, CPSB=1530",False,False,425000000.0,212500000.0,64,64,1530.0,2.161501805529043,5.656315259465248,True,0.5,32,7200,50400,8,1.4479558695732846,1530.0,5.656315259465248,0.11295316038895495,52824.37891763159,False,state,95640456.39759071,212499999.9999876,83373693.53520703,12266762.862383675,7.163905232436627,138888.88888888079,339.9327397346298,60231227.73315862,55112118.6657096,64998418.44198968,6242554.504946852,5307024.8383119125,7584682.60176263,37794230.30497131,37620072.65425506,37931747.923030764,87212159.72783232,79799915.70663333,94114841.49605976,13493292.833556086,11471143.769998686,16394305.138074486,213776081.5937444,212790991.0164466,214553924.59521958,100705452.56138852,91380160.05095732,109308697.59447823,215680539.03801018,215455900.55367884,215938599.4314925,1.0149672425318124,1.0139101202526064,1.0161816443834941,96326.0831978037,41931.58324106883,182281.88955261168,0.06110362225614202,0.05902145475715572,0.06336818680393252,0.0815265376984127,0.07443551587301586,0.09117956349206348,0.08670200892857143,0.07919742063492063,0.09659920634920634,0.0,0.0,0.0,0.3990094756414604,0.3824653755083027,0.41847531561739176,15200012.907351628,12289577.427138865,18805633.686497927,0.05190662202380952,0.0363204365079365,0.07497222222222222,365723.3387551454,342179.61745561386,386701.58372583566,705116.2602340551,599445.2277500131,856713.8704162105,1070839.5989892005,940718.2554823661,1250248.6113890558,139722.92914623817,139079.0790957167,140231.3232648494,341.97406638070373,340.39823325680896,343.21836898105613,2.046864238050822e-05,8.910040337408728e-06,3.873497163924865e-05,2.749119342528311e-05,1.2583609665168567e-05,5.0288372627175315e-05,1.2273099782594832,1.0630569976671664,1.452100123123843
shared_fee_8131_8279,full_multiscale_60d,4.0,5.0,7930799.0,500000000.0,753605334.841629,500000000.0,execution,proposal_faithful,"Proposal-faithful: F=64, CPSB=1530",False,False,450000000.0,225000000.0,64,64,1530.0,2.161501805529043,5.656315259465248,True,0.5,32,7200,50400,8,1.4479558695732846,1530.0,5.656315259465248,0.11295316038895495,44535.26644046533,False,state,97872676.92324537,225000000.00000715,85115895.78368536,12756781.139560016,7.5853114225806415,147058.82352941643,359.928783248464,61514194.244159505,56279079.695890896,66398454.1366672,6498603.936558321,5522435.788985322,7899440.423009887,40062076.93841502,39903302.658567466,40191712.82367155,89069838.6179019,81489623.77984828,96142031.3977799,14046744.14228895,11936754.928810053,17074654.73700483,226603737.11261642,225705659.73070335,227336998.5485666,103116582.7601907,93540262.88622957,111972101.9244565,228375167.37758636,228136022.6173076,228648230.2061318,1.0150007439003839,1.013937878299145,1.016214356471697,80914.76994925336,35252.963928533856,153181.89742749828,0.06118085327052285,0.059094569742564405,0.06344321515716013,0.08195808531746031,0.07475297619047619,0.09168353174603175,0.08716951884920635,0.07978174603174602,0.09687599206349207,0.0,0.0,0.0,0.3995121137692181,0.38290062678650066,0.4190282047025519,16194789.137400769,13079796.831574531,20024133.200321846,0.04606212797619048,0.03219444444444445,0.06648611111111111,377346.4878368638,353235.54875621357,398822.90164619434,734037.8527503662,623776.5754109641,892266.7610832299,1111384.34058723,976108.2683766261,1298594.8137433894,148107.01772066433,147520.0390396754,148586.27356115464,362.4942550155389,361.0576154629392,363.66724122195916,1.8205221858931135e-05,7.931523754153933e-06,3.446596725223885e-05,2.4250393655915014e-05,1.1096479030807863e-05,4.431387443210023e-05,1.229259718342402,1.0641684945627194,1.4539439816648612
shared_fee_8131_8279,full_multiscale_60d,4.0,5.0,7930799.0,500000000.0,753605334.841629,500000000.0,execution,proposal_faithful,"Proposal-faithful: F=64, CPSB=1530",False,False,475000000.0,237500000.0,64,64,1530.0,2.161501805529043,5.656315259465248,True,0.5,32,7200,50400,8,1.4479558695732846,1530.0,5.656315259465248,0.11295316038895495,37895.07442306996,False,state,100035671.92883277,237500000.00000367,86797370.73081948,13238301.198013294,8.006717612723879,155228.75816993703,379.9248267622614,62749627.67337504,57403630.499043375,67744587.61515866,6749572.349785384,5733833.292337513,8210902.771809042,42326410.96279034,42180674.94934476,42450653.20520673,90858691.70320152,83117923.71590523,98091173.26919003,14589212.820609983,12393691.01399003,17747881.16628867,239411524.20725495,238587195.37054893,240114277.49890766,105447904.52381125,95630056.29665303,114543719.27614406,241068748.7959665,240815480.2378636,241356362.66725537,1.015026310719859,1.0139599167910047,1.0162373164937069,68640.62105928463,29928.657449860075,129983.73981272888,0.06124685229549899,0.05915707042662473,0.06350716301374332,0.08234188988095237,0.07509126984126985,0.09207539682539682,0.08757874503968255,0.08023313492063493,0.0971875,0.0,0.0,0.0,0.3999671562454089,0.3832911169213117,0.4195252779793988,17183775.907743182,13865111.717698054,21234130.072535243,0.041280381944444444,0.028784722222222222,0.05900992063492063,388750.2518481795,364100.1731102699,410734.91997729434,762385.528182164,647654.5915129286,927447.4177222614,1151135.7800303437,1010854.0157301261,1345916.5295437037,156478.12039689865,155939.34337944374,156937.43627379584,382.982660460332,381.6639952372556,384.1068432922806,1.630158354846067e-05,7.107677755637417e-06,3.08711506609712e-05,2.154918452355076e-05,9.857012118251407e-06,3.9343456400632754e-05,1.2308280503752704,1.0650762271504846,1.4552553391719325
shared_fee_8131_8279,full_multiscale_60d,4.0,5.0,7930799.0,500000000.0,753605334.841629,500000000.0,execution,proposal_faithful,"Proposal-faithful: F=64, CPSB=1530",False,False,500000000.0,250000000.0,64,64,1530.0,2.161501805529043,5.656315259465248,True,0.5,32,7200,50400,8,1.4479558695732846,1530.0,5.656315259465248,0.11295316038895495,32513.150702776144,False,state,102135178.9179452,250000000.00000274,88423272.13360794,13711906.784337273,8.428123802867203,163398.6928104593,399.9208702760628,63942136.18715669,58489669.972070634,69042417.33812033,6995943.793958072,5941537.30237735,8516300.75587385,44588112.65353063,44453451.29718933,44709582.43488538,92585391.40524773,84690460.94546382,99970373.4342596,15121745.14202009,12842643.60670675,18407999.460249692,252204421.99293405,251442734.90819958,252891493.3707756,107707136.54726765,97655945.05839735,117033150.1752075,253762090.88906035,253493969.63471836,254065432.37979525,1.0150483635562413,1.0139758785388733,1.0162617295191811,58740.027521369426,25630.093408147724,111256.90796758045,0.06130308609811684,0.059210834024498,0.06356133728950689,0.08268663194444444,0.07537103174603174,0.09241765873015872,0.08791604662698413,0.08064484126984127,0.09750892857142857,0.0,0.0,0.0,0.40038797950657545,0.3836659764299102,0.41997199723645806,18168710.93304833,14646274.690602686,22437501.05508343,0.0372984871031746,0.025763888888888888,0.053080357142857144,399957.30824797496,374790.6818232186,422444.54718779336,790213.96143106,671115.4158723875,961943.0851987972,1190171.2696790348,1045007.6846454507,1392319.6713875425,164839.49149864967,164341.65680274484,165288.55775867688,403.4472477235378,402.22878947631773,404.54634445701055,1.4684478489680866e-05,6.407161117939733e-06,2.7814217785336174e-05,1.927386473936777e-05,8.812939681712843e-06,3.516262871026871e-05,1.232126183646736,1.065828529830052,1.4561039926473933
shared_fee_8131_8279,full_multiscale_60d,4.5,4.5,9086555.0,450000000.0,863428303.1674209,450000000.0,execution,proposal_faithful,"Proposal-faithful: F=64, CPSB=1530",False,False,50000000.0,25000000.0,40,64,1530.0,2.161501805529043,5.656315259465248,True,0.5,32,7200,50400,8,1.4479558695732846,1530.0,5.656315259465248,0.11295316038895495,1616044955.0430844,False,regular,25000000.000000708,6687851.184176778,23853463.050618015,1146536.9493826907,0.22546415102157322,4371.144564821424,10.698445063410981,16546440.306668289,16388487.501199182,16690701.388392564,525665.4018404109,465976.8145406435,626021.5204238404,1197972.0511411817,977968.0263163433,1488660.1629361883,23958515.362584323,23729806.670789637,24167399.04261811,1136226.7151821996,1007209.7259642719,1353146.6466961668,6776107.593282759,5531695.470522212,8420331.195774088,25094742.077766493,24923573.88275583,25210806.33632791,25262538.93053484,25241668.535349652,25292161.12580526,1.0105015572213936,1.0096667414139862,1.0116864450322103,3075015619.7018623,1446509068.8807626,7003806908.84776,0.05101625236670262,0.04894284894054113,0.05325149168471371,0.027788318452380955,0.021732142857142856,0.0337281746031746,0.033710937499999996,0.02676388888888889,0.04096626984126984,0.0,0.0,0.0,0.3186173351394078,0.30276196995165433,0.3360501447112437,109642.10925039167,69285.69676788485,149586.1800259147,0.9807614087301588,0.9599732142857142,0.9924811507936508,76497.16021385592,75726.5830501593,77306.27539167712,59375.56844500439,52633.55387034362,70711.10920337148,135872.72865886032,129361.13198683746,146499.15320092769,4428.828492341672,3615.4872356354326,5503.48444168241,10.839627383159394,8.848961866693493,13.469864719306468,0.07687559770590154,0.03615977974285261,0.1750938341284944,0.09322703436954291,0.04519776324221508,0.20609438414291162,1.060656245383876,0.814816489825894,1.4143465008202256
shared_fee_8131_8279,full_multiscale_60d,4.5,4.5,9086555.0,450000000.0,863428303.1674209,450000000.0,execution,proposal_faithful,"Proposal-faithful: F=64, CPSB=1530",False,False,75000000.0,37500000.0,40,64,1530.0,2.161501805529043,5.656315259465248,True,0.5,32,7200,50400,8,1.4479558695732846,1530.0,5.656315259465248,0.11295316038895495,66425030.80442605,False,regular,37499999.999999896,19473716.7488722,35115102.532672405,2384897.4673274895,0.6565075826458469,12727.919443707318,31.151782998873696,23858255.00579673,23363607.98972974,24235732.65953151,1049605.0643400745,938318.5678618496,1256656.8930692563,3167444.6058975086,2667524.6426026355,3768408.7250880464,34545700.37341965,33829473.3231387,35092271.357777886,2268723.2416634946,2028177.2785948145,2716266.14329972,17916065.25784897,15088360.340952775,21315307.7756174,36814423.6150831,36040173.384649225,37305764.843846366,37902973.26582389,37870154.41383199,37947232.511066474,1.0107459537553038,1.009870784368853,1.011926200295106,146666903.62050897,68782372.82036893,314844544.307276,0.051645918594019805,0.04945098164882215,0.05414747954386213,0.030513392857142857,0.024586309523809524,0.03799107142857143,0.036598462301587295,0.02959623015873016,0.044503968253968254,0.0,0.0,0.0,0.32318245022206826,0.30620344773018615,0.34243572938220745,324623.57296544407,174045.5429596877,521395.08991018723,0.9213659474206348,0.8726527777777778,0.955610119047619,114060.32794271302,112452.29857928267,115955.41324536735,118556.20917746381,105986.047691634,141943.36759673752,232616.53712017683,220794.89847914735,255322.10944450865,11709.846573757495,9861.67342545933,13931.573709553857,28.660033639366457,24.1366007943704,34.09774574330778,0.005500009749512363,0.002579203636388406,0.011806629701693966,0.007657580058069102,0.003846786033730186,0.015809637964776153,1.0282047789672095,0.7753270910854692,1.4585090129135585
shared_fee_8131_8279,full_multiscale_60d,4.5,4.5,9086555.0,450000000.0,863428303.1674209,450000000.0,execution,proposal_faithful,"Proposal-faithful: F=64, CPSB=1530",False,False,100000000.0,50000000.0,40,64,1530.0,2.161501805529043,5.656315259465248,True,0.5,32,7200,50400,8,1.4479558695732846,1530.0,5.656315259465248,0.11295316038895495,7127800.090390119,False,regular,50000000.000000015,41120468.92685538,46019677.17025021,3980322.8297498054,1.386273611789949,26876.123481604824,65.77973487755048,30046784.244126,28928695.39427744,30943772.507507835,1627095.7340936912,1459789.2893002098,1959419.6235617965,5794928.951566906,5053307.139566265,6564312.749784963,43506417.60808429,41887474.295242295,44805217.02898618,3516970.3670121073,3155337.184514388,4235289.054117838,32777945.056265067,28583098.28429362,37129822.374511264,47023387.975096494,45224368.10516102,48402774.8072085,50565191.54368234,50518856.86871456,50625308.8338514,1.0113038308736466,1.0103771373742914,1.012506176677028,22717186.98527202,11159921.011419004,45498082.4988905,0.05302859784451576,0.05081967418023132,0.055465217902267,0.03493923611111111,0.027797619047619047,0.043027777777777776,0.04099392361111111,0.03390178571428572,0.04999603174603174,0.0,0.0,0.0,0.3350579859783571,0.31709906015221295,0.3560049597886526,884261.5235498648,506809.38091865624,1389458.412960522,0.8168415178571429,0.7322063492063492,0.882719246031746,148345.43293314625,144830.3361854932,151833.9390758389,183785.60542126908,164887.81372840516,221322.63900944134,332131.03835441533,312432.4189600225,369436.16680886556,21423.493500826844,18681.763584505632,24267.857761118474,52.43433725104941,45.723910164163264,59.39596350884005,0.0011358499725654307,0.000557953399608653,0.0022747874282708198,0.0017305159320980725,0.0008808447529571611,0.003408645933547091,1.1086382617091495,0.7879631920386516,1.5952884554892695
shared_fee_8131_8279,full_multiscale_60d,4.5,4.5,9086555.0,450000000.0,863428303.1674209,450000000.0,execution,proposal_faithful,"Proposal-faithful: F=64, CPSB=1530",False,False,125000000.0,62500000.0,40,64,1530.0,2.161501805529043,5.656315259465248,True,0.5,32,7200,50400,8,1.4479558695732846,1530.0,5.656315259465248,0.11295316038895495,2041657.8574558252,False,state,58849329.8955297,62500000.00000275,53546380.709798254,5302949.185731451,2.1070309507168705,40849.67320261618,99.980217569019,35031555.39943841,33159209.72778152,36596470.73616239,2185013.9267372657,1932878.8902050797,2642236.5220410484,8666260.254743055,7816321.754652402,9424968.279892521,50724146.260898486,48013072.35575284,52990074.60809351,4722911.547748705,4177921.2110472233,5711199.013026562,49019100.12140107,44211580.013731174,53310591.901533455,55447057.80864708,52360762.47890741,57813089.3507256,63255549.06743453,63200318.96105214,63328465.79864505,1.0120887850789524,1.0112051033768343,1.0132554527783209,6949461.623606029,3396643.6006583874,13827565.644713212,0.05486418418599118,0.05279952402984572,0.057520801546513754,0.041981646825396825,0.033998015873015874,0.052001984126984126,0.04758804563492064,0.03956746031746032,0.05742559523809524,0.0,0.0,0.0,0.35069186249977524,0.33327822387708433,0.3746563129789834,1822040.5976166467,1180622.0758296272,2644582.710083865,0.6844289434523809,0.5740962301587301,0.776421626984127,177917.27274689142,171019.39652464667,182863.79563460028,246804.2285188546,218324.7792977596,298448.965659657,424721.5012657461,395845.03809065506,476631.968403667,32038.627530327496,28896.457525314494,34843.52411864932,78.41504472279982,70.72453422148385,85.28007323277221,0.0004343345792601032,0.00021227349080604939,0.0008642250619947427,0.0006817349431699207,0.0003483975133971527,0.0013328207085594173,1.118232163440216,0.8412935223502486,1.5083293563873996
shared_fee_8131_8279,full_multiscale_60d,4.5,4.5,9086555.0,450000000.0,863428303.1674209,450000000.0,execution,proposal_faithful,"Proposal-faithful: F=64, CPSB=1530",False,False,150000000.0,75000000.0,40,64,1530.0,2.161501805529043,5.656315259465248,True,0.5,32,7200,50400,8,1.4479558695732846,1530.0,5.656315259465248,0.11295316038895495,1184472.6608413283,False,state,63206482.43427539,75000000.00000046,57197805.08629793,6008677.347977456,2.528437140860149,49019.60784313756,119.97626108281827,38992053.560354725,36453044.50506333,41226968.79346099,2689842.3302268097,2377500.175252782,3252542.3534210166,11509931.706064235,10686593.83899009,12154923.026322648,56458772.81943147,52782399.75492219,59694831.449206226,5814099.053373706,5138970.921454534,7030376.169479256,65103802.34441055,60446743.803183526,68752076.5914099,62272871.872805074,58012071.84465094,65574092.460780725,75962152.71956256,75891131.71688624,76055117.99409449,1.012828702927501,1.0118817562251499,1.01406823992126,3104912.9361992544,1461849.9051599405,5830191.239135599,0.05652504586241988,0.054476670081905314,0.05912359676215976,0.050694444444444445,0.041063492063492066,0.06151190476190476,0.055554315476190476,0.04628472222222222,0.06632638888888889,0.0,0.0,0.0,0.3647689144933911,0.3477324465469491,0.38843855471167305,3013754.0504931016,2126490.208921493,4135864.865657384,0.5411067708333333,0.42440972222222223,0.6490188492063492,202876.24888037727,192785.0183940004,211141.779704103,303826.1921471091,268546.158620096,367384.93811783305,506702.44102748646,464301.3740316346,570541.0667393635,42551.50480026834,39507.67568835525,44935.99777216334,104.14547716742865,96.69565754849239,109.98156121489151,0.00023286380654345077,0.00010963624584996981,0.0004372625719731316,0.0003640648180559282,0.00017913133342363984,0.0006692870883873548,1.0641353840992602,0.8690258048769159,1.3423074928537952
shared_fee_8131_8279,full_multiscale_60d,4.5,4.5,9086555.0,450000000.0,863428303.1674209,450000000.0,execution,proposal_faithful,"Proposal-faithful: F=64, CPSB=1530",False,False,175000000.0,87500000.0,40,64,1530.0,2.161501805529043,5.656315259465248,True,0.5,32,7200,50400,8,1.4479558695732846,1530.0,5.656315259465248,0.11295316038895495,747485.4019818847,False,state,67156782.46003886,87500000.00000663,60478631.076628886,6678151.383409966,2.9498433310037124,57189.54248366447,139.97230459663106,42186601.28908236,39119395.006779954,44961814.77142328,3136755.562900082,2742350.564871822,3783695.968871134,14217418.634926595,13496222.483716773,14727171.167194696,61084336.95387481,56643157.61422317,65102723.60494843,6780102.812711789,5927595.697364075,8178465.668287894,80418201.97494295,76338889.17978723,83301523.00176455,67864439.76658657,62644058.454378374,71997814.06862228,88672728.26989,88589166.39655177,88780761.87418954,1.0134026087987427,1.0124476159605917,1.0146372785621662,1709633.8767864835,766705.874199173,3278542.451638906,0.057781750638598646,0.05585967366583204,0.06030570246825756,0.058796502976190476,0.05032936507936508,0.06966071428571428,0.06344680059523809,0.05472420634920635,0.0744781746031746,0.0,0.0,0.0,0.3752566836652807,0.35860500423839187,0.39776278483449834,4288506.334549006,3195213.512497184,5559597.100414969,0.4117764136904762,0.3068214285714286,0.5252857142857142,224093.02220393333,211269.99996720586,235372.67696789128,354306.4541971996,309757.1631967081,427380.4176349435,578399.476401133,522360.0279617659,651396.3666471912,52560.91632349213,49894.698810318456,54445.43987043435,128.64366927942012,122.11805998675236,133.2560702967471,0.0001495895352935903,6.708520724419625e-05,0.0002868708142551143,0.00023015962560647978,0.00010886510574885344,0.00042445867933444374,1.0940636330576858,0.9418434669606441,1.335585626332567
shared_fee_8131_8279,full_multiscale_60d,4.5,4.5,9086555.0,450000000.0,863428303.1674209,450000000.0,execution,proposal_faithful,"Proposal-faithful: F=64, CPSB=1530",False,False,200000000.0,100000000.0,40,64,1530.0,2.161501805529043,5.656315259465248,True,0.5,32,7200,50400,8,1.4479558695732846,1530.0,5.656315259465248,0.11295316038895495,501674.6078754611,False,state,70790418.83514225,99999999.99999495,63472340.56784292,7318078.267299333,3.3712495211466744,65359.477124179706,159.9683481104153,44855249.90797889,41384891.01747357,48029267.2235596,3535964.258882203,3066239.084016309,4254972.016005586,16789793.54890469,16184900.594927577,17186231.125687376,64948422.38543454,59923495.86040145,69544259.38765661,7642993.129860053,6627681.316285007,9197129.69507165,94968365.45394264,91546900.20801927,97210741.36892395,72591415.51529469,66616862.42208179,77508137.58260106,101382127.6136049,101289961.84858741,101506949.35292846,1.013821276136049,1.0128996184858743,1.0150694935292845,1062746.5223059566,466799.04343526624,2040751.8026830857,0.058681412742451644,0.05672646190116023,0.06114716791886458,0.06515687003968254,0.05759623015873016,0.07604761904761904,0.06990389384920635,0.06230456349206349,0.08060416666666667,0.0,0.0,0.0,0.38249171328748466,0.36586758334922986,0.4039807264193665,5544019.1421030145,4298549.1085911915,7053124.6746837245,0.30983692956349207,0.2265138888888889,0.41471825396825396,242634.75819132454,227651.35369258653,255997.44359709203,399398.3380631337,346341.39504777646,480612.53657439386,642033.0962544582,574207.5392500319,725059.1054562763,62070.82709408015,59834.57529935901,63536.43226727055,151.919325444142,146.44606400906616,155.5064171537636,0.00010627204924373333,4.667813641729119e-05,0.00020407346895020805,0.00016049604485590476,7.465845004032323e-05,0.0002977215680817774,1.1316989265682293,0.9918429657883152,1.3633750398712352
shared_fee_8131_8279,full_multiscale_60d,4.5,4.5,9086555.0,450000000.0,863428303.1674209,450000000.0,execution,proposal_faithful,"Proposal-faithful: F=64, CPSB=1530",False,False,225000000.0,112500000.0,40,64,1530.0,2.161501805529043,5.656315259465248,True,0.5,32,7200,50400,8,1.4479558695732846,1530.0,5.656315259465248,0.11295316038895495,352911.6609491433,False,state,74168993.61380558,112500000.00000536,66235747.7973526,7933245.816452979,3.7926557112903807,73529.4117647094,179.96439162423488,47168405.477285445,43387214.62108167,50635552.408292875,3899878.81281473,3362919.568885485,4690855.900960395,19261724.202581674,18760106.77301708,19589248.208112672,68297769.56924796,62822772.075031176,73318045.3186735,8429595.095243482,7268956.719994834,10139293.499402503,108950384.53066956,106113078.20940915,110802963.56099395,76727364.66449139,70155346.53795129,82332671.43071836,114088977.8170021,113984773.50546488,114229437.50497432,1.014124247262241,1.0131979867152434,1.0153727778219939,713536.4004987222,310783.5528134329,1364984.3545269321,0.059323911901240575,0.05739422564672772,0.06172996197687375,0.06972780257936508,0.062070436507936505,0.0804156746031746,0.07449714781746032,0.0665595238095238,0.08536805555555556,0.0,0.0,0.0,0.38741104498799706,0.37167395646479245,0.4082026418340468,6747656.317373928,5341156.489455964,8479887.914691826,0.23455295138888888,0.17033035714285713,0.3245843253968254,259344.0730919033,242688.38143120173,274238.72721706843,440503.6370413494,379852.3934394774,529846.9989426553,699847.7101332527,622018.5622623105,798299.2651681423,71209.4016540324,69354.95307804519,72420.23762156467,174.28613039366633,169.7473383407134,177.24967046591635,8.02708008917659e-05,3.496182558672432e-05,0.00015355928987674687,0.00011905277668025014,5.491097708292726e-05,0.00022093440787172416,1.160833190644154,1.016736422564172,1.3877235710922344
shared_fee_8131_8279,full_multiscale_60d,4.5,4.5,9086555.0,450000000.0,863428303.1674209,450000000.0,execution,proposal_faithful,"Proposal-faithful: F=64, CPSB=1530",False,False,250000000.0,125000000.0,40,64,1530.0,2.161501805529043,5.656315259465248,True,0.5,32,7200,50400,8,1.4479558695732846,1530.0,5.656315259465248,0.11295316038895495,257644.57999920848,False,state,77336715.7808873,125000000.00000334,68809492.02887829,8527223.752009023,4.214061901433668,81699.34640523094,199.96043513803457,49233648.606687546,45204021.89007207,52935246.71948155,4238107.227185768,3640319.2069456913,5111568.0082057975,21665569.468445525,21246094.2484271,21943671.618068427,71288150.48056194,65453428.82404916,76647901.19478346,9160676.423587732,7868556.538515225,11048663.478821293,122547291.18937856,120174607.10141915,124120324.62198235,80448826.90414949,73387612.04511926,86619270.39017642,126793315.78355265,126673597.01847307,126948722.69589005,1.014346526268421,1.0133887761477847,1.0155897815671204,505296.555104715,219318.67838416967,961701.8028597649,0.059790795349459885,0.057840273548903746,0.062145012828245166,0.07306299603174604,0.06524107142857143,0.08252777777777777,0.07793340773809523,0.06995138888888888,0.08790674603174603,0.0,0.0,0.0,0.39077308529247945,0.3746713059556548,0.41101647260292834,7898105.398398734,6322140.622583884,9824361.132599818,0.1810044642857143,0.12907539682539682,0.25572222222222224,274780.55765579216,256792.15683282982,290884.10839122604,478707.6053779032,411185.55924912996,577367.7610699205,753488.1630336952,667028.7894289413,865520.1065535961,80096.26875122782,78545.49483752887,81124.39517776623,196.03687736971926,192.24133382833176,198.55323296708025,6.316041510936348e-05,2.7413784654331005e-05,0.00012021150657178829,9.211913194021696e-05,4.22959291638613e-05,0.00017068382261894023,1.1812386620347737,1.0354187407802842,1.4069441352966605
shared_fee_8131_8279,full_multiscale_60d,4.5,4.5,9086555.0,450000000.0,863428303.1674209,450000000.0,execution,proposal_faithful,"Proposal-faithful: F=64, CPSB=1530",False,False,275000000.0,137500000.0,40,64,1530.0,2.161501805529043,5.656315259465248,True,0.5,32,7200,50400,8,1.4479558695732846,1530.0,5.656315259465248,0.11295316038895495,193825.34889992862,False,state,80326539.71488196,137499999.99999177,71223775.62858163,9102764.086300336,4.635468091576634,89869.28104574626,219.956478651819,51117483.18847251,46879161.94552809,55013370.880751446,4557281.306749072,3901733.9278121144,5507566.348767657,24024570.63548305,23669218.317275766,24265258.058639698,74015859.82056242,67878957.69970451,79656933.27179584,9850571.77284186,8433604.92965981,11904614.606932119,135890545.48758066,133880560.74761808,137251949.43194324,83866431.59340432,76386056.32589567,90513983.90019302,139495368.08408427,139360151.8134442,139665608.0432561,1.014511767884249,1.0135283768250487,1.0157498766782262,372229.9403941468,161386.25536513378,704957.6862212839,0.06013674178001778,0.05816033964265809,0.06245119894487751,0.07544332837301587,0.06752281746031746,0.08457738095238096,0.0803689236111111,0.07210615079365079,0.09026785714285714,0.0,0.0,0.0,0.3931099952092483,0.3768443936371471,0.41296813047209985,9006251.644949894,7251983.303809348,11153659.559715066,0.14258308531746033,0.1002063492063492,0.2039126984126984,289298.4351598695,270207.20661268436,306384.98093030794,514759.32637881406,440713.17814318894,622097.0251451642,804057.7615386837,709981.4708195919,928067.1122559004,88817.34999188277,87503.63447556738,89707.15649146617,217.38186085472623,214.1665214689365,219.5596762556332,5.11802382857861e-05,2.2189744015263916e-05,9.693064023036949e-05,7.351455642755025e-05,3.368707971764644e-05,0.00013592678363989153,1.1953493452337958,1.045951607828125,1.4207660429993805
shared_fee_8131_8279,full_multiscale_60d,4.5,4.5,9086555.0,450000000.0,863428303.1674209,450000000.0,execution,proposal_faithful,"Proposal-faithful: F=64, CPSB=1530",False,False,300000000.0,150000000.0,40,64,1530.0,2.161501805529043,5.656315259465248,True,0.5,32,7200,50400,8,1.4479558695732846,1530.0,5.656315259465248,0.11295316038895495,149473.1157370768,False,state,83163781.00113425,149999999.9999987,73501735.5231773,9662045.477956943,5.056874281720223,98039.21568627366,239.95252216563298,52862187.43486661,48442371.02076453,56925246.93126091,4861818.492351089,4153038.6153232157,5884593.187349654,26353926.91107985,26047564.28951483,26566238.0961209,76542114.5747982,70142415.45556295,82425245.42102724,10508829.449371353,8976800.465452952,12719558.799260046,149066118.93396097,147333235.362674,150267017.92966193,87050944.02416964,79200039.23461497,94110156.18667929,152195634.49253282,152045226.5763045,152380778.6881864,1.0146375632835518,1.01363484384203,1.0158718579212427,282744.9126600396,122585.83553360982,533167.9343635509,0.06040022351485772,0.05838823375551414,0.06268822695316022,0.07722098214285714,0.06981547619047619,0.0863998015873016,0.08220486111111111,0.07419345238095239,0.09220039682539682,0.0,0.0,0.0,0.39479019576434066,0.3786851364989179,0.4143880010871002,10081958.68343737,8143029.476348239,12491434.521365952,0.11529947916666666,0.07995436507936508,0.1654404761904762,303123.9330554976,283085.8197985631,321039.23397960246,549157.7639485197,469098.83681812655,664683.398114457,852281.6970040173,751252.3215795883,987102.2525569352,97428.83590454968,96296.23226318562,98213.73720892936,238.4586080509764,235.6865428273117,240.37966633687387,4.2410563430701226e-05,1.83871416141157e-05,7.997428496672906e-05,6.007810026823437e-05,2.7525251691169525e-05,0.00011085792951329088,1.205288519442445,1.0512197947652888,1.4306450309525705
shared_fee_8131_8279,full_multiscale_60d,4.5,4.5,9086555.0,450000000.0,863428303.1674209,450000000.0,execution,proposal_faithful,"Proposal-faithful: F=64, CPSB=1530",False,False,325000000.0,162500000.0,40,64,1530.0,2.161501805529043,5.656315259465248,True,0.5,32,7200,50400,8,1.4479558695732846,1530.0,5.656315259465248,0.11295316038895495,117693.76672129458,False,state,85868368.80592386,162500000.00000328,75661538.49123295,10206830.31469092,5.478280471863733,106209.15032679953,259.9485656794432,54495677.99738879,49913650.82864934,58707664.35400091,5154693.783275615,4396192.756071304,6246833.9539615875,28663419.795185618,28395228.263225917,28853959.270727985,78907336.82269491,72272763.68917368,85006107.1903134,11141879.919499593,9502378.579701718,13502542.870328005,162129338.77596182,160612362.92127815,163207090.11899963,90049216.7421945,81862648.29409927,97472179.0120913,164894704.13384902,164729181.23890886,165094449.9431652,1.0147366408236864,1.0137180383932853,1.0159658458040937,220123.3512216695,95487.5310040543,414990.4892159253,0.06060569162562311,0.05856976698846391,0.06287693871902723,0.07855406746031746,0.07142757936507937,0.0879236111111111,0.08353360615079365,0.07572619047619047,0.0934920634920635,0.0,0.0,0.0,0.3960433612880822,0.379809242065841,0.4154945760579388,11134152.77028272,9009184.661844324,13795693.41325365,0.09516989087301587,0.0653095238095238,0.1371845238095238,316405.85452152306,295535.3051633926,335048.43978778535,582238.9536582797,496563.8654772839,705599.6375249928,898644.8081798027,791172.8785784879,1043430.8332991336,105966.88808886394,104975.40060214259,106671.3007313723,259.3556250422582,256.9289438262868,261.07968606245373,3.576903845904108e-05,1.5516100012509618e-05,6.743616733503784e-05,5.003418238078094e-05,2.292154420288859e-05,9.213656940209648e-05,1.2124653684526188,1.0550562182920702,1.4377661001065989
shared_fee_8131_8279,full_multiscale_60d,4.5,4.5,9086555.0,450000000.0,863428303.1674209,450000000.0,execution,proposal_faithful,"Proposal-faithful: F=64, CPSB=1530",False,False,350000000.0,175000000.0,40,64,1530.0,2.161501805529043,5.656315259465248,True,0.5,32,7200,50400,8,1.4479558695732846,1530.0,5.656315259465248,0.11295316038895495,94328.02942269108,False,state,88456313.54146113,175000000.00001046,77717743.53039083,10738570.0110703,5.899686662007331,114379.0849673271,279.94460919325763,56037042.67401981,51306629.91993786,60402066.837328374,5437939.0191487465,4632351.766444724,6596692.692751828,30958947.59107984,30721308.886211928,31131906.967624966,81139164.85337538,74289735.94059862,87459527.21146657,11754115.008246839,10012836.707015984,14258763.165903214,175113567.676419,173769408.24383423,176091880.43724024,92893279.86162236,84396148.36057805,100645524.2587063,177592299.42532682,177411693.1000153,177806561.18192965,1.0148131395732962,1.013781103428659,1.0160374924681694,174895.08212363633,75928.62625804872,330201.43270351074,0.060770061160162064,0.05871651136317091,0.06304021214035517,0.07958829365079365,0.07264880952380953,0.08913095238095238,0.08461991567460318,0.07691964285714285,0.09464087301587301,0.0,0.0,0.0,0.3970181127045902,0.380700178023818,0.4164047257062735,12168439.167944007,9854605.956989901,15075145.438225735,0.08009796626984127,0.055304563492063495,0.11563988095238095,329243.9919534966,307623.5876890917,348541.56049134297,614232.3982152648,523238.77205328963,745117.2877610443,943476.3901687613,829941.2396793065,1097593.0879017247,114453.31220680979,113574.776629957,115092.73231192172,280.12628152919575,277.9760518889194,281.69127229203497,3.060574696998605e-05,1.3286946600602346e-05,5.778541130281197e-05,4.232158919420101e-05,1.9386279737912885e-05,7.776055280793956e-05,1.2177633309590297,1.0578598968864261,1.442969003839958
shared_fee_8131_8279,full_multiscale_60d,4.5,4.5,9086555.0,450000000.0,863428303.1674209,450000000.0,execution,proposal_faithful,"Proposal-faithful: F=64, CPSB=1530",False,False,375000000.0,187500000.0,50,64,1530.0,2.161501805529043,5.656315259465248,True,0.5,32,7200,50400,8,1.4479558695732846,1530.0,5.656315259465248,0.11295316038895495,76764.77445877087,False,state,90940699.32406408,187500000.00001308,79682221.25328617,11258478.070777904,6.321092852150774,122549.01960785169,299.94065270706477,57500092.85739536,52632001.47021602,62009660.81181947,5712981.430397081,4862477.423976786,6934481.918248352,33244307.047631264,33031328.0601049,33403064.395084463,83257596.9538743,76208815.456189,89787252.34272176,12348619.676757203,10510253.731270116,14988895.186702296,188040281.24388143,186835604.94678938,188938262.850831,95606216.63063169,86818124.6335084,103661338.32715197,190289429.31256133,190094025.27480704,190518386.46007743,1.0148769563336604,1.0138348014656375,1.016098061120413,141364.59601572977,61427.52686162063,267166.4572527522,0.060902615848814706,0.05883631359951664,0.0631709769639146,0.08036334325396825,0.07348313492063492,0.08997718253968254,0.08546378968253968,0.07779265873015873,0.09549305555555555,0.0,0.0,0.0,0.39779618870265054,0.38140498935278894,0.4171828866925059,13189200.475748284,10675963.146898232,16334987.478279103,0.06823102678571429,0.04719642857142857,0.09878968253968254,341709.28081875126,319402.82888580865,361604.85097141616,645299.3078067629,549232.1923581224,783271.648326214,987008.5886255141,867718.7462228951,1149932.2700079198,122902.14460384408,122114.77447502574,123489.06068681764,300.8049316880314,298.87783091549545,302.24141803100406,2.6505077377261693e-05,1.1517167979624773e-05,5.009384597667361e-05,3.6266982404025176e-05,1.661021201961905e-05,6.651695129832509e-05,1.2217786979925216,1.0599869008695155,1.4468523079041438
shared_fee_8131_8279,full_multiscale_60d,4.5,4.5,9086555.0,450000000.0,863428303.1674209,450000000.0,execution,proposal_faithful,"Proposal-faithful: F=64, CPSB=1530",False,False,400000000.0,200000000.0,50,64,1530.0,2.161501805529043,5.656315259465248,True,0.5,32,7200,50400,8,1.4479558695732846,1530.0,5.656315259465248,0.11295316038895495,63308.22922671631,False,state,93332376.27653272,199999999.99998695,81564794.00591955,11767582.270613175,6.742499042293249,130718.95424835748,319.93669622082587,58895373.03587954,53898253.99714342,63538241.97413843,5980897.8354590405,5087187.539660841,7263487.04576304,35522052.71588774,35330147.38383136,35669168.5611552,85277901.07800992,78042293.23491555,92000570.40882206,12927721.470029492,10995965.052041827,15700040.36385374,200923928.824409,199838451.76632637,201756062.4249061,98205622.54803947,89142448.7690534,106543086.14232093,202985159.5124051,202775076.1532325,203228768.56923294,1.0149257975620256,1.0138753807661627,1.0161438428461647,115952.90777771476,50430.79300353097,219305.92777169115,0.061012333778740636,0.058936400495442416,0.06327942856737612,0.08096292162698412,0.07406944444444444,0.09054662698412698,0.08615327380952381,0.07861904761904762,0.09613690476190476,0.0,0.0,0.0,0.39844636631948993,0.38197146593966946,0.41786582889136475,14198755.431741074,11488740.736445002,17576817.287294317,0.05916790674603174,0.04111904761904762,0.08551686507936508,353854.9856466438,330911.1201985515,374307.4834292506,675561.3124785584,574613.910096004,820433.8172631693,1029416.2981252023,904614.2436933444,1200750.7707139102,131322.82929699938,130613.36716753358,131866.70746725888,321.41468989896987,319.6782701800375,322.74584027375687,2.3189865833110667e-05,1.0085701117148761e-05,4.386128041505357e-05,3.1425168584055486e-05,1.4389123999121383e-05,5.75528402401188e-05,1.2248700994173995,1.0616974305327451,1.4497633030902193
shared_fee_8131_8279,full_multiscale_60d,4.5,4.5,9086555.0,450000000.0,863428303.1674209,450000000.0,execution,proposal_faithful,"Proposal-faithful: F=64, CPSB=1530",False,False,425000000.0,212500000.0,50,64,1530.0,2.161501805529043,5.656315259465248,True,0.5,32,7200,50400,8,1.4479558695732846,1530.0,5.656315259465248,0.11295316038895495,52824.37891763159,False,state,95640456.39759071,212499999.9999876,83373693.53520703,12266762.862383675,7.163905232436627,138888.88888888079,339.9327397346298,60231227.73315862,55112118.6657096,64998418.44198968,6242554.504946852,5307024.8383119125,7584682.60176263,37794230.30497131,37620072.65425506,37931747.923030764,87212159.72783232,79799915.70663333,94114841.49605976,13493292.833556086,11471143.769998686,16394305.138074486,213776081.5937444,212790991.0164466,214553924.59521958,100705452.56138852,91380160.05095732,109308697.59447823,215680539.03801018,215455900.55367884,215938599.4314925,1.0149672425318124,1.0139101202526064,1.0161816443834941,96326.0831978037,41931.58324106883,182281.88955261168,0.06110362225614202,0.05902145475715572,0.06336818680393252,0.0815265376984127,0.07443551587301586,0.09117956349206348,0.08670200892857143,0.07919742063492063,0.09659920634920634,0.0,0.0,0.0,0.3990094756414604,0.3824653755083027,0.41847531561739176,15200012.907351628,12289577.427138865,18805633.686497927,0.05190662202380952,0.0363204365079365,0.07497222222222222,365723.3387551454,342179.61745561386,386701.58372583566,705116.2602340551,599445.2277500131,856713.8704162105,1070839.5989892005,940718.2554823661,1250248.6113890558,139722.92914623817,139079.0790957167,140231.3232648494,341.97406638070373,340.39823325680896,343.21836898105613,2.046864238050822e-05,8.910040337408728e-06,3.873497163924865e-05,2.749119342528311e-05,1.2583609665168567e-05,5.0288372627175315e-05,1.2273099782594832,1.0630569976671664,1.452100123123843
shared_fee_8131_8279,full_multiscale_60d,4.5,4.5,9086555.0,450000000.0,863428303.1674209,450000000.0,execution,proposal_faithful,"Proposal-faithful: F=64, CPSB=1530",False,False,450000000.0,225000000.0,50,64,1530.0,2.161501805529043,5.656315259465248,True,0.5,32,7200,50400,8,1.4479558695732846,1530.0,5.656315259465248,0.11295316038895495,44535.26644046533,False,state,97872676.92324537,225000000.00000715,85115895.78368536,12756781.139560016,7.5853114225806415,147058.82352941643,359.928783248464,61514194.244159505,56279079.695890896,66398454.1366672,6498603.936558321,5522435.788985322,7899440.423009887,40062076.93841502,39903302.658567466,40191712.82367155,89069838.6179019,81489623.77984828,96142031.3977799,14046744.14228895,11936754.928810053,17074654.73700483,226603737.11261642,225705659.73070335,227336998.5485666,103116582.7601907,93540262.88622957,111972101.9244565,228375167.37758636,228136022.6173076,228648230.2061318,1.0150007439003839,1.013937878299145,1.016214356471697,80914.76994925336,35252.963928533856,153181.89742749828,0.06118085327052285,0.059094569742564405,0.06344321515716013,0.08195808531746031,0.07475297619047619,0.09168353174603175,0.08716951884920635,0.07978174603174602,0.09687599206349207,0.0,0.0,0.0,0.3995121137692181,0.38290062678650066,0.4190282047025519,16194789.137400769,13079796.831574531,20024133.200321846,0.04606212797619048,0.03219444444444445,0.06648611111111111,377346.4878368638,353235.54875621357,398822.90164619434,734037.8527503662,623776.5754109641,892266.7610832299,1111384.34058723,976108.2683766261,1298594.8137433894,148107.01772066433,147520.0390396754,148586.27356115464,362.4942550155389,361.0576154629392,363.66724122195916,1.8205221858931135e-05,7.931523754153933e-06,3.446596725223885e-05,2.4250393655915014e-05,1.1096479030807863e-05,4.431387443210023e-05,1.229259718342402,1.0641684945627194,1.4539439816648612
shared_fee_8131_8279,full_multiscale_60d,5.0,4.0,10242311.0,400000000.0,973251271.4932127,400000000.0,execution,proposal_faithful,"Proposal-faithful: F=64, CPSB=1530",False,False,50000000.0,25000000.0,40,64,1530.0,2.161501805529043,5.656315259465248,True,0.5,32,7200,50400,8,1.4479558695732846,1530.0,5.656315259465248,0.11295316038895495,1616044955.0430844,False,regular,25000000.000000708,6687851.184176778,23853463.050618015,1146536.9493826907,0.22546415102157322,4371.144564821424,10.698445063410981,16546440.306668289,16388487.501199182,16690701.388392564,525665.4018404109,465976.8145406435,626021.5204238404,1197972.0511411817,977968.0263163433,1488660.1629361883,23958515.362584323,23729806.670789637,24167399.04261811,1136226.7151821996,1007209.7259642719,1353146.6466961668,6776107.593282759,5531695.470522212,8420331.195774088,25094742.077766493,24923573.88275583,25210806.33632791,25262538.93053484,25241668.535349652,25292161.12580526,1.0105015572213936,1.0096667414139862,1.0116864450322103,3075015619.7018623,1446509068.8807626,7003806908.84776,0.05101625236670262,0.04894284894054113,0.05325149168471371,0.027788318452380955,0.021732142857142856,0.0337281746031746,0.033710937499999996,0.02676388888888889,0.04096626984126984,0.0,0.0,0.0,0.3186173351394078,0.30276196995165433,0.3360501447112437,109642.10925039167,69285.69676788485,149586.1800259147,0.9807614087301588,0.9599732142857142,0.9924811507936508,76497.16021385592,75726.5830501593,77306.27539167712,59375.56844500439,52633.55387034362,70711.10920337148,135872.72865886032,129361.13198683746,146499.15320092769,4428.828492341672,3615.4872356354326,5503.48444168241,10.839627383159394,8.848961866693493,13.469864719306468,0.07687559770590154,0.03615977974285261,0.1750938341284944,0.09322703436954291,0.04519776324221508,0.20609438414291162,1.060656245383876,0.814816489825894,1.4143465008202256
shared_fee_8131_8279,full_multiscale_60d,5.0,4.0,10242311.0,400000000.0,973251271.4932127,400000000.0,execution,proposal_faithful,"Proposal-faithful: F=64, CPSB=1530",False,False,75000000.0,37500000.0,40,64,1530.0,2.161501805529043,5.656315259465248,True,0.5,32,7200,50400,8,1.4479558695732846,1530.0,5.656315259465248,0.11295316038895495,66425030.80442605,False,regular,37499999.999999896,19473716.7488722,35115102.532672405,2384897.4673274895,0.6565075826458469,12727.919443707318,31.151782998873696,23858255.00579673,23363607.98972974,24235732.65953151,1049605.0643400745,938318.5678618496,1256656.8930692563,3167444.6058975086,2667524.6426026355,3768408.7250880464,34545700.37341965,33829473.3231387,35092271.357777886,2268723.2416634946,2028177.2785948145,2716266.14329972,17916065.25784897,15088360.340952775,21315307.7756174,36814423.6150831,36040173.384649225,37305764.843846366,37902973.26582389,37870154.41383199,37947232.511066474,1.0107459537553038,1.009870784368853,1.011926200295106,146666903.62050897,68782372.82036893,314844544.307276,0.051645918594019805,0.04945098164882215,0.05414747954386213,0.030513392857142857,0.024586309523809524,0.03799107142857143,0.036598462301587295,0.02959623015873016,0.044503968253968254,0.0,0.0,0.0,0.32318245022206826,0.30620344773018615,0.34243572938220745,324623.57296544407,174045.5429596877,521395.08991018723,0.9213659474206348,0.8726527777777778,0.955610119047619,114060.32794271302,112452.29857928267,115955.41324536735,118556.20917746381,105986.047691634,141943.36759673752,232616.53712017683,220794.89847914735,255322.10944450865,11709.846573757495,9861.67342545933,13931.573709553857,28.660033639366457,24.1366007943704,34.09774574330778,0.005500009749512363,0.002579203636388406,0.011806629701693966,0.007657580058069102,0.003846786033730186,0.015809637964776153,1.0282047789672095,0.7753270910854692,1.4585090129135585
shared_fee_8131_8279,full_multiscale_60d,5.0,4.0,10242311.0,400000000.0,973251271.4932127,400000000.0,execution,proposal_faithful,"Proposal-faithful: F=64, CPSB=1530",False,False,100000000.0,50000000.0,40,64,1530.0,2.161501805529043,5.656315259465248,True,0.5,32,7200,50400,8,1.4479558695732846,1530.0,5.656315259465248,0.11295316038895495,7127800.090390119,False,regular,50000000.000000015,41120468.92685538,46019677.17025021,3980322.8297498054,1.386273611789949,26876.123481604824,65.77973487755048,30046784.244126,28928695.39427744,30943772.507507835,1627095.7340936912,1459789.2893002098,1959419.6235617965,5794928.951566906,5053307.139566265,6564312.749784963,43506417.60808429,41887474.295242295,44805217.02898618,3516970.3670121073,3155337.184514388,4235289.054117838,32777945.056265067,28583098.28429362,37129822.374511264,47023387.975096494,45224368.10516102,48402774.8072085,50565191.54368234,50518856.86871456,50625308.8338514,1.0113038308736466,1.0103771373742914,1.012506176677028,22717186.98527202,11159921.011419004,45498082.4988905,0.05302859784451576,0.05081967418023132,0.055465217902267,0.03493923611111111,0.027797619047619047,0.043027777777777776,0.04099392361111111,0.03390178571428572,0.04999603174603174,0.0,0.0,0.0,0.3350579859783571,0.31709906015221295,0.3560049597886526,884261.5235498648,506809.38091865624,1389458.412960522,0.8168415178571429,0.7322063492063492,0.882719246031746,148345.43293314625,144830.3361854932,151833.9390758389,183785.60542126908,164887.81372840516,221322.63900944134,332131.03835441533,312432.4189600225,369436.16680886556,21423.493500826844,18681.763584505632,24267.857761118474,52.43433725104941,45.723910164163264,59.39596350884005,0.0011358499725654307,0.000557953399608653,0.0022747874282708198,0.0017305159320980725,0.0008808447529571611,0.003408645933547091,1.1086382617091495,0.7879631920386516,1.5952884554892695
shared_fee_8131_8279,full_multiscale_60d,5.0,4.0,10242311.0,400000000.0,973251271.4932127,400000000.0,execution,proposal_faithful,"Proposal-faithful: F=64, CPSB=1530",False,False,125000000.0,62500000.0,40,64,1530.0,2.161501805529043,5.656315259465248,True,0.5,32,7200,50400,8,1.4479558695732846,1530.0,5.656315259465248,0.11295316038895495,2041657.8574558252,False,state,58849329.8955297,62500000.00000275,53546380.709798254,5302949.185731451,2.1070309507168705,40849.67320261618,99.980217569019,35031555.39943841,33159209.72778152,36596470.73616239,2185013.9267372657,1932878.8902050797,2642236.5220410484,8666260.254743055,7816321.754652402,9424968.279892521,50724146.260898486,48013072.35575284,52990074.60809351,4722911.547748705,4177921.2110472233,5711199.013026562,49019100.12140107,44211580.013731174,53310591.901533455,55447057.80864708,52360762.47890741,57813089.3507256,63255549.06743453,63200318.96105214,63328465.79864505,1.0120887850789524,1.0112051033768343,1.0132554527783209,6949461.623606029,3396643.6006583874,13827565.644713212,0.05486418418599118,0.05279952402984572,0.057520801546513754,0.041981646825396825,0.033998015873015874,0.052001984126984126,0.04758804563492064,0.03956746031746032,0.05742559523809524,0.0,0.0,0.0,0.35069186249977524,0.33327822387708433,0.3746563129789834,1822040.5976166467,1180622.0758296272,2644582.710083865,0.6844289434523809,0.5740962301587301,0.776421626984127,177917.27274689142,171019.39652464667,182863.79563460028,246804.2285188546,218324.7792977596,298448.965659657,424721.5012657461,395845.03809065506,476631.968403667,32038.627530327496,28896.457525314494,34843.52411864932,78.41504472279982,70.72453422148385,85.28007323277221,0.0004343345792601032,0.00021227349080604939,0.0008642250619947427,0.0006817349431699207,0.0003483975133971527,0.0013328207085594173,1.118232163440216,0.8412935223502486,1.5083293563873996
shared_fee_8131_8279,full_multiscale_60d,5.0,4.0,10242311.0,400000000.0,973251271.4932127,400000000.0,execution,proposal_faithful,"Proposal-faithful: F=64, CPSB=1530",False,False,150000000.0,75000000.0,40,64,1530.0,2.161501805529043,5.656315259465248,True,0.5,32,7200,50400,8,1.4479558695732846,1530.0,5.656315259465248,0.11295316038895495,1184472.6608413283,False,state,63206482.43427539,75000000.00000046,57197805.08629793,6008677.347977456,2.528437140860149,49019.60784313756,119.97626108281827,38992053.560354725,36453044.50506333,41226968.79346099,2689842.3302268097,2377500.175252782,3252542.3534210166,11509931.706064235,10686593.83899009,12154923.026322648,56458772.81943147,52782399.75492219,59694831.449206226,5814099.053373706,5138970.921454534,7030376.169479256,65103802.34441055,60446743.803183526,68752076.5914099,62272871.872805074,58012071.84465094,65574092.460780725,75962152.71956256,75891131.71688624,76055117.99409449,1.012828702927501,1.0118817562251499,1.01406823992126,3104912.9361992544,1461849.9051599405,5830191.239135599,0.05652504586241988,0.054476670081905314,0.05912359676215976,0.050694444444444445,0.041063492063492066,0.06151190476190476,0.055554315476190476,0.04628472222222222,0.06632638888888889,0.0,0.0,0.0,0.3647689144933911,0.3477324465469491,0.38843855471167305,3013754.0504931016,2126490.208921493,4135864.865657384,0.5411067708333333,0.42440972222222223,0.6490188492063492,202876.24888037727,192785.0183940004,211141.779704103,303826.1921471091,268546.158620096,367384.93811783305,506702.44102748646,464301.3740316346,570541.0667393635,42551.50480026834,39507.67568835525,44935.99777216334,104.14547716742865,96.69565754849239,109.98156121489151,0.00023286380654345077,0.00010963624584996981,0.0004372625719731316,0.0003640648180559282,0.00017913133342363984,0.0006692870883873548,1.0641353840992602,0.8690258048769159,1.3423074928537952
shared_fee_8131_8279,full_multiscale_60d,5.0,4.0,10242311.0,400000000.0,973251271.4932127,400000000.0,execution,proposal_faithful,"Proposal-faithful: F=64, CPSB=1530",False,False,175000000.0,87500000.0,40,64,1530.0,2.161501805529043,5.656315259465248,True,0.5,32,7200,50400,8,1.4479558695732846,1530.0,5.656315259465248,0.11295316038895495,747485.4019818847,False,state,67156782.46003886,87500000.00000663,60478631.076628886,6678151.383409966,2.9498433310037124,57189.54248366447,139.97230459663106,42186601.28908236,39119395.006779954,44961814.77142328,3136755.562900082,2742350.564871822,3783695.968871134,14217418.634926595,13496222.483716773,14727171.167194696,61084336.95387481,56643157.61422317,65102723.60494843,6780102.812711789,5927595.697364075,8178465.668287894,80418201.97494295,76338889.17978723,83301523.00176455,67864439.76658657,62644058.454378374,71997814.06862228,88672728.26989,88589166.39655177,88780761.87418954,1.0134026087987427,1.0124476159605917,1.0146372785621662,1709633.8767864835,766705.874199173,3278542.451638906,0.057781750638598646,0.05585967366583204,0.06030570246825756,0.058796502976190476,0.05032936507936508,0.06966071428571428,0.06344680059523809,0.05472420634920635,0.0744781746031746,0.0,0.0,0.0,0.3752566836652807,0.35860500423839187,0.39776278483449834,4288506.334549006,3195213.512497184,5559597.100414969,0.4117764136904762,0.3068214285714286,0.5252857142857142,224093.02220393333,211269.99996720586,235372.67696789128,354306.4541971996,309757.1631967081,427380.4176349435,578399.476401133,522360.0279617659,651396.3666471912,52560.91632349213,49894.698810318456,54445.43987043435,128.64366927942012,122.11805998675236,133.2560702967471,0.0001495895352935903,6.708520724419625e-05,0.0002868708142551143,0.00023015962560647978,0.00010886510574885344,0.00042445867933444374,1.0940636330576858,0.9418434669606441,1.335585626332567
shared_fee_8131_8279,full_multiscale_60d,5.0,4.0,10242311.0,400000000.0,973251271.4932127,400000000.0,execution,proposal_faithful,"Proposal-faithful: F=64, CPSB=1530",False,False,200000000.0,100000000.0,40,64,1530.0,2.161501805529043,5.656315259465248,True,0.5,32,7200,50400,8,1.4479558695732846,1530.0,5.656315259465248,0.11295316038895495,501674.6078754611,False,state,70790418.83514225,99999999.99999495,63472340.56784292,7318078.267299333,3.3712495211466744,65359.477124179706,159.9683481104153,44855249.90797889,41384891.01747357,48029267.2235596,3535964.258882203,3066239.084016309,4254972.016005586,16789793.54890469,16184900.594927577,17186231.125687376,64948422.38543454,59923495.86040145,69544259.38765661,7642993.129860053,6627681.316285007,9197129.69507165,94968365.45394264,91546900.20801927,97210741.36892395,72591415.51529469,66616862.42208179,77508137.58260106,101382127.6136049,101289961.84858741,101506949.35292846,1.013821276136049,1.0128996184858743,1.0150694935292845,1062746.5223059566,466799.04343526624,2040751.8026830857,0.058681412742451644,0.05672646190116023,0.06114716791886458,0.06515687003968254,0.05759623015873016,0.07604761904761904,0.06990389384920635,0.06230456349206349,0.08060416666666667,0.0,0.0,0.0,0.38249171328748466,0.36586758334922986,0.4039807264193665,5544019.1421030145,4298549.1085911915,7053124.6746837245,0.30983692956349207,0.2265138888888889,0.41471825396825396,242634.75819132454,227651.35369258653,255997.44359709203,399398.3380631337,346341.39504777646,480612.53657439386,642033.0962544582,574207.5392500319,725059.1054562763,62070.82709408015,59834.57529935901,63536.43226727055,151.919325444142,146.44606400906616,155.5064171537636,0.00010627204924373333,4.667813641729119e-05,0.00020407346895020805,0.00016049604485590476,7.465845004032323e-05,0.0002977215680817774,1.1316989265682293,0.9918429657883152,1.3633750398712352
shared_fee_8131_8279,full_multiscale_60d,5.0,4.0,10242311.0,400000000.0,973251271.4932127,400000000.0,execution,proposal_faithful,"Proposal-faithful: F=64, CPSB=1530",False,False,225000000.0,112500000.0,40,64,1530.0,2.161501805529043,5.656315259465248,True,0.5,32,7200,50400,8,1.4479558695732846,1530.0,5.656315259465248,0.11295316038895495,352911.6609491433,False,state,74168993.61380558,112500000.00000536,66235747.7973526,7933245.816452979,3.7926557112903807,73529.4117647094,179.96439162423488,47168405.477285445,43387214.62108167,50635552.408292875,3899878.81281473,3362919.568885485,4690855.900960395,19261724.202581674,18760106.77301708,19589248.208112672,68297769.56924796,62822772.075031176,73318045.3186735,8429595.095243482,7268956.719994834,10139293.499402503,108950384.53066956,106113078.20940915,110802963.56099395,76727364.66449139,70155346.53795129,82332671.43071836,114088977.8170021,113984773.50546488,114229437.50497432,1.014124247262241,1.0131979867152434,1.0153727778219939,713536.4004987222,310783.5528134329,1364984.3545269321,0.059323911901240575,0.05739422564672772,0.06172996197687375,0.06972780257936508,0.062070436507936505,0.0804156746031746,0.07449714781746032,0.0665595238095238,0.08536805555555556,0.0,0.0,0.0,0.38741104498799706,0.37167395646479245,0.4082026418340468,6747656.317373928,5341156.489455964,8479887.914691826,0.23455295138888888,0.17033035714285713,0.3245843253968254,259344.0730919033,242688.38143120173,274238.72721706843,440503.6370413494,379852.3934394774,529846.9989426553,699847.7101332527,622018.5622623105,798299.2651681423,71209.4016540324,69354.95307804519,72420.23762156467,174.28613039366633,169.7473383407134,177.24967046591635,8.02708008917659e-05,3.496182558672432e-05,0.00015355928987674687,0.00011905277668025014,5.491097708292726e-05,0.00022093440787172416,1.160833190644154,1.016736422564172,1.3877235710922344
shared_fee_8131_8279,full_multiscale_60d,5.0,4.0,10242311.0,400000000.0,973251271.4932127,400000000.0,execution,proposal_faithful,"Proposal-faithful: F=64, CPSB=1530",False,False,250000000.0,125000000.0,40,64,1530.0,2.161501805529043,5.656315259465248,True,0.5,32,7200,50400,8,1.4479558695732846,1530.0,5.656315259465248,0.11295316038895495,257644.57999920848,False,state,77336715.7808873,125000000.00000334,68809492.02887829,8527223.752009023,4.214061901433668,81699.34640523094,199.96043513803457,49233648.606687546,45204021.89007207,52935246.71948155,4238107.227185768,3640319.2069456913,5111568.0082057975,21665569.468445525,21246094.2484271,21943671.618068427,71288150.48056194,65453428.82404916,76647901.19478346,9160676.423587732,7868556.538515225,11048663.478821293,122547291.18937856,120174607.10141915,124120324.62198235,80448826.90414949,73387612.04511926,86619270.39017642,126793315.78355265,126673597.01847307,126948722.69589005,1.014346526268421,1.0133887761477847,1.0155897815671204,505296.555104715,219318.67838416967,961701.8028597649,0.059790795349459885,0.057840273548903746,0.062145012828245166,0.07306299603174604,0.06524107142857143,0.08252777777777777,0.07793340773809523,0.06995138888888888,0.08790674603174603,0.0,0.0,0.0,0.39077308529247945,0.3746713059556548,0.41101647260292834,7898105.398398734,6322140.622583884,9824361.132599818,0.1810044642857143,0.12907539682539682,0.25572222222222224,274780.55765579216,256792.15683282982,290884.10839122604,478707.6053779032,411185.55924912996,577367.7610699205,753488.1630336952,667028.7894289413,865520.1065535961,80096.26875122782,78545.49483752887,81124.39517776623,196.03687736971926,192.24133382833176,198.55323296708025,6.316041510936348e-05,2.7413784654331005e-05,0.00012021150657178829,9.211913194021696e-05,4.22959291638613e-05,0.00017068382261894023,1.1812386620347737,1.0354187407802842,1.4069441352966605
shared_fee_8131_8279,full_multiscale_60d,5.0,4.0,10242311.0,400000000.0,973251271.4932127,400000000.0,execution,proposal_faithful,"Proposal-faithful: F=64, CPSB=1530",False,False,275000000.0,137500000.0,40,64,1530.0,2.161501805529043,5.656315259465248,True,0.5,32,7200,50400,8,1.4479558695732846,1530.0,5.656315259465248,0.11295316038895495,193825.34889992862,False,state,80326539.71488196,137499999.99999177,71223775.62858163,9102764.086300336,4.635468091576634,89869.28104574626,219.956478651819,51117483.18847251,46879161.94552809,55013370.880751446,4557281.306749072,3901733.9278121144,5507566.348767657,24024570.63548305,23669218.317275766,24265258.058639698,74015859.82056242,67878957.69970451,79656933.27179584,9850571.77284186,8433604.92965981,11904614.606932119,135890545.48758066,133880560.74761808,137251949.43194324,83866431.59340432,76386056.32589567,90513983.90019302,139495368.08408427,139360151.8134442,139665608.0432561,1.014511767884249,1.0135283768250487,1.0157498766782262,372229.9403941468,161386.25536513378,704957.6862212839,0.06013674178001778,0.05816033964265809,0.06245119894487751,0.07544332837301587,0.06752281746031746,0.08457738095238096,0.0803689236111111,0.07210615079365079,0.09026785714285714,0.0,0.0,0.0,0.3931099952092483,0.3768443936371471,0.41296813047209985,9006251.644949894,7251983.303809348,11153659.559715066,0.14258308531746033,0.1002063492063492,0.2039126984126984,289298.4351598695,270207.20661268436,306384.98093030794,514759.32637881406,440713.17814318894,622097.0251451642,804057.7615386837,709981.4708195919,928067.1122559004,88817.34999188277,87503.63447556738,89707.15649146617,217.38186085472623,214.1665214689365,219.5596762556332,5.11802382857861e-05,2.2189744015263916e-05,9.693064023036949e-05,7.351455642755025e-05,3.368707971764644e-05,0.00013592678363989153,1.1953493452337958,1.045951607828125,1.4207660429993805
shared_fee_8131_8279,full_multiscale_60d,5.0,4.0,10242311.0,400000000.0,973251271.4932127,400000000.0,execution,proposal_faithful,"Proposal-faithful: F=64, CPSB=1530",False,False,300000000.0,150000000.0,40,64,1530.0,2.161501805529043,5.656315259465248,True,0.5,32,7200,50400,8,1.4479558695732846,1530.0,5.656315259465248,0.11295316038895495,149473.1157370768,False,state,83163781.00113425,149999999.9999987,73501735.5231773,9662045.477956943,5.056874281720223,98039.21568627366,239.95252216563298,52862187.43486661,48442371.02076453,56925246.93126091,4861818.492351089,4153038.6153232157,5884593.187349654,26353926.91107985,26047564.28951483,26566238.0961209,76542114.5747982,70142415.45556295,82425245.42102724,10508829.449371353,8976800.465452952,12719558.799260046,149066118.93396097,147333235.362674,150267017.92966193,87050944.02416964,79200039.23461497,94110156.18667929,152195634.49253282,152045226.5763045,152380778.6881864,1.0146375632835518,1.01363484384203,1.0158718579212427,282744.9126600396,122585.83553360982,533167.9343635509,0.06040022351485772,0.05838823375551414,0.06268822695316022,0.07722098214285714,0.06981547619047619,0.0863998015873016,0.08220486111111111,0.07419345238095239,0.09220039682539682,0.0,0.0,0.0,0.39479019576434066,0.3786851364989179,0.4143880010871002,10081958.68343737,8143029.476348239,12491434.521365952,0.11529947916666666,0.07995436507936508,0.1654404761904762,303123.9330554976,283085.8197985631,321039.23397960246,549157.7639485197,469098.83681812655,664683.398114457,852281.6970040173,751252.3215795883,987102.2525569352,97428.83590454968,96296.23226318562,98213.73720892936,238.4586080509764,235.6865428273117,240.37966633687387,4.2410563430701226e-05,1.83871416141157e-05,7.997428496672906e-05,6.007810026823437e-05,2.7525251691169525e-05,0.00011085792951329088,1.205288519442445,1.0512197947652888,1.4306450309525705
shared_fee_8131_8279,full_multiscale_60d,5.0,4.0,10242311.0,400000000.0,973251271.4932127,400000000.0,execution,proposal_faithful,"Proposal-faithful: F=64, CPSB=1530",False,False,325000000.0,162500000.0,40,64,1530.0,2.161501805529043,5.656315259465248,True,0.5,32,7200,50400,8,1.4479558695732846,1530.0,5.656315259465248,0.11295316038895495,117693.76672129458,False,state,85868368.80592386,162500000.00000328,75661538.49123295,10206830.31469092,5.478280471863733,106209.15032679953,259.9485656794432,54495677.99738879,49913650.82864934,58707664.35400091,5154693.783275615,4396192.756071304,6246833.9539615875,28663419.795185618,28395228.263225917,28853959.270727985,78907336.82269491,72272763.68917368,85006107.1903134,11141879.919499593,9502378.579701718,13502542.870328005,162129338.77596182,160612362.92127815,163207090.11899963,90049216.7421945,81862648.29409927,97472179.0120913,164894704.13384902,164729181.23890886,165094449.9431652,1.0147366408236864,1.0137180383932853,1.0159658458040937,220123.3512216695,95487.5310040543,414990.4892159253,0.06060569162562311,0.05856976698846391,0.06287693871902723,0.07855406746031746,0.07142757936507937,0.0879236111111111,0.08353360615079365,0.07572619047619047,0.0934920634920635,0.0,0.0,0.0,0.3960433612880822,0.379809242065841,0.4154945760579388,11134152.77028272,9009184.661844324,13795693.41325365,0.09516989087301587,0.0653095238095238,0.1371845238095238,316405.85452152306,295535.3051633926,335048.43978778535,582238.9536582797,496563.8654772839,705599.6375249928,898644.8081798027,791172.8785784879,1043430.8332991336,105966.88808886394,104975.40060214259,106671.3007313723,259.3556250422582,256.9289438262868,261.07968606245373,3.576903845904108e-05,1.5516100012509618e-05,6.743616733503784e-05,5.003418238078094e-05,2.292154420288859e-05,9.213656940209648e-05,1.2124653684526188,1.0550562182920702,1.4377661001065989
shared_fee_8131_8279,full_multiscale_60d,5.0,4.0,10242311.0,400000000.0,973251271.4932127,400000000.0,execution,proposal_faithful,"Proposal-faithful: F=64, CPSB=1530",False,False,350000000.0,175000000.0,40,64,1530.0,2.161501805529043,5.656315259465248,True,0.5,32,7200,50400,8,1.4479558695732846,1530.0,5.656315259465248,0.11295316038895495,94328.02942269108,False,state,88456313.54146113,175000000.00001046,77717743.53039083,10738570.0110703,5.899686662007331,114379.0849673271,279.94460919325763,56037042.67401981,51306629.91993786,60402066.837328374,5437939.0191487465,4632351.766444724,6596692.692751828,30958947.59107984,30721308.886211928,31131906.967624966,81139164.85337538,74289735.94059862,87459527.21146657,11754115.008246839,10012836.707015984,14258763.165903214,175113567.676419,173769408.24383423,176091880.43724024,92893279.86162236,84396148.36057805,100645524.2587063,177592299.42532682,177411693.1000153,177806561.18192965,1.0148131395732962,1.013781103428659,1.0160374924681694,174895.08212363633,75928.62625804872,330201.43270351074,0.060770061160162064,0.05871651136317091,0.06304021214035517,0.07958829365079365,0.07264880952380953,0.08913095238095238,0.08461991567460318,0.07691964285714285,0.09464087301587301,0.0,0.0,0.0,0.3970181127045902,0.380700178023818,0.4164047257062735,12168439.167944007,9854605.956989901,15075145.438225735,0.08009796626984127,0.055304563492063495,0.11563988095238095,329243.9919534966,307623.5876890917,348541.56049134297,614232.3982152648,523238.77205328963,745117.2877610443,943476.3901687613,829941.2396793065,1097593.0879017247,114453.31220680979,113574.776629957,115092.73231192172,280.12628152919575,277.9760518889194,281.69127229203497,3.060574696998605e-05,1.3286946600602346e-05,5.778541130281197e-05,4.232158919420101e-05,1.9386279737912885e-05,7.776055280793956e-05,1.2177633309590297,1.0578598968864261,1.442969003839958
shared_fee_8131_8279,full_multiscale_60d,5.0,4.0,10242311.0,400000000.0,973251271.4932127,400000000.0,execution,proposal_faithful,"Proposal-faithful: F=64, CPSB=1530",False,False,375000000.0,187500000.0,40,64,1530.0,2.161501805529043,5.656315259465248,True,0.5,32,7200,50400,8,1.4479558695732846,1530.0,5.656315259465248,0.11295316038895495,76764.77445877087,False,state,90940699.32406408,187500000.00001308,79682221.25328617,11258478.070777904,6.321092852150774,122549.01960785169,299.94065270706477,57500092.85739536,52632001.47021602,62009660.81181947,5712981.430397081,4862477.423976786,6934481.918248352,33244307.047631264,33031328.0601049,33403064.395084463,83257596.9538743,76208815.456189,89787252.34272176,12348619.676757203,10510253.731270116,14988895.186702296,188040281.24388143,186835604.94678938,188938262.850831,95606216.63063169,86818124.6335084,103661338.32715197,190289429.31256133,190094025.27480704,190518386.46007743,1.0148769563336604,1.0138348014656375,1.016098061120413,141364.59601572977,61427.52686162063,267166.4572527522,0.060902615848814706,0.05883631359951664,0.0631709769639146,0.08036334325396825,0.07348313492063492,0.08997718253968254,0.08546378968253968,0.07779265873015873,0.09549305555555555,0.0,0.0,0.0,0.39779618870265054,0.38140498935278894,0.4171828866925059,13189200.475748284,10675963.146898232,16334987.478279103,0.06823102678571429,0.04719642857142857,0.09878968253968254,341709.28081875126,319402.82888580865,361604.85097141616,645299.3078067629,549232.1923581224,783271.648326214,987008.5886255141,867718.7462228951,1149932.2700079198,122902.14460384408,122114.77447502574,123489.06068681764,300.8049316880314,298.87783091549545,302.24141803100406,2.6505077377261693e-05,1.1517167979624773e-05,5.009384597667361e-05,3.6266982404025176e-05,1.661021201961905e-05,6.651695129832509e-05,1.2217786979925216,1.0599869008695155,1.4468523079041438
shared_fee_8131_8279,full_multiscale_60d,5.0,4.0,10242311.0,400000000.0,973251271.4932127,400000000.0,execution,proposal_faithful,"Proposal-faithful: F=64, CPSB=1530",False,False,400000000.0,200000000.0,40,64,1530.0,2.161501805529043,5.656315259465248,True,0.5,32,7200,50400,8,1.4479558695732846,1530.0,5.656315259465248,0.11295316038895495,63308.22922671631,False,state,93332376.27653272,199999999.99998695,81564794.00591955,11767582.270613175,6.742499042293249,130718.95424835748,319.93669622082587,58895373.03587954,53898253.99714342,63538241.97413843,5980897.8354590405,5087187.539660841,7263487.04576304,35522052.71588774,35330147.38383136,35669168.5611552,85277901.07800992,78042293.23491555,92000570.40882206,12927721.470029492,10995965.052041827,15700040.36385374,200923928.824409,199838451.76632637,201756062.4249061,98205622.54803947,89142448.7690534,106543086.14232093,202985159.5124051,202775076.1532325,203228768.56923294,1.0149257975620256,1.0138753807661627,1.0161438428461647,115952.90777771476,50430.79300353097,219305.92777169115,0.061012333778740636,0.058936400495442416,0.06327942856737612,0.08096292162698412,0.07406944444444444,0.09054662698412698,0.08615327380952381,0.07861904761904762,0.09613690476190476,0.0,0.0,0.0,0.39844636631948993,0.38197146593966946,0.41786582889136475,14198755.431741074,11488740.736445002,17576817.287294317,0.05916790674603174,0.04111904761904762,0.08551686507936508,353854.9856466438,330911.1201985515,374307.4834292506,675561.3124785584,574613.910096004,820433.8172631693,1029416.2981252023,904614.2436933444,1200750.7707139102,131322.82929699938,130613.36716753358,131866.70746725888,321.41468989896987,319.6782701800375,322.74584027375687,2.3189865833110667e-05,1.0085701117148761e-05,4.386128041505357e-05,3.1425168584055486e-05,1.4389123999121383e-05,5.75528402401188e-05,1.2248700994173995,1.0616974305327451,1.4497633030902193
shared_fee_8131_8279,full_multiscale_60d,3.0,6.0,5619286.0,600000000.0,533959303.1674208,533959303.1674208,transfer payload,state_matched_64,"State-matched 64: F=64, matched CPSB",False,True,50000000.0,25000000.0,40,64,510.0,2.161501805529043,1.8854384198217493,True,0.5,32,7200,50400,8,1.4479558695732846,1530.0,5.656315259465248,0.11295316038895495,1616044955.0430844,False,regular,25000000.000000708,3220594.7295819097,23853463.050618015,1146536.9493826907,0.32572285319733196,6314.891626631195,15.455796564730612,16631654.283601392,16501338.248874065,16732005.862038916,530768.1159659787,468432.10786824254,628048.4935133099,1795806.8190652346,1460080.5634746272,2245606.679192239,24081901.440654267,23893209.573271547,24227206.097673923,1147256.2409777122,1012516.8469249803,1357527.9526888237,3385883.171243478,2752891.990410049,4233953.108757393,25229157.681632012,25153533.30226254,25266744.08720721,25260595.17356734,25240386.262070816,25288524.618796762,1.0104238069426934,1.0096154504828325,1.0115409847518706,2999207191.026578,1421501072.8905275,6915448991.999962,0.050824340813867025,0.04876868780923039,0.05296209610649523,0.02713107638888889,0.021479166666666667,0.03356944444444444,0.03304129464285714,0.026373015873015875,0.040804563492063496,0.0,0.0,0.0,0.3171608150506131,0.3004017928096554,0.3338012679436527,97644.61536302982,68175.33336313207,127387.65152772554,0.9965928819444445,0.991764880952381,0.9994623015873016,78449.29457142156,77204.76054121956,79649.11676438956,59951.936132048635,52910.88701137785,70940.06221985043,138401.23070347018,131847.01058205427,148134.4185716769,6638.98661028133,5397.827432176567,8301.868840700772,16.24902413396103,13.21126752696933,20.31895454354736,0.07498036331846498,0.035534586441626215,0.17288395517926997,0.08265779118755678,0.03984895495342104,0.1875988595958412,1.085696816673535,0.8326961988027048,1.4567684821863383
shared_fee_8131_8279,full_multiscale_60d,3.0,6.0,5619286.0,600000000.0,533959303.1674208,533959303.1674208,transfer payload,state_matched_64,"State-matched 64: F=64, matched CPSB",False,True,75000000.0,37500000.0,40,64,765.0,2.161501805529043,2.828157629732624,True,0.5,32,7200,50400,8,1.4479558695732846,1530.0,5.656315259465248,0.11295316038895495,66425030.80442605,False,regular,37499999.999999896,12280695.455132913,35115102.532672405,2384897.4673274895,0.8280257734493413,16053.196673376357,39.29045131209592,24278378.97340904,23945348.748279337,24564529.50670816,1082972.2163381437,966256.0135375337,1285257.800938699,4314046.15789922,3552880.793601182,5311718.576063929,35154021.3382722,34671808.2690506,35568354.68254419,2340846.4009526838,2088564.1178646518,2778087.057299301,12200802.556481406,10048106.923953753,15022377.417887807,37494867.739224955,37112130.96471177,37741290.08737147,37895595.13316454,37863610.89635194,37940354.625106,1.0105492035510544,1.0096962905693851,1.0117427900028266,128130484.57912296,60739991.250191435,286070448.4994317,0.05114569572378898,0.049046024347922504,0.05342249645607174,0.028100818452380952,0.022291666666666664,0.034187499999999996,0.034056299603174606,0.027393849206349206,0.04148511904761905,0.0,0.0,0.0,0.31946639083279205,0.3034877254980826,0.33724064678460564,185431.25209392962,113189.41740591303,281923.3006579484,0.9699634176587302,0.9428392857142857,0.985844246031746,118945.75130454655,116908.65355278327,120879.53085575844,122325.13444882439,109141.67047389726,145173.9305305844,241270.88575337094,228476.22318306335,262317.95843317197,15948.7615117404,13134.780292750003,19637.09466390563,39.034844611635215,32.147581325235784,48.0620980046168,0.004804902020828937,0.002277530460658918,0.010727569636701448,0.006053475257244855,0.0029684302741304486,0.013066336486099644,1.0435771939294216,0.8018994999507303,1.4035385484103757
shared_fee_8131_8279,full_multiscale_60d,3.0,6.0,5619286.0,600000000.0,533959303.1674208,533959303.1674208,transfer payload,state_matched_64,"State-matched 64: F=64, matched CPSB",False,True,100000000.0,50000000.0,40,64,1020.0,2.161501805529043,3.7708768396434986,True,0.5,32,7200,50400,8,1.4479558695732846,1530.0,5.656315259465248,0.11295316038895495,7127800.090390119,False,regular,50000000.000000015,31400272.926351912,46019677.17025021,3980322.8297498054,1.5878723260026617,30784.581300345013,75.34574685367448,30880128.66282139,30069116.950489882,31505714.23109248,1708590.3367165774,1532993.936753534,2042856.3842762262,7298699.343233851,6231292.369939464,8519292.676040486,44713063.55051048,43538754.38134718,45618883.846008636,3693121.097722353,3313569.162157857,4415637.763049581,27522496.31292164,23497436.078851968,32125203.44222549,48406184.64823276,47115110.23567847,49338181.33178331,50545916.11362871,50500558.404833175,50604242.151359625,1.0109183222725742,1.0100111680966635,1.0120848430271925,17528876.973054133,8653244.79757922,36177764.251869984,0.052088034902564306,0.049874291363618824,0.05461212614352284,0.03158234126984127,0.025223214285714286,0.03987797619047619,0.037686631944444444,0.031147817460317462,0.047014880952380954,0.0,0.0,0.0,0.3269941117113332,0.3094701299677154,0.34670991150472996,581970.9111028102,307926.0032700535,949097.177751726,0.8863969494047619,0.8245436507936508,0.9327083333333333,156010.75797888613,153556.0588712529,159087.2155122107,192990.6783421661,173156.5100134174,230747.08482475317,349001.43632105226,330603.6645431556,385730.02810571657,26982.839522472197,23036.702038090167,31495.29749237793,66.04092406579939,56.3826905154632,77.08523591046148,0.0008764409757595961,0.00043261827302237376,0.00180888157085938,0.0012725576499109641,0.0006524272412709799,0.002534069154672465,1.0365407875115238,0.7654480505231006,1.494822380661892
shared_fee_8131_8279,full_multiscale_60d,3.0,6.0,5619286.0,600000000.0,533959303.1674208,533959303.1674208,transfer payload,state_matched_64,"State-matched 64: F=64, matched CPSB",False,True,125000000.0,62500000.0,40,64,1275.0,2.161501805529043,4.713596049554373,True,0.5,32,7200,50400,8,1.4479558695732846,1530.0,5.656315259465248,0.11295316038895495,1421367.1930095186,False,state,61710624.41116986,62500000.00000148,55948154.265304595,5762470.1458652625,2.5284371408601936,49019.607843138416,119.97626108282037,35791738.218040824,34077684.296462595,37211360.149047986,2270275.0264492757,2020599.0867091306,2738255.1187225617,9841352.813558053,8770135.265573116,10852724.350206086,51824857.43504265,49342982.99852858,53880407.34261958,4907203.56871761,4367528.574172112,5918743.383118004,46388161.744256854,41338874.9418617,51155358.624032564,56732061.00376019,53909224.94629789,58844599.8827779,63237062.0335029,63180886.79183399,63310176.85776928,1.0117929925360465,1.0108941886693437,1.0129628297243085,5631477.173652834,2773970.436728334,11538974.083930526,0.054184427325916634,0.05203732741009369,0.05677654922823142,0.03908358134920635,0.031483134920634925,0.048042658730158734,0.04482452876984127,0.03744047619047619,0.05328769841269841,0.0,0.0,0.0,0.3449211902017574,0.32736819336376655,0.3682639818806419,1550966.031302592,955577.0350283633,2315586.287932729,0.7358165922619048,0.6336329365079365,0.8188184523809524,184386.668516241,178747.68719586582,189232.71429750053,256434.739189564,228233.0527228323,309294.5696109464,440821.40770580503,412540.7073214071,493686.32428739517,36382.87195627988,32422.647013224854,40121.84990120201,89.04765127329486,79.35493844631586,98.19885859299347,0.00035196266614011945,0.00017335909795156975,0.0007211892537174858,0.0005493412557149224,0.00028187399693571674,0.001102710247218273,1.1957219907535073,0.8621809126857324,1.6504050327587236
shared_fee_8131_8279,full_multiscale_60d,3.0,6.0,5619286.0,600000000.0,533959303.1674208,533959303.1674208,transfer payload,state_matched_64,"State-matched 64: F=64, matched CPSB",False,True,150000000.0,75000000.0,40,64,1530.0,2.161501805529043,5.656315259465248,True,0.5,32,7200,50400,8,1.4479558695732846,1530.0,5.656315259465248,0.11295316038895495,1184472.6608413283,False,state,63206482.43427539,75000000.00000046,57197805.08629793,6008677.347977456,2.528437140860149,49019.60784313756,119.97626108281827,38992053.560354725,36453044.50506333,41226968.79346099,2689842.3302268097,2377500.175252782,3252542.3534210166,11509931.706064235,10686593.83899009,12154923.026322648,56458772.81943147,52782399.75492219,59694831.449206226,5814099.053373706,5138970.921454534,7030376.169479256,65103802.34441055,60446743.803183526,68752076.5914099,62272871.872805074,58012071.84465094,65574092.460780725,75962152.71956256,75891131.71688624,76055117.99409449,1.012828702927501,1.0118817562251499,1.01406823992126,3104912.9361992544,1461849.9051599405,5830191.239135599,0.05652504586241988,0.054476670081905314,0.05912359676215976,0.050694444444444445,0.041063492063492066,0.06151190476190476,0.055554315476190476,0.04628472222222222,0.06632638888888889,0.0,0.0,0.0,0.3647689144933911,0.3477324465469491,0.38843855471167305,3013754.0504931016,2126490.208921493,4135864.865657384,0.5411067708333333,0.42440972222222223,0.6490188492063492,202876.24888037727,192785.0183940004,211141.779704103,303826.1921471091,268546.158620096,367384.93811783305,506702.44102748646,464301.3740316346,570541.0667393635,42551.50480026834,39507.67568835525,44935.99777216334,104.14547716742865,96.69565754849239,109.98156121489151,0.00023286380654345077,0.00010963624584996981,0.0004372625719731316,0.0003640648180559282,0.00017913133342363984,0.0006692870883873548,1.0641353840992602,0.8690258048769159,1.3423074928537952
shared_fee_8131_8279,full_multiscale_60d,3.0,6.0,5619286.0,600000000.0,533959303.1674208,533959303.1674208,transfer payload,state_matched_64,"State-matched 64: F=64, matched CPSB",False,True,175000000.0,87500000.0,40,64,1785.0,2.161501805529043,6.5990344693761225,True,0.5,32,7200,50400,8,1.4479558695732846,1530.0,5.656315259465248,0.11295316038895495,1015262.2807211468,False,state,64501152.69048977,87500000.00000028,58276121.01656001,6225031.673929756,2.5284371408601416,49019.60784313741,119.97626108281791,40945493.11569537,37862804.0088524,43755748.003276855,2970912.075665974,2585129.154624086,3581245.3141776547,12409514.666398264,11877275.60798492,12770036.106928842,59287267.089443594,54823669.303120926,63356392.148914926,6421631.815620035,5587761.335245772,7740868.212637435,81890815.0317853,78378551.13936798,84269908.44479397,65708898.90506366,60473541.76295876,69915208.702347,88691819.68242976,88609520.95260596,88800553.61260344,1.0136207963706259,1.0126802394583538,1.014863469858325,2226881.822963639,986141.3219031547,4281605.616655613,0.05825060826937087,0.05634191032408355,0.0607455586128414,0.06211805555555555,0.05415873015873016,0.0727609126984127,0.0667640128968254,0.05861210317460318,0.07782142857142857,0.0,0.0,0.0,0.3790804942469298,0.36265954938066697,0.40102351504089634,4585059.599642666,3497820.4627005416,5880594.680708627,0.35890004960317456,0.2646428571428571,0.4700734126984127,213843.90291014872,200590.72890679748,225626.13447158106,335573.9081841818,291998.5080284179,404512.976364502,549417.8110943305,493212.00923435745,618505.9654459665,45877.20730072005,43909.552459029685,47210.032742181495,112.28518633757932,107.46932016902603,115.54729756568835,0.00019484755083780655,8.628411412720724e-05,0.0003746376676801096,0.0002971863827875431,0.0001392622084217081,0.0005506472299684737,1.1134585037446452,0.9689401322441675,1.3512604569495552
shared_fee_8131_8279,full_multiscale_60d,3.0,6.0,5619286.0,600000000.0,533959303.1674208,533959303.1674208,transfer payload,state_matched_64,"State-matched 64: F=64, matched CPSB",False,True,200000000.0,100000000.0,40,64,2040.0,2.161501805529043,7.541753679286997,True,0.5,32,7200,50400,8,1.4479558695732846,1530.0,5.656315259465248,0.11295316038895495,888354.4956312402,False,state,65645352.150078095,99999999.9999914,59226618.930732764,6418733.21934533,2.528437140859916,49019.60784313304,119.97626108280721,42198127.082256235,38806260.60024934,45306874.786148235,3160562.1420945353,2722894.7988002067,3805516.8429383244,12857484.797871172,12532646.032404283,13067525.723679587,61101025.79375224,56189752.81232147,65602355.27862544,6831560.776624083,5885542.023872316,8225631.526982327,96967983.28071445,94518129.3260807,98552060.20573004,67932586.57037626,62127438.54220686,72905932.76518309,101414283.92572646,101321244.53380068,101538795.0112105,1.0141428392572647,1.0132124453380067,1.0153879501121053,1792295.8258187613,780359.770523327,3431826.7176711266,0.0593585476328298,0.05744408841693622,0.06175490125670016,0.06997085813492063,0.062419642857142854,0.08053273809523809,0.07476438492063492,0.06694940476190477,0.08551388888888889,0.0,0.0,0.0,0.38770240083603646,0.37211331945156706,0.40838821981730145,6027696.505188357,4780131.612894813,7565844.530232875,0.2300967261904762,0.16727579365079365,0.31879166666666664,220541.14788834256,205466.81762660365,234055.12204231985,356995.48255526304,307559.572931131,429845.154323282,577536.6304436056,512480.0016843815,660098.2823280372,47533.32513760512,46332.41633631407,48309.83343418139,116.3385607876128,113.3993176108537,118.23907705492218,0.00017922509180391487,7.803311332726602e-05,0.00034317950930533704,0.00026561127390268326,0.00012244952211562903,0.0004935045004822186,1.1634356411659734,1.0196309109163826,1.3909995430476634
shared_fee_8131_8279,full_multiscale_60d,3.0,6.0,5619286.0,600000000.0,533959303.1674208,533959303.1674208,transfer payload,state_matched_64,"State-matched 64: F=64, matched CPSB",False,True,225000000.0,112500000.0,50,64,2295.0,2.161501805529043,8.484472889197871,True,0.5,32,7200,50400,8,1.4479558695732846,1530.0,5.656315259465248,0.11295316038895495,789648.4405610375,False,state,66672464.41067433,112499999.99999341,60077877.415590666,6594586.99508367,2.5284371408599857,49019.607843134385,119.9762610828105,43094845.344750196,39527606.15804623,46372760.92905407,3299074.8413058664,2825077.254174528,3989183.8104683426,13085427.060907982,12883455.89971757,13219979.485381026,62399434.265283965,57234229.34672385,67145711.3755424,7130956.226058071,6106409.585657304,8622628.00891451,111022951.14184085,109309332.30032222,112164557.53945675,69530390.49134204,63392964.129562356,74982439.09902512,114128980.21315637,114018715.74478641,114267867.30963643,1.0144798241169455,1.0134996955092126,1.015714376085657,1524098.2940805922,660834.5107249081,2893711.006316914,0.06006092255405804,0.0581066876174325,0.062375786532770636,0.07491939484126983,0.06702083333333332,0.0840763888888889,0.0798325892857143,0.07181944444444445,0.08964682539682539,0.0,0.0,0.0,0.392653691253963,0.3766238585821014,0.4124901630729398,7317823.195272996,5890852.185953632,9064452.277372247,0.15045014880952381,0.10665972222222223,0.21429563492063491,225094.64096401853,209002.0223079476,239568.5798652129,372640.92968518764,319101.4042019639,450590.91876485315,597735.5706492062,527265.3223189843,690442.8060066529,48376.01356942956,47629.338692950856,48873.44555096155,118.4010539766968,116.57355547423926,119.61852657415619,0.00017145664206864002,7.43411791489784e-05,0.00032553920185229173,0.00024734533144178054,0.00011331817441458576,0.0004582301223152603,1.1934515556632619,1.0453049485872061,1.4198170459972712
shared_fee_8131_8279,full_multiscale_60d,3.0,6.0,5619286.0,600000000.0,533959303.1674208,533959303.1674208,transfer payload,state_matched_64,"State-matched 64: F=64, matched CPSB",False,True,250000000.0,125000000.0,50,64,2550.0,2.161501805529043,9.427192099108746,True,0.5,32,7200,50400,8,1.4479558695732846,1530.0,5.656315259465248,0.11295316038895495,710683.5965047226,False,state,67605688.4331622,125000000.00000511,60849716.328567326,6755972.104594868,2.528437140860237,49019.60784313926,119.97626108282243,43803925.12405205,40125989.99104229,47184755.530748434,3409194.577068405,2908078.9657669775,4133757.838031158,13209826.131490393,13078292.357373316,13301613.177311042,63426150.49371989,58100662.72996832,68321443.72512747,7368980.233733164,6285817.935126388,8935125.030524071,124531568.53737646,123291574.38125561,125396862.65053634,70795130.72745317,64443226.436871804,76554230.98523012,126837799.80773377,126711060.40431555,126990858.16791879,1.01470239846187,1.0136884832345243,1.0159268653433502,1336489.0198036423,579490.3689846126,2518658.611487988,0.06051942009279519,0.05851110985431111,0.06278422436009534,0.0779532490079365,0.07077281746031747,0.08722222222222223,0.08295262896825398,0.07519742063492063,0.09288492063492064,0.0,0.0,0.0,0.3955566690242588,0.3796345785703257,0.4149368386981518,8499564.35554583,6877561.067440785,10536978.769937431,0.10322296626984127,0.0723154761904762,0.14870932539682538,228550.4603021437,211841.6389451493,243588.5998755158,385079.301860763,328476.70984402363,466921.012088233,613629.7621629068,539503.566519,713212.7005596217,48835.909230343714,48349.6370122571,49175.24025511229,119.52665583914452,118.33649693821712,120.35717385861565,0.00016705675579581548,7.243369729038036e-05,0.00031483359605590953,0.0002352575907476614,0.0001076322416054228,0.0004343002160458923,1.2104798260706424,1.0542316258360305,1.4367106801345453
shared_fee_8131_8279,full_multiscale_60d,3.0,6.0,5619286.0,600000000.0,533959303.1674208,533959303.1674208,transfer payload,state_matched_64,"State-matched 64: F=64, matched CPSB",False,True,275000000.0,137500000.0,50,64,2805.0,2.161501805529043,10.36991130901962,True,0.5,32,7200,50400,8,1.4479558695732846,1530.0,5.656315259465248,0.11295316038895495,646075.9968224195,False,state,68461830.80260189,137500000.00000963,61556468.40547501,6905362.397126876,2.5284371408603104,49019.607843140686,119.97626108282593,44403300.461490974,40647008.02038307,47879842.30333718,3502368.5545473625,2980986.161575212,4253744.290278668,13283427.564515684,13194105.58876436,13349519.964306086,64294019.53164204,58855073.843706205,69327898.69736037,7570375.954282268,6443406.970501906,9194475.963696236,137747965.7238028,136821704.75731605,138433338.0478287,71864395.48592448,65358401.63663769,77834770.13399504,139542727.95670962,139400020.82864124,139709740.00489232,1.0148562033215245,1.013818333299209,1.0160708363992168,1195086.2302302425,518922.1872816847,2258486.950883526,0.06083391677993784,0.05879031200171578,0.06309384428796828,0.0799156746031746,0.0729890873015873,0.0895,0.08497829861111111,0.07745138888888889,0.09490376984126984,0.0,0.0,0.0,0.39739784016854846,0.38127699627864015,0.4166337503878029,9613885.403041707,7778627.3283184925,11915812.39757586,0.07424603174603174,0.05229464285714286,0.10735218253968254,231389.93971975576,214271.86407701744,246809.83950800227,395603.59708302055,336711.8080256601,480473.8610734477,626993.5368027764,550186.777809734,731610.9618108589,49108.00917069618,48777.791357331924,49352.34868015283,120.19262472222519,119.38441143098129,120.79064951412532,0.00016432002173764776,7.134926932844771e-05,0.0003105432447802733,0.00022651483907855559,0.00010360507897552956,0.0004164866492583112,1.2204848439824825,1.0594425812622543,1.4464180225978565
shared_fee_8131_8279,full_multiscale_60d,3.0,6.0,5619286.0,600000000.0,533959303.1674208,533959303.1674208,transfer payload,state_matched_64,"State-matched 64: F=64, matched CPSB",False,True,300000000.0,150000000.0,64,64,3060.0,2.161501805529043,11.312630518930495,True,0.5,32,7200,50400,8,1.4479558695732846,1530.0,5.656315259465248,0.11295316038895495,592236.3304206335,False,state,69253475.46778028,150000000.0000035,62208847.813166834,7044627.654613436,2.5284371408601922,49019.607843138394,119.97626108282032,44930397.3843838,41112896.42327086,48485369.21181586,3584400.508578654,3046870.7925844328,4357921.314808539,13329834.629948372,13267165.592875555,13379595.8479195,65057232.61497861,59529659.69123349,70204674.93867654,7747688.171031974,6585816.719384899,9419654.79031212,150795494.04703784,150086542.38565752,151358424.3201158,72804920.78601047,66177405.42553161,78932853.79915641,152244938.55956098,152086896.66986424,152425944.1254165,1.0149662570637399,1.0139126444657616,1.01617296083611,1083509.4488226525,471305.6001155689,2050602.6107021603,0.06105853997245987,0.05899263274393474,0.06331641953727782,0.08115327380952381,0.07418849206349207,0.09070634920634921,0.08633370535714285,0.07889186507936509,0.09624900793650794,0.0,0.0,0.0,0.3986761293001235,0.3823659187465389,0.41797287569588765,10683814.016022664,8632424.19689576,13230063.832228292,0.05574404761904762,0.039804563492063495,0.0803611111111111,233839.72834573104,216421.9268620539,249591.17368012556,404869.3655437364,344153.68531921174,492240.9852340144,638709.0938894673,559791.2934297037,747231.645508113,49279.573217986224,49047.88966851553,49463.53735951497,120.61253042599913,120.04548129519335,121.06278555542728,0.00016252208962547866,7.069334749387656e-05,0.000307591675764084,0.00021984082938072486,0.00010050205148480181,0.00040299119746916966,1.226665287318216,1.062757452796816,1.4521831068472624
shared_fee_8131_8279,full_multiscale_60d,3.0,6.0,5619286.0,600000000.0,533959303.1674208,533959303.1674208,transfer payload,state_matched_64,"State-matched 64: F=64, matched CPSB",False,True,325000000.0,162500000.0,64,64,3315.0,2.161501805529043,12.25534972884137,True,0.5,32,7200,50400,8,1.4479558695732846,1530.0,5.656315259465248,0.11295316038895495,546679.689618995,False,state,69990300.70037904,162500000.00000888,62815082.50343228,7175218.19694676,2.5284371408602717,49019.60784313994,119.9762610828241,45405736.53784199,41537440.709154025,49021788.36866988,3658531.8306107195,3107362.121800874,4456221.781175194,13360882.740296297,13315010.446222074,13400276.913601404,65745502.73226639,60144381.08187163,70981386.20539479,7907923.15745054,6716568.836705151,9632131.425848113,163742290.6683572,163180109.66161537,164225080.03948882,73653425.8897172,66924528.34869717,79904939.80924529,164945399.5307755,164772459.47858182,165140589.53208628,1.01504861249708,1.013984366022042,1.0162497817359157,992515.6216609627,432455.44361861557,1879924.052476028,0.061225870306655626,0.05914804457040623,0.06348078607071461,0.08208395337301587,0.07495436507936508,0.09175396825396825,0.08732328869047619,0.0800952380952381,0.09700595238095237,0.0,0.0,0.0,0.3996816630566225,0.3831902679096234,0.41909581593790773,11725263.908588562,9454802.734576872,14503196.74349895,0.04355034722222222,0.031199404761904765,0.06234126984126984,236021.18465860083,218363.3678722278,252095.91283868896,413242.7326510695,350986.37213033746,503344.33357783617,649263.9173096705,568571.9003256975,760980.4246183396,49394.35615938377,49224.76912869242,49539.99397872966,120.89346348015644,120.47839655559852,121.24991433331887,0.00016127947054975743,7.027155237241612e-05,0.00030548893394790667,0.0002145273203533554,9.800084122049558e-05,0.0003923939699836617,1.230693512652942,1.0649985839423737,1.4556697712632252
shared_fee_8131_8279,full_multiscale_60d,3.0,6.0,5619286.0,600000000.0,533959303.1674208,533959303.1674208,transfer payload,state_matched_64,"State-matched 64: F=64, matched CPSB",False,True,350000000.0,175000000.0,64,64,3570.0,2.161501805529043,13.198068938752245,True,0.5,32,7200,50400,8,1.4479558695732846,1530.0,5.656315259465248,0.11295316038895495,507631.14036054903,False,state,70679917.35061637,175000000.0000034,63381633.9279308,7298283.42268556,2.5284371408601825,49019.607843138205,119.97626108281985,45841357.68557389,41928863.62562861,49507811.18986781,3726712.1694564223,3163606.2891503973,4545481.074108108,13382657.745904505,13346457.27097856,13416378.428989917,66376262.930035084,60711144.191266775,71685125.80209531,8055295.082967113,6838140.7059816215,9825065.548682816,176625239.51415896,176147463.15047106,177070287.41418073,74431558.01300229,67614130.61149786,80785544.06672138,177644604.2300746,177456873.34430188,177854143.35484695,1.015112024171855,1.0140392762531536,1.0163093905991256,916492.6160710745,399927.88632374693,1736635.273502786,0.061355310349743064,0.059269130089793814,0.06360738629547494,0.08281249999999998,0.07552678571428571,0.09249305555555556,0.08804501488095239,0.08077380952380953,0.0975922619047619,0.0,0.0,0.0,0.4005488890264458,0.3839128316566178,0.4200569372912567,12747290.980679974,10260511.713507729,15746967.724571768,0.03507750496031746,0.02489186507936508,0.04941170634920635,238003.3417058838,220143.7106662835,254338.24843797358,420943.9174000815,357339.3285859114,513426.45280869235,658947.2591059653,576708.6889173192,773396.7152762357,49474.85700676721,49341.02609256893,49599.52028408424,121.09049057009094,120.7629373029537,121.3956059017902,0.00016038188579865006,6.998493905762449e-05,0.0003039124196695345,0.00021016351403797774,9.59281513525224e-05,0.0003837715170052084,1.233442141972453,1.06660052644009,1.4580595384028825
shared_fee_8131_8279,full_multiscale_60d,3.0,6.0,5619286.0,600000000.0,533959303.1674208,533959303.1674208,transfer payload,state_matched_64,"State-matched 64: F=64, matched CPSB",False,True,359634304.0,179817152.0,64,64,3668.2699008,2.161501805529043,13.561366676949092,True,0.5,32,7200,50400,8,1.4479558695732846,1530.0,5.656315259465248,0.11295316038895495,494032.12416077335,False,state,70934409.00786011,179817152.00000036,63590505.69486087,7343903.312999236,2.5284371408601385,49019.60784313735,119.97626108281777,46000374.01939094,42072238.72101439,49684083.68791472,3751673.681043147,3184301.4472557018,4577812.389620717,13389340.27467749,13356266.662827624,13421407.441127699,66606511.563943505,60918745.00218145,71940360.60028651,8109249.435330538,6882873.327591932,9894949.745538408,181577753.02732736,181129229.64970165,182012627.62984607,74715760.99927396,67866930.48474464,81104900.4465083,182538284.24712357,182344862.60599175,182753407.1821104,1.0151327735805955,1.014057116231002,1.0163291162686772,890377.4359276632,388735.4957718778,1687324.1736716793,0.06139750569389514,0.059308864822356956,0.06364867597745837,0.08304563492063491,0.0757142857142857,0.0926845238095238,0.08828559027777777,0.08097321428571429,0.09784126984126984,0.0,0.0,0.0,0.400858847249031,0.3841926480438433,0.4203907025669296,13137313.339804413,10567924.567280026,16220666.714510432,0.032475198412698414,0.023131944444444445,0.04550496031746032,238723.69566568386,220793.47716842726,255146.2728290937,423763.39902188757,359676.9120986546,517078.3770753739,662487.0946875715,579696.6674145922,777888.4519116795,49499.56190184581,49377.290806818724,49618.11223055086,121.15095618930718,120.85169576138222,121.44110998314588,0.00016010081377368932,6.989887213415634e-05,0.0003034110685078813,0.0002086775573481467,9.521884660260162e-05,0.0003808576554018112,1.23427164090517,1.0670732471183102,1.459117887827415
shared_fee_8131_8279,full_multiscale_60d,3.0,6.0,5619286.0,600000000.0,533959303.1674208,533959303.1674208,transfer payload,state_matched_64,"State-matched 64: F=64, matched CPSB",False,True,375000000.0,187500000.0,67,64,3825.0,2.161501805529043,14.14078814866312,False,0.5,32,7200,50400,8,1.4479558695732846,1530.0,5.656315259465248,0.11295316038895495,473789.064336578,False,state,71328423.6870288,187499999.99999493,63913672.78596637,7414750.901062434,2.528437140860065,49019.60784313593,119.97626108281428,46245042.69880121,42293186.146583945,49954404.904899284,3790162.173043985,3216321.052908193,4627396.471365557,13398518.5733007,13369847.477448316,13428331.435175778,66960781.0143965,61238667.12390178,72331773.79309,8192442.3802824505,6952083.763022114,10002125.82775535,189465612.65095615,189060180.75852042,189887190.0148358,75153223.39467901,68256721.84749934,81594642.7434809,190342941.83551812,190140468.95959342,190567704.50755912,1.0151623564560965,1.0140825011178316,1.016361090706982,851801.6950795329,372185.3956867203,1614421.8381647083,0.06145781292819405,0.05936582649302418,0.06370736586068726,0.08334015376984127,0.07591071428571429,0.09296031746031745,0.08862413194444443,0.08127380952380953,0.09815079365079366,0.0,0.0,0.0,0.4013272451931158,0.3846355511839265,0.4208786297671506,13755812.108359938,11055247.377323184,16971750.453770094,0.029001116071428572,0.020552579365079364,0.04052777777777778,239829.27848252447,221793.13116180364,256380.71078894942,428110.7958319872,363293.6277515116,522679.05581343797,667940.0743145116,584314.3048060581,784769.2352023234,49533.493503517944,49427.49823752168,49643.70980780021,121.23400431801116,120.97457923759424,121.50376045601344,0.000159708496665265,6.978233353377263e-05,0.0003027053232748421,0.00020649274473235734,9.417281204721629e-05,0.00037658761037527507,1.2353924445807585,1.067681782198006,1.460531233662491
shared_fee_8131_8279,full_multiscale_60d,3.0,6.0,5619286.0,600000000.0,533959303.1674208,533959303.1674208,transfer payload,state_matched_64,"State-matched 64: F=64, matched CPSB",False,True,400000000.0,200000000.0,72,64,4080.0,2.161501805529043,15.083507358573994,False,0.5,32,7200,50400,8,1.4479558695732846,1530.0,5.656315259465248,0.11295316038895495,444177.2478155956,False,state,71940784.88356473,199999999.99998647,64415404.01753994,7525380.866024785,2.5284371408599626,49019.60784313394,119.97626108280942,46622153.86652689,42634420.604368776,50369323.171016894,3849701.478376771,3266048.9826049022,4703443.966074512,13410414.471507587,13384544.151551712,13437311.079414029,67506821.34318647,61732759.55995224,72932557.1319081,8321136.6962592285,7059570.772846773,10166502.624874784,202276085.36249393,201885870.20107207,202681780.54577053,75827958.03944573,68859239.72169346,82346269.18640427,203040650.819862,202823552.4409966,203281167.77430958,1.0152032540993101,1.014117762204983,1.016405838871548,795955.2737333064,348187.4215160777,1508806.4977454473,0.06154085648799744,0.05944458497904469,0.06378811635913076,0.08375372023809524,0.07615674603174603,0.09324404761904762,0.08906808035714285,0.08164583333333333,0.09853373015873015,0.0,0.0,0.0,0.40201600760556194,0.38530351086227,0.42156486054538495,14754430.632427925,11842427.614966867,18182989.634720888,0.024459325396825396,0.017237103174603176,0.03425099206349206,241527.69221692247,223332.569645785,258265.99177195498,434835.94853668835,368910.55457035464,531268.8606804769,676363.6407536109,591469.7710290145,795306.4752994976,49577.47190257204,49481.83093163531,49676.906996512385,121.34164214130429,121.10755936087817,121.58501109744844,0.00015918673856884537,6.963507023573405e-05,0.00030176251803537595,0.0002033480970553561,9.265897279439692e-05,0.0003704744732222362,1.2368040495374735,1.068437201581849,1.462311989943572
shared_fee_8131_8279,full_multiscale_60d,3.0,6.0,5619286.0,600000000.0,533959303.1674208,533959303.1674208,transfer payload,state_matched_64,"State-matched 64: F=64, matched CPSB",False,True,425000000.0,212500000.0,76,64,4335.0,2.161501805529043,16.02622656848487,False,0.5,32,7200,50400,8,1.4479558695732846,1530.0,5.656315259465248,0.11295316038895495,418049.17441461334,False,state,72521099.91512787,212499999.99999672,64890295.112177975,7630804.802949905,2.528437140860094,49019.6078431365,119.97626108281568,46976611.693066865,42955745.82757974,50757750.941094875,3905919.4144505085,3313277.6675562654,4774662.96946728,13419533.95832016,13395967.632941542,13443883.525314713,68020060.63364121,62198024.30294247,73494983.40149736,8442651.866585694,7161655.660641983,10320442.62929613,215064491.6594966,214686812.38959214,215454723.33699414,76462712.50022672,69427201.84536251,83050071.81321962,215737815.80903023,215506196.2960427,215994182.94606474,1.0152367802777893,1.0141468060990244,1.016443213863834,747192.4745274038,327184.5667474817,1416452.5797617682,0.06160926789915284,0.05950902476504531,0.06385488654324517,0.08408420138888888,0.0763531746031746,0.09347718253968254,0.08941220238095238,0.08185813492063491,0.09878174603174604,0.0,0.0,0.0,0.4026088110486718,0.38588304849659366,0.422145376755693,15745314.066947805,12623263.066967739,19399455.987463098,0.020908358134920632,0.014634920634920636,0.029073412698412696,243118.92665988614,224777.16498821325,260022.28267067557,441185.9420867613,374245.1837966254,539313.2721934416,684304.8687466474,598235.7464358343,805162.2433870914,49611.18608062205,49524.06283496935,49701.204922028635,121.42415812227387,121.21092260843092,121.64448065226082,0.00015877408303043602,6.952431745629763e-05,0.00030099737386557533,0.0002006172785560644,9.133642819920401e-05,0.0003651939570163553,1.2378382719293526,1.0689914273236942,1.4636176763780369
shared_fee_8131_8279,full_multiscale_60d,3.0,6.0,5619286.0,600000000.0,533959303.1674208,533959303.1674208,transfer payload,state_matched_64,"State-matched 64: F=64, matched CPSB",False,True,450000000.0,225000000.0,81,64,4590.0,2.161501805529043,16.968945778395742,False,0.5,32,7200,50400,8,1.4479558695732846,1530.0,5.656315259465248,0.11295316038895495,394824.2202804984,False,state,73072793.8330985,224999999.9999907,65341240.410287745,7731553.422810756,2.5284371408600292,49019.60784313523,119.97626108281257,47311425.02465351,43259708.01803644,51123660.93024812,3959291.185826384,3358188.7254866236,4841971.452064113,13426665.966960244,13405219.723887766,13448303.483880514,68504855.56232345,62638148.14074203,74024804.91802691,8558015.046778966,7258730.993446661,10465930.03595663,227836366.7779593,227472446.64211246,228203532.62935817,77062870.60910241,69965037.53455214,83713485.82508487,228434560.8727523,228188395.6370304,228706753.14835906,1.0152647149900103,1.0141706472756906,1.0164744584371515,704202.7179403005,308630.8964745652,1334968.7490276187,0.061666191951045404,0.059562921361231404,0.06391024941826853,0.08435763888888889,0.07654662698412698,0.0936656746031746,0.08966145833333333,0.08198511904761904,0.0990436507936508,0.0,0.0,0.0,0.40311277147233776,0.38639299162713453,0.4226290750387821,16730351.962812576,13399218.759644344,20606524.192044362,0.01822606646825397,0.012696428571428572,0.025612103174603173,244618.2991321027,226139.8327130391,261670.94998990232,447214.45233922324,379318.0297262708,546915.9780237388,691832.7514713259,604659.6620998967,814462.2501836235,49637.55267493666,49558.2672422903,49717.545235154284,121.48869077650231,121.2946384332505,121.68447382560507,0.00015844129421224338,6.943955373562392e-05,0.00030036915423299593,0.00019821866902397986,9.01689719860104e-05,0.00036057295700980227,1.2386136845035693,1.069385223295127,1.4645672236791465
shared_fee_8131_8279,full_multiscale_60d,3.0,6.0,5619286.0,600000000.0,533959303.1674208,533959303.1674208,transfer payload,state_matched_64,"State-matched 64: F=64, matched CPSB",False,True,475000000.0,237500000.0,85,64,4845.0,2.161501805529043,17.911664988306615,False,0.5,32,7200,50400,8,1.4479558695732846,1530.0,5.656315259465248,0.11295316038895495,374043.998160432,False,state,73598759.21351556,237499999.99999875,65770681.85054311,7828077.362972453,2.5284371408601203,49019.607843137,119.97626108281689,47628999.364696264,43548297.19086714,51469912.4263354,4010164.4678468974,3401070.1279684003,4905790.185374218,13432352.758504689,13412663.119637592,13451901.838169258,68964689.19201405,63056012.52743796,74526161.80413517,8667977.73771948,7351419.222334521,10603874.34323304,240595802.6150712,240243128.39994207,240945959.18085197,77632666.92973363,70476180.5760184,84341639.05723302,241131061.58557823,240870322.45498088,241419104.70040512,1.0152886803603294,1.0141908313893933,1.01650149347539,665996.8377788386,292102.7778602279,1262554.987195004,0.061714209977707934,0.059607968422288285,0.0639566269313354,0.08457589285714287,0.0766388888888889,0.0938938492063492,0.08988033234126984,0.08210218253968254,0.09918650793650793,0.0,0.0,0.0,0.4035397417702934,0.38683629060196384,0.42304663975801987,17710772.668808065,14171954.920937113,21804963.410821132,0.016070808531746028,0.011128968253968254,0.022851190476190476,246037.8101100284,227431.12161642587,263226.5874043057,452960.75032279873,384161.6196584982,554124.505643135,698998.5604328271,610784.3655586068,823271.5661311637,49658.57639113956,49585.78501546792,49730.84812814282,121.54014665252974,121.3619886158497,121.71703286539702,0.0001581699462320918,6.937203829093326e-05,0.00029985799799015894,0.00019609305599960398,8.912813239347073e-05,0.00035650200995540176,1.2392097210167061,1.0696708882787405,1.465293879926731
shared_fee_8131_8279,full_multiscale_60d,3.0,6.0,5619286.0,600000000.0,533959303.1674208,533959303.1674208,transfer payload,state_matched_64,"State-matched 64: F=64, matched CPSB",False,True,500000000.0,250000000.0,89,64,5100.0,2.161501805529043,18.854384198217492,False,0.5,32,7200,50400,8,1.4479558695732846,1530.0,5.656315259465248,0.11295316038895495,355341.79825234425,False,state,74101462.14605744,250000000.00001428,66180699.361574434,7920762.784483012,2.528437140860278,49019.60784314005,119.97626108282438,47931252.52850194,43823192.43301533,51798803.341016896,4058812.556272481,3442135.4099594695,4966551.889999106,13436950.009955227,13418758.329193877,13455669.164846962,69402338.43464363,63454048.70682348,75002381.33449762,8773130.668686923,7440181.903502864,10735210.877486741,253345417.93991548,253002425.00162953,253698356.0781059,78175469.10333073,70963531.29957844,84938619.11351986,253827169.03437638,253551813.32502866,254131083.42607835,1.0153086761375056,1.0142072533001145,1.0165243337043135,631802.7511734357,277279.2646886538,1197761.477339723,0.061755299947506684,0.0596463764780745,0.0639960876069246,0.08476190476190476,0.07679166666666666,0.09400793650793651,0.0900657242063492,0.08222123015873016,0.09931150793650795,0.0,0.0,0.0,0.4038986948612562,0.3871440690142614,0.4234084586022548,18687483.59037468,14942169.384016134,22997514.21447381,0.014344618055555557,0.009724206349206349,0.020720238095238094,247386.8163056804,228659.14242559296,264700.71217257937,458455.7056573498,388800.07304165314,560987.7322111363,705842.5219630301,616641.8624077447,831649.4144961298,49675.57214508146,49608.318627770495,49744.77570158939,121.5817440275793,121.41713998632586,121.75112082043375,0.00015794638149225915,6.931744678234737e-05,0.0002994415395478368,0.00019419464340343892,8.819234290068263e-05,0.0003528907556564988,1.2396728076611145,1.069900472812236,1.4658439827915022
shared_fee_8131_8279,full_multiscale_60d,3.0,6.0,5619286.0,600000000.0,533959303.1674208,533959303.1674208,transfer payload,state_matched_64,"State-matched 64: F=64, matched CPSB",False,True,525000000.0,262500000.0,94,64,5355.0,2.161501805529043,19.797103408128365,False,0.5,32,7200,50400,8,1.4479558695732846,1530.0,5.656315259465248,0.11295316038895495,338420.7602404324,False,state,74583022.95825142,262499999.9999878,66573079.644873574,8009943.313377838,2.5284371408600164,49019.60784313498,119.97626108281196,48219782.306484565,44085756.84821987,52112213.26662337,4105472.789314507,3481554.9903684505,5024669.7448245315,13440719.569593932,13423783.981215943,13458702.809708973,69820116.82022053,63834230.39296089,75456185.07586181,8873986.846653668,7525387.3977300385,10860832.72562537,266087315.19888115,265752039.60448635,266443331.26304463,78694103.66687408,71429451.3583091,85507902.83297712,266523048.17484286,266233143.30761513,266842861.86431348,1.0153258978089252,1.0142214983147244,1.0165442356735752,601004.4705461515,263907.8393506498,1139410.2595184979,0.06179066313546029,0.05967957128392622,0.06402992926139667,0.08488405257936509,0.07688194444444445,0.09408730158730158,0.09021267361111111,0.08236309523809524,0.09944146825396825,0.0,0.0,0.0,0.40419886504177016,0.3873763209258754,0.42370944934356536,19661260.562766753,15710307.098568808,24186322.53464916,0.012886904761904763,0.008668650793650794,0.018684523809523807,248673.0409804834,229830.36312343588,266102.7717757685,463726.1264439318,393252.6392300541,567552.3275886946,712399.1674244151,622257.6060369904,839654.0104858711,49689.507973647276,49626.89815209829,49755.99089879452,121.6158521871502,121.4626136643014,121.77857019196449,0.00015775936532157618,6.92734466353413e-05,0.0002990963477871929,0.00019248640704381842,8.734652008470551e-05,0.0003496567055610763,1.2400346471368966,1.0700853924123637,1.4662673764308929
shared_fee_8131_8279,full_multiscale_60d,3.0,6.0,5619286.0,600000000.0,533959303.1674208,533959303.1674208,transfer payload,state_matched_64,"State-matched 64: F=64, matched CPSB",False,True,533959303.1674208,266979651.5837104,96,64,5446.384892307692,2.161501805529043,20.134947696262085,False,0.5,32,7200,50400,8,1.4479558695732846,1530.0,5.656315259465248,0.11295316038895495,332742.39829187415,False,state,74750814.0259213,266979651.5837189,66709707.264755495,8041106.761165806,2.528437140860214,49019.607843138816,119.97626108282135,48320097.74411037,44177087.05181147,52221083.53643236,4121746.547601168,3495311.85797991,5044898.031542184,13441899.195944175,13425375.926487517,13459654.955384808,69965369.14693937,63966472.497320175,75613824.42205428,8909162.604573008,7555122.89191064,10904556.20388829,270651937.2487451,270319242.08246017,271009448.5363869,78874531.75151242,71591614.94613527,85705752.44209734,271072784.2862766,270777638.42995757,271398335.23212796,1.0153312534430468,1.0142257539992945,1.0165506383059761,590697.6385350968,259428.8479756418,1119877.0094800096,0.06180217045068887,0.059690433916636546,0.06404082686207285,0.08493241567460318,0.07693452380952381,0.09411805555555555,0.09025731646825397,0.08238492063492063,0.09949404761904762,0.0,0.0,0.0,0.4042938684643673,0.38745012195644624,0.42380576564698014,20009530.274398442,15985220.038975593,24611392.390254475,0.012414434523809522,0.008262896825396824,0.018060515873015874,249119.90884449915,230237.41985075353,266589.28914504446,465564.2988738161,394806.52090382087,569837.1765027074,714684.2077183153,624215.8523909044,842438.5140909497,49693.86897922061,49632.783475191194,49759.51092240145,121.62652581687249,121.47701808512439,121.78718550509869,0.0001576999325680434,6.925986059217666e-05,0.00029898551808454015,0.00019191510257375236,8.706288304224988e-05,0.00034857788588607373,1.2401444759694606,1.0701423964725898,1.4663961678839754
shared_fee_8131_8279,full_multiscale_60d,3.5,5.5,6775042.0,550000000.0,643782271.4932127,550000000.0,execution,state_matched_64,"State-matched 64: F=64, matched CPSB",False,True,50000000.0,25000000.0,40,64,510.0,2.161501805529043,1.8854384198217493,True,0.5,32,7200,50400,8,1.4479558695732846,1530.0,5.656315259465248,0.11295316038895495,1616044955.0430844,False,regular,25000000.000000708,3220594.7295819097,23853463.050618015,1146536.9493826907,0.32572285319733196,6314.891626631195,15.455796564730612,16631654.283601392,16501338.248874065,16732005.862038916,530768.1159659787,468432.10786824254,628048.4935133099,1795806.8190652346,1460080.5634746272,2245606.679192239,24081901.440654267,23893209.573271547,24227206.097673923,1147256.2409777122,1012516.8469249803,1357527.9526888237,3385883.171243478,2752891.990410049,4233953.108757393,25229157.681632012,25153533.30226254,25266744.08720721,25260595.17356734,25240386.262070816,25288524.618796762,1.0104238069426934,1.0096154504828325,1.0115409847518706,2999207191.026578,1421501072.8905275,6915448991.999962,0.050824340813867025,0.04876868780923039,0.05296209610649523,0.02713107638888889,0.021479166666666667,0.03356944444444444,0.03304129464285714,0.026373015873015875,0.040804563492063496,0.0,0.0,0.0,0.3171608150506131,0.3004017928096554,0.3338012679436527,97644.61536302982,68175.33336313207,127387.65152772554,0.9965928819444445,0.991764880952381,0.9994623015873016,78449.29457142156,77204.76054121956,79649.11676438956,59951.936132048635,52910.88701137785,70940.06221985043,138401.23070347018,131847.01058205427,148134.4185716769,6638.98661028133,5397.827432176567,8301.868840700772,16.24902413396103,13.21126752696933,20.31895454354736,0.07498036331846498,0.035534586441626215,0.17288395517926997,0.08265779118755678,0.03984895495342104,0.1875988595958412,1.085696816673535,0.8326961988027048,1.4567684821863383
shared_fee_8131_8279,full_multiscale_60d,3.5,5.5,6775042.0,550000000.0,643782271.4932127,550000000.0,execution,state_matched_64,"State-matched 64: F=64, matched CPSB",False,True,75000000.0,37500000.0,40,64,765.0,2.161501805529043,2.828157629732624,True,0.5,32,7200,50400,8,1.4479558695732846,1530.0,5.656315259465248,0.11295316038895495,66425030.80442605,False,regular,37499999.999999896,12280695.455132913,35115102.532672405,2384897.4673274895,0.8280257734493413,16053.196673376357,39.29045131209592,24278378.97340904,23945348.748279337,24564529.50670816,1082972.2163381437,966256.0135375337,1285257.800938699,4314046.15789922,3552880.793601182,5311718.576063929,35154021.3382722,34671808.2690506,35568354.68254419,2340846.4009526838,2088564.1178646518,2778087.057299301,12200802.556481406,10048106.923953753,15022377.417887807,37494867.739224955,37112130.96471177,37741290.08737147,37895595.13316454,37863610.89635194,37940354.625106,1.0105492035510544,1.0096962905693851,1.0117427900028266,128130484.57912296,60739991.250191435,286070448.4994317,0.05114569572378898,0.049046024347922504,0.05342249645607174,0.028100818452380952,0.022291666666666664,0.034187499999999996,0.034056299603174606,0.027393849206349206,0.04148511904761905,0.0,0.0,0.0,0.31946639083279205,0.3034877254980826,0.33724064678460564,185431.25209392962,113189.41740591303,281923.3006579484,0.9699634176587302,0.9428392857142857,0.985844246031746,118945.75130454655,116908.65355278327,120879.53085575844,122325.13444882439,109141.67047389726,145173.9305305844,241270.88575337094,228476.22318306335,262317.95843317197,15948.7615117404,13134.780292750003,19637.09466390563,39.034844611635215,32.147581325235784,48.0620980046168,0.004804902020828937,0.002277530460658918,0.010727569636701448,0.006053475257244855,0.0029684302741304486,0.013066336486099644,1.0435771939294216,0.8018994999507303,1.4035385484103757
shared_fee_8131_8279,full_multiscale_60d,3.5,5.5,6775042.0,550000000.0,643782271.4932127,550000000.0,execution,state_matched_64,"State-matched 64: F=64, matched CPSB",False,True,100000000.0,50000000.0,40,64,1020.0,2.161501805529043,3.7708768396434986,True,0.5,32,7200,50400,8,1.4479558695732846,1530.0,5.656315259465248,0.11295316038895495,7127800.090390119,False,regular,50000000.000000015,31400272.926351912,46019677.17025021,3980322.8297498054,1.5878723260026617,30784.581300345013,75.34574685367448,30880128.66282139,30069116.950489882,31505714.23109248,1708590.3367165774,1532993.936753534,2042856.3842762262,7298699.343233851,6231292.369939464,8519292.676040486,44713063.55051048,43538754.38134718,45618883.846008636,3693121.097722353,3313569.162157857,4415637.763049581,27522496.31292164,23497436.078851968,32125203.44222549,48406184.64823276,47115110.23567847,49338181.33178331,50545916.11362871,50500558.404833175,50604242.151359625,1.0109183222725742,1.0100111680966635,1.0120848430271925,17528876.973054133,8653244.79757922,36177764.251869984,0.052088034902564306,0.049874291363618824,0.05461212614352284,0.03158234126984127,0.025223214285714286,0.03987797619047619,0.037686631944444444,0.031147817460317462,0.047014880952380954,0.0,0.0,0.0,0.3269941117113332,0.3094701299677154,0.34670991150472996,581970.9111028102,307926.0032700535,949097.177751726,0.8863969494047619,0.8245436507936508,0.9327083333333333,156010.75797888613,153556.0588712529,159087.2155122107,192990.6783421661,173156.5100134174,230747.08482475317,349001.43632105226,330603.6645431556,385730.02810571657,26982.839522472197,23036.702038090167,31495.29749237793,66.04092406579939,56.3826905154632,77.08523591046148,0.0008764409757595961,0.00043261827302237376,0.00180888157085938,0.0012725576499109641,0.0006524272412709799,0.002534069154672465,1.0365407875115238,0.7654480505231006,1.494822380661892
shared_fee_8131_8279,full_multiscale_60d,3.5,5.5,6775042.0,550000000.0,643782271.4932127,550000000.0,execution,state_matched_64,"State-matched 64: F=64, matched CPSB",False,True,125000000.0,62500000.0,40,64,1275.0,2.161501805529043,4.713596049554373,True,0.5,32,7200,50400,8,1.4479558695732846,1530.0,5.656315259465248,0.11295316038895495,1421367.1930095186,False,state,61710624.41116986,62500000.00000148,55948154.265304595,5762470.1458652625,2.5284371408601936,49019.607843138416,119.97626108282037,35791738.218040824,34077684.296462595,37211360.149047986,2270275.0264492757,2020599.0867091306,2738255.1187225617,9841352.813558053,8770135.265573116,10852724.350206086,51824857.43504265,49342982.99852858,53880407.34261958,4907203.56871761,4367528.574172112,5918743.383118004,46388161.744256854,41338874.9418617,51155358.624032564,56732061.00376019,53909224.94629789,58844599.8827779,63237062.0335029,63180886.79183399,63310176.85776928,1.0117929925360465,1.0108941886693437,1.0129628297243085,5631477.173652834,2773970.436728334,11538974.083930526,0.054184427325916634,0.05203732741009369,0.05677654922823142,0.03908358134920635,0.031483134920634925,0.048042658730158734,0.04482452876984127,0.03744047619047619,0.05328769841269841,0.0,0.0,0.0,0.3449211902017574,0.32736819336376655,0.3682639818806419,1550966.031302592,955577.0350283633,2315586.287932729,0.7358165922619048,0.6336329365079365,0.8188184523809524,184386.668516241,178747.68719586582,189232.71429750053,256434.739189564,228233.0527228323,309294.5696109464,440821.40770580503,412540.7073214071,493686.32428739517,36382.87195627988,32422.647013224854,40121.84990120201,89.04765127329486,79.35493844631586,98.19885859299347,0.00035196266614011945,0.00017335909795156975,0.0007211892537174858,0.0005493412557149224,0.00028187399693571674,0.001102710247218273,1.1957219907535073,0.8621809126857324,1.6504050327587236
shared_fee_8131_8279,full_multiscale_60d,3.5,5.5,6775042.0,550000000.0,643782271.4932127,550000000.0,execution,state_matched_64,"State-matched 64: F=64, matched CPSB",False,True,150000000.0,75000000.0,40,64,1530.0,2.161501805529043,5.656315259465248,True,0.5,32,7200,50400,8,1.4479558695732846,1530.0,5.656315259465248,0.11295316038895495,1184472.6608413283,False,state,63206482.43427539,75000000.00000046,57197805.08629793,6008677.347977456,2.528437140860149,49019.60784313756,119.97626108281827,38992053.560354725,36453044.50506333,41226968.79346099,2689842.3302268097,2377500.175252782,3252542.3534210166,11509931.706064235,10686593.83899009,12154923.026322648,56458772.81943147,52782399.75492219,59694831.449206226,5814099.053373706,5138970.921454534,7030376.169479256,65103802.34441055,60446743.803183526,68752076.5914099,62272871.872805074,58012071.84465094,65574092.460780725,75962152.71956256,75891131.71688624,76055117.99409449,1.012828702927501,1.0118817562251499,1.01406823992126,3104912.9361992544,1461849.9051599405,5830191.239135599,0.05652504586241988,0.054476670081905314,0.05912359676215976,0.050694444444444445,0.041063492063492066,0.06151190476190476,0.055554315476190476,0.04628472222222222,0.06632638888888889,0.0,0.0,0.0,0.3647689144933911,0.3477324465469491,0.38843855471167305,3013754.0504931016,2126490.208921493,4135864.865657384,0.5411067708333333,0.42440972222222223,0.6490188492063492,202876.24888037727,192785.0183940004,211141.779704103,303826.1921471091,268546.158620096,367384.93811783305,506702.44102748646,464301.3740316346,570541.0667393635,42551.50480026834,39507.67568835525,44935.99777216334,104.14547716742865,96.69565754849239,109.98156121489151,0.00023286380654345077,0.00010963624584996981,0.0004372625719731316,0.0003640648180559282,0.00017913133342363984,0.0006692870883873548,1.0641353840992602,0.8690258048769159,1.3423074928537952
shared_fee_8131_8279,full_multiscale_60d,3.5,5.5,6775042.0,550000000.0,643782271.4932127,550000000.0,execution,state_matched_64,"State-matched 64: F=64, matched CPSB",False,True,175000000.0,87500000.0,40,64,1785.0,2.161501805529043,6.5990344693761225,True,0.5,32,7200,50400,8,1.4479558695732846,1530.0,5.656315259465248,0.11295316038895495,1015262.2807211468,False,state,64501152.69048977,87500000.00000028,58276121.01656001,6225031.673929756,2.5284371408601416,49019.60784313741,119.97626108281791,40945493.11569537,37862804.0088524,43755748.003276855,2970912.075665974,2585129.154624086,3581245.3141776547,12409514.666398264,11877275.60798492,12770036.106928842,59287267.089443594,54823669.303120926,63356392.148914926,6421631.815620035,5587761.335245772,7740868.212637435,81890815.0317853,78378551.13936798,84269908.44479397,65708898.90506366,60473541.76295876,69915208.702347,88691819.68242976,88609520.95260596,88800553.61260344,1.0136207963706259,1.0126802394583538,1.014863469858325,2226881.822963639,986141.3219031547,4281605.616655613,0.05825060826937087,0.05634191032408355,0.0607455586128414,0.06211805555555555,0.05415873015873016,0.0727609126984127,0.0667640128968254,0.05861210317460318,0.07782142857142857,0.0,0.0,0.0,0.3790804942469298,0.36265954938066697,0.40102351504089634,4585059.599642666,3497820.4627005416,5880594.680708627,0.35890004960317456,0.2646428571428571,0.4700734126984127,213843.90291014872,200590.72890679748,225626.13447158106,335573.9081841818,291998.5080284179,404512.976364502,549417.8110943305,493212.00923435745,618505.9654459665,45877.20730072005,43909.552459029685,47210.032742181495,112.28518633757932,107.46932016902603,115.54729756568835,0.00019484755083780655,8.628411412720724e-05,0.0003746376676801096,0.0002971863827875431,0.0001392622084217081,0.0005506472299684737,1.1134585037446452,0.9689401322441675,1.3512604569495552
shared_fee_8131_8279,full_multiscale_60d,3.5,5.5,6775042.0,550000000.0,643782271.4932127,550000000.0,execution,state_matched_64,"State-matched 64: F=64, matched CPSB",False,True,200000000.0,100000000.0,40,64,2040.0,2.161501805529043,7.541753679286997,True,0.5,32,7200,50400,8,1.4479558695732846,1530.0,5.656315259465248,0.11295316038895495,888354.4956312402,False,state,65645352.150078095,99999999.9999914,59226618.930732764,6418733.21934533,2.528437140859916,49019.60784313304,119.97626108280721,42198127.082256235,38806260.60024934,45306874.786148235,3160562.1420945353,2722894.7988002067,3805516.8429383244,12857484.797871172,12532646.032404283,13067525.723679587,61101025.79375224,56189752.81232147,65602355.27862544,6831560.776624083,5885542.023872316,8225631.526982327,96967983.28071445,94518129.3260807,98552060.20573004,67932586.57037626,62127438.54220686,72905932.76518309,101414283.92572646,101321244.53380068,101538795.0112105,1.0141428392572647,1.0132124453380067,1.0153879501121053,1792295.8258187613,780359.770523327,3431826.7176711266,0.0593585476328298,0.05744408841693622,0.06175490125670016,0.06997085813492063,0.062419642857142854,0.08053273809523809,0.07476438492063492,0.06694940476190477,0.08551388888888889,0.0,0.0,0.0,0.38770240083603646,0.37211331945156706,0.40838821981730145,6027696.505188357,4780131.612894813,7565844.530232875,0.2300967261904762,0.16727579365079365,0.31879166666666664,220541.14788834256,205466.81762660365,234055.12204231985,356995.48255526304,307559.572931131,429845.154323282,577536.6304436056,512480.0016843815,660098.2823280372,47533.32513760512,46332.41633631407,48309.83343418139,116.3385607876128,113.3993176108537,118.23907705492218,0.00017922509180391487,7.803311332726602e-05,0.00034317950930533704,0.00026561127390268326,0.00012244952211562903,0.0004935045004822186,1.1634356411659734,1.0196309109163826,1.3909995430476634
shared_fee_8131_8279,full_multiscale_60d,3.5,5.5,6775042.0,550000000.0,643782271.4932127,550000000.0,execution,state_matched_64,"State-matched 64: F=64, matched CPSB",False,True,225000000.0,112500000.0,40,64,2295.0,2.161501805529043,8.484472889197871,True,0.5,32,7200,50400,8,1.4479558695732846,1530.0,5.656315259465248,0.11295316038895495,789648.4405610375,False,state,66672464.41067433,112499999.99999341,60077877.415590666,6594586.99508367,2.5284371408599857,49019.607843134385,119.9762610828105,43094845.344750196,39527606.15804623,46372760.92905407,3299074.8413058664,2825077.254174528,3989183.8104683426,13085427.060907982,12883455.89971757,13219979.485381026,62399434.265283965,57234229.34672385,67145711.3755424,7130956.226058071,6106409.585657304,8622628.00891451,111022951.14184085,109309332.30032222,112164557.53945675,69530390.49134204,63392964.129562356,74982439.09902512,114128980.21315637,114018715.74478641,114267867.30963643,1.0144798241169455,1.0134996955092126,1.015714376085657,1524098.2940805922,660834.5107249081,2893711.006316914,0.06006092255405804,0.0581066876174325,0.062375786532770636,0.07491939484126983,0.06702083333333332,0.0840763888888889,0.0798325892857143,0.07181944444444445,0.08964682539682539,0.0,0.0,0.0,0.392653691253963,0.3766238585821014,0.4124901630729398,7317823.195272996,5890852.185953632,9064452.277372247,0.15045014880952381,0.10665972222222223,0.21429563492063491,225094.64096401853,209002.0223079476,239568.5798652129,372640.92968518764,319101.4042019639,450590.91876485315,597735.5706492062,527265.3223189843,690442.8060066529,48376.01356942956,47629.338692950856,48873.44555096155,118.4010539766968,116.57355547423926,119.61852657415619,0.00017145664206864002,7.43411791489784e-05,0.00032553920185229173,0.00024734533144178054,0.00011331817441458576,0.0004582301223152603,1.1934515556632619,1.0453049485872061,1.4198170459972712
shared_fee_8131_8279,full_multiscale_60d,3.5,5.5,6775042.0,550000000.0,643782271.4932127,550000000.0,execution,state_matched_64,"State-matched 64: F=64, matched CPSB",False,True,250000000.0,125000000.0,40,64,2550.0,2.161501805529043,9.427192099108746,True,0.5,32,7200,50400,8,1.4479558695732846,1530.0,5.656315259465248,0.11295316038895495,710683.5965047226,False,state,67605688.4331622,125000000.00000511,60849716.328567326,6755972.104594868,2.528437140860237,49019.60784313926,119.97626108282243,43803925.12405205,40125989.99104229,47184755.530748434,3409194.577068405,2908078.9657669775,4133757.838031158,13209826.131490393,13078292.357373316,13301613.177311042,63426150.49371989,58100662.72996832,68321443.72512747,7368980.233733164,6285817.935126388,8935125.030524071,124531568.53737646,123291574.38125561,125396862.65053634,70795130.72745317,64443226.436871804,76554230.98523012,126837799.80773377,126711060.40431555,126990858.16791879,1.01470239846187,1.0136884832345243,1.0159268653433502,1336489.0198036423,579490.3689846126,2518658.611487988,0.06051942009279519,0.05851110985431111,0.06278422436009534,0.0779532490079365,0.07077281746031747,0.08722222222222223,0.08295262896825398,0.07519742063492063,0.09288492063492064,0.0,0.0,0.0,0.3955566690242588,0.3796345785703257,0.4149368386981518,8499564.35554583,6877561.067440785,10536978.769937431,0.10322296626984127,0.0723154761904762,0.14870932539682538,228550.4603021437,211841.6389451493,243588.5998755158,385079.301860763,328476.70984402363,466921.012088233,613629.7621629068,539503.566519,713212.7005596217,48835.909230343714,48349.6370122571,49175.24025511229,119.52665583914452,118.33649693821712,120.35717385861565,0.00016705675579581548,7.243369729038036e-05,0.00031483359605590953,0.0002352575907476614,0.0001076322416054228,0.0004343002160458923,1.2104798260706424,1.0542316258360305,1.4367106801345453
shared_fee_8131_8279,full_multiscale_60d,3.5,5.5,6775042.0,550000000.0,643782271.4932127,550000000.0,execution,state_matched_64,"State-matched 64: F=64, matched CPSB",False,True,275000000.0,137500000.0,50,64,2805.0,2.161501805529043,10.36991130901962,True,0.5,32,7200,50400,8,1.4479558695732846,1530.0,5.656315259465248,0.11295316038895495,646075.9968224195,False,state,68461830.80260189,137500000.00000963,61556468.40547501,6905362.397126876,2.5284371408603104,49019.607843140686,119.97626108282593,44403300.461490974,40647008.02038307,47879842.30333718,3502368.5545473625,2980986.161575212,4253744.290278668,13283427.564515684,13194105.58876436,13349519.964306086,64294019.53164204,58855073.843706205,69327898.69736037,7570375.954282268,6443406.970501906,9194475.963696236,137747965.7238028,136821704.75731605,138433338.0478287,71864395.48592448,65358401.63663769,77834770.13399504,139542727.95670962,139400020.82864124,139709740.00489232,1.0148562033215245,1.013818333299209,1.0160708363992168,1195086.2302302425,518922.1872816847,2258486.950883526,0.06083391677993784,0.05879031200171578,0.06309384428796828,0.0799156746031746,0.0729890873015873,0.0895,0.08497829861111111,0.07745138888888889,0.09490376984126984,0.0,0.0,0.0,0.39739784016854846,0.38127699627864015,0.4166337503878029,9613885.403041707,7778627.3283184925,11915812.39757586,0.07424603174603174,0.05229464285714286,0.10735218253968254,231389.93971975576,214271.86407701744,246809.83950800227,395603.59708302055,336711.8080256601,480473.8610734477,626993.5368027764,550186.777809734,731610.9618108589,49108.00917069618,48777.791357331924,49352.34868015283,120.19262472222519,119.38441143098129,120.79064951412532,0.00016432002173764776,7.134926932844771e-05,0.0003105432447802733,0.00022651483907855559,0.00010360507897552956,0.0004164866492583112,1.2204848439824825,1.0594425812622543,1.4464180225978565
shared_fee_8131_8279,full_multiscale_60d,3.5,5.5,6775042.0,550000000.0,643782271.4932127,550000000.0,execution,state_matched_64,"State-matched 64: F=64, matched CPSB",False,True,300000000.0,150000000.0,50,64,3060.0,2.161501805529043,11.312630518930495,True,0.5,32,7200,50400,8,1.4479558695732846,1530.0,5.656315259465248,0.11295316038895495,592236.3304206335,False,state,69253475.46778028,150000000.0000035,62208847.813166834,7044627.654613436,2.5284371408601922,49019.607843138394,119.97626108282032,44930397.3843838,41112896.42327086,48485369.21181586,3584400.508578654,3046870.7925844328,4357921.314808539,13329834.629948372,13267165.592875555,13379595.8479195,65057232.61497861,59529659.69123349,70204674.93867654,7747688.171031974,6585816.719384899,9419654.79031212,150795494.04703784,150086542.38565752,151358424.3201158,72804920.78601047,66177405.42553161,78932853.79915641,152244938.55956098,152086896.66986424,152425944.1254165,1.0149662570637399,1.0139126444657616,1.01617296083611,1083509.4488226525,471305.6001155689,2050602.6107021603,0.06105853997245987,0.05899263274393474,0.06331641953727782,0.08115327380952381,0.07418849206349207,0.09070634920634921,0.08633370535714285,0.07889186507936509,0.09624900793650794,0.0,0.0,0.0,0.3986761293001235,0.3823659187465389,0.41797287569588765,10683814.016022664,8632424.19689576,13230063.832228292,0.05574404761904762,0.039804563492063495,0.0803611111111111,233839.72834573104,216421.9268620539,249591.17368012556,404869.3655437364,344153.68531921174,492240.9852340144,638709.0938894673,559791.2934297037,747231.645508113,49279.573217986224,49047.88966851553,49463.53735951497,120.61253042599913,120.04548129519335,121.06278555542728,0.00016252208962547866,7.069334749387656e-05,0.000307591675764084,0.00021984082938072486,0.00010050205148480181,0.00040299119746916966,1.226665287318216,1.062757452796816,1.4521831068472624
shared_fee_8131_8279,full_multiscale_60d,3.5,5.5,6775042.0,550000000.0,643782271.4932127,550000000.0,execution,state_matched_64,"State-matched 64: F=64, matched CPSB",False,True,325000000.0,162500000.0,50,64,3315.0,2.161501805529043,12.25534972884137,True,0.5,32,7200,50400,8,1.4479558695732846,1530.0,5.656315259465248,0.11295316038895495,546679.689618995,False,state,69990300.70037904,162500000.00000888,62815082.50343228,7175218.19694676,2.5284371408602717,49019.60784313994,119.9762610828241,45405736.53784199,41537440.709154025,49021788.36866988,3658531.8306107195,3107362.121800874,4456221.781175194,13360882.740296297,13315010.446222074,13400276.913601404,65745502.73226639,60144381.08187163,70981386.20539479,7907923.15745054,6716568.836705151,9632131.425848113,163742290.6683572,163180109.66161537,164225080.03948882,73653425.8897172,66924528.34869717,79904939.80924529,164945399.5307755,164772459.47858182,165140589.53208628,1.01504861249708,1.013984366022042,1.0162497817359157,992515.6216609627,432455.44361861557,1879924.052476028,0.061225870306655626,0.05914804457040623,0.06348078607071461,0.08208395337301587,0.07495436507936508,0.09175396825396825,0.08732328869047619,0.0800952380952381,0.09700595238095237,0.0,0.0,0.0,0.3996816630566225,0.3831902679096234,0.41909581593790773,11725263.908588562,9454802.734576872,14503196.74349895,0.04355034722222222,0.031199404761904765,0.06234126984126984,236021.18465860083,218363.3678722278,252095.91283868896,413242.7326510695,350986.37213033746,503344.33357783617,649263.9173096705,568571.9003256975,760980.4246183396,49394.35615938377,49224.76912869242,49539.99397872966,120.89346348015644,120.47839655559852,121.24991433331887,0.00016127947054975743,7.027155237241612e-05,0.00030548893394790667,0.0002145273203533554,9.800084122049558e-05,0.0003923939699836617,1.230693512652942,1.0649985839423737,1.4556697712632252
shared_fee_8131_8279,full_multiscale_60d,3.5,5.5,6775042.0,550000000.0,643782271.4932127,550000000.0,execution,state_matched_64,"State-matched 64: F=64, matched CPSB",False,True,350000000.0,175000000.0,64,64,3570.0,2.161501805529043,13.198068938752245,True,0.5,32,7200,50400,8,1.4479558695732846,1530.0,5.656315259465248,0.11295316038895495,507631.14036054903,False,state,70679917.35061637,175000000.0000034,63381633.9279308,7298283.42268556,2.5284371408601825,49019.607843138205,119.97626108281985,45841357.68557389,41928863.62562861,49507811.18986781,3726712.1694564223,3163606.2891503973,4545481.074108108,13382657.745904505,13346457.27097856,13416378.428989917,66376262.930035084,60711144.191266775,71685125.80209531,8055295.082967113,6838140.7059816215,9825065.548682816,176625239.51415896,176147463.15047106,177070287.41418073,74431558.01300229,67614130.61149786,80785544.06672138,177644604.2300746,177456873.34430188,177854143.35484695,1.015112024171855,1.0140392762531536,1.0163093905991256,916492.6160710745,399927.88632374693,1736635.273502786,0.061355310349743064,0.059269130089793814,0.06360738629547494,0.08281249999999998,0.07552678571428571,0.09249305555555556,0.08804501488095239,0.08077380952380953,0.0975922619047619,0.0,0.0,0.0,0.4005488890264458,0.3839128316566178,0.4200569372912567,12747290.980679974,10260511.713507729,15746967.724571768,0.03507750496031746,0.02489186507936508,0.04941170634920635,238003.3417058838,220143.7106662835,254338.24843797358,420943.9174000815,357339.3285859114,513426.45280869235,658947.2591059653,576708.6889173192,773396.7152762357,49474.85700676721,49341.02609256893,49599.52028408424,121.09049057009094,120.7629373029537,121.3956059017902,0.00016038188579865006,6.998493905762449e-05,0.0003039124196695345,0.00021016351403797774,9.59281513525224e-05,0.0003837715170052084,1.233442141972453,1.06660052644009,1.4580595384028825
shared_fee_8131_8279,full_multiscale_60d,3.5,5.5,6775042.0,550000000.0,643782271.4932127,550000000.0,execution,state_matched_64,"State-matched 64: F=64, matched CPSB",False,True,375000000.0,187500000.0,64,64,3825.0,2.161501805529043,14.14078814866312,True,0.5,32,7200,50400,8,1.4479558695732846,1530.0,5.656315259465248,0.11295316038895495,473789.064336578,False,state,71328423.6870288,187499999.99999493,63913672.78596637,7414750.901062434,2.528437140860065,49019.60784313593,119.97626108281428,46245042.69880121,42293186.146583945,49954404.904899284,3790162.173043985,3216321.052908193,4627396.471365557,13398518.5733007,13369847.477448316,13428331.435175778,66960781.0143965,61238667.12390178,72331773.79309,8192442.3802824505,6952083.763022114,10002125.82775535,189465612.65095615,189060180.75852042,189887190.0148358,75153223.39467901,68256721.84749934,81594642.7434809,190342941.83551812,190140468.95959342,190567704.50755912,1.0151623564560965,1.0140825011178316,1.016361090706982,851801.6950795329,372185.3956867203,1614421.8381647083,0.06145781292819405,0.05936582649302418,0.06370736586068726,0.08334015376984127,0.07591071428571429,0.09296031746031745,0.08862413194444443,0.08127380952380953,0.09815079365079366,0.0,0.0,0.0,0.4013272451931158,0.3846355511839265,0.4208786297671506,13755812.108359938,11055247.377323184,16971750.453770094,0.029001116071428572,0.020552579365079364,0.04052777777777778,239829.27848252447,221793.13116180364,256380.71078894942,428110.7958319872,363293.6277515116,522679.05581343797,667940.0743145116,584314.3048060581,784769.2352023234,49533.493503517944,49427.49823752168,49643.70980780021,121.23400431801116,120.97457923759424,121.50376045601344,0.000159708496665265,6.978233353377263e-05,0.0003027053232748421,0.00020649274473235734,9.417281204721629e-05,0.00037658761037527507,1.2353924445807585,1.067681782198006,1.460531233662491
shared_fee_8131_8279,full_multiscale_60d,3.5,5.5,6775042.0,550000000.0,643782271.4932127,550000000.0,execution,state_matched_64,"State-matched 64: F=64, matched CPSB",False,True,400000000.0,200000000.0,64,64,4080.0,2.161501805529043,15.083507358573994,True,0.5,32,7200,50400,8,1.4479558695732846,1530.0,5.656315259465248,0.11295316038895495,444177.2478155956,False,state,71940784.88356473,199999999.99998647,64415404.01753994,7525380.866024785,2.5284371408599626,49019.60784313394,119.97626108280942,46622153.86652689,42634420.604368776,50369323.171016894,3849701.478376771,3266048.9826049022,4703443.966074512,13410414.471507587,13384544.151551712,13437311.079414029,67506821.34318647,61732759.55995224,72932557.1319081,8321136.6962592285,7059570.772846773,10166502.624874784,202276085.36249393,201885870.20107207,202681780.54577053,75827958.03944573,68859239.72169346,82346269.18640427,203040650.819862,202823552.4409966,203281167.77430958,1.0152032540993101,1.014117762204983,1.016405838871548,795955.2737333064,348187.4215160777,1508806.4977454473,0.06154085648799744,0.05944458497904469,0.06378811635913076,0.08375372023809524,0.07615674603174603,0.09324404761904762,0.08906808035714285,0.08164583333333333,0.09853373015873015,0.0,0.0,0.0,0.40201600760556194,0.38530351086227,0.42156486054538495,14754430.632427925,11842427.614966867,18182989.634720888,0.024459325396825396,0.017237103174603176,0.03425099206349206,241527.69221692247,223332.569645785,258265.99177195498,434835.94853668835,368910.55457035464,531268.8606804769,676363.6407536109,591469.7710290145,795306.4752994976,49577.47190257204,49481.83093163531,49676.906996512385,121.34164214130429,121.10755936087817,121.58501109744844,0.00015918673856884537,6.963507023573405e-05,0.00030176251803537595,0.0002033480970553561,9.265897279439692e-05,0.0003704744732222362,1.2368040495374735,1.068437201581849,1.462311989943572
shared_fee_8131_8279,full_multiscale_60d,3.5,5.5,6775042.0,550000000.0,643782271.4932127,550000000.0,execution,state_matched_64,"State-matched 64: F=64, matched CPSB",False,True,425000000.0,212500000.0,64,64,4335.0,2.161501805529043,16.02622656848487,True,0.5,32,7200,50400,8,1.4479558695732846,1530.0,5.656315259465248,0.11295316038895495,418049.17441461334,False,state,72521099.91512787,212499999.99999672,64890295.112177975,7630804.802949905,2.528437140860094,49019.6078431365,119.97626108281568,46976611.693066865,42955745.82757974,50757750.941094875,3905919.4144505085,3313277.6675562654,4774662.96946728,13419533.95832016,13395967.632941542,13443883.525314713,68020060.63364121,62198024.30294247,73494983.40149736,8442651.866585694,7161655.660641983,10320442.62929613,215064491.6594966,214686812.38959214,215454723.33699414,76462712.50022672,69427201.84536251,83050071.81321962,215737815.80903023,215506196.2960427,215994182.94606474,1.0152367802777893,1.0141468060990244,1.016443213863834,747192.4745274038,327184.5667474817,1416452.5797617682,0.06160926789915284,0.05950902476504531,0.06385488654324517,0.08408420138888888,0.0763531746031746,0.09347718253968254,0.08941220238095238,0.08185813492063491,0.09878174603174604,0.0,0.0,0.0,0.4026088110486718,0.38588304849659366,0.422145376755693,15745314.066947805,12623263.066967739,19399455.987463098,0.020908358134920632,0.014634920634920636,0.029073412698412696,243118.92665988614,224777.16498821325,260022.28267067557,441185.9420867613,374245.1837966254,539313.2721934416,684304.8687466474,598235.7464358343,805162.2433870914,49611.18608062205,49524.06283496935,49701.204922028635,121.42415812227387,121.21092260843092,121.64448065226082,0.00015877408303043602,6.952431745629763e-05,0.00030099737386557533,0.0002006172785560644,9.133642819920401e-05,0.0003651939570163553,1.2378382719293526,1.0689914273236942,1.4636176763780369
shared_fee_8131_8279,full_multiscale_60d,3.5,5.5,6775042.0,550000000.0,643782271.4932127,550000000.0,execution,state_matched_64,"State-matched 64: F=64, matched CPSB",False,True,433602688.0,216801344.0,64,64,4422.7474176,2.161501805529043,16.350623337863656,True,0.5,32,7200,50400,8,1.4479558695732846,1530.0,5.656315259465248,0.11295316038895495,409755.0685067893,False,state,72714015.57298979,216801344.00001404,65048039.09721432,7665976.475775467,2.5284371408602975,49019.60784314043,119.9762610828253,47093903.06874461,43062191.548320405,50886051.36854557,3924584.818616966,3328975.9884787593,4798234.761234832,13422177.804104906,13399389.350885907,13445527.755145565,68189893.3695041,62352153.00907983,73680756.75849341,8482997.171392452,7195587.609659687,10371393.099761331,219460973.64873394,219088368.23369804,219842759.9031563,76672890.5408965,69615485.2632465,83282638.21965638,220106893.759323,219870284.7811192,220368710.47246155,1.0152469062153184,1.0141555431553007,1.0164545403946461,731802.7902176398,320547.8992684528,1387283.2455907415,0.06162999899299293,0.05952870802582578,0.06387499976745108,0.08418588789682539,0.07641269841269842,0.09356249999999999,0.08951450892857143,0.08189980158730159,0.09887400793650794,0.0,0.0,0.0,0.4027914440569722,0.38606543082247496,0.422321386468848,16084853.684125882,12890710.063552495,19815894.470834143,0.01990141369047619,0.013913690476190475,0.02758531746031746,243644.54445219273,225254.71500814694,260600.95778315308,443294.25847729977,376018.35875762114,541975.7805696169,686938.8029294924,600482.2993398947,808420.7714288854,49620.96021477625,49536.712714330446,49707.28353789957,121.44808046932516,121.24188338710033,121.65935816019781,0.00015865150875818092,6.949281195674382e-05,0.00030076606445745424,0.00019975764866917795,9.091898954123853e-05,0.00036353632280092333,1.2381284258865588,1.0691414320743744,1.4639776814943228
shared_fee_8131_8279,full_multiscale_60d,3.5,5.5,6775042.0,550000000.0,643782271.4932127,550000000.0,execution,state_matched_64,"State-matched 64: F=64, matched CPSB",False,True,450000000.0,225000000.0,67,64,4590.0,2.161501805529043,16.968945778395742,False,0.5,32,7200,50400,8,1.4479558695732846,1530.0,5.656315259465248,0.11295316038895495,394824.2202804984,False,state,73072793.8330985,224999999.9999907,65341240.410287745,7731553.422810756,2.5284371408600292,49019.60784313523,119.97626108281257,47311425.02465351,43259708.01803644,51123660.93024812,3959291.185826384,3358188.7254866236,4841971.452064113,13426665.966960244,13405219.723887766,13448303.483880514,68504855.56232345,62638148.14074203,74024804.91802691,8558015.046778966,7258730.993446661,10465930.03595663,227836366.7779593,227472446.64211246,228203532.62935817,77062870.60910241,69965037.53455214,83713485.82508487,228434560.8727523,228188395.6370304,228706753.14835906,1.0152647149900103,1.0141706472756906,1.0164744584371515,704202.7179403005,308630.8964745652,1334968.7490276187,0.061666191951045404,0.059562921361231404,0.06391024941826853,0.08435763888888889,0.07654662698412698,0.0936656746031746,0.08966145833333333,0.08198511904761904,0.0990436507936508,0.0,0.0,0.0,0.40311277147233776,0.38639299162713453,0.4226290750387821,16730351.962812576,13399218.759644344,20606524.192044362,0.01822606646825397,0.012696428571428572,0.025612103174603173,244618.2991321027,226139.8327130391,261670.94998990232,447214.45233922324,379318.0297262708,546915.9780237388,691832.7514713259,604659.6620998967,814462.2501836235,49637.55267493666,49558.2672422903,49717.545235154284,121.48869077650231,121.2946384332505,121.68447382560507,0.00015844129421224338,6.943955373562392e-05,0.00030036915423299593,0.00019821866902397986,9.01689719860104e-05,0.00036057295700980227,1.2386136845035693,1.069385223295127,1.4645672236791465
shared_fee_8131_8279,full_multiscale_60d,3.5,5.5,6775042.0,550000000.0,643782271.4932127,550000000.0,execution,state_matched_64,"State-matched 64: F=64, matched CPSB",False,True,475000000.0,237500000.0,71,64,4845.0,2.161501805529043,17.911664988306615,False,0.5,32,7200,50400,8,1.4479558695732846,1530.0,5.656315259465248,0.11295316038895495,374043.998160432,False,state,73598759.21351556,237499999.99999875,65770681.85054311,7828077.362972453,2.5284371408601203,49019.607843137,119.97626108281689,47628999.364696264,43548297.19086714,51469912.4263354,4010164.4678468974,3401070.1279684003,4905790.185374218,13432352.758504689,13412663.119637592,13451901.838169258,68964689.19201405,63056012.52743796,74526161.80413517,8667977.73771948,7351419.222334521,10603874.34323304,240595802.6150712,240243128.39994207,240945959.18085197,77632666.92973363,70476180.5760184,84341639.05723302,241131061.58557823,240870322.45498088,241419104.70040512,1.0152886803603294,1.0141908313893933,1.01650149347539,665996.8377788386,292102.7778602279,1262554.987195004,0.061714209977707934,0.059607968422288285,0.0639566269313354,0.08457589285714287,0.0766388888888889,0.0938938492063492,0.08988033234126984,0.08210218253968254,0.09918650793650793,0.0,0.0,0.0,0.4035397417702934,0.38683629060196384,0.42304663975801987,17710772.668808065,14171954.920937113,21804963.410821132,0.016070808531746028,0.011128968253968254,0.022851190476190476,246037.8101100284,227431.12161642587,263226.5874043057,452960.75032279873,384161.6196584982,554124.505643135,698998.5604328271,610784.3655586068,823271.5661311637,49658.57639113956,49585.78501546792,49730.84812814282,121.54014665252974,121.3619886158497,121.71703286539702,0.0001581699462320918,6.937203829093326e-05,0.00029985799799015894,0.00019609305599960398,8.912813239347073e-05,0.00035650200995540176,1.2392097210167061,1.0696708882787405,1.465293879926731
shared_fee_8131_8279,full_multiscale_60d,3.5,5.5,6775042.0,550000000.0,643782271.4932127,550000000.0,execution,state_matched_64,"State-matched 64: F=64, matched CPSB",False,True,500000000.0,250000000.0,74,64,5100.0,2.161501805529043,18.854384198217492,False,0.5,32,7200,50400,8,1.4479558695732846,1530.0,5.656315259465248,0.11295316038895495,355341.79825234425,False,state,74101462.14605744,250000000.00001428,66180699.361574434,7920762.784483012,2.528437140860278,49019.60784314005,119.97626108282438,47931252.52850194,43823192.43301533,51798803.341016896,4058812.556272481,3442135.4099594695,4966551.889999106,13436950.009955227,13418758.329193877,13455669.164846962,69402338.43464363,63454048.70682348,75002381.33449762,8773130.668686923,7440181.903502864,10735210.877486741,253345417.93991548,253002425.00162953,253698356.0781059,78175469.10333073,70963531.29957844,84938619.11351986,253827169.03437638,253551813.32502866,254131083.42607835,1.0153086761375056,1.0142072533001145,1.0165243337043135,631802.7511734357,277279.2646886538,1197761.477339723,0.061755299947506684,0.0596463764780745,0.0639960876069246,0.08476190476190476,0.07679166666666666,0.09400793650793651,0.0900657242063492,0.08222123015873016,0.09931150793650795,0.0,0.0,0.0,0.4038986948612562,0.3871440690142614,0.4234084586022548,18687483.59037468,14942169.384016134,22997514.21447381,0.014344618055555557,0.009724206349206349,0.020720238095238094,247386.8163056804,228659.14242559296,264700.71217257937,458455.7056573498,388800.07304165314,560987.7322111363,705842.5219630301,616641.8624077447,831649.4144961298,49675.57214508146,49608.318627770495,49744.77570158939,121.5817440275793,121.41713998632586,121.75112082043375,0.00015794638149225915,6.931744678234737e-05,0.0002994415395478368,0.00019419464340343892,8.819234290068263e-05,0.0003528907556564988,1.2396728076611145,1.069900472812236,1.4658439827915022
shared_fee_8131_8279,full_multiscale_60d,3.5,5.5,6775042.0,550000000.0,643782271.4932127,550000000.0,execution,state_matched_64,"State-matched 64: F=64, matched CPSB",False,True,525000000.0,262500000.0,78,64,5355.0,2.161501805529043,19.797103408128365,False,0.5,32,7200,50400,8,1.4479558695732846,1530.0,5.656315259465248,0.11295316038895495,338420.7602404324,False,state,74583022.95825142,262499999.9999878,66573079.644873574,8009943.313377838,2.5284371408600164,49019.60784313498,119.97626108281196,48219782.306484565,44085756.84821987,52112213.26662337,4105472.789314507,3481554.9903684505,5024669.7448245315,13440719.569593932,13423783.981215943,13458702.809708973,69820116.82022053,63834230.39296089,75456185.07586181,8873986.846653668,7525387.3977300385,10860832.72562537,266087315.19888115,265752039.60448635,266443331.26304463,78694103.66687408,71429451.3583091,85507902.83297712,266523048.17484286,266233143.30761513,266842861.86431348,1.0153258978089252,1.0142214983147244,1.0165442356735752,601004.4705461515,263907.8393506498,1139410.2595184979,0.06179066313546029,0.05967957128392622,0.06402992926139667,0.08488405257936509,0.07688194444444445,0.09408730158730158,0.09021267361111111,0.08236309523809524,0.09944146825396825,0.0,0.0,0.0,0.40419886504177016,0.3873763209258754,0.42370944934356536,19661260.562766753,15710307.098568808,24186322.53464916,0.012886904761904763,0.008668650793650794,0.018684523809523807,248673.0409804834,229830.36312343588,266102.7717757685,463726.1264439318,393252.6392300541,567552.3275886946,712399.1674244151,622257.6060369904,839654.0104858711,49689.507973647276,49626.89815209829,49755.99089879452,121.6158521871502,121.4626136643014,121.77857019196449,0.00015775936532157618,6.92734466353413e-05,0.0002990963477871929,0.00019248640704381842,8.734652008470551e-05,0.0003496567055610763,1.2400346471368966,1.0700853924123637,1.4662673764308929
shared_fee_8131_8279,full_multiscale_60d,3.5,5.5,6775042.0,550000000.0,643782271.4932127,550000000.0,execution,state_matched_64,"State-matched 64: F=64, matched CPSB",False,True,550000000.0,275000000.0,82,64,5610.0,2.161501805529043,20.73982261803924,False,0.5,32,7200,50400,8,1.4479558695732846,1530.0,5.656315259465248,0.11295316038895495,323037.9984111931,False,state,75045278.59818846,275000000.00002396,66949369.283919476,8095909.314268982,2.5284371408603534,49019.60784314152,119.97626108282797,48495911.53601042,44337194.0200338,52411817.45012113,4150332.3114467915,3519487.3990863413,5080379.717775569,13443833.32029922,13427905.98182329,13461214.80193289,70219939.75887303,64198300.32171777,75889998.71190599,8970950.784737742,7607378.367661829,10981249.932745004,278822718.3694658,278492388.1946997,279183207.21538526,79190890.54361089,71876018.35478553,86052504.95019682,279218740.2235924,278914312.1903317,279554500.34802425,1.0153408735403362,1.0142338625102971,1.016561819447361,573113.6108888787,251781.62918201226,1086546.7762830318,0.06182114075992065,0.059710593771169135,0.06405874252987202,0.08501364087301586,0.07701587301587301,0.0941795634920635,0.09033668154761904,0.08248611111111111,0.09951388888888889,0.0,0.0,0.0,0.4044496677474123,0.38757131497981706,0.4239644140103722,20632396.62087839,16477056.356986102,25371437.767267104,0.011651165674603173,0.0076617063492063495,0.016987103174603176,249902.77060804243,230950.68285532217,267441.1148534171,468793.15124231164,397537.2246759054,573844.9450986976,718695.9218503542,627655.2588728447,847321.5110473629,49701.019317195336,49642.13693310155,49765.27757850005,121.64402638151249,121.49991082045331,121.80129948658694,0.00015760193864879877,6.923760016277427e-05,0.0002988015141827875,0.00019094055749866107,8.657765786145044e-05,0.00034674353952383506,1.2403227891334003,1.0702382867839508,1.4666055438490928
shared_fee_8131_8279,full_multiscale_60d,4.0,5.0,7930799.0,500000000.0,753605334.841629,500000000.0,execution,state_matched_64,"State-matched 64: F=64, matched CPSB",False,True,50000000.0,25000000.0,40,64,510.0,2.161501805529043,1.8854384198217493,True,0.5,32,7200,50400,8,1.4479558695732846,1530.0,5.656315259465248,0.11295316038895495,1616044955.0430844,False,regular,25000000.000000708,3220594.7295819097,23853463.050618015,1146536.9493826907,0.32572285319733196,6314.891626631195,15.455796564730612,16631654.283601392,16501338.248874065,16732005.862038916,530768.1159659787,468432.10786824254,628048.4935133099,1795806.8190652346,1460080.5634746272,2245606.679192239,24081901.440654267,23893209.573271547,24227206.097673923,1147256.2409777122,1012516.8469249803,1357527.9526888237,3385883.171243478,2752891.990410049,4233953.108757393,25229157.681632012,25153533.30226254,25266744.08720721,25260595.17356734,25240386.262070816,25288524.618796762,1.0104238069426934,1.0096154504828325,1.0115409847518706,2999207191.026578,1421501072.8905275,6915448991.999962,0.050824340813867025,0.04876868780923039,0.05296209610649523,0.02713107638888889,0.021479166666666667,0.03356944444444444,0.03304129464285714,0.026373015873015875,0.040804563492063496,0.0,0.0,0.0,0.3171608150506131,0.3004017928096554,0.3338012679436527,97644.61536302982,68175.33336313207,127387.65152772554,0.9965928819444445,0.991764880952381,0.9994623015873016,78449.29457142156,77204.76054121956,79649.11676438956,59951.936132048635,52910.88701137785,70940.06221985043,138401.23070347018,131847.01058205427,148134.4185716769,6638.98661028133,5397.827432176567,8301.868840700772,16.24902413396103,13.21126752696933,20.31895454354736,0.07498036331846498,0.035534586441626215,0.17288395517926997,0.08265779118755678,0.03984895495342104,0.1875988595958412,1.085696816673535,0.8326961988027048,1.4567684821863383
shared_fee_8131_8279,full_multiscale_60d,4.0,5.0,7930799.0,500000000.0,753605334.841629,500000000.0,execution,state_matched_64,"State-matched 64: F=64, matched CPSB",False,True,75000000.0,37500000.0,40,64,765.0,2.161501805529043,2.828157629732624,True,0.5,32,7200,50400,8,1.4479558695732846,1530.0,5.656315259465248,0.11295316038895495,66425030.80442605,False,regular,37499999.999999896,12280695.455132913,35115102.532672405,2384897.4673274895,0.8280257734493413,16053.196673376357,39.29045131209592,24278378.97340904,23945348.748279337,24564529.50670816,1082972.2163381437,966256.0135375337,1285257.800938699,4314046.15789922,3552880.793601182,5311718.576063929,35154021.3382722,34671808.2690506,35568354.68254419,2340846.4009526838,2088564.1178646518,2778087.057299301,12200802.556481406,10048106.923953753,15022377.417887807,37494867.739224955,37112130.96471177,37741290.08737147,37895595.13316454,37863610.89635194,37940354.625106,1.0105492035510544,1.0096962905693851,1.0117427900028266,128130484.57912296,60739991.250191435,286070448.4994317,0.05114569572378898,0.049046024347922504,0.05342249645607174,0.028100818452380952,0.022291666666666664,0.034187499999999996,0.034056299603174606,0.027393849206349206,0.04148511904761905,0.0,0.0,0.0,0.31946639083279205,0.3034877254980826,0.33724064678460564,185431.25209392962,113189.41740591303,281923.3006579484,0.9699634176587302,0.9428392857142857,0.985844246031746,118945.75130454655,116908.65355278327,120879.53085575844,122325.13444882439,109141.67047389726,145173.9305305844,241270.88575337094,228476.22318306335,262317.95843317197,15948.7615117404,13134.780292750003,19637.09466390563,39.034844611635215,32.147581325235784,48.0620980046168,0.004804902020828937,0.002277530460658918,0.010727569636701448,0.006053475257244855,0.0029684302741304486,0.013066336486099644,1.0435771939294216,0.8018994999507303,1.4035385484103757
shared_fee_8131_8279,full_multiscale_60d,4.0,5.0,7930799.0,500000000.0,753605334.841629,500000000.0,execution,state_matched_64,"State-matched 64: F=64, matched CPSB",False,True,100000000.0,50000000.0,40,64,1020.0,2.161501805529043,3.7708768396434986,True,0.5,32,7200,50400,8,1.4479558695732846,1530.0,5.656315259465248,0.11295316038895495,7127800.090390119,False,regular,50000000.000000015,31400272.926351912,46019677.17025021,3980322.8297498054,1.5878723260026617,30784.581300345013,75.34574685367448,30880128.66282139,30069116.950489882,31505714.23109248,1708590.3367165774,1532993.936753534,2042856.3842762262,7298699.343233851,6231292.369939464,8519292.676040486,44713063.55051048,43538754.38134718,45618883.846008636,3693121.097722353,3313569.162157857,4415637.763049581,27522496.31292164,23497436.078851968,32125203.44222549,48406184.64823276,47115110.23567847,49338181.33178331,50545916.11362871,50500558.404833175,50604242.151359625,1.0109183222725742,1.0100111680966635,1.0120848430271925,17528876.973054133,8653244.79757922,36177764.251869984,0.052088034902564306,0.049874291363618824,0.05461212614352284,0.03158234126984127,0.025223214285714286,0.03987797619047619,0.037686631944444444,0.031147817460317462,0.047014880952380954,0.0,0.0,0.0,0.3269941117113332,0.3094701299677154,0.34670991150472996,581970.9111028102,307926.0032700535,949097.177751726,0.8863969494047619,0.8245436507936508,0.9327083333333333,156010.75797888613,153556.0588712529,159087.2155122107,192990.6783421661,173156.5100134174,230747.08482475317,349001.43632105226,330603.6645431556,385730.02810571657,26982.839522472197,23036.702038090167,31495.29749237793,66.04092406579939,56.3826905154632,77.08523591046148,0.0008764409757595961,0.00043261827302237376,0.00180888157085938,0.0012725576499109641,0.0006524272412709799,0.002534069154672465,1.0365407875115238,0.7654480505231006,1.494822380661892
shared_fee_8131_8279,full_multiscale_60d,4.0,5.0,7930799.0,500000000.0,753605334.841629,500000000.0,execution,state_matched_64,"State-matched 64: F=64, matched CPSB",False,True,125000000.0,62500000.0,40,64,1275.0,2.161501805529043,4.713596049554373,True,0.5,32,7200,50400,8,1.4479558695732846,1530.0,5.656315259465248,0.11295316038895495,1421367.1930095186,False,state,61710624.41116986,62500000.00000148,55948154.265304595,5762470.1458652625,2.5284371408601936,49019.607843138416,119.97626108282037,35791738.218040824,34077684.296462595,37211360.149047986,2270275.0264492757,2020599.0867091306,2738255.1187225617,9841352.813558053,8770135.265573116,10852724.350206086,51824857.43504265,49342982.99852858,53880407.34261958,4907203.56871761,4367528.574172112,5918743.383118004,46388161.744256854,41338874.9418617,51155358.624032564,56732061.00376019,53909224.94629789,58844599.8827779,63237062.0335029,63180886.79183399,63310176.85776928,1.0117929925360465,1.0108941886693437,1.0129628297243085,5631477.173652834,2773970.436728334,11538974.083930526,0.054184427325916634,0.05203732741009369,0.05677654922823142,0.03908358134920635,0.031483134920634925,0.048042658730158734,0.04482452876984127,0.03744047619047619,0.05328769841269841,0.0,0.0,0.0,0.3449211902017574,0.32736819336376655,0.3682639818806419,1550966.031302592,955577.0350283633,2315586.287932729,0.7358165922619048,0.6336329365079365,0.8188184523809524,184386.668516241,178747.68719586582,189232.71429750053,256434.739189564,228233.0527228323,309294.5696109464,440821.40770580503,412540.7073214071,493686.32428739517,36382.87195627988,32422.647013224854,40121.84990120201,89.04765127329486,79.35493844631586,98.19885859299347,0.00035196266614011945,0.00017335909795156975,0.0007211892537174858,0.0005493412557149224,0.00028187399693571674,0.001102710247218273,1.1957219907535073,0.8621809126857324,1.6504050327587236
shared_fee_8131_8279,full_multiscale_60d,4.0,5.0,7930799.0,500000000.0,753605334.841629,500000000.0,execution,state_matched_64,"State-matched 64: F=64, matched CPSB",False,True,150000000.0,75000000.0,40,64,1530.0,2.161501805529043,5.656315259465248,True,0.5,32,7200,50400,8,1.4479558695732846,1530.0,5.656315259465248,0.11295316038895495,1184472.6608413283,False,state,63206482.43427539,75000000.00000046,57197805.08629793,6008677.347977456,2.528437140860149,49019.60784313756,119.97626108281827,38992053.560354725,36453044.50506333,41226968.79346099,2689842.3302268097,2377500.175252782,3252542.3534210166,11509931.706064235,10686593.83899009,12154923.026322648,56458772.81943147,52782399.75492219,59694831.449206226,5814099.053373706,5138970.921454534,7030376.169479256,65103802.34441055,60446743.803183526,68752076.5914099,62272871.872805074,58012071.84465094,65574092.460780725,75962152.71956256,75891131.71688624,76055117.99409449,1.012828702927501,1.0118817562251499,1.01406823992126,3104912.9361992544,1461849.9051599405,5830191.239135599,0.05652504586241988,0.054476670081905314,0.05912359676215976,0.050694444444444445,0.041063492063492066,0.06151190476190476,0.055554315476190476,0.04628472222222222,0.06632638888888889,0.0,0.0,0.0,0.3647689144933911,0.3477324465469491,0.38843855471167305,3013754.0504931016,2126490.208921493,4135864.865657384,0.5411067708333333,0.42440972222222223,0.6490188492063492,202876.24888037727,192785.0183940004,211141.779704103,303826.1921471091,268546.158620096,367384.93811783305,506702.44102748646,464301.3740316346,570541.0667393635,42551.50480026834,39507.67568835525,44935.99777216334,104.14547716742865,96.69565754849239,109.98156121489151,0.00023286380654345077,0.00010963624584996981,0.0004372625719731316,0.0003640648180559282,0.00017913133342363984,0.0006692870883873548,1.0641353840992602,0.8690258048769159,1.3423074928537952
shared_fee_8131_8279,full_multiscale_60d,4.0,5.0,7930799.0,500000000.0,753605334.841629,500000000.0,execution,state_matched_64,"State-matched 64: F=64, matched CPSB",False,True,175000000.0,87500000.0,40,64,1785.0,2.161501805529043,6.5990344693761225,True,0.5,32,7200,50400,8,1.4479558695732846,1530.0,5.656315259465248,0.11295316038895495,1015262.2807211468,False,state,64501152.69048977,87500000.00000028,58276121.01656001,6225031.673929756,2.5284371408601416,49019.60784313741,119.97626108281791,40945493.11569537,37862804.0088524,43755748.003276855,2970912.075665974,2585129.154624086,3581245.3141776547,12409514.666398264,11877275.60798492,12770036.106928842,59287267.089443594,54823669.303120926,63356392.148914926,6421631.815620035,5587761.335245772,7740868.212637435,81890815.0317853,78378551.13936798,84269908.44479397,65708898.90506366,60473541.76295876,69915208.702347,88691819.68242976,88609520.95260596,88800553.61260344,1.0136207963706259,1.0126802394583538,1.014863469858325,2226881.822963639,986141.3219031547,4281605.616655613,0.05825060826937087,0.05634191032408355,0.0607455586128414,0.06211805555555555,0.05415873015873016,0.0727609126984127,0.0667640128968254,0.05861210317460318,0.07782142857142857,0.0,0.0,0.0,0.3790804942469298,0.36265954938066697,0.40102351504089634,4585059.599642666,3497820.4627005416,5880594.680708627,0.35890004960317456,0.2646428571428571,0.4700734126984127,213843.90291014872,200590.72890679748,225626.13447158106,335573.9081841818,291998.5080284179,404512.976364502,549417.8110943305,493212.00923435745,618505.9654459665,45877.20730072005,43909.552459029685,47210.032742181495,112.28518633757932,107.46932016902603,115.54729756568835,0.00019484755083780655,8.628411412720724e-05,0.0003746376676801096,0.0002971863827875431,0.0001392622084217081,0.0005506472299684737,1.1134585037446452,0.9689401322441675,1.3512604569495552
shared_fee_8131_8279,full_multiscale_60d,4.0,5.0,7930799.0,500000000.0,753605334.841629,500000000.0,execution,state_matched_64,"State-matched 64: F=64, matched CPSB",False,True,200000000.0,100000000.0,40,64,2040.0,2.161501805529043,7.541753679286997,True,0.5,32,7200,50400,8,1.4479558695732846,1530.0,5.656315259465248,0.11295316038895495,888354.4956312402,False,state,65645352.150078095,99999999.9999914,59226618.930732764,6418733.21934533,2.528437140859916,49019.60784313304,119.97626108280721,42198127.082256235,38806260.60024934,45306874.786148235,3160562.1420945353,2722894.7988002067,3805516.8429383244,12857484.797871172,12532646.032404283,13067525.723679587,61101025.79375224,56189752.81232147,65602355.27862544,6831560.776624083,5885542.023872316,8225631.526982327,96967983.28071445,94518129.3260807,98552060.20573004,67932586.57037626,62127438.54220686,72905932.76518309,101414283.92572646,101321244.53380068,101538795.0112105,1.0141428392572647,1.0132124453380067,1.0153879501121053,1792295.8258187613,780359.770523327,3431826.7176711266,0.0593585476328298,0.05744408841693622,0.06175490125670016,0.06997085813492063,0.062419642857142854,0.08053273809523809,0.07476438492063492,0.06694940476190477,0.08551388888888889,0.0,0.0,0.0,0.38770240083603646,0.37211331945156706,0.40838821981730145,6027696.505188357,4780131.612894813,7565844.530232875,0.2300967261904762,0.16727579365079365,0.31879166666666664,220541.14788834256,205466.81762660365,234055.12204231985,356995.48255526304,307559.572931131,429845.154323282,577536.6304436056,512480.0016843815,660098.2823280372,47533.32513760512,46332.41633631407,48309.83343418139,116.3385607876128,113.3993176108537,118.23907705492218,0.00017922509180391487,7.803311332726602e-05,0.00034317950930533704,0.00026561127390268326,0.00012244952211562903,0.0004935045004822186,1.1634356411659734,1.0196309109163826,1.3909995430476634
shared_fee_8131_8279,full_multiscale_60d,4.0,5.0,7930799.0,500000000.0,753605334.841629,500000000.0,execution,state_matched_64,"State-matched 64: F=64, matched CPSB",False,True,225000000.0,112500000.0,40,64,2295.0,2.161501805529043,8.484472889197871,True,0.5,32,7200,50400,8,1.4479558695732846,1530.0,5.656315259465248,0.11295316038895495,789648.4405610375,False,state,66672464.41067433,112499999.99999341,60077877.415590666,6594586.99508367,2.5284371408599857,49019.607843134385,119.9762610828105,43094845.344750196,39527606.15804623,46372760.92905407,3299074.8413058664,2825077.254174528,3989183.8104683426,13085427.060907982,12883455.89971757,13219979.485381026,62399434.265283965,57234229.34672385,67145711.3755424,7130956.226058071,6106409.585657304,8622628.00891451,111022951.14184085,109309332.30032222,112164557.53945675,69530390.49134204,63392964.129562356,74982439.09902512,114128980.21315637,114018715.74478641,114267867.30963643,1.0144798241169455,1.0134996955092126,1.015714376085657,1524098.2940805922,660834.5107249081,2893711.006316914,0.06006092255405804,0.0581066876174325,0.062375786532770636,0.07491939484126983,0.06702083333333332,0.0840763888888889,0.0798325892857143,0.07181944444444445,0.08964682539682539,0.0,0.0,0.0,0.392653691253963,0.3766238585821014,0.4124901630729398,7317823.195272996,5890852.185953632,9064452.277372247,0.15045014880952381,0.10665972222222223,0.21429563492063491,225094.64096401853,209002.0223079476,239568.5798652129,372640.92968518764,319101.4042019639,450590.91876485315,597735.5706492062,527265.3223189843,690442.8060066529,48376.01356942956,47629.338692950856,48873.44555096155,118.4010539766968,116.57355547423926,119.61852657415619,0.00017145664206864002,7.43411791489784e-05,0.00032553920185229173,0.00024734533144178054,0.00011331817441458576,0.0004582301223152603,1.1934515556632619,1.0453049485872061,1.4198170459972712
shared_fee_8131_8279,full_multiscale_60d,4.0,5.0,7930799.0,500000000.0,753605334.841629,500000000.0,execution,state_matched_64,"State-matched 64: F=64, matched CPSB",False,True,250000000.0,125000000.0,40,64,2550.0,2.161501805529043,9.427192099108746,True,0.5,32,7200,50400,8,1.4479558695732846,1530.0,5.656315259465248,0.11295316038895495,710683.5965047226,False,state,67605688.4331622,125000000.00000511,60849716.328567326,6755972.104594868,2.528437140860237,49019.60784313926,119.97626108282243,43803925.12405205,40125989.99104229,47184755.530748434,3409194.577068405,2908078.9657669775,4133757.838031158,13209826.131490393,13078292.357373316,13301613.177311042,63426150.49371989,58100662.72996832,68321443.72512747,7368980.233733164,6285817.935126388,8935125.030524071,124531568.53737646,123291574.38125561,125396862.65053634,70795130.72745317,64443226.436871804,76554230.98523012,126837799.80773377,126711060.40431555,126990858.16791879,1.01470239846187,1.0136884832345243,1.0159268653433502,1336489.0198036423,579490.3689846126,2518658.611487988,0.06051942009279519,0.05851110985431111,0.06278422436009534,0.0779532490079365,0.07077281746031747,0.08722222222222223,0.08295262896825398,0.07519742063492063,0.09288492063492064,0.0,0.0,0.0,0.3955566690242588,0.3796345785703257,0.4149368386981518,8499564.35554583,6877561.067440785,10536978.769937431,0.10322296626984127,0.0723154761904762,0.14870932539682538,228550.4603021437,211841.6389451493,243588.5998755158,385079.301860763,328476.70984402363,466921.012088233,613629.7621629068,539503.566519,713212.7005596217,48835.909230343714,48349.6370122571,49175.24025511229,119.52665583914452,118.33649693821712,120.35717385861565,0.00016705675579581548,7.243369729038036e-05,0.00031483359605590953,0.0002352575907476614,0.0001076322416054228,0.0004343002160458923,1.2104798260706424,1.0542316258360305,1.4367106801345453
shared_fee_8131_8279,full_multiscale_60d,4.0,5.0,7930799.0,500000000.0,753605334.841629,500000000.0,execution,state_matched_64,"State-matched 64: F=64, matched CPSB",False,True,275000000.0,137500000.0,40,64,2805.0,2.161501805529043,10.36991130901962,True,0.5,32,7200,50400,8,1.4479558695732846,1530.0,5.656315259465248,0.11295316038895495,646075.9968224195,False,state,68461830.80260189,137500000.00000963,61556468.40547501,6905362.397126876,2.5284371408603104,49019.607843140686,119.97626108282593,44403300.461490974,40647008.02038307,47879842.30333718,3502368.5545473625,2980986.161575212,4253744.290278668,13283427.564515684,13194105.58876436,13349519.964306086,64294019.53164204,58855073.843706205,69327898.69736037,7570375.954282268,6443406.970501906,9194475.963696236,137747965.7238028,136821704.75731605,138433338.0478287,71864395.48592448,65358401.63663769,77834770.13399504,139542727.95670962,139400020.82864124,139709740.00489232,1.0148562033215245,1.013818333299209,1.0160708363992168,1195086.2302302425,518922.1872816847,2258486.950883526,0.06083391677993784,0.05879031200171578,0.06309384428796828,0.0799156746031746,0.0729890873015873,0.0895,0.08497829861111111,0.07745138888888889,0.09490376984126984,0.0,0.0,0.0,0.39739784016854846,0.38127699627864015,0.4166337503878029,9613885.403041707,7778627.3283184925,11915812.39757586,0.07424603174603174,0.05229464285714286,0.10735218253968254,231389.93971975576,214271.86407701744,246809.83950800227,395603.59708302055,336711.8080256601,480473.8610734477,626993.5368027764,550186.777809734,731610.9618108589,49108.00917069618,48777.791357331924,49352.34868015283,120.19262472222519,119.38441143098129,120.79064951412532,0.00016432002173764776,7.134926932844771e-05,0.0003105432447802733,0.00022651483907855559,0.00010360507897552956,0.0004164866492583112,1.2204848439824825,1.0594425812622543,1.4464180225978565
shared_fee_8131_8279,full_multiscale_60d,4.0,5.0,7930799.0,500000000.0,753605334.841629,500000000.0,execution,state_matched_64,"State-matched 64: F=64, matched CPSB",False,True,300000000.0,150000000.0,40,64,3060.0,2.161501805529043,11.312630518930495,True,0.5,32,7200,50400,8,1.4479558695732846,1530.0,5.656315259465248,0.11295316038895495,592236.3304206335,False,state,69253475.46778028,150000000.0000035,62208847.813166834,7044627.654613436,2.5284371408601922,49019.607843138394,119.97626108282032,44930397.3843838,41112896.42327086,48485369.21181586,3584400.508578654,3046870.7925844328,4357921.314808539,13329834.629948372,13267165.592875555,13379595.8479195,65057232.61497861,59529659.69123349,70204674.93867654,7747688.171031974,6585816.719384899,9419654.79031212,150795494.04703784,150086542.38565752,151358424.3201158,72804920.78601047,66177405.42553161,78932853.79915641,152244938.55956098,152086896.66986424,152425944.1254165,1.0149662570637399,1.0139126444657616,1.01617296083611,1083509.4488226525,471305.6001155689,2050602.6107021603,0.06105853997245987,0.05899263274393474,0.06331641953727782,0.08115327380952381,0.07418849206349207,0.09070634920634921,0.08633370535714285,0.07889186507936509,0.09624900793650794,0.0,0.0,0.0,0.3986761293001235,0.3823659187465389,0.41797287569588765,10683814.016022664,8632424.19689576,13230063.832228292,0.05574404761904762,0.039804563492063495,0.0803611111111111,233839.72834573104,216421.9268620539,249591.17368012556,404869.3655437364,344153.68531921174,492240.9852340144,638709.0938894673,559791.2934297037,747231.645508113,49279.573217986224,49047.88966851553,49463.53735951497,120.61253042599913,120.04548129519335,121.06278555542728,0.00016252208962547866,7.069334749387656e-05,0.000307591675764084,0.00021984082938072486,0.00010050205148480181,0.00040299119746916966,1.226665287318216,1.062757452796816,1.4521831068472624
shared_fee_8131_8279,full_multiscale_60d,4.0,5.0,7930799.0,500000000.0,753605334.841629,500000000.0,execution,state_matched_64,"State-matched 64: F=64, matched CPSB",False,True,325000000.0,162500000.0,50,64,3315.0,2.161501805529043,12.25534972884137,True,0.5,32,7200,50400,8,1.4479558695732846,1530.0,5.656315259465248,0.11295316038895495,546679.689618995,False,state,69990300.70037904,162500000.00000888,62815082.50343228,7175218.19694676,2.5284371408602717,49019.60784313994,119.9762610828241,45405736.53784199,41537440.709154025,49021788.36866988,3658531.8306107195,3107362.121800874,4456221.781175194,13360882.740296297,13315010.446222074,13400276.913601404,65745502.73226639,60144381.08187163,70981386.20539479,7907923.15745054,6716568.836705151,9632131.425848113,163742290.6683572,163180109.66161537,164225080.03948882,73653425.8897172,66924528.34869717,79904939.80924529,164945399.5307755,164772459.47858182,165140589.53208628,1.01504861249708,1.013984366022042,1.0162497817359157,992515.6216609627,432455.44361861557,1879924.052476028,0.061225870306655626,0.05914804457040623,0.06348078607071461,0.08208395337301587,0.07495436507936508,0.09175396825396825,0.08732328869047619,0.0800952380952381,0.09700595238095237,0.0,0.0,0.0,0.3996816630566225,0.3831902679096234,0.41909581593790773,11725263.908588562,9454802.734576872,14503196.74349895,0.04355034722222222,0.031199404761904765,0.06234126984126984,236021.18465860083,218363.3678722278,252095.91283868896,413242.7326510695,350986.37213033746,503344.33357783617,649263.9173096705,568571.9003256975,760980.4246183396,49394.35615938377,49224.76912869242,49539.99397872966,120.89346348015644,120.47839655559852,121.24991433331887,0.00016127947054975743,7.027155237241612e-05,0.00030548893394790667,0.0002145273203533554,9.800084122049558e-05,0.0003923939699836617,1.230693512652942,1.0649985839423737,1.4556697712632252
shared_fee_8131_8279,full_multiscale_60d,4.0,5.0,7930799.0,500000000.0,753605334.841629,500000000.0,execution,state_matched_64,"State-matched 64: F=64, matched CPSB",False,True,350000000.0,175000000.0,50,64,3570.0,2.161501805529043,13.198068938752245,True,0.5,32,7200,50400,8,1.4479558695732846,1530.0,5.656315259465248,0.11295316038895495,507631.14036054903,False,state,70679917.35061637,175000000.0000034,63381633.9279308,7298283.42268556,2.5284371408601825,49019.607843138205,119.97626108281985,45841357.68557389,41928863.62562861,49507811.18986781,3726712.1694564223,3163606.2891503973,4545481.074108108,13382657.745904505,13346457.27097856,13416378.428989917,66376262.930035084,60711144.191266775,71685125.80209531,8055295.082967113,6838140.7059816215,9825065.548682816,176625239.51415896,176147463.15047106,177070287.41418073,74431558.01300229,67614130.61149786,80785544.06672138,177644604.2300746,177456873.34430188,177854143.35484695,1.015112024171855,1.0140392762531536,1.0163093905991256,916492.6160710745,399927.88632374693,1736635.273502786,0.061355310349743064,0.059269130089793814,0.06360738629547494,0.08281249999999998,0.07552678571428571,0.09249305555555556,0.08804501488095239,0.08077380952380953,0.0975922619047619,0.0,0.0,0.0,0.4005488890264458,0.3839128316566178,0.4200569372912567,12747290.980679974,10260511.713507729,15746967.724571768,0.03507750496031746,0.02489186507936508,0.04941170634920635,238003.3417058838,220143.7106662835,254338.24843797358,420943.9174000815,357339.3285859114,513426.45280869235,658947.2591059653,576708.6889173192,773396.7152762357,49474.85700676721,49341.02609256893,49599.52028408424,121.09049057009094,120.7629373029537,121.3956059017902,0.00016038188579865006,6.998493905762449e-05,0.0003039124196695345,0.00021016351403797774,9.59281513525224e-05,0.0003837715170052084,1.233442141972453,1.06660052644009,1.4580595384028825
shared_fee_8131_8279,full_multiscale_60d,4.0,5.0,7930799.0,500000000.0,753605334.841629,500000000.0,execution,state_matched_64,"State-matched 64: F=64, matched CPSB",False,True,375000000.0,187500000.0,50,64,3825.0,2.161501805529043,14.14078814866312,True,0.5,32,7200,50400,8,1.4479558695732846,1530.0,5.656315259465248,0.11295316038895495,473789.064336578,False,state,71328423.6870288,187499999.99999493,63913672.78596637,7414750.901062434,2.528437140860065,49019.60784313593,119.97626108281428,46245042.69880121,42293186.146583945,49954404.904899284,3790162.173043985,3216321.052908193,4627396.471365557,13398518.5733007,13369847.477448316,13428331.435175778,66960781.0143965,61238667.12390178,72331773.79309,8192442.3802824505,6952083.763022114,10002125.82775535,189465612.65095615,189060180.75852042,189887190.0148358,75153223.39467901,68256721.84749934,81594642.7434809,190342941.83551812,190140468.95959342,190567704.50755912,1.0151623564560965,1.0140825011178316,1.016361090706982,851801.6950795329,372185.3956867203,1614421.8381647083,0.06145781292819405,0.05936582649302418,0.06370736586068726,0.08334015376984127,0.07591071428571429,0.09296031746031745,0.08862413194444443,0.08127380952380953,0.09815079365079366,0.0,0.0,0.0,0.4013272451931158,0.3846355511839265,0.4208786297671506,13755812.108359938,11055247.377323184,16971750.453770094,0.029001116071428572,0.020552579365079364,0.04052777777777778,239829.27848252447,221793.13116180364,256380.71078894942,428110.7958319872,363293.6277515116,522679.05581343797,667940.0743145116,584314.3048060581,784769.2352023234,49533.493503517944,49427.49823752168,49643.70980780021,121.23400431801116,120.97457923759424,121.50376045601344,0.000159708496665265,6.978233353377263e-05,0.0003027053232748421,0.00020649274473235734,9.417281204721629e-05,0.00037658761037527507,1.2353924445807585,1.067681782198006,1.460531233662491
shared_fee_8131_8279,full_multiscale_60d,4.0,5.0,7930799.0,500000000.0,753605334.841629,500000000.0,execution,state_matched_64,"State-matched 64: F=64, matched CPSB",False,True,400000000.0,200000000.0,64,64,4080.0,2.161501805529043,15.083507358573994,True,0.5,32,7200,50400,8,1.4479558695732846,1530.0,5.656315259465248,0.11295316038895495,444177.2478155956,False,state,71940784.88356473,199999999.99998647,64415404.01753994,7525380.866024785,2.5284371408599626,49019.60784313394,119.97626108280942,46622153.86652689,42634420.604368776,50369323.171016894,3849701.478376771,3266048.9826049022,4703443.966074512,13410414.471507587,13384544.151551712,13437311.079414029,67506821.34318647,61732759.55995224,72932557.1319081,8321136.6962592285,7059570.772846773,10166502.624874784,202276085.36249393,201885870.20107207,202681780.54577053,75827958.03944573,68859239.72169346,82346269.18640427,203040650.819862,202823552.4409966,203281167.77430958,1.0152032540993101,1.014117762204983,1.016405838871548,795955.2737333064,348187.4215160777,1508806.4977454473,0.06154085648799744,0.05944458497904469,0.06378811635913076,0.08375372023809524,0.07615674603174603,0.09324404761904762,0.08906808035714285,0.08164583333333333,0.09853373015873015,0.0,0.0,0.0,0.40201600760556194,0.38530351086227,0.42156486054538495,14754430.632427925,11842427.614966867,18182989.634720888,0.024459325396825396,0.017237103174603176,0.03425099206349206,241527.69221692247,223332.569645785,258265.99177195498,434835.94853668835,368910.55457035464,531268.8606804769,676363.6407536109,591469.7710290145,795306.4752994976,49577.47190257204,49481.83093163531,49676.906996512385,121.34164214130429,121.10755936087817,121.58501109744844,0.00015918673856884537,6.963507023573405e-05,0.00030176251803537595,0.0002033480970553561,9.265897279439692e-05,0.0003704744732222362,1.2368040495374735,1.068437201581849,1.462311989943572
shared_fee_8131_8279,full_multiscale_60d,4.0,5.0,7930799.0,500000000.0,753605334.841629,500000000.0,execution,state_matched_64,"State-matched 64: F=64, matched CPSB",False,True,425000000.0,212500000.0,64,64,4335.0,2.161501805529043,16.02622656848487,True,0.5,32,7200,50400,8,1.4479558695732846,1530.0,5.656315259465248,0.11295316038895495,418049.17441461334,False,state,72521099.91512787,212499999.99999672,64890295.112177975,7630804.802949905,2.528437140860094,49019.6078431365,119.97626108281568,46976611.693066865,42955745.82757974,50757750.941094875,3905919.4144505085,3313277.6675562654,4774662.96946728,13419533.95832016,13395967.632941542,13443883.525314713,68020060.63364121,62198024.30294247,73494983.40149736,8442651.866585694,7161655.660641983,10320442.62929613,215064491.6594966,214686812.38959214,215454723.33699414,76462712.50022672,69427201.84536251,83050071.81321962,215737815.80903023,215506196.2960427,215994182.94606474,1.0152367802777893,1.0141468060990244,1.016443213863834,747192.4745274038,327184.5667474817,1416452.5797617682,0.06160926789915284,0.05950902476504531,0.06385488654324517,0.08408420138888888,0.0763531746031746,0.09347718253968254,0.08941220238095238,0.08185813492063491,0.09878174603174604,0.0,0.0,0.0,0.4026088110486718,0.38588304849659366,0.422145376755693,15745314.066947805,12623263.066967739,19399455.987463098,0.020908358134920632,0.014634920634920636,0.029073412698412696,243118.92665988614,224777.16498821325,260022.28267067557,441185.9420867613,374245.1837966254,539313.2721934416,684304.8687466474,598235.7464358343,805162.2433870914,49611.18608062205,49524.06283496935,49701.204922028635,121.42415812227387,121.21092260843092,121.64448065226082,0.00015877408303043602,6.952431745629763e-05,0.00030099737386557533,0.0002006172785560644,9.133642819920401e-05,0.0003651939570163553,1.2378382719293526,1.0689914273236942,1.4636176763780369
shared_fee_8131_8279,full_multiscale_60d,4.0,5.0,7930799.0,500000000.0,753605334.841629,500000000.0,execution,state_matched_64,"State-matched 64: F=64, matched CPSB",False,True,450000000.0,225000000.0,64,64,4590.0,2.161501805529043,16.968945778395742,True,0.5,32,7200,50400,8,1.4479558695732846,1530.0,5.656315259465248,0.11295316038895495,394824.2202804984,False,state,73072793.8330985,224999999.9999907,65341240.410287745,7731553.422810756,2.5284371408600292,49019.60784313523,119.97626108281257,47311425.02465351,43259708.01803644,51123660.93024812,3959291.185826384,3358188.7254866236,4841971.452064113,13426665.966960244,13405219.723887766,13448303.483880514,68504855.56232345,62638148.14074203,74024804.91802691,8558015.046778966,7258730.993446661,10465930.03595663,227836366.7779593,227472446.64211246,228203532.62935817,77062870.60910241,69965037.53455214,83713485.82508487,228434560.8727523,228188395.6370304,228706753.14835906,1.0152647149900103,1.0141706472756906,1.0164744584371515,704202.7179403005,308630.8964745652,1334968.7490276187,0.061666191951045404,0.059562921361231404,0.06391024941826853,0.08435763888888889,0.07654662698412698,0.0936656746031746,0.08966145833333333,0.08198511904761904,0.0990436507936508,0.0,0.0,0.0,0.40311277147233776,0.38639299162713453,0.4226290750387821,16730351.962812576,13399218.759644344,20606524.192044362,0.01822606646825397,0.012696428571428572,0.025612103174603173,244618.2991321027,226139.8327130391,261670.94998990232,447214.45233922324,379318.0297262708,546915.9780237388,691832.7514713259,604659.6620998967,814462.2501836235,49637.55267493666,49558.2672422903,49717.545235154284,121.48869077650231,121.2946384332505,121.68447382560507,0.00015844129421224338,6.943955373562392e-05,0.00030036915423299593,0.00019821866902397986,9.01689719860104e-05,0.00036057295700980227,1.2386136845035693,1.069385223295127,1.4645672236791465
shared_fee_8131_8279,full_multiscale_60d,4.0,5.0,7930799.0,500000000.0,753605334.841629,500000000.0,execution,state_matched_64,"State-matched 64: F=64, matched CPSB",False,True,475000000.0,237500000.0,64,64,4845.0,2.161501805529043,17.911664988306615,True,0.5,32,7200,50400,8,1.4479558695732846,1530.0,5.656315259465248,0.11295316038895495,374043.998160432,False,state,73598759.21351556,237499999.99999875,65770681.85054311,7828077.362972453,2.5284371408601203,49019.607843137,119.97626108281689,47628999.364696264,43548297.19086714,51469912.4263354,4010164.4678468974,3401070.1279684003,4905790.185374218,13432352.758504689,13412663.119637592,13451901.838169258,68964689.19201405,63056012.52743796,74526161.80413517,8667977.73771948,7351419.222334521,10603874.34323304,240595802.6150712,240243128.39994207,240945959.18085197,77632666.92973363,70476180.5760184,84341639.05723302,241131061.58557823,240870322.45498088,241419104.70040512,1.0152886803603294,1.0141908313893933,1.01650149347539,665996.8377788386,292102.7778602279,1262554.987195004,0.061714209977707934,0.059607968422288285,0.0639566269313354,0.08457589285714287,0.0766388888888889,0.0938938492063492,0.08988033234126984,0.08210218253968254,0.09918650793650793,0.0,0.0,0.0,0.4035397417702934,0.38683629060196384,0.42304663975801987,17710772.668808065,14171954.920937113,21804963.410821132,0.016070808531746028,0.011128968253968254,0.022851190476190476,246037.8101100284,227431.12161642587,263226.5874043057,452960.75032279873,384161.6196584982,554124.505643135,698998.5604328271,610784.3655586068,823271.5661311637,49658.57639113956,49585.78501546792,49730.84812814282,121.54014665252974,121.3619886158497,121.71703286539702,0.0001581699462320918,6.937203829093326e-05,0.00029985799799015894,0.00019609305599960398,8.912813239347073e-05,0.00035650200995540176,1.2392097210167061,1.0696708882787405,1.465293879926731
shared_fee_8131_8279,full_multiscale_60d,4.0,5.0,7930799.0,500000000.0,753605334.841629,500000000.0,execution,state_matched_64,"State-matched 64: F=64, matched CPSB",False,True,500000000.0,250000000.0,64,64,5100.0,2.161501805529043,18.854384198217492,True,0.5,32,7200,50400,8,1.4479558695732846,1530.0,5.656315259465248,0.11295316038895495,355341.79825234425,False,state,74101462.14605744,250000000.00001428,66180699.361574434,7920762.784483012,2.528437140860278,49019.60784314005,119.97626108282438,47931252.52850194,43823192.43301533,51798803.341016896,4058812.556272481,3442135.4099594695,4966551.889999106,13436950.009955227,13418758.329193877,13455669.164846962,69402338.43464363,63454048.70682348,75002381.33449762,8773130.668686923,7440181.903502864,10735210.877486741,253345417.93991548,253002425.00162953,253698356.0781059,78175469.10333073,70963531.29957844,84938619.11351986,253827169.03437638,253551813.32502866,254131083.42607835,1.0153086761375056,1.0142072533001145,1.0165243337043135,631802.7511734357,277279.2646886538,1197761.477339723,0.061755299947506684,0.0596463764780745,0.0639960876069246,0.08476190476190476,0.07679166666666666,0.09400793650793651,0.0900657242063492,0.08222123015873016,0.09931150793650795,0.0,0.0,0.0,0.4038986948612562,0.3871440690142614,0.4234084586022548,18687483.59037468,14942169.384016134,22997514.21447381,0.014344618055555557,0.009724206349206349,0.020720238095238094,247386.8163056804,228659.14242559296,264700.71217257937,458455.7056573498,388800.07304165314,560987.7322111363,705842.5219630301,616641.8624077447,831649.4144961298,49675.57214508146,49608.318627770495,49744.77570158939,121.5817440275793,121.41713998632586,121.75112082043375,0.00015794638149225915,6.931744678234737e-05,0.0002994415395478368,0.00019419464340343892,8.819234290068263e-05,0.0003528907556564988,1.2396728076611145,1.069900472812236,1.4658439827915022
shared_fee_8131_8279,full_multiscale_60d,4.5,4.5,9086555.0,450000000.0,863428303.1674209,450000000.0,execution,state_matched_64,"State-matched 64: F=64, matched CPSB",False,True,50000000.0,25000000.0,40,64,510.0,2.161501805529043,1.8854384198217493,True,0.5,32,7200,50400,8,1.4479558695732846,1530.0,5.656315259465248,0.11295316038895495,1616044955.0430844,False,regular,25000000.000000708,3220594.7295819097,23853463.050618015,1146536.9493826907,0.32572285319733196,6314.891626631195,15.455796564730612,16631654.283601392,16501338.248874065,16732005.862038916,530768.1159659787,468432.10786824254,628048.4935133099,1795806.8190652346,1460080.5634746272,2245606.679192239,24081901.440654267,23893209.573271547,24227206.097673923,1147256.2409777122,1012516.8469249803,1357527.9526888237,3385883.171243478,2752891.990410049,4233953.108757393,25229157.681632012,25153533.30226254,25266744.08720721,25260595.17356734,25240386.262070816,25288524.618796762,1.0104238069426934,1.0096154504828325,1.0115409847518706,2999207191.026578,1421501072.8905275,6915448991.999962,0.050824340813867025,0.04876868780923039,0.05296209610649523,0.02713107638888889,0.021479166666666667,0.03356944444444444,0.03304129464285714,0.026373015873015875,0.040804563492063496,0.0,0.0,0.0,0.3171608150506131,0.3004017928096554,0.3338012679436527,97644.61536302982,68175.33336313207,127387.65152772554,0.9965928819444445,0.991764880952381,0.9994623015873016,78449.29457142156,77204.76054121956,79649.11676438956,59951.936132048635,52910.88701137785,70940.06221985043,138401.23070347018,131847.01058205427,148134.4185716769,6638.98661028133,5397.827432176567,8301.868840700772,16.24902413396103,13.21126752696933,20.31895454354736,0.07498036331846498,0.035534586441626215,0.17288395517926997,0.08265779118755678,0.03984895495342104,0.1875988595958412,1.085696816673535,0.8326961988027048,1.4567684821863383
shared_fee_8131_8279,full_multiscale_60d,4.5,4.5,9086555.0,450000000.0,863428303.1674209,450000000.0,execution,state_matched_64,"State-matched 64: F=64, matched CPSB",False,True,75000000.0,37500000.0,40,64,765.0,2.161501805529043,2.828157629732624,True,0.5,32,7200,50400,8,1.4479558695732846,1530.0,5.656315259465248,0.11295316038895495,66425030.80442605,False,regular,37499999.999999896,12280695.455132913,35115102.532672405,2384897.4673274895,0.8280257734493413,16053.196673376357,39.29045131209592,24278378.97340904,23945348.748279337,24564529.50670816,1082972.2163381437,966256.0135375337,1285257.800938699,4314046.15789922,3552880.793601182,5311718.576063929,35154021.3382722,34671808.2690506,35568354.68254419,2340846.4009526838,2088564.1178646518,2778087.057299301,12200802.556481406,10048106.923953753,15022377.417887807,37494867.739224955,37112130.96471177,37741290.08737147,37895595.13316454,37863610.89635194,37940354.625106,1.0105492035510544,1.0096962905693851,1.0117427900028266,128130484.57912296,60739991.250191435,286070448.4994317,0.05114569572378898,0.049046024347922504,0.05342249645607174,0.028100818452380952,0.022291666666666664,0.034187499999999996,0.034056299603174606,0.027393849206349206,0.04148511904761905,0.0,0.0,0.0,0.31946639083279205,0.3034877254980826,0.33724064678460564,185431.25209392962,113189.41740591303,281923.3006579484,0.9699634176587302,0.9428392857142857,0.985844246031746,118945.75130454655,116908.65355278327,120879.53085575844,122325.13444882439,109141.67047389726,145173.9305305844,241270.88575337094,228476.22318306335,262317.95843317197,15948.7615117404,13134.780292750003,19637.09466390563,39.034844611635215,32.147581325235784,48.0620980046168,0.004804902020828937,0.002277530460658918,0.010727569636701448,0.006053475257244855,0.0029684302741304486,0.013066336486099644,1.0435771939294216,0.8018994999507303,1.4035385484103757
shared_fee_8131_8279,full_multiscale_60d,4.5,4.5,9086555.0,450000000.0,863428303.1674209,450000000.0,execution,state_matched_64,"State-matched 64: F=64, matched CPSB",False,True,100000000.0,50000000.0,40,64,1020.0,2.161501805529043,3.7708768396434986,True,0.5,32,7200,50400,8,1.4479558695732846,1530.0,5.656315259465248,0.11295316038895495,7127800.090390119,False,regular,50000000.000000015,31400272.926351912,46019677.17025021,3980322.8297498054,1.5878723260026617,30784.581300345013,75.34574685367448,30880128.66282139,30069116.950489882,31505714.23109248,1708590.3367165774,1532993.936753534,2042856.3842762262,7298699.343233851,6231292.369939464,8519292.676040486,44713063.55051048,43538754.38134718,45618883.846008636,3693121.097722353,3313569.162157857,4415637.763049581,27522496.31292164,23497436.078851968,32125203.44222549,48406184.64823276,47115110.23567847,49338181.33178331,50545916.11362871,50500558.404833175,50604242.151359625,1.0109183222725742,1.0100111680966635,1.0120848430271925,17528876.973054133,8653244.79757922,36177764.251869984,0.052088034902564306,0.049874291363618824,0.05461212614352284,0.03158234126984127,0.025223214285714286,0.03987797619047619,0.037686631944444444,0.031147817460317462,0.047014880952380954,0.0,0.0,0.0,0.3269941117113332,0.3094701299677154,0.34670991150472996,581970.9111028102,307926.0032700535,949097.177751726,0.8863969494047619,0.8245436507936508,0.9327083333333333,156010.75797888613,153556.0588712529,159087.2155122107,192990.6783421661,173156.5100134174,230747.08482475317,349001.43632105226,330603.6645431556,385730.02810571657,26982.839522472197,23036.702038090167,31495.29749237793,66.04092406579939,56.3826905154632,77.08523591046148,0.0008764409757595961,0.00043261827302237376,0.00180888157085938,0.0012725576499109641,0.0006524272412709799,0.002534069154672465,1.0365407875115238,0.7654480505231006,1.494822380661892
shared_fee_8131_8279,full_multiscale_60d,4.5,4.5,9086555.0,450000000.0,863428303.1674209,450000000.0,execution,state_matched_64,"State-matched 64: F=64, matched CPSB",False,True,125000000.0,62500000.0,40,64,1275.0,2.161501805529043,4.713596049554373,True,0.5,32,7200,50400,8,1.4479558695732846,1530.0,5.656315259465248,0.11295316038895495,1421367.1930095186,False,state,61710624.41116986,62500000.00000148,55948154.265304595,5762470.1458652625,2.5284371408601936,49019.607843138416,119.97626108282037,35791738.218040824,34077684.296462595,37211360.149047986,2270275.0264492757,2020599.0867091306,2738255.1187225617,9841352.813558053,8770135.265573116,10852724.350206086,51824857.43504265,49342982.99852858,53880407.34261958,4907203.56871761,4367528.574172112,5918743.383118004,46388161.744256854,41338874.9418617,51155358.624032564,56732061.00376019,53909224.94629789,58844599.8827779,63237062.0335029,63180886.79183399,63310176.85776928,1.0117929925360465,1.0108941886693437,1.0129628297243085,5631477.173652834,2773970.436728334,11538974.083930526,0.054184427325916634,0.05203732741009369,0.05677654922823142,0.03908358134920635,0.031483134920634925,0.048042658730158734,0.04482452876984127,0.03744047619047619,0.05328769841269841,0.0,0.0,0.0,0.3449211902017574,0.32736819336376655,0.3682639818806419,1550966.031302592,955577.0350283633,2315586.287932729,0.7358165922619048,0.6336329365079365,0.8188184523809524,184386.668516241,178747.68719586582,189232.71429750053,256434.739189564,228233.0527228323,309294.5696109464,440821.40770580503,412540.7073214071,493686.32428739517,36382.87195627988,32422.647013224854,40121.84990120201,89.04765127329486,79.35493844631586,98.19885859299347,0.00035196266614011945,0.00017335909795156975,0.0007211892537174858,0.0005493412557149224,0.00028187399693571674,0.001102710247218273,1.1957219907535073,0.8621809126857324,1.6504050327587236
shared_fee_8131_8279,full_multiscale_60d,4.5,4.5,9086555.0,450000000.0,863428303.1674209,450000000.0,execution,state_matched_64,"State-matched 64: F=64, matched CPSB",False,True,150000000.0,75000000.0,40,64,1530.0,2.161501805529043,5.656315259465248,True,0.5,32,7200,50400,8,1.4479558695732846,1530.0,5.656315259465248,0.11295316038895495,1184472.6608413283,False,state,63206482.43427539,75000000.00000046,57197805.08629793,6008677.347977456,2.528437140860149,49019.60784313756,119.97626108281827,38992053.560354725,36453044.50506333,41226968.79346099,2689842.3302268097,2377500.175252782,3252542.3534210166,11509931.706064235,10686593.83899009,12154923.026322648,56458772.81943147,52782399.75492219,59694831.449206226,5814099.053373706,5138970.921454534,7030376.169479256,65103802.34441055,60446743.803183526,68752076.5914099,62272871.872805074,58012071.84465094,65574092.460780725,75962152.71956256,75891131.71688624,76055117.99409449,1.012828702927501,1.0118817562251499,1.01406823992126,3104912.9361992544,1461849.9051599405,5830191.239135599,0.05652504586241988,0.054476670081905314,0.05912359676215976,0.050694444444444445,0.041063492063492066,0.06151190476190476,0.055554315476190476,0.04628472222222222,0.06632638888888889,0.0,0.0,0.0,0.3647689144933911,0.3477324465469491,0.38843855471167305,3013754.0504931016,2126490.208921493,4135864.865657384,0.5411067708333333,0.42440972222222223,0.6490188492063492,202876.24888037727,192785.0183940004,211141.779704103,303826.1921471091,268546.158620096,367384.93811783305,506702.44102748646,464301.3740316346,570541.0667393635,42551.50480026834,39507.67568835525,44935.99777216334,104.14547716742865,96.69565754849239,109.98156121489151,0.00023286380654345077,0.00010963624584996981,0.0004372625719731316,0.0003640648180559282,0.00017913133342363984,0.0006692870883873548,1.0641353840992602,0.8690258048769159,1.3423074928537952
shared_fee_8131_8279,full_multiscale_60d,4.5,4.5,9086555.0,450000000.0,863428303.1674209,450000000.0,execution,state_matched_64,"State-matched 64: F=64, matched CPSB",False,True,175000000.0,87500000.0,40,64,1785.0,2.161501805529043,6.5990344693761225,True,0.5,32,7200,50400,8,1.4479558695732846,1530.0,5.656315259465248,0.11295316038895495,1015262.2807211468,False,state,64501152.69048977,87500000.00000028,58276121.01656001,6225031.673929756,2.5284371408601416,49019.60784313741,119.97626108281791,40945493.11569537,37862804.0088524,43755748.003276855,2970912.075665974,2585129.154624086,3581245.3141776547,12409514.666398264,11877275.60798492,12770036.106928842,59287267.089443594,54823669.303120926,63356392.148914926,6421631.815620035,5587761.335245772,7740868.212637435,81890815.0317853,78378551.13936798,84269908.44479397,65708898.90506366,60473541.76295876,69915208.702347,88691819.68242976,88609520.95260596,88800553.61260344,1.0136207963706259,1.0126802394583538,1.014863469858325,2226881.822963639,986141.3219031547,4281605.616655613,0.05825060826937087,0.05634191032408355,0.0607455586128414,0.06211805555555555,0.05415873015873016,0.0727609126984127,0.0667640128968254,0.05861210317460318,0.07782142857142857,0.0,0.0,0.0,0.3790804942469298,0.36265954938066697,0.40102351504089634,4585059.599642666,3497820.4627005416,5880594.680708627,0.35890004960317456,0.2646428571428571,0.4700734126984127,213843.90291014872,200590.72890679748,225626.13447158106,335573.9081841818,291998.5080284179,404512.976364502,549417.8110943305,493212.00923435745,618505.9654459665,45877.20730072005,43909.552459029685,47210.032742181495,112.28518633757932,107.46932016902603,115.54729756568835,0.00019484755083780655,8.628411412720724e-05,0.0003746376676801096,0.0002971863827875431,0.0001392622084217081,0.0005506472299684737,1.1134585037446452,0.9689401322441675,1.3512604569495552
shared_fee_8131_8279,full_multiscale_60d,4.5,4.5,9086555.0,450000000.0,863428303.1674209,450000000.0,execution,state_matched_64,"State-matched 64: F=64, matched CPSB",False,True,200000000.0,100000000.0,40,64,2040.0,2.161501805529043,7.541753679286997,True,0.5,32,7200,50400,8,1.4479558695732846,1530.0,5.656315259465248,0.11295316038895495,888354.4956312402,False,state,65645352.150078095,99999999.9999914,59226618.930732764,6418733.21934533,2.528437140859916,49019.60784313304,119.97626108280721,42198127.082256235,38806260.60024934,45306874.786148235,3160562.1420945353,2722894.7988002067,3805516.8429383244,12857484.797871172,12532646.032404283,13067525.723679587,61101025.79375224,56189752.81232147,65602355.27862544,6831560.776624083,5885542.023872316,8225631.526982327,96967983.28071445,94518129.3260807,98552060.20573004,67932586.57037626,62127438.54220686,72905932.76518309,101414283.92572646,101321244.53380068,101538795.0112105,1.0141428392572647,1.0132124453380067,1.0153879501121053,1792295.8258187613,780359.770523327,3431826.7176711266,0.0593585476328298,0.05744408841693622,0.06175490125670016,0.06997085813492063,0.062419642857142854,0.08053273809523809,0.07476438492063492,0.06694940476190477,0.08551388888888889,0.0,0.0,0.0,0.38770240083603646,0.37211331945156706,0.40838821981730145,6027696.505188357,4780131.612894813,7565844.530232875,0.2300967261904762,0.16727579365079365,0.31879166666666664,220541.14788834256,205466.81762660365,234055.12204231985,356995.48255526304,307559.572931131,429845.154323282,577536.6304436056,512480.0016843815,660098.2823280372,47533.32513760512,46332.41633631407,48309.83343418139,116.3385607876128,113.3993176108537,118.23907705492218,0.00017922509180391487,7.803311332726602e-05,0.00034317950930533704,0.00026561127390268326,0.00012244952211562903,0.0004935045004822186,1.1634356411659734,1.0196309109163826,1.3909995430476634
shared_fee_8131_8279,full_multiscale_60d,4.5,4.5,9086555.0,450000000.0,863428303.1674209,450000000.0,execution,state_matched_64,"State-matched 64: F=64, matched CPSB",False,True,225000000.0,112500000.0,40,64,2295.0,2.161501805529043,8.484472889197871,True,0.5,32,7200,50400,8,1.4479558695732846,1530.0,5.656315259465248,0.11295316038895495,789648.4405610375,False,state,66672464.41067433,112499999.99999341,60077877.415590666,6594586.99508367,2.5284371408599857,49019.607843134385,119.9762610828105,43094845.344750196,39527606.15804623,46372760.92905407,3299074.8413058664,2825077.254174528,3989183.8104683426,13085427.060907982,12883455.89971757,13219979.485381026,62399434.265283965,57234229.34672385,67145711.3755424,7130956.226058071,6106409.585657304,8622628.00891451,111022951.14184085,109309332.30032222,112164557.53945675,69530390.49134204,63392964.129562356,74982439.09902512,114128980.21315637,114018715.74478641,114267867.30963643,1.0144798241169455,1.0134996955092126,1.015714376085657,1524098.2940805922,660834.5107249081,2893711.006316914,0.06006092255405804,0.0581066876174325,0.062375786532770636,0.07491939484126983,0.06702083333333332,0.0840763888888889,0.0798325892857143,0.07181944444444445,0.08964682539682539,0.0,0.0,0.0,0.392653691253963,0.3766238585821014,0.4124901630729398,7317823.195272996,5890852.185953632,9064452.277372247,0.15045014880952381,0.10665972222222223,0.21429563492063491,225094.64096401853,209002.0223079476,239568.5798652129,372640.92968518764,319101.4042019639,450590.91876485315,597735.5706492062,527265.3223189843,690442.8060066529,48376.01356942956,47629.338692950856,48873.44555096155,118.4010539766968,116.57355547423926,119.61852657415619,0.00017145664206864002,7.43411791489784e-05,0.00032553920185229173,0.00024734533144178054,0.00011331817441458576,0.0004582301223152603,1.1934515556632619,1.0453049485872061,1.4198170459972712
shared_fee_8131_8279,full_multiscale_60d,4.5,4.5,9086555.0,450000000.0,863428303.1674209,450000000.0,execution,state_matched_64,"State-matched 64: F=64, matched CPSB",False,True,250000000.0,125000000.0,40,64,2550.0,2.161501805529043,9.427192099108746,True,0.5,32,7200,50400,8,1.4479558695732846,1530.0,5.656315259465248,0.11295316038895495,710683.5965047226,False,state,67605688.4331622,125000000.00000511,60849716.328567326,6755972.104594868,2.528437140860237,49019.60784313926,119.97626108282243,43803925.12405205,40125989.99104229,47184755.530748434,3409194.577068405,2908078.9657669775,4133757.838031158,13209826.131490393,13078292.357373316,13301613.177311042,63426150.49371989,58100662.72996832,68321443.72512747,7368980.233733164,6285817.935126388,8935125.030524071,124531568.53737646,123291574.38125561,125396862.65053634,70795130.72745317,64443226.436871804,76554230.98523012,126837799.80773377,126711060.40431555,126990858.16791879,1.01470239846187,1.0136884832345243,1.0159268653433502,1336489.0198036423,579490.3689846126,2518658.611487988,0.06051942009279519,0.05851110985431111,0.06278422436009534,0.0779532490079365,0.07077281746031747,0.08722222222222223,0.08295262896825398,0.07519742063492063,0.09288492063492064,0.0,0.0,0.0,0.3955566690242588,0.3796345785703257,0.4149368386981518,8499564.35554583,6877561.067440785,10536978.769937431,0.10322296626984127,0.0723154761904762,0.14870932539682538,228550.4603021437,211841.6389451493,243588.5998755158,385079.301860763,328476.70984402363,466921.012088233,613629.7621629068,539503.566519,713212.7005596217,48835.909230343714,48349.6370122571,49175.24025511229,119.52665583914452,118.33649693821712,120.35717385861565,0.00016705675579581548,7.243369729038036e-05,0.00031483359605590953,0.0002352575907476614,0.0001076322416054228,0.0004343002160458923,1.2104798260706424,1.0542316258360305,1.4367106801345453
shared_fee_8131_8279,full_multiscale_60d,4.5,4.5,9086555.0,450000000.0,863428303.1674209,450000000.0,execution,state_matched_64,"State-matched 64: F=64, matched CPSB",False,True,275000000.0,137500000.0,40,64,2805.0,2.161501805529043,10.36991130901962,True,0.5,32,7200,50400,8,1.4479558695732846,1530.0,5.656315259465248,0.11295316038895495,646075.9968224195,False,state,68461830.80260189,137500000.00000963,61556468.40547501,6905362.397126876,2.5284371408603104,49019.607843140686,119.97626108282593,44403300.461490974,40647008.02038307,47879842.30333718,3502368.5545473625,2980986.161575212,4253744.290278668,13283427.564515684,13194105.58876436,13349519.964306086,64294019.53164204,58855073.843706205,69327898.69736037,7570375.954282268,6443406.970501906,9194475.963696236,137747965.7238028,136821704.75731605,138433338.0478287,71864395.48592448,65358401.63663769,77834770.13399504,139542727.95670962,139400020.82864124,139709740.00489232,1.0148562033215245,1.013818333299209,1.0160708363992168,1195086.2302302425,518922.1872816847,2258486.950883526,0.06083391677993784,0.05879031200171578,0.06309384428796828,0.0799156746031746,0.0729890873015873,0.0895,0.08497829861111111,0.07745138888888889,0.09490376984126984,0.0,0.0,0.0,0.39739784016854846,0.38127699627864015,0.4166337503878029,9613885.403041707,7778627.3283184925,11915812.39757586,0.07424603174603174,0.05229464285714286,0.10735218253968254,231389.93971975576,214271.86407701744,246809.83950800227,395603.59708302055,336711.8080256601,480473.8610734477,626993.5368027764,550186.777809734,731610.9618108589,49108.00917069618,48777.791357331924,49352.34868015283,120.19262472222519,119.38441143098129,120.79064951412532,0.00016432002173764776,7.134926932844771e-05,0.0003105432447802733,0.00022651483907855559,0.00010360507897552956,0.0004164866492583112,1.2204848439824825,1.0594425812622543,1.4464180225978565
shared_fee_8131_8279,full_multiscale_60d,4.5,4.5,9086555.0,450000000.0,863428303.1674209,450000000.0,execution,state_matched_64,"State-matched 64: F=64, matched CPSB",False,True,300000000.0,150000000.0,40,64,3060.0,2.161501805529043,11.312630518930495,True,0.5,32,7200,50400,8,1.4479558695732846,1530.0,5.656315259465248,0.11295316038895495,592236.3304206335,False,state,69253475.46778028,150000000.0000035,62208847.813166834,7044627.654613436,2.5284371408601922,49019.607843138394,119.97626108282032,44930397.3843838,41112896.42327086,48485369.21181586,3584400.508578654,3046870.7925844328,4357921.314808539,13329834.629948372,13267165.592875555,13379595.8479195,65057232.61497861,59529659.69123349,70204674.93867654,7747688.171031974,6585816.719384899,9419654.79031212,150795494.04703784,150086542.38565752,151358424.3201158,72804920.78601047,66177405.42553161,78932853.79915641,152244938.55956098,152086896.66986424,152425944.1254165,1.0149662570637399,1.0139126444657616,1.01617296083611,1083509.4488226525,471305.6001155689,2050602.6107021603,0.06105853997245987,0.05899263274393474,0.06331641953727782,0.08115327380952381,0.07418849206349207,0.09070634920634921,0.08633370535714285,0.07889186507936509,0.09624900793650794,0.0,0.0,0.0,0.3986761293001235,0.3823659187465389,0.41797287569588765,10683814.016022664,8632424.19689576,13230063.832228292,0.05574404761904762,0.039804563492063495,0.0803611111111111,233839.72834573104,216421.9268620539,249591.17368012556,404869.3655437364,344153.68531921174,492240.9852340144,638709.0938894673,559791.2934297037,747231.645508113,49279.573217986224,49047.88966851553,49463.53735951497,120.61253042599913,120.04548129519335,121.06278555542728,0.00016252208962547866,7.069334749387656e-05,0.000307591675764084,0.00021984082938072486,0.00010050205148480181,0.00040299119746916966,1.226665287318216,1.062757452796816,1.4521831068472624
shared_fee_8131_8279,full_multiscale_60d,4.5,4.5,9086555.0,450000000.0,863428303.1674209,450000000.0,execution,state_matched_64,"State-matched 64: F=64, matched CPSB",False,True,325000000.0,162500000.0,40,64,3315.0,2.161501805529043,12.25534972884137,True,0.5,32,7200,50400,8,1.4479558695732846,1530.0,5.656315259465248,0.11295316038895495,546679.689618995,False,state,69990300.70037904,162500000.00000888,62815082.50343228,7175218.19694676,2.5284371408602717,49019.60784313994,119.9762610828241,45405736.53784199,41537440.709154025,49021788.36866988,3658531.8306107195,3107362.121800874,4456221.781175194,13360882.740296297,13315010.446222074,13400276.913601404,65745502.73226639,60144381.08187163,70981386.20539479,7907923.15745054,6716568.836705151,9632131.425848113,163742290.6683572,163180109.66161537,164225080.03948882,73653425.8897172,66924528.34869717,79904939.80924529,164945399.5307755,164772459.47858182,165140589.53208628,1.01504861249708,1.013984366022042,1.0162497817359157,992515.6216609627,432455.44361861557,1879924.052476028,0.061225870306655626,0.05914804457040623,0.06348078607071461,0.08208395337301587,0.07495436507936508,0.09175396825396825,0.08732328869047619,0.0800952380952381,0.09700595238095237,0.0,0.0,0.0,0.3996816630566225,0.3831902679096234,0.41909581593790773,11725263.908588562,9454802.734576872,14503196.74349895,0.04355034722222222,0.031199404761904765,0.06234126984126984,236021.18465860083,218363.3678722278,252095.91283868896,413242.7326510695,350986.37213033746,503344.33357783617,649263.9173096705,568571.9003256975,760980.4246183396,49394.35615938377,49224.76912869242,49539.99397872966,120.89346348015644,120.47839655559852,121.24991433331887,0.00016127947054975743,7.027155237241612e-05,0.00030548893394790667,0.0002145273203533554,9.800084122049558e-05,0.0003923939699836617,1.230693512652942,1.0649985839423737,1.4556697712632252
shared_fee_8131_8279,full_multiscale_60d,4.5,4.5,9086555.0,450000000.0,863428303.1674209,450000000.0,execution,state_matched_64,"State-matched 64: F=64, matched CPSB",False,True,350000000.0,175000000.0,40,64,3570.0,2.161501805529043,13.198068938752245,True,0.5,32,7200,50400,8,1.4479558695732846,1530.0,5.656315259465248,0.11295316038895495,507631.14036054903,False,state,70679917.35061637,175000000.0000034,63381633.9279308,7298283.42268556,2.5284371408601825,49019.607843138205,119.97626108281985,45841357.68557389,41928863.62562861,49507811.18986781,3726712.1694564223,3163606.2891503973,4545481.074108108,13382657.745904505,13346457.27097856,13416378.428989917,66376262.930035084,60711144.191266775,71685125.80209531,8055295.082967113,6838140.7059816215,9825065.548682816,176625239.51415896,176147463.15047106,177070287.41418073,74431558.01300229,67614130.61149786,80785544.06672138,177644604.2300746,177456873.34430188,177854143.35484695,1.015112024171855,1.0140392762531536,1.0163093905991256,916492.6160710745,399927.88632374693,1736635.273502786,0.061355310349743064,0.059269130089793814,0.06360738629547494,0.08281249999999998,0.07552678571428571,0.09249305555555556,0.08804501488095239,0.08077380952380953,0.0975922619047619,0.0,0.0,0.0,0.4005488890264458,0.3839128316566178,0.4200569372912567,12747290.980679974,10260511.713507729,15746967.724571768,0.03507750496031746,0.02489186507936508,0.04941170634920635,238003.3417058838,220143.7106662835,254338.24843797358,420943.9174000815,357339.3285859114,513426.45280869235,658947.2591059653,576708.6889173192,773396.7152762357,49474.85700676721,49341.02609256893,49599.52028408424,121.09049057009094,120.7629373029537,121.3956059017902,0.00016038188579865006,6.998493905762449e-05,0.0003039124196695345,0.00021016351403797774,9.59281513525224e-05,0.0003837715170052084,1.233442141972453,1.06660052644009,1.4580595384028825
shared_fee_8131_8279,full_multiscale_60d,4.5,4.5,9086555.0,450000000.0,863428303.1674209,450000000.0,execution,state_matched_64,"State-matched 64: F=64, matched CPSB",False,True,375000000.0,187500000.0,50,64,3825.0,2.161501805529043,14.14078814866312,True,0.5,32,7200,50400,8,1.4479558695732846,1530.0,5.656315259465248,0.11295316038895495,473789.064336578,False,state,71328423.6870288,187499999.99999493,63913672.78596637,7414750.901062434,2.528437140860065,49019.60784313593,119.97626108281428,46245042.69880121,42293186.146583945,49954404.904899284,3790162.173043985,3216321.052908193,4627396.471365557,13398518.5733007,13369847.477448316,13428331.435175778,66960781.0143965,61238667.12390178,72331773.79309,8192442.3802824505,6952083.763022114,10002125.82775535,189465612.65095615,189060180.75852042,189887190.0148358,75153223.39467901,68256721.84749934,81594642.7434809,190342941.83551812,190140468.95959342,190567704.50755912,1.0151623564560965,1.0140825011178316,1.016361090706982,851801.6950795329,372185.3956867203,1614421.8381647083,0.06145781292819405,0.05936582649302418,0.06370736586068726,0.08334015376984127,0.07591071428571429,0.09296031746031745,0.08862413194444443,0.08127380952380953,0.09815079365079366,0.0,0.0,0.0,0.4013272451931158,0.3846355511839265,0.4208786297671506,13755812.108359938,11055247.377323184,16971750.453770094,0.029001116071428572,0.020552579365079364,0.04052777777777778,239829.27848252447,221793.13116180364,256380.71078894942,428110.7958319872,363293.6277515116,522679.05581343797,667940.0743145116,584314.3048060581,784769.2352023234,49533.493503517944,49427.49823752168,49643.70980780021,121.23400431801116,120.97457923759424,121.50376045601344,0.000159708496665265,6.978233353377263e-05,0.0003027053232748421,0.00020649274473235734,9.417281204721629e-05,0.00037658761037527507,1.2353924445807585,1.067681782198006,1.460531233662491
shared_fee_8131_8279,full_multiscale_60d,4.5,4.5,9086555.0,450000000.0,863428303.1674209,450000000.0,execution,state_matched_64,"State-matched 64: F=64, matched CPSB",False,True,400000000.0,200000000.0,50,64,4080.0,2.161501805529043,15.083507358573994,True,0.5,32,7200,50400,8,1.4479558695732846,1530.0,5.656315259465248,0.11295316038895495,444177.2478155956,False,state,71940784.88356473,199999999.99998647,64415404.01753994,7525380.866024785,2.5284371408599626,49019.60784313394,119.97626108280942,46622153.86652689,42634420.604368776,50369323.171016894,3849701.478376771,3266048.9826049022,4703443.966074512,13410414.471507587,13384544.151551712,13437311.079414029,67506821.34318647,61732759.55995224,72932557.1319081,8321136.6962592285,7059570.772846773,10166502.624874784,202276085.36249393,201885870.20107207,202681780.54577053,75827958.03944573,68859239.72169346,82346269.18640427,203040650.819862,202823552.4409966,203281167.77430958,1.0152032540993101,1.014117762204983,1.016405838871548,795955.2737333064,348187.4215160777,1508806.4977454473,0.06154085648799744,0.05944458497904469,0.06378811635913076,0.08375372023809524,0.07615674603174603,0.09324404761904762,0.08906808035714285,0.08164583333333333,0.09853373015873015,0.0,0.0,0.0,0.40201600760556194,0.38530351086227,0.42156486054538495,14754430.632427925,11842427.614966867,18182989.634720888,0.024459325396825396,0.017237103174603176,0.03425099206349206,241527.69221692247,223332.569645785,258265.99177195498,434835.94853668835,368910.55457035464,531268.8606804769,676363.6407536109,591469.7710290145,795306.4752994976,49577.47190257204,49481.83093163531,49676.906996512385,121.34164214130429,121.10755936087817,121.58501109744844,0.00015918673856884537,6.963507023573405e-05,0.00030176251803537595,0.0002033480970553561,9.265897279439692e-05,0.0003704744732222362,1.2368040495374735,1.068437201581849,1.462311989943572
shared_fee_8131_8279,full_multiscale_60d,4.5,4.5,9086555.0,450000000.0,863428303.1674209,450000000.0,execution,state_matched_64,"State-matched 64: F=64, matched CPSB",False,True,425000000.0,212500000.0,50,64,4335.0,2.161501805529043,16.02622656848487,True,0.5,32,7200,50400,8,1.4479558695732846,1530.0,5.656315259465248,0.11295316038895495,418049.17441461334,False,state,72521099.91512787,212499999.99999672,64890295.112177975,7630804.802949905,2.528437140860094,49019.6078431365,119.97626108281568,46976611.693066865,42955745.82757974,50757750.941094875,3905919.4144505085,3313277.6675562654,4774662.96946728,13419533.95832016,13395967.632941542,13443883.525314713,68020060.63364121,62198024.30294247,73494983.40149736,8442651.866585694,7161655.660641983,10320442.62929613,215064491.6594966,214686812.38959214,215454723.33699414,76462712.50022672,69427201.84536251,83050071.81321962,215737815.80903023,215506196.2960427,215994182.94606474,1.0152367802777893,1.0141468060990244,1.016443213863834,747192.4745274038,327184.5667474817,1416452.5797617682,0.06160926789915284,0.05950902476504531,0.06385488654324517,0.08408420138888888,0.0763531746031746,0.09347718253968254,0.08941220238095238,0.08185813492063491,0.09878174603174604,0.0,0.0,0.0,0.4026088110486718,0.38588304849659366,0.422145376755693,15745314.066947805,12623263.066967739,19399455.987463098,0.020908358134920632,0.014634920634920636,0.029073412698412696,243118.92665988614,224777.16498821325,260022.28267067557,441185.9420867613,374245.1837966254,539313.2721934416,684304.8687466474,598235.7464358343,805162.2433870914,49611.18608062205,49524.06283496935,49701.204922028635,121.42415812227387,121.21092260843092,121.64448065226082,0.00015877408303043602,6.952431745629763e-05,0.00030099737386557533,0.0002006172785560644,9.133642819920401e-05,0.0003651939570163553,1.2378382719293526,1.0689914273236942,1.4636176763780369
shared_fee_8131_8279,full_multiscale_60d,4.5,4.5,9086555.0,450000000.0,863428303.1674209,450000000.0,execution,state_matched_64,"State-matched 64: F=64, matched CPSB",False,True,450000000.0,225000000.0,50,64,4590.0,2.161501805529043,16.968945778395742,True,0.5,32,7200,50400,8,1.4479558695732846,1530.0,5.656315259465248,0.11295316038895495,394824.2202804984,False,state,73072793.8330985,224999999.9999907,65341240.410287745,7731553.422810756,2.5284371408600292,49019.60784313523,119.97626108281257,47311425.02465351,43259708.01803644,51123660.93024812,3959291.185826384,3358188.7254866236,4841971.452064113,13426665.966960244,13405219.723887766,13448303.483880514,68504855.56232345,62638148.14074203,74024804.91802691,8558015.046778966,7258730.993446661,10465930.03595663,227836366.7779593,227472446.64211246,228203532.62935817,77062870.60910241,69965037.53455214,83713485.82508487,228434560.8727523,228188395.6370304,228706753.14835906,1.0152647149900103,1.0141706472756906,1.0164744584371515,704202.7179403005,308630.8964745652,1334968.7490276187,0.061666191951045404,0.059562921361231404,0.06391024941826853,0.08435763888888889,0.07654662698412698,0.0936656746031746,0.08966145833333333,0.08198511904761904,0.0990436507936508,0.0,0.0,0.0,0.40311277147233776,0.38639299162713453,0.4226290750387821,16730351.962812576,13399218.759644344,20606524.192044362,0.01822606646825397,0.012696428571428572,0.025612103174603173,244618.2991321027,226139.8327130391,261670.94998990232,447214.45233922324,379318.0297262708,546915.9780237388,691832.7514713259,604659.6620998967,814462.2501836235,49637.55267493666,49558.2672422903,49717.545235154284,121.48869077650231,121.2946384332505,121.68447382560507,0.00015844129421224338,6.943955373562392e-05,0.00030036915423299593,0.00019821866902397986,9.01689719860104e-05,0.00036057295700980227,1.2386136845035693,1.069385223295127,1.4645672236791465
shared_fee_8131_8279,full_multiscale_60d,5.0,4.0,10242311.0,400000000.0,973251271.4932127,400000000.0,execution,state_matched_64,"State-matched 64: F=64, matched CPSB",False,True,50000000.0,25000000.0,40,64,510.0,2.161501805529043,1.8854384198217493,True,0.5,32,7200,50400,8,1.4479558695732846,1530.0,5.656315259465248,0.11295316038895495,1616044955.0430844,False,regular,25000000.000000708,3220594.7295819097,23853463.050618015,1146536.9493826907,0.32572285319733196,6314.891626631195,15.455796564730612,16631654.283601392,16501338.248874065,16732005.862038916,530768.1159659787,468432.10786824254,628048.4935133099,1795806.8190652346,1460080.5634746272,2245606.679192239,24081901.440654267,23893209.573271547,24227206.097673923,1147256.2409777122,1012516.8469249803,1357527.9526888237,3385883.171243478,2752891.990410049,4233953.108757393,25229157.681632012,25153533.30226254,25266744.08720721,25260595.17356734,25240386.262070816,25288524.618796762,1.0104238069426934,1.0096154504828325,1.0115409847518706,2999207191.026578,1421501072.8905275,6915448991.999962,0.050824340813867025,0.04876868780923039,0.05296209610649523,0.02713107638888889,0.021479166666666667,0.03356944444444444,0.03304129464285714,0.026373015873015875,0.040804563492063496,0.0,0.0,0.0,0.3171608150506131,0.3004017928096554,0.3338012679436527,97644.61536302982,68175.33336313207,127387.65152772554,0.9965928819444445,0.991764880952381,0.9994623015873016,78449.29457142156,77204.76054121956,79649.11676438956,59951.936132048635,52910.88701137785,70940.06221985043,138401.23070347018,131847.01058205427,148134.4185716769,6638.98661028133,5397.827432176567,8301.868840700772,16.24902413396103,13.21126752696933,20.31895454354736,0.07498036331846498,0.035534586441626215,0.17288395517926997,0.08265779118755678,0.03984895495342104,0.1875988595958412,1.085696816673535,0.8326961988027048,1.4567684821863383
shared_fee_8131_8279,full_multiscale_60d,5.0,4.0,10242311.0,400000000.0,973251271.4932127,400000000.0,execution,state_matched_64,"State-matched 64: F=64, matched CPSB",False,True,75000000.0,37500000.0,40,64,765.0,2.161501805529043,2.828157629732624,True,0.5,32,7200,50400,8,1.4479558695732846,1530.0,5.656315259465248,0.11295316038895495,66425030.80442605,False,regular,37499999.999999896,12280695.455132913,35115102.532672405,2384897.4673274895,0.8280257734493413,16053.196673376357,39.29045131209592,24278378.97340904,23945348.748279337,24564529.50670816,1082972.2163381437,966256.0135375337,1285257.800938699,4314046.15789922,3552880.793601182,5311718.576063929,35154021.3382722,34671808.2690506,35568354.68254419,2340846.4009526838,2088564.1178646518,2778087.057299301,12200802.556481406,10048106.923953753,15022377.417887807,37494867.739224955,37112130.96471177,37741290.08737147,37895595.13316454,37863610.89635194,37940354.625106,1.0105492035510544,1.0096962905693851,1.0117427900028266,128130484.57912296,60739991.250191435,286070448.4994317,0.05114569572378898,0.049046024347922504,0.05342249645607174,0.028100818452380952,0.022291666666666664,0.034187499999999996,0.034056299603174606,0.027393849206349206,0.04148511904761905,0.0,0.0,0.0,0.31946639083279205,0.3034877254980826,0.33724064678460564,185431.25209392962,113189.41740591303,281923.3006579484,0.9699634176587302,0.9428392857142857,0.985844246031746,118945.75130454655,116908.65355278327,120879.53085575844,122325.13444882439,109141.67047389726,145173.9305305844,241270.88575337094,228476.22318306335,262317.95843317197,15948.7615117404,13134.780292750003,19637.09466390563,39.034844611635215,32.147581325235784,48.0620980046168,0.004804902020828937,0.002277530460658918,0.010727569636701448,0.006053475257244855,0.0029684302741304486,0.013066336486099644,1.0435771939294216,0.8018994999507303,1.4035385484103757
shared_fee_8131_8279,full_multiscale_60d,5.0,4.0,10242311.0,400000000.0,973251271.4932127,400000000.0,execution,state_matched_64,"State-matched 64: F=64, matched CPSB",False,True,100000000.0,50000000.0,40,64,1020.0,2.161501805529043,3.7708768396434986,True,0.5,32,7200,50400,8,1.4479558695732846,1530.0,5.656315259465248,0.11295316038895495,7127800.090390119,False,regular,50000000.000000015,31400272.926351912,46019677.17025021,3980322.8297498054,1.5878723260026617,30784.581300345013,75.34574685367448,30880128.66282139,30069116.950489882,31505714.23109248,1708590.3367165774,1532993.936753534,2042856.3842762262,7298699.343233851,6231292.369939464,8519292.676040486,44713063.55051048,43538754.38134718,45618883.846008636,3693121.097722353,3313569.162157857,4415637.763049581,27522496.31292164,23497436.078851968,32125203.44222549,48406184.64823276,47115110.23567847,49338181.33178331,50545916.11362871,50500558.404833175,50604242.151359625,1.0109183222725742,1.0100111680966635,1.0120848430271925,17528876.973054133,8653244.79757922,36177764.251869984,0.052088034902564306,0.049874291363618824,0.05461212614352284,0.03158234126984127,0.025223214285714286,0.03987797619047619,0.037686631944444444,0.031147817460317462,0.047014880952380954,0.0,0.0,0.0,0.3269941117113332,0.3094701299677154,0.34670991150472996,581970.9111028102,307926.0032700535,949097.177751726,0.8863969494047619,0.8245436507936508,0.9327083333333333,156010.75797888613,153556.0588712529,159087.2155122107,192990.6783421661,173156.5100134174,230747.08482475317,349001.43632105226,330603.6645431556,385730.02810571657,26982.839522472197,23036.702038090167,31495.29749237793,66.04092406579939,56.3826905154632,77.08523591046148,0.0008764409757595961,0.00043261827302237376,0.00180888157085938,0.0012725576499109641,0.0006524272412709799,0.002534069154672465,1.0365407875115238,0.7654480505231006,1.494822380661892
shared_fee_8131_8279,full_multiscale_60d,5.0,4.0,10242311.0,400000000.0,973251271.4932127,400000000.0,execution,state_matched_64,"State-matched 64: F=64, matched CPSB",False,True,125000000.0,62500000.0,40,64,1275.0,2.161501805529043,4.713596049554373,True,0.5,32,7200,50400,8,1.4479558695732846,1530.0,5.656315259465248,0.11295316038895495,1421367.1930095186,False,state,61710624.41116986,62500000.00000148,55948154.265304595,5762470.1458652625,2.5284371408601936,49019.607843138416,119.97626108282037,35791738.218040824,34077684.296462595,37211360.149047986,2270275.0264492757,2020599.0867091306,2738255.1187225617,9841352.813558053,8770135.265573116,10852724.350206086,51824857.43504265,49342982.99852858,53880407.34261958,4907203.56871761,4367528.574172112,5918743.383118004,46388161.744256854,41338874.9418617,51155358.624032564,56732061.00376019,53909224.94629789,58844599.8827779,63237062.0335029,63180886.79183399,63310176.85776928,1.0117929925360465,1.0108941886693437,1.0129628297243085,5631477.173652834,2773970.436728334,11538974.083930526,0.054184427325916634,0.05203732741009369,0.05677654922823142,0.03908358134920635,0.031483134920634925,0.048042658730158734,0.04482452876984127,0.03744047619047619,0.05328769841269841,0.0,0.0,0.0,0.3449211902017574,0.32736819336376655,0.3682639818806419,1550966.031302592,955577.0350283633,2315586.287932729,0.7358165922619048,0.6336329365079365,0.8188184523809524,184386.668516241,178747.68719586582,189232.71429750053,256434.739189564,228233.0527228323,309294.5696109464,440821.40770580503,412540.7073214071,493686.32428739517,36382.87195627988,32422.647013224854,40121.84990120201,89.04765127329486,79.35493844631586,98.19885859299347,0.00035196266614011945,0.00017335909795156975,0.0007211892537174858,0.0005493412557149224,0.00028187399693571674,0.001102710247218273,1.1957219907535073,0.8621809126857324,1.6504050327587236
shared_fee_8131_8279,full_multiscale_60d,5.0,4.0,10242311.0,400000000.0,973251271.4932127,400000000.0,execution,state_matched_64,"State-matched 64: F=64, matched CPSB",False,True,150000000.0,75000000.0,40,64,1530.0,2.161501805529043,5.656315259465248,True,0.5,32,7200,50400,8,1.4479558695732846,1530.0,5.656315259465248,0.11295316038895495,1184472.6608413283,False,state,63206482.43427539,75000000.00000046,57197805.08629793,6008677.347977456,2.528437140860149,49019.60784313756,119.97626108281827,38992053.560354725,36453044.50506333,41226968.79346099,2689842.3302268097,2377500.175252782,3252542.3534210166,11509931.706064235,10686593.83899009,12154923.026322648,56458772.81943147,52782399.75492219,59694831.449206226,5814099.053373706,5138970.921454534,7030376.169479256,65103802.34441055,60446743.803183526,68752076.5914099,62272871.872805074,58012071.84465094,65574092.460780725,75962152.71956256,75891131.71688624,76055117.99409449,1.012828702927501,1.0118817562251499,1.01406823992126,3104912.9361992544,1461849.9051599405,5830191.239135599,0.05652504586241988,0.054476670081905314,0.05912359676215976,0.050694444444444445,0.041063492063492066,0.06151190476190476,0.055554315476190476,0.04628472222222222,0.06632638888888889,0.0,0.0,0.0,0.3647689144933911,0.3477324465469491,0.38843855471167305,3013754.0504931016,2126490.208921493,4135864.865657384,0.5411067708333333,0.42440972222222223,0.6490188492063492,202876.24888037727,192785.0183940004,211141.779704103,303826.1921471091,268546.158620096,367384.93811783305,506702.44102748646,464301.3740316346,570541.0667393635,42551.50480026834,39507.67568835525,44935.99777216334,104.14547716742865,96.69565754849239,109.98156121489151,0.00023286380654345077,0.00010963624584996981,0.0004372625719731316,0.0003640648180559282,0.00017913133342363984,0.0006692870883873548,1.0641353840992602,0.8690258048769159,1.3423074928537952
shared_fee_8131_8279,full_multiscale_60d,5.0,4.0,10242311.0,400000000.0,973251271.4932127,400000000.0,execution,state_matched_64,"State-matched 64: F=64, matched CPSB",False,True,175000000.0,87500000.0,40,64,1785.0,2.161501805529043,6.5990344693761225,True,0.5,32,7200,50400,8,1.4479558695732846,1530.0,5.656315259465248,0.11295316038895495,1015262.2807211468,False,state,64501152.69048977,87500000.00000028,58276121.01656001,6225031.673929756,2.5284371408601416,49019.60784313741,119.97626108281791,40945493.11569537,37862804.0088524,43755748.003276855,2970912.075665974,2585129.154624086,3581245.3141776547,12409514.666398264,11877275.60798492,12770036.106928842,59287267.089443594,54823669.303120926,63356392.148914926,6421631.815620035,5587761.335245772,7740868.212637435,81890815.0317853,78378551.13936798,84269908.44479397,65708898.90506366,60473541.76295876,69915208.702347,88691819.68242976,88609520.95260596,88800553.61260344,1.0136207963706259,1.0126802394583538,1.014863469858325,2226881.822963639,986141.3219031547,4281605.616655613,0.05825060826937087,0.05634191032408355,0.0607455586128414,0.06211805555555555,0.05415873015873016,0.0727609126984127,0.0667640128968254,0.05861210317460318,0.07782142857142857,0.0,0.0,0.0,0.3790804942469298,0.36265954938066697,0.40102351504089634,4585059.599642666,3497820.4627005416,5880594.680708627,0.35890004960317456,0.2646428571428571,0.4700734126984127,213843.90291014872,200590.72890679748,225626.13447158106,335573.9081841818,291998.5080284179,404512.976364502,549417.8110943305,493212.00923435745,618505.9654459665,45877.20730072005,43909.552459029685,47210.032742181495,112.28518633757932,107.46932016902603,115.54729756568835,0.00019484755083780655,8.628411412720724e-05,0.0003746376676801096,0.0002971863827875431,0.0001392622084217081,0.0005506472299684737,1.1134585037446452,0.9689401322441675,1.3512604569495552
shared_fee_8131_8279,full_multiscale_60d,5.0,4.0,10242311.0,400000000.0,973251271.4932127,400000000.0,execution,state_matched_64,"State-matched 64: F=64, matched CPSB",False,True,200000000.0,100000000.0,40,64,2040.0,2.161501805529043,7.541753679286997,True,0.5,32,7200,50400,8,1.4479558695732846,1530.0,5.656315259465248,0.11295316038895495,888354.4956312402,False,state,65645352.150078095,99999999.9999914,59226618.930732764,6418733.21934533,2.528437140859916,49019.60784313304,119.97626108280721,42198127.082256235,38806260.60024934,45306874.786148235,3160562.1420945353,2722894.7988002067,3805516.8429383244,12857484.797871172,12532646.032404283,13067525.723679587,61101025.79375224,56189752.81232147,65602355.27862544,6831560.776624083,5885542.023872316,8225631.526982327,96967983.28071445,94518129.3260807,98552060.20573004,67932586.57037626,62127438.54220686,72905932.76518309,101414283.92572646,101321244.53380068,101538795.0112105,1.0141428392572647,1.0132124453380067,1.0153879501121053,1792295.8258187613,780359.770523327,3431826.7176711266,0.0593585476328298,0.05744408841693622,0.06175490125670016,0.06997085813492063,0.062419642857142854,0.08053273809523809,0.07476438492063492,0.06694940476190477,0.08551388888888889,0.0,0.0,0.0,0.38770240083603646,0.37211331945156706,0.40838821981730145,6027696.505188357,4780131.612894813,7565844.530232875,0.2300967261904762,0.16727579365079365,0.31879166666666664,220541.14788834256,205466.81762660365,234055.12204231985,356995.48255526304,307559.572931131,429845.154323282,577536.6304436056,512480.0016843815,660098.2823280372,47533.32513760512,46332.41633631407,48309.83343418139,116.3385607876128,113.3993176108537,118.23907705492218,0.00017922509180391487,7.803311332726602e-05,0.00034317950930533704,0.00026561127390268326,0.00012244952211562903,0.0004935045004822186,1.1634356411659734,1.0196309109163826,1.3909995430476634
shared_fee_8131_8279,full_multiscale_60d,5.0,4.0,10242311.0,400000000.0,973251271.4932127,400000000.0,execution,state_matched_64,"State-matched 64: F=64, matched CPSB",False,True,225000000.0,112500000.0,40,64,2295.0,2.161501805529043,8.484472889197871,True,0.5,32,7200,50400,8,1.4479558695732846,1530.0,5.656315259465248,0.11295316038895495,789648.4405610375,False,state,66672464.41067433,112499999.99999341,60077877.415590666,6594586.99508367,2.5284371408599857,49019.607843134385,119.9762610828105,43094845.344750196,39527606.15804623,46372760.92905407,3299074.8413058664,2825077.254174528,3989183.8104683426,13085427.060907982,12883455.89971757,13219979.485381026,62399434.265283965,57234229.34672385,67145711.3755424,7130956.226058071,6106409.585657304,8622628.00891451,111022951.14184085,109309332.30032222,112164557.53945675,69530390.49134204,63392964.129562356,74982439.09902512,114128980.21315637,114018715.74478641,114267867.30963643,1.0144798241169455,1.0134996955092126,1.015714376085657,1524098.2940805922,660834.5107249081,2893711.006316914,0.06006092255405804,0.0581066876174325,0.062375786532770636,0.07491939484126983,0.06702083333333332,0.0840763888888889,0.0798325892857143,0.07181944444444445,0.08964682539682539,0.0,0.0,0.0,0.392653691253963,0.3766238585821014,0.4124901630729398,7317823.195272996,5890852.185953632,9064452.277372247,0.15045014880952381,0.10665972222222223,0.21429563492063491,225094.64096401853,209002.0223079476,239568.5798652129,372640.92968518764,319101.4042019639,450590.91876485315,597735.5706492062,527265.3223189843,690442.8060066529,48376.01356942956,47629.338692950856,48873.44555096155,118.4010539766968,116.57355547423926,119.61852657415619,0.00017145664206864002,7.43411791489784e-05,0.00032553920185229173,0.00024734533144178054,0.00011331817441458576,0.0004582301223152603,1.1934515556632619,1.0453049485872061,1.4198170459972712
shared_fee_8131_8279,full_multiscale_60d,5.0,4.0,10242311.0,400000000.0,973251271.4932127,400000000.0,execution,state_matched_64,"State-matched 64: F=64, matched CPSB",False,True,250000000.0,125000000.0,40,64,2550.0,2.161501805529043,9.427192099108746,True,0.5,32,7200,50400,8,1.4479558695732846,1530.0,5.656315259465248,0.11295316038895495,710683.5965047226,False,state,67605688.4331622,125000000.00000511,60849716.328567326,6755972.104594868,2.528437140860237,49019.60784313926,119.97626108282243,43803925.12405205,40125989.99104229,47184755.530748434,3409194.577068405,2908078.9657669775,4133757.838031158,13209826.131490393,13078292.357373316,13301613.177311042,63426150.49371989,58100662.72996832,68321443.72512747,7368980.233733164,6285817.935126388,8935125.030524071,124531568.53737646,123291574.38125561,125396862.65053634,70795130.72745317,64443226.436871804,76554230.98523012,126837799.80773377,126711060.40431555,126990858.16791879,1.01470239846187,1.0136884832345243,1.0159268653433502,1336489.0198036423,579490.3689846126,2518658.611487988,0.06051942009279519,0.05851110985431111,0.06278422436009534,0.0779532490079365,0.07077281746031747,0.08722222222222223,0.08295262896825398,0.07519742063492063,0.09288492063492064,0.0,0.0,0.0,0.3955566690242588,0.3796345785703257,0.4149368386981518,8499564.35554583,6877561.067440785,10536978.769937431,0.10322296626984127,0.0723154761904762,0.14870932539682538,228550.4603021437,211841.6389451493,243588.5998755158,385079.301860763,328476.70984402363,466921.012088233,613629.7621629068,539503.566519,713212.7005596217,48835.909230343714,48349.6370122571,49175.24025511229,119.52665583914452,118.33649693821712,120.35717385861565,0.00016705675579581548,7.243369729038036e-05,0.00031483359605590953,0.0002352575907476614,0.0001076322416054228,0.0004343002160458923,1.2104798260706424,1.0542316258360305,1.4367106801345453
shared_fee_8131_8279,full_multiscale_60d,5.0,4.0,10242311.0,400000000.0,973251271.4932127,400000000.0,execution,state_matched_64,"State-matched 64: F=64, matched CPSB",False,True,275000000.0,137500000.0,40,64,2805.0,2.161501805529043,10.36991130901962,True,0.5,32,7200,50400,8,1.4479558695732846,1530.0,5.656315259465248,0.11295316038895495,646075.9968224195,False,state,68461830.80260189,137500000.00000963,61556468.40547501,6905362.397126876,2.5284371408603104,49019.607843140686,119.97626108282593,44403300.461490974,40647008.02038307,47879842.30333718,3502368.5545473625,2980986.161575212,4253744.290278668,13283427.564515684,13194105.58876436,13349519.964306086,64294019.53164204,58855073.843706205,69327898.69736037,7570375.954282268,6443406.970501906,9194475.963696236,137747965.7238028,136821704.75731605,138433338.0478287,71864395.48592448,65358401.63663769,77834770.13399504,139542727.95670962,139400020.82864124,139709740.00489232,1.0148562033215245,1.013818333299209,1.0160708363992168,1195086.2302302425,518922.1872816847,2258486.950883526,0.06083391677993784,0.05879031200171578,0.06309384428796828,0.0799156746031746,0.0729890873015873,0.0895,0.08497829861111111,0.07745138888888889,0.09490376984126984,0.0,0.0,0.0,0.39739784016854846,0.38127699627864015,0.4166337503878029,9613885.403041707,7778627.3283184925,11915812.39757586,0.07424603174603174,0.05229464285714286,0.10735218253968254,231389.93971975576,214271.86407701744,246809.83950800227,395603.59708302055,336711.8080256601,480473.8610734477,626993.5368027764,550186.777809734,731610.9618108589,49108.00917069618,48777.791357331924,49352.34868015283,120.19262472222519,119.38441143098129,120.79064951412532,0.00016432002173764776,7.134926932844771e-05,0.0003105432447802733,0.00022651483907855559,0.00010360507897552956,0.0004164866492583112,1.2204848439824825,1.0594425812622543,1.4464180225978565
shared_fee_8131_8279,full_multiscale_60d,5.0,4.0,10242311.0,400000000.0,973251271.4932127,400000000.0,execution,state_matched_64,"State-matched 64: F=64, matched CPSB",False,True,300000000.0,150000000.0,40,64,3060.0,2.161501805529043,11.312630518930495,True,0.5,32,7200,50400,8,1.4479558695732846,1530.0,5.656315259465248,0.11295316038895495,592236.3304206335,False,state,69253475.46778028,150000000.0000035,62208847.813166834,7044627.654613436,2.5284371408601922,49019.607843138394,119.97626108282032,44930397.3843838,41112896.42327086,48485369.21181586,3584400.508578654,3046870.7925844328,4357921.314808539,13329834.629948372,13267165.592875555,13379595.8479195,65057232.61497861,59529659.69123349,70204674.93867654,7747688.171031974,6585816.719384899,9419654.79031212,150795494.04703784,150086542.38565752,151358424.3201158,72804920.78601047,66177405.42553161,78932853.79915641,152244938.55956098,152086896.66986424,152425944.1254165,1.0149662570637399,1.0139126444657616,1.01617296083611,1083509.4488226525,471305.6001155689,2050602.6107021603,0.06105853997245987,0.05899263274393474,0.06331641953727782,0.08115327380952381,0.07418849206349207,0.09070634920634921,0.08633370535714285,0.07889186507936509,0.09624900793650794,0.0,0.0,0.0,0.3986761293001235,0.3823659187465389,0.41797287569588765,10683814.016022664,8632424.19689576,13230063.832228292,0.05574404761904762,0.039804563492063495,0.0803611111111111,233839.72834573104,216421.9268620539,249591.17368012556,404869.3655437364,344153.68531921174,492240.9852340144,638709.0938894673,559791.2934297037,747231.645508113,49279.573217986224,49047.88966851553,49463.53735951497,120.61253042599913,120.04548129519335,121.06278555542728,0.00016252208962547866,7.069334749387656e-05,0.000307591675764084,0.00021984082938072486,0.00010050205148480181,0.00040299119746916966,1.226665287318216,1.062757452796816,1.4521831068472624
shared_fee_8131_8279,full_multiscale_60d,5.0,4.0,10242311.0,400000000.0,973251271.4932127,400000000.0,execution,state_matched_64,"State-matched 64: F=64, matched CPSB",False,True,325000000.0,162500000.0,40,64,3315.0,2.161501805529043,12.25534972884137,True,0.5,32,7200,50400,8,1.4479558695732846,1530.0,5.656315259465248,0.11295316038895495,546679.689618995,False,state,69990300.70037904,162500000.00000888,62815082.50343228,7175218.19694676,2.5284371408602717,49019.60784313994,119.9762610828241,45405736.53784199,41537440.709154025,49021788.36866988,3658531.8306107195,3107362.121800874,4456221.781175194,13360882.740296297,13315010.446222074,13400276.913601404,65745502.73226639,60144381.08187163,70981386.20539479,7907923.15745054,6716568.836705151,9632131.425848113,163742290.6683572,163180109.66161537,164225080.03948882,73653425.8897172,66924528.34869717,79904939.80924529,164945399.5307755,164772459.47858182,165140589.53208628,1.01504861249708,1.013984366022042,1.0162497817359157,992515.6216609627,432455.44361861557,1879924.052476028,0.061225870306655626,0.05914804457040623,0.06348078607071461,0.08208395337301587,0.07495436507936508,0.09175396825396825,0.08732328869047619,0.0800952380952381,0.09700595238095237,0.0,0.0,0.0,0.3996816630566225,0.3831902679096234,0.41909581593790773,11725263.908588562,9454802.734576872,14503196.74349895,0.04355034722222222,0.031199404761904765,0.06234126984126984,236021.18465860083,218363.3678722278,252095.91283868896,413242.7326510695,350986.37213033746,503344.33357783617,649263.9173096705,568571.9003256975,760980.4246183396,49394.35615938377,49224.76912869242,49539.99397872966,120.89346348015644,120.47839655559852,121.24991433331887,0.00016127947054975743,7.027155237241612e-05,0.00030548893394790667,0.0002145273203533554,9.800084122049558e-05,0.0003923939699836617,1.230693512652942,1.0649985839423737,1.4556697712632252
shared_fee_8131_8279,full_multiscale_60d,5.0,4.0,10242311.0,400000000.0,973251271.4932127,400000000.0,execution,state_matched_64,"State-matched 64: F=64, matched CPSB",False,True,350000000.0,175000000.0,40,64,3570.0,2.161501805529043,13.198068938752245,True,0.5,32,7200,50400,8,1.4479558695732846,1530.0,5.656315259465248,0.11295316038895495,507631.14036054903,False,state,70679917.35061637,175000000.0000034,63381633.9279308,7298283.42268556,2.5284371408601825,49019.607843138205,119.97626108281985,45841357.68557389,41928863.62562861,49507811.18986781,3726712.1694564223,3163606.2891503973,4545481.074108108,13382657.745904505,13346457.27097856,13416378.428989917,66376262.930035084,60711144.191266775,71685125.80209531,8055295.082967113,6838140.7059816215,9825065.548682816,176625239.51415896,176147463.15047106,177070287.41418073,74431558.01300229,67614130.61149786,80785544.06672138,177644604.2300746,177456873.34430188,177854143.35484695,1.015112024171855,1.0140392762531536,1.0163093905991256,916492.6160710745,399927.88632374693,1736635.273502786,0.061355310349743064,0.059269130089793814,0.06360738629547494,0.08281249999999998,0.07552678571428571,0.09249305555555556,0.08804501488095239,0.08077380952380953,0.0975922619047619,0.0,0.0,0.0,0.4005488890264458,0.3839128316566178,0.4200569372912567,12747290.980679974,10260511.713507729,15746967.724571768,0.03507750496031746,0.02489186507936508,0.04941170634920635,238003.3417058838,220143.7106662835,254338.24843797358,420943.9174000815,357339.3285859114,513426.45280869235,658947.2591059653,576708.6889173192,773396.7152762357,49474.85700676721,49341.02609256893,49599.52028408424,121.09049057009094,120.7629373029537,121.3956059017902,0.00016038188579865006,6.998493905762449e-05,0.0003039124196695345,0.00021016351403797774,9.59281513525224e-05,0.0003837715170052084,1.233442141972453,1.06660052644009,1.4580595384028825
shared_fee_8131_8279,full_multiscale_60d,5.0,4.0,10242311.0,400000000.0,973251271.4932127,400000000.0,execution,state_matched_64,"State-matched 64: F=64, matched CPSB",False,True,375000000.0,187500000.0,40,64,3825.0,2.161501805529043,14.14078814866312,True,0.5,32,7200,50400,8,1.4479558695732846,1530.0,5.656315259465248,0.11295316038895495,473789.064336578,False,state,71328423.6870288,187499999.99999493,63913672.78596637,7414750.901062434,2.528437140860065,49019.60784313593,119.97626108281428,46245042.69880121,42293186.146583945,49954404.904899284,3790162.173043985,3216321.052908193,4627396.471365557,13398518.5733007,13369847.477448316,13428331.435175778,66960781.0143965,61238667.12390178,72331773.79309,8192442.3802824505,6952083.763022114,10002125.82775535,189465612.65095615,189060180.75852042,189887190.0148358,75153223.39467901,68256721.84749934,81594642.7434809,190342941.83551812,190140468.95959342,190567704.50755912,1.0151623564560965,1.0140825011178316,1.016361090706982,851801.6950795329,372185.3956867203,1614421.8381647083,0.06145781292819405,0.05936582649302418,0.06370736586068726,0.08334015376984127,0.07591071428571429,0.09296031746031745,0.08862413194444443,0.08127380952380953,0.09815079365079366,0.0,0.0,0.0,0.4013272451931158,0.3846355511839265,0.4208786297671506,13755812.108359938,11055247.377323184,16971750.453770094,0.029001116071428572,0.020552579365079364,0.04052777777777778,239829.27848252447,221793.13116180364,256380.71078894942,428110.7958319872,363293.6277515116,522679.05581343797,667940.0743145116,584314.3048060581,784769.2352023234,49533.493503517944,49427.49823752168,49643.70980780021,121.23400431801116,120.97457923759424,121.50376045601344,0.000159708496665265,6.978233353377263e-05,0.0003027053232748421,0.00020649274473235734,9.417281204721629e-05,0.00037658761037527507,1.2353924445807585,1.067681782198006,1.460531233662491
shared_fee_8131_8279,full_multiscale_60d,5.0,4.0,10242311.0,400000000.0,973251271.4932127,400000000.0,execution,state_matched_64,"State-matched 64: F=64, matched CPSB",False,True,400000000.0,200000000.0,40,64,4080.0,2.161501805529043,15.083507358573994,True,0.5,32,7200,50400,8,1.4479558695732846,1530.0,5.656315259465248,0.11295316038895495,444177.2478155956,False,state,71940784.88356473,199999999.99998647,64415404.01753994,7525380.866024785,2.5284371408599626,49019.60784313394,119.97626108280942,46622153.86652689,42634420.604368776,50369323.171016894,3849701.478376771,3266048.9826049022,4703443.966074512,13410414.471507587,13384544.151551712,13437311.079414029,67506821.34318647,61732759.55995224,72932557.1319081,8321136.6962592285,7059570.772846773,10166502.624874784,202276085.36249393,201885870.20107207,202681780.54577053,75827958.03944573,68859239.72169346,82346269.18640427,203040650.819862,202823552.4409966,203281167.77430958,1.0152032540993101,1.014117762204983,1.016405838871548,795955.2737333064,348187.4215160777,1508806.4977454473,0.06154085648799744,0.05944458497904469,0.06378811635913076,0.08375372023809524,0.07615674603174603,0.09324404761904762,0.08906808035714285,0.08164583333333333,0.09853373015873015,0.0,0.0,0.0,0.40201600760556194,0.38530351086227,0.42156486054538495,14754430.632427925,11842427.614966867,18182989.634720888,0.024459325396825396,0.017237103174603176,0.03425099206349206,241527.69221692247,223332.569645785,258265.99177195498,434835.94853668835,368910.55457035464,531268.8606804769,676363.6407536109,591469.7710290145,795306.4752994976,49577.47190257204,49481.83093163531,49676.906996512385,121.34164214130429,121.10755936087817,121.58501109744844,0.00015918673856884537,6.963507023573405e-05,0.00030176251803537595,0.0002033480970553561,9.265897279439692e-05,0.0003704744732222362,1.2368040495374735,1.068437201581849,1.462311989943572
