benchmark,propagation_time_s,state_demand_cap_label,state_demand_cap_multiple,replication,included_execution,included_data,included_state,included_execution_metered,included_data_metered,included_regular_metered,included_state_metered,included_state_bytes,runtime_bal_bytes,estimated_static_payload_bytes,estimated_counted_payload_bytes,annualized_state_growth_gib,shared_fee_wei,shared_limit_hit_fraction,shared_near_limit_fraction,shared_fee_floor_bounded_fraction,shared_target_deviation,shared_rationed_gas,shared_fee_log_return_sd,regular_binding_fraction,state_demand_cap_active_fraction,base_fee_exposure_proxy_eth_per_block
fully_optimized,3.0,1.5x,1.5,0,120963370.71924639,16981468.760310728,7484173.948614749,175149622.63630182,68478581.43606429,243628204.0723694,150693451.0050843,27668.52765362197,558343.2718266315,1918110.564523405,2476453.8363500363,67.71915654998136,13246.715179403443,0.030376984126984127,0.034305555555555554,0.0,0.32904777994467954,6415180.702482368,0.047731391765045844,0.844563492063492,0.9978174603174603,4.5643405346096184e-06
fully_optimized,3.0,1.5x,1.5,1,118100979.32134505,19501992.050787788,7331827.137518732,171005006.21069422,78642711.63261402,249647717.84331036,147625955.93197092,27105.310926606257,542619.0313140313,2202811.6360167568,2745430.667330788,66.34067475341377,105333.78323499314,0.03619047619047619,0.0406547619047619,0.0,0.34879054415729166,6106388.369460754,0.05114050399581671,0.8636706349206349,0.9843650793650793,3.6211840606348495e-05
fully_optimized,3.0,1.5x,1.5,2,124842507.9800609,16626695.478756031,7002959.84159891,180766442.201982,67047941.28383824,247814383.48581907,141004230.12961626,25889.508897684835,571271.1635917904,1878037.8011502414,2449308.964742032,63.36498016781709,111432.12351284156,0.02734126984126984,0.03125,0.0,0.33326491265645813,3522412.454334063,0.04880649699205283,0.8733333333333333,0.9765674603174603,3.650717195752958e-05
fully_optimized,3.0,1.5x,1.5,3,115517777.27725899,17136573.673586715,8335142.304733043,167264643.64866573,69104049.3849689,236368693.03363582,167827654.3466921,30814.504972596915,535972.3081171789,1935630.1546697824,2471602.4627869613,75.41898551209336,1532252.1307495867,0.03642857142857143,0.04113095238095238,0.0,0.34676808257547426,7041355.859796071,0.05218829414864321,0.7725,0.9779761904761904,0.0004531204605659246
fully_optimized,3.0,1.5x,1.5,4,111443722.89372693,16760552.995438773,7952995.840308725,161365592.6910733,67587728.09417653,228953320.7852486,160133155.2732014,29401.733156863113,513743.16215143015,1893157.4307013743,2406900.5928528043,71.9612042757089,142422.50065568686,0.04027777777777778,0.04486111111111111,0.0,0.3630344354285719,5411808.056923384,0.051900751411083856,0.7959920634920635,0.9696230158730159,4.674529360189833e-05
fully_optimized,3.0,1.5x,1.5,5,117548319.62181649,17279838.971686587,7199696.037027134,170204779.3548853,69681773.52187286,239886552.87675935,144965503.1345277,26616.830429900863,538967.976796402,1951812.4228642287,2490780.3996606306,65.14511105583931,108853.0487509327,0.044087301587301585,0.04880952380952381,0.0,0.3690990701716888,6569679.345361549,0.05411738164483819,0.8385714285714285,0.9725396825396826,3.645134480952224e-05
fully_optimized,3.0,1.5x,1.5,6,118948819.84491903,18640070.834349766,6582744.261223588,172232641.87326565,75166973.28250833,247399615.15577632,132543211.39760289,24335.9979175917,547347.7862239041,2105454.9106137897,2652802.696837694,59.56273761338646,376.4750603713293,0.03775793650793651,0.04162698412698413,0.0,0.34436233597387494,7281678.351927889,0.0500319400011889,0.8926388888888889,1.0,1.4360858827649298e-07
fully_optimized,3.0,1.5x,1.5,7,114745266.26979165,22463507.67651624,6487428.477738724,166146081.80109176,90585164.4211866,256731246.22227967,130624033.08250883,23983.621368184653,526840.7486608236,2537324.1854840587,3064164.9341448825,58.70029046720757,536.4484333884742,0.028630952380952382,0.03275793650793651,0.0,0.32566019462556495,3645918.201234779,0.04827233557655064,0.9161706349206349,1.0,2.0512551640165368e-07
fully_optimized,3.0,1.5x,1.5,8,117354868.97522119,17473130.50726284,7842007.308724769,169924671.3556724,70461230.84365699,240385902.19933343,157898406.9948703,28991.415428219403,544334.6232053903,1973645.3126840007,2517979.935889391,70.9569451821601,120296.81710404076,0.035793650793650794,0.040357142857142855,0.0,0.33835088484384285,5779261.525758069,0.05023897568575682,0.7959325396825396,0.971547619047619,4.206676805630994e-05
fully_optimized,3.0,1.5x,1.5,9,114881475.73173817,18400563.307661213,7514380.413793567,166343307.09101143,74201147.77575292,240544454.86676332,151301656.60154498,27780.199084945103,530912.8539571944,2078401.7785373756,2609314.6324945698,67.99247413429966,516031.6983935727,0.04103174603174603,0.04513888888888889,0.0,0.3416017095016665,8077246.83989851,0.051536368934193735,0.8173214285714285,0.9577380952380953,0.00015967784322797954
fully_optimized,3.0,1.5x,1.5,10,111073813.42732668,21584250.667489517,7098529.46325792,160829980.1079853,87039518.66193323,247869498.76991963,142928519.4630679,26242.823871103155,512252.53720118717,2438009.3275203505,2950261.8647215376,64.22972412152131,1187.109782594827,0.03240079365079365,0.03654761904761905,0.0,0.33633686676043606,3514290.8292583767,0.049571821392226226,0.8624603174603175,1.0,4.5124009493521514e-07
fully_optimized,3.0,1.5x,1.5,11,121851836.14532161,17446283.59429412,7224279.8553402275,176436081.36489853,70352969.38865508,246789050.7535563,145460497.0304288,26707.715283925812,563060.0391083155,1970612.8690174965,2533672.908125812,65.36755316532872,8787.564187347687,0.02244047619047619,0.025833333333333333,0.0,0.3190809487594437,3512068.6118729445,0.046560077079473725,0.8659126984126985,0.9978571428571429,2.9515260249932008e-06
fully_optimized,3.0,1.5x,1.5,12,123496724.1752022,17837433.73466331,6926885.515938254,178817806.64255688,71930300.95632216,250748107.59887937,139472477.56141174,25608.266826385778,565864.1559186116,2014794.5135587798,2580658.6694773915,62.676635775474665,354.89115164259596,0.026567460317460316,0.030218253968253967,0.0,0.3267204008907844,2997471.4724874743,0.04664916072284789,0.8899603174603175,1.0,1.3101544559290746e-07
fully_optimized,3.0,1.5x,1.5,13,110816459.52152377,17953847.77927644,7772790.1319060875,160457343.0095204,72399746.13488026,232857089.14440286,156504722.75994942,28735.523811582232,512669.5014216644,2027943.8478114938,2540613.349233158,70.33064642626616,328573.4450406081,0.034761904761904765,0.03958333333333333,0.0,0.3603027699863311,4889831.971450779,0.05270670486116085,0.7966269841269841,0.9709920634920635,0.00010317838852884998
fully_optimized,3.0,1.5x,1.5,14,117631253.65410209,18031064.2412641,7494526.62177729,170324864.1737212,72711125.1949044,243035989.3686236,150901901.53772342,27706.80084524556,540908.3526014703,2036665.6912270535,2577574.0438285237,67.81283078836773,10444.77484210169,0.03857142857142857,0.04271825396825397,0.0,0.3417765795143765,7413169.260131045,0.049960262676718555,0.8366865079365079,0.997718253968254,3.4922181636583654e-06
fully_optimized,3.0,1.5x,1.5,15,116510575.60587633,18096613.518977694,7493944.23113324,168702171.8158893,72975455.77875203,241677627.59464437,150890175.13256985,27704.647783097837,536093.2596771132,2044069.6893060172,2580162.9489831305,67.80756113490193,27678.763671511122,0.04242063492063492,0.048273809523809524,0.0,0.368034537440058,4872987.707021793,0.053284883296650105,0.8345436507936508,0.993531746031746,9.676633441805196e-06
fully_optimized,3.0,1.5x,1.5,16,112403291.62653458,18287298.293176375,8093092.478838673,162755005.86999938,73744401.21114564,236499407.08114615,162953993.7624267,29919.661754456236,522884.454819741,2065608.1371898125,2588492.5920095537,73.22884266330952,12662.090953212659,0.03442460317460318,0.03827380952380952,0.0,0.334245753438253,7000055.144474131,0.04806653808208674,0.7973809523809524,0.997718253968254,4.144622849221551e-06
fully_optimized,3.0,1.5x,1.5,17,110469358.5903765,16338458.277780136,7871271.809859028,159954756.1789321,65885611.04500438,225840367.22393796,158487646.1945647,29099.60447679851,506307.7709856116,1845480.4983583477,2351788.269343959,71.22173957994812,626120.0454951552,0.046785714285714285,0.05271825396825397,0.0,0.3844165816541416,9901719.302299298,0.05605297098266726,0.7652579365079365,0.9562301587301587,0.0001882942148832827
fully_optimized,3.0,1.5x,1.5,18,118388256.00337675,17389782.122693017,7685887.88218872,171420970.16863412,70125124.51381564,241546094.68245035,154754950.5071992,28414.25157553047,544041.4973085793,1964230.849233525,2508272.346542104,69.54432757617354,76865.99956443683,0.025932539682539682,0.02988095238095238,0.0,0.33677369830757464,4244143.800743488,0.04906747424787925,0.8279563492063492,0.9907142857142858,2.492398927012551e-05
fully_optimized,3.0,1.5x,1.5,19,119712087.15678802,16810451.867343843,7449144.839830645,173337819.2575382,67788947.67132576,241126766.92886695,149988141.73186713,27539.027207516276,545368.2528709756,1898793.6659828955,2444161.918853871,67.40220217160207,531442.7656935801,0.04123015873015873,0.04625,0.0,0.3568182445359262,8404917.466285748,0.05188614859691945,0.8312301587301587,0.9920238095238095,0.00015697119687644532
fully_optimized,3.0,1.5x,1.5,20,112825545.65796493,16364189.829013245,8221775.923107998,163366411.07325673,65989374.75069215,229355785.82395008,165545028.18215668,30395.396479592808,522280.7619985491,1848386.9583918375,2370667.720390387,74.39321088452814,588304.4822029333,0.04994047619047619,0.05573412698412698,0.0,0.37285090312514196,8112970.67230646,0.05557470566045483,0.7563293650793651,0.9337301587301587,0.00019472448005142912
fully_optimized,3.0,1.5x,1.5,21,114807844.4193154,18785394.202714577,7703092.230947439,166236692.20000327,75752996.68576191,241989688.8857632,155101359.1696067,28477.854987565624,529240.4914072119,2121869.644348963,2651110.135756175,69.69999792736253,75633.51771919389,0.03892857142857143,0.044186507936507934,0.0,0.36290444877808764,4333539.569618174,0.05370928720808455,0.833452380952381,0.9810515873015873,2.494827283290755e-05
fully_optimized,3.0,1.5x,1.5,22,116620268.29954536,18125257.94384141,8084100.967047038,168861001.9955391,73090965.78606665,241951967.7816027,162772950.1427899,29886.42069213387,539400.846256468,2047305.1676218978,2586706.013878366,73.14748464052361,38791.26466363193,0.0371031746031746,0.04162698412698413,0.0,0.3522298565625888,5531098.935303887,0.05211293338482242,0.8062301587301587,0.9889880952380953,1.2803658636583308e-05
fully_optimized,3.0,1.5x,1.5,23,113344598.84393285,18206284.667031266,7679411.775330821,164117977.18050227,73417709.90583467,237535687.08633935,154624554.43434063,28390.309809489892,525296.276541184,2056457.3920821531,2581753.668623337,69.48572972727887,199068.45394928713,0.03013888888888889,0.03404761904761905,0.0,0.33375235077223936,4252287.579940468,0.04923848613767024,0.8262301587301587,0.9661904761904762,6.564452250336806e-05
fully_optimized,3.0,1.5x,1.5,24,108808989.06152962,17426790.988642707,8517095.72262646,157550614.37397608,70274364.52812605,227824978.90210155,171491276.8991276,31487.175491643393,502439.85752984026,1968411.1176049537,2470850.975134794,77.06535718593638,222267.64746125365,0.04698412698412698,0.05198412698412699,0.0,0.3690967237896955,8142450.875724344,0.054276350972992576,0.7347420634920635,0.9462301587301587,7.505129709591028e-05
fully_optimized,3.0,1.5x,1.5,25,118490377.41331461,19071136.897691444,7399628.638291927,171568837.46356308,76905267.71036589,248474105.17393056,148991135.6037713,27355.968876566516,544944.0807089434,2154145.1848046575,2699089.265513601,66.95416402781085,29919.888850097093,0.037837301587301586,0.04283730158730159,0.0,0.3430481803384395,5403447.560403585,0.05081409356787884,0.8615674603174603,0.9925198412698413,9.864694210066296e-06
fully_optimized,3.0,1.5x,1.5,26,117448665.45410761,19828180.976165578,7210307.258460576,170060484.51782334,79958084.00736679,250018568.52519464,145179159.523076,26656.059458471733,537614.4336029789,2239655.706022055,2777270.139625034,65.24112472018572,8773.652322273376,0.033174603174603176,0.037658730158730155,0.0,0.34437107710122355,5104160.671687519,0.0503275711955498,0.8668650793650794,0.9994246031746031,3.1528757460514736e-06
fully_optimized,3.0,1.5x,1.5,27,114764188.36307196,18775942.940008197,8007731.104323374,166173480.15712583,75714884.01882814,241888364.17595288,161235246.95128042,29604.086038613277,529236.7458925166,2120802.0943566114,2650038.8402491277,72.45646613601194,141758.03656838043,0.04462301587301587,0.04880952380952381,0.0,0.3514007343868737,9901193.68108991,0.052209611403701436,0.8143452380952381,0.9892857142857143,4.569701057289844e-05
fully_optimized,3.0,1.5x,1.5,28,116268114.13222991,17634024.33301791,7870650.411199985,168351098.30198026,71110042.85780166,239461141.1597807,158475134.365069,29097.307204434717,530975.1496254607,1991818.7787901058,2522793.9284155667,71.21611696971063,346963.56253974175,0.03253968253968254,0.036904761904761905,0.0,0.3613937847738111,5885553.214966425,0.05181926645634683,0.8307142857142857,0.9930555555555556,0.00010300000975271217
fully_optimized,3.0,1.5x,1.5,29,113803397.40998618,17482197.51324011,7787966.44701307,164782297.25716883,70497793.97703096,235280091.23420298,156810297.07083714,28791.629708783752,524477.9274590441,1974669.4596643988,2499147.387123443,70.46796649199324,46617.52543736722,0.04119047619047619,0.04587301587301587,0.0,0.36284494222436386,6263468.01242724,0.052640170157749876,0.8091468253968254,0.989186507936508,1.5237592103871973e-05
fully_optimized,3.0,1.5x,1.5,30,113492397.70286149,18057911.542037606,7715597.227477918,164331983.40580374,72819388.21374662,237151371.61954954,155353146.62069035,28524.085185405533,524361.0010589665,2039698.1786973337,2564059.1797563,69.81314706359593,41612.66877074922,0.03212301587301587,0.036448412698412695,0.0,0.35433365233883957,4484374.645943724,0.050655317853103884,0.824047619047619,0.9906944444444444,1.3621550588388789e-05
fully_optimized,3.0,1.5x,1.5,31,121109790.60457607,18502301.89715979,6979662.676967187,175361632.16868648,74611413.48271398,249973045.6513992,140535142.93828318,25803.380722646085,550229.6049683384,2089893.4737547543,2640123.0787230926,63.15418010495036,356716.56994058785,0.030912698412698413,0.035873015873015876,0.0,0.34093311165951995,3845304.949858984,0.05099974926350433,0.8645039682539682,0.9843650793650793,0.00010647525505811135
fully_optimized,3.0,2x,2.0,0,109361205.93421638,14595600.838361876,9569641.946951406,158350200.03606045,58857455.42541488,217207655.4614755,192684240.07381397,35378.37370729258,511983.0612722721,1648619.2424686537,2160602.3037409256,86.58912601206907,118572.71765964905,0.044265873015873,0.0487103174603174,0.0,0.3460859047449465,10216792.171073943,0.0510367545351184,0.6596031746031746,0.9376190476190476,3.98955387532731e-05
fully_optimized,3.0,2x,2.0,1,108218421.36236364,17164408.232582342,9443326.710337132,156695498.40758952,69216293.56960507,225911791.97719315,190140889.39133963,34911.39409921044,504156.38471240347,1938774.1560763712,2442930.540788775,85.44618607752494,159636.89214377647,0.0488888888888888,0.053531746031746,0.0,0.3640458089930962,10898285.580350123,0.0539642676260307,0.6956746031746032,0.9476388888888888,5.492473764703908e-05
fully_optimized,3.0,2x,2.0,2,117715058.93979707,15119912.205177257,9038860.790966071,170446210.5290428,60971765.97988413,231417976.50892588,181996989.25988483,33416.10864060155,545273.0680024549,1707841.8683783037,2253114.9363807584,81.78645140258678,143482.81162792112,0.0371428571428571,0.0410912698412698,0.0,0.3450759525440033,6423784.873711962,0.0510308950895228,0.7305158730158731,0.9625992063492064,4.702623525392425e-05
fully_optimized,3.0,2x,2.0,3,96824765.96085048,13233114.044588013,10401120.416880231,140197988.19307366,53363162.54769473,193561150.74076784,209426015.57639137,38452.29812387631,458190.7531114398,1494722.0531236816,1952912.806235121,94.11260436246818,1735490.3782892688,0.0555753968253968,0.0611904761904761,0.0,0.3741813425742916,12276579.26659533,0.0564634898400039,0.5166071428571428,0.8513095238095238,0.0005224303073951
fully_optimized,3.0,2x,2.0,4,101921865.6472392,14592218.712153692,9974693.154264623,147578363.60178113,58843816.84042355,206422180.44220173,200839924.9473694,36875.822939181104,476716.6929555459,1648237.220624605,2124953.913580151,90.25415655613683,241667.94662791063,0.0592857142857142,0.0634722222222222,0.0,0.382527617669876,10977236.757142026,0.0551741832604029,0.6249206349206349,0.916904761904762,7.933269243764581e-05
fully_optimized,3.0,2x,2.0,5,109736297.5972096,15555944.048568008,9084264.952993084,158893316.21111965,62730085.15225945,221623401.36337647,182911199.6874956,33583.9650161034,509441.26941315294,1757093.0431195106,2266534.3125326633,82.19728252135192,181708.0918858539,0.0574801587301587,0.0627777777777777,0.0,0.3840060889936843,11585449.058733178,0.0565483920430832,0.7003769841269841,0.9214880952380952,6.114824678791564e-05
fully_optimized,3.0,2x,2.0,6,112221869.55677287,17112156.207927596,8455633.365125917,162492314.71921527,69005584.79193643,231497899.51114997,170253735.54556957,31259.952961831757,522090.0728238757,1932872.124754896,2454962.197578772,76.50922647090057,62868.35633025897,0.0493849206349206,0.0532936507936507,0.0,0.3596089332173644,12324728.989494348,0.052603566904268,0.7795833333333333,0.9654563492063492,1.9904575538469684e-05
fully_optimized,3.0,2x,2.0,7,109257684.3700986,20792100.94676068,8524702.654719315,158200305.3796693,83845137.19080603,242045442.5704738,171644442.07895222,31515.297848555947,507571.8937201678,2348533.5130628003,2856105.406782968,77.13418709673456,8152.326211166101,0.0379166666666666,0.0419246031746031,0.0,0.3391246705847425,6339951.931908715,0.0506377344403669,0.785813492063492,0.9963293650793652,2.844853044316177e-06
fully_optimized,3.0,2x,2.0,8,103581474.28837603,14604015.279341375,9772050.863881482,149981403.67490822,58891387.05936097,208872790.7342682,196759733.0294511,36126.6669396334,487380.1347572784,1649569.6801701947,2136949.814927473,88.42058546594956,266029.0135524841,0.0521825396825396,0.0566468253968254,0.0,0.3610556784007825,11088949.93896806,0.0537695480999062,0.6100793650793651,0.8647817460317461,9.247627233942144e-05
fully_optimized,3.0,2x,2.0,9,105174810.85541418,16084794.757426996,9418118.336433088,152288484.70935524,64862700.81968441,217151185.5290396,189633320.10127473,34818.20030183821,492460.31404284295,1816828.4020590724,2309288.7161019156,85.21809279288242,623194.1545245445,0.0512301587301587,0.0550396825396825,0.0,0.351879370135739,13479009.191339027,0.0534018137014586,0.6691071428571429,0.8940277777777778,0.0001969063421808
fully_optimized,3.0,2x,2.0,10,102447398.63988334,19100250.136862308,9137525.838634135,148339312.18313405,77022668.23369834,225361980.4168318,183983604.8341312,33780.867212301506,479142.6836019545,2157433.6171781663,2636576.300780121,82.67920374304835,67267.49775881741,0.047281746031746,0.0514484126984127,0.0,0.354933688074941,7579490.343410733,0.0529471670882829,0.7038888888888889,0.9596428571428572,2.261691406299986e-05
fully_optimized,3.0,2x,2.0,11,110383519.788998,14909619.895545168,9316494.217667392,159830465.382638,60123752.22714169,219954217.6097792,187587123.78524745,34442.50222752156,518051.30463052733,1684088.6873998663,2202139.992030394,84.29856584773088,98897.65456437288,0.0370039682539682,0.0407341269841269,0.0,0.3400565862353138,7218849.428944827,0.0504029680339129,0.6915476190476191,0.9458333333333332,3.364006624743872e-05
fully_optimized,3.0,2x,2.0,12,115298502.7126185,15895830.77330584,9056745.184269488,166947143.7557464,64100694.55522227,231047838.31096533,182357090.58363137,33482.226135208875,534700.0919625121,1795484.3228528998,2330184.414815412,81.94827501040783,22878.832461206093,0.0374603174603174,0.0413690476190476,0.0,0.3450768063983321,6196520.303616982,0.0499502374703158,0.7253769841269841,0.984920634920635,7.719973115877616e-06
fully_optimized,3.0,2x,2.0,13,98261822.83898014,15261214.411398988,9721364.619777858,142278783.13467136,61541573.8553062,203820356.9899772,195739168.15551555,35939.283033773754,461899.5581917591,1723802.39914098,2185701.957332739,87.96196040954202,478270.36980106693,0.0535119047619047,0.0587698412698412,0.0,0.3828828899205824,9235707.720889367,0.0567064703759806,0.6205555555555555,0.8786309523809523,0.0001518141597369
fully_optimized,3.0,2x,2.0,14,106811088.01339836,15605953.013357222,9560405.9258924,154657741.82450923,62931748.68420721,217589490.50871655,192498273.27286485,35344.228709348754,498082.19444126665,1762741.7137402324,2260823.908181499,86.50555559263427,103016.82954458626,0.0511904761904761,0.0558928571428571,0.0,0.3609834995363105,12897525.411777455,0.0531600301176729,0.664047619047619,0.9458333333333332,3.36684779134102e-05
fully_optimized,3.0,2x,2.0,15,105921441.0584936,15605369.703993542,9517396.029313711,153369572.29430658,62929396.46142071,216298968.755724,191632271.25482497,35185.22378495147,494618.1598017884,1762675.8271041205,2257293.9869059087,86.11638853964625,107241.2461318574,0.0601984126984126,0.0649007936507936,0.0,0.384274744422328,10637768.522368034,0.0562678373163648,0.6518253968253969,0.9488888888888888,3.7105094643653264e-05
fully_optimized,3.0,2x,2.0,16,97086706.01145582,14769758.766743133,10300073.863856174,140577265.8268228,59559755.56503864,200137021.39186049,207391448.51636615,38078.73527434309,459996.3590571812,1668290.9308861098,2128287.289943291,93.19830341355282,158347.38569536683,0.052579365079365,0.0565674603174603,0.0,0.3634913791063972,12117327.346413644,0.0533489879688116,0.5708333333333333,0.9240873015873016,5.1977280783170925e-05
fully_optimized,3.0,2x,2.0,17,97466148.46939284,13652780.48160812,9687538.3087186,141126681.76095822,55055487.43955745,196182169.2005163,195058077.1515618,35814.22925637442,453883.63263159833,1542124.703494275,1996008.3361258733,87.65588932275024,836186.9148417297,0.0673611111111111,0.0729563492063492,0.0,0.4061236522389538,15055878.40785415,0.0596555007312513,0.6042460317460318,0.8620634920634921,0.0002558610645469
fully_optimized,3.0,2x,2.0,18,105798084.5674014,14754356.457087709,9777450.474047406,153190957.53897637,59497645.0178931,212688602.55687183,196868453.89772925,36146.62896406389,494341.49109888513,1666551.19133324,2160892.6824321253,88.46944283466777,206170.26974300828,0.0441269841269841,0.0492261904761904,0.0,0.3609974267016675,8038956.661307813,0.053438790491704,0.633968253968254,0.9158531746031746,6.798056359810532e-05
fully_optimized,3.0,2x,2.0,19,107430478.21958044,14320429.089529589,9460501.535501016,155554591.50910696,57747812.24452794,213302403.75363743,190486703.5977144,34974.88836434458,496659.6570429225,1617537.723788291,2114197.3808312137,85.60158928995725,657259.7000189767,0.0539880952380952,0.0593253968253968,0.0,0.3741312483189836,14108032.926026093,0.0548875119836842,0.6615873015873016,0.9317261904761904,0.0001979813010244
fully_optimized,3.0,2x,2.0,20,103034406.26894245,14285391.662581785,10082101.788968869,149189273.32511315,57606522.151874125,206795795.47698689,203002592.18926537,37272.906010733845,483463.05797013146,1613580.1356826392,2097043.1936527707,91.2260236183261,741096.5757551205,0.060297619047619,0.0657539682539682,0.0,0.384962495192185,11827921.172817422,0.0574908239226512,0.5874206349206349,0.8411507936507937,0.0002460563038062
fully_optimized,3.0,2x,2.0,21,104333590.63326366,16203324.922284892,9765743.330142412,151070434.9510892,65340679.35389981,216411114.3049879,196632731.1675281,36103.348377975664,487996.9666001401,1830216.7587811956,2318213.7253813357,88.36351291958248,162940.48482237005,0.0542261904761904,0.0592261904761904,0.0,0.3755386821186298,8861809.194125699,0.0557177547712905,0.638829365079365,0.9197222222222222,5.495451059453335e-05
fully_optimized,3.0,2x,2.0,22,102595739.7635094,14947696.636243138,10268482.78714196,148554103.58378646,60277298.497226216,208831402.0810111,206755363.83905885,37961.945019911065,482555.041076772,1688389.575599013,2170944.616675785,92.91245742917646,156319.29783823527,0.054345238095238,0.0595238095238095,0.0,0.3772796821979191,10521161.577666303,0.0560723392229709,0.5914087301587302,0.9120833333333334,5.269371689543328e-05
fully_optimized,3.0,2x,2.0,23,103112437.7663984,15701313.134349504,9789141.760690704,149302259.4898688,63316292.91317171,212618552.40304,197103857.34279037,36189.85092683659,485531.7622330938,1773512.9407813835,2259044.703014477,88.57522926826643,265645.72075488354,0.045297619047619,0.0503968253968254,0.0,0.3574245575739549,7629568.474081561,0.0532012016140608,0.638829365079365,0.9302579365079364,8.773871832597656e-05
fully_optimized,3.0,2x,2.0,24,96053701.613729,14332959.894556647,10511172.123358551,139081521.0458405,57798343.31251913,196879864.35835776,211641900.9302186,38859.15246811425,451113.5475209734,1618953.1178183153,2070066.6653392888,95.10838676821837,368280.1616079497,0.0592857142857142,0.0643849206349206,0.0,0.3802794092237075,13576342.287957504,0.0565985988171646,0.5303571428571429,0.8619444444444444,0.0001245259346514
fully_optimized,3.0,2x,2.0,25,109330651.86183886,16871037.253046326,9532564.015530434,158305959.08762467,68033261.1242562,226339220.21187985,191937677.86396775,35241.298890766,509724.3262558223,1905636.976771375,2415361.3030271973,86.25363324296944,75880.08839377936,0.0511904761904761,0.0556150793650793,0.0,0.3590877468039771,10242432.05300844,0.0535703984379414,0.6755753968253968,0.9761507936507936,2.496687999766894e-05
fully_optimized,3.0,2x,2.0,26,108938143.22285828,17494783.051587567,9333071.459076893,157737623.8999531,70548545.75974369,228286169.6596953,187920905.67397988,34503.7872625186,505385.4200553193,1976091.0359959404,2481476.45605126,84.44856193466008,73981.82021913042,0.0433730158730158,0.0481150793650793,0.0,0.3537208117029451,8744077.920908319,0.0523709472675345,0.6995833333333333,0.9684920634920636,2.5527841460303208e-05
fully_optimized,3.0,2x,2.0,27,101350766.06779142,15555992.596819244,10182942.63108071,146751436.61360893,62730280.92539501,209481717.53900537,205033017.27083543,37645.70835976316,475573.48223846767,1757098.5267979193,2232672.009036387,92.13846323029844,238489.0366279015,0.0598809523809523,0.0645436507936507,0.0,0.3715158647599156,17157461.537641767,0.0556152960048421,0.5902579365079365,0.9381150793650792,7.808322173128153e-05
fully_optimized,3.0,2x,2.0,28,104739032.25140248,15013044.464253925,10102327.125909887,151657496.52184427,60540816.72555368,212198313.24739316,203409828.29069924,37347.677829010776,486924.1760082068,1695770.819297385,2182694.9953055917,91.4090288194272,429065.5620635421,0.0567460317460317,0.0617063492063492,0.0,0.3841964578015638,11049171.729983592,0.0560202382863245,0.6130753968253968,0.9556746031746032,0.0001293146568454
fully_optimized,3.0,2x,2.0,29,103655589.99595629,15262426.174339715,9803746.196146972,150088719.9487272,61546460.347069375,211635180.2957936,197397916.88683167,36243.84262038301,485140.0641502811,1723939.2715947772,2209079.3357450585,88.70737478729947,173854.62123103018,0.0582738095238095,0.0629166666666666,0.0,0.3820022424045634,11511244.535144296,0.0558618464164845,0.6442261904761905,0.915218253968254,5.7081361450487573e-05
fully_optimized,3.0,2x,2.0,30,101071077.5951973,15290065.7156469,9852294.398179926,146346460.04806483,61657918.113589495,208004378.16164964,198375432.395516,36423.32231710164,474476.27630953654,1727061.245137125,2201537.5214466616,89.1466541675321,145298.3017866342,0.0515079365079365,0.0561507936507936,0.0,0.3817313146007859,9333450.150437083,0.0553293277483121,0.6242063492063492,0.923313492063492,4.791151214937921e-05
fully_optimized,3.0,2x,2.0,31,111551193.82565431,16367905.552596578,8946431.934142983,161521205.85776135,66004358.58298549,227525564.4407508,180135939.06212372,33074.40488029816,513490.4197896236,1848806.6611137069,2362297.0809033304,80.95012607558031,431051.4164684111,0.0427380952380952,0.0469642857142857,0.0,0.3560749725385775,7105316.680490753,0.0533471704926375,0.7103571428571429,0.9378174603174604,0.0001331419041804
fully_optimized,3.0,3x,3.0,0,77472705.08014451,8382510.618374491,12269283.393212823,112177058.052514,33802873.24501965,145979931.29753393,247041379.39294615,45358.780967143895,377183.9348759202,946831.0663393716,1324015.0012152917,111.01632973333275,291351.2960104923,0.0689285714285714,0.0734722222222222,0.0,0.3736676269221954,18016804.02754775,0.056588006444556,0.2722420634920635,0.6464087301587301,9.872360812510492e-05
fully_optimized,3.0,3x,3.0,1,77590035.55318576,10075407.518904572,12281053.050163014,112346947.3996364,40629560.61241312,152976508.01204988,247278360.82003936,45402.29266008867,375958.3682919675,1138049.1214669105,1514007.489758878,111.12282528608388,316650.15692285047,0.0694047619047619,0.074345238095238,0.0,0.3842830152878712,18424741.70753727,0.058259728781285,0.2753174603174603,0.6499801587301587,0.000108691635621
fully_optimized,3.0,3x,3.0,2,84777621.4753171,9072997.720240695,11899956.64111653,122754254.62364754,36587295.36439486,159341549.98804194,239605004.55665377,43993.40283406422,407226.65802170057,1024823.7667029694,1432050.42472467,107.67454528056156,287817.651605952,0.0625595238095238,0.0673611111111111,0.0,0.3738276744152042,13518544.20891288,0.0563217996092841,0.3306944444444444,0.6976190476190476,9.677658938881896e-05
fully_optimized,3.0,3x,3.0,3,68549002.7908236,7600420.877918017,12354554.692809409,99255930.94436952,30649059.123396907,129904990.06776536,248758312.55030972,45674.02368158893,337261.09286262974,858491.5584470353,1195752.651309665,111.78789123447211,2011756.5446346037,0.0745238095238095,0.0794841269841269,0.0,0.3943862407241678,16099948.62867969,0.0598187751673177,0.2165277777777778,0.4534325396825396,0.0006148224666407
fully_optimized,3.0,3x,3.0,4,70072261.95081791,7933619.062394855,12594125.32123104,101461542.98596331,31992696.669247653,133454239.65521216,253582054.62313724,46559.70146019037,342136.6177917079,896127.3464195561,1238263.964211264,113.95560152584714,429241.442875716,0.0855952380952381,0.0908531746031746,0.0,0.4132371441470855,20674084.134180043,0.0612299765870027,0.2149801587301587,0.5983730158730158,0.0001424616248325
fully_optimized,3.0,3x,3.0,5,85837288.97050835,10396097.96691726,11777665.037844071,124288606.39310458,41922760.11535226,166211366.50845593,237142669.5210735,43541.29834929708,410708.1709162331,1174272.1210764935,1584980.2919927267,106.5680124442584,332349.9848598102,0.0768849206349206,0.0822619047619047,0.0,0.4037314548566811,16961105.060515877,0.060299293564521,0.3479563492063492,0.7144246031746032,0.0001129288207324
fully_optimized,3.0,3x,3.0,6,92182877.85750283,12580580.151493844,11451265.204172434,133476739.06792946,50731788.55002964,184208527.61795864,230570625.9420174,42334.618375515165,440766.493923058,1421016.2876377867,1861782.7815608447,103.61464423206994,137502.4407123722,0.0749007936507936,0.0789880952380952,0.0,0.3866367646257378,22717235.062147405,0.0574134910779927,0.4354761904761904,0.844563492063492,4.5707238411205635e-05
fully_optimized,3.0,3x,3.0,7,82610567.04252812,13460433.644742483,11634048.960371906,119616455.43800628,54279839.66031061,173896295.0983147,234250967.31282145,43010.35860386407,396385.7442800203,1520398.5203794828,1916784.264659503,105.26852906770516,116247.72287521706,0.0661706349206349,0.0705555555555555,0.0,0.3759421035224212,14685311.163894275,0.0566748742715461,0.3863095238095238,0.8031746031746032,4.0163058030813656e-05
fully_optimized,3.0,3x,3.0,8,73925797.07753357,8426727.200067023,12098482.763704794,107041291.7912988,33981178.71629439,141022470.50759438,243602317.65130204,44727.34161615322,361258.9861493781,951825.4689831394,1313084.4551325175,109.47087199171136,446689.8418039558,0.0759722222222222,0.0806547619047619,0.0,0.3867822376246171,19656406.237511072,0.0585141125607948,0.2563293650793651,0.5732738095238096,0.0001543571753956
fully_optimized,3.0,3x,3.0,9,83417355.1535643,10869338.12848725,12078084.804386204,120784649.01888303,43831123.602651514,164615772.6215349,243191605.80732167,44651.931623634984,402667.4650409104,1227726.0929488032,1630393.5579897135,109.28630484911868,754011.5544232597,0.0713690476190476,0.0764087301587301,0.0,0.375178581335557,21528024.679762173,0.0572738630590817,0.3240674603174603,0.6783928571428571,0.0002429680194841
fully_optimized,3.0,3x,3.0,10,75440637.17309733,12187029.878777629,11826779.502282131,109234713.39913525,49144778.33437819,158379491.7335124,238131586.6936593,43722.87148306193,365644.8875449384,1376563.5405625552,1742208.4281074936,107.01241554458322,227681.02888727505,0.0710119047619047,0.0750595238095238,0.0,0.3821684361653374,15830202.017206255,0.0578219157541657,0.3478769841269841,0.6789285714285714,7.688619471484572e-05
fully_optimized,3.0,3x,3.0,11,83912582.29988497,9606481.91818819,12074152.672832508,121501716.07217008,38738595.79721609,160240311.86938435,243112432.54414737,44637.39477676503,406932.7150968334,1085082.4928787055,1492015.2079755391,109.25072568779672,238738.3357522867,0.0622420634920634,0.0672222222222222,0.0,0.3694669513259159,13855066.962423496,0.0558014377284942,0.3245436507936508,0.689265873015873,8.11587174560834e-05
fully_optimized,3.0,3x,3.0,12,81913671.46859318,9266644.855385656,11976764.476684555,118607381.40124676,37368186.65837267,155975568.0596193,241151526.30848163,44277.35664607117,393650.49504292535,1046696.8226178598,1440347.3176607853,108.36952670093164,188234.7173989966,0.0661706349206349,0.0714087301587301,0.0,0.3831095769855032,14010967.60390361,0.0573246356623251,0.3254365079365079,0.679484126984127,6.346265793781225e-05
fully_optimized,3.0,3x,3.0,13,75799867.96408129,10033043.1382508,12228493.01942926,109754863.73147228,40458724.230028965,150213587.96149954,246220067.3503032,45207.98148108425,368638.1015824427,1133263.930784146,1501902.0323665887,110.64724561971558,618468.4041257356,0.074563492063492,0.0800595238095238,0.0,0.4088461800906768,16412146.052615313,0.0610770463624429,0.286984126984127,0.6626388888888889,0.0001988359463338
fully_optimized,3.0,3x,3.0,14,76917038.31533137,9277800.300799944,12333026.610123577,111372477.09887888,37413171.52323012,148785648.62210724,248324845.7314335,45594.435692960295,373006.7342955718,1047956.8654329504,1420963.599728522,111.59309838069572,276350.7522208138,0.0768055555555555,0.0816666666666666,0.0,0.3932555261396315,20998815.739914745,0.0589723441059666,0.2731150793650793,0.6831349206349207,9.218599045065122e-05
fully_optimized,3.0,3x,3.0,15,75554915.12553534,8917939.040004618,12159550.834868493,109400182.83113064,35962013.852425225,145362196.6835555,244831920.0700891,44953.106493792286,367223.7607282421,1007309.3987245642,1374533.1594528062,110.02343508013163,272880.49771679845,0.0845436507936508,0.0890277777777777,0.0,0.408422458637506,21751615.96257786,0.0610813418141517,0.2741468253968254,0.6610317460317461,9.365572935598043e-05
fully_optimized,3.0,3x,3.0,16,64272132.46648163,7566017.346706938,12725445.819092588,93063211.45483388,30510325.245486993,123573536.70032088,256226185.979032,47045.18520916839,319904.91102558404,854605.5708682038,1174510.481893788,115.14383063623173,396002.754244602,0.0786706349206349,0.0835119047619047,0.0,0.3976076284977498,19897045.725123387,0.059728786097525,0.1826984126984127,0.5477380952380952,0.0001307590899539
fully_optimized,3.0,3x,3.0,17,77102855.01293147,9326266.66245604,12058054.360715317,111641531.476833,37608614.43458417,149250145.9114162,242788293.87167025,44577.88031370626,370302.4243184789,1053431.2941545602,1423733.718473039,109.1050631035306,990160.2362091783,0.0864484126984127,0.091329365079365,0.0,0.4235454264014239,23786019.599169996,0.0628748763582766,0.3050198412698413,0.6398214285714285,0.00030648747399
fully_optimized,3.0,3x,3.0,18,72883191.901723,7992742.454784536,12369463.29558843,105531645.5073362,32231114.564523924,137762760.07185987,249058496.48749545,45729.13986289476,355077.91171994543,902805.5204428867,1257883.4321628322,111.92278895498012,378597.1426971486,0.0691269841269841,0.0741666666666666,0.0,0.3933561854284264,16287507.56008015,0.0590623405161804,0.2392460317460317,0.5974603174603175,0.0001267786996647
fully_optimized,3.0,3x,3.0,19,81352668.11904095,9009745.247266931,12207370.12009528,117795073.3084131,36332226.75503599,154127300.0634479,245794758.87701547,45129.89143021612,388787.6709698075,1017679.199978166,1406466.8709479736,110.4561189921647,821623.2708917129,0.0745436507936507,0.0790873015873015,0.0,0.3948029954769932,22267365.57378389,0.0589732382207508,0.289484126984127,0.6877579365079365,0.0002528781427351
fully_optimized,3.0,3x,3.0,20,70098469.42838673,7577305.09865039,12373375.251962358,101499490.2569368,30555843.64272369,132055333.89966,249137263.5244653,45743.602123371624,343128.4448596993,855880.5581239033,1199009.0029836027,111.95818556493208,945817.8153953608,0.0793253968253968,0.0849007936507936,0.0,0.4024434486778257,18056174.150430743,0.0608128780117557,0.2133730158730158,0.4961904761904762,0.0003170847228446
fully_optimized,3.0,3x,3.0,21,72795135.62466067,8927398.768886218,12374041.729305502,105404143.90411092,36000160.65961362,141404304.5637224,249150683.01091307,45746.06604884019,355171.81358103856,1008377.9049981636,1363549.7185792022,111.9642160612643,357367.68156603986,0.0714484126984126,0.0770833333333333,0.0,0.3914340471464458,15201108.83204896,0.0591703831952158,0.2333531746031746,0.5637301587301587,0.0001225414660116
fully_optimized,3.0,3x,3.0,22,68384266.45296398,7594750.488387553,12710228.83908178,99017399.9970309,30626193.007590517,129643593.00462244,255919792.88241944,46988.928976333045,336751.28259019466,857851.0700289329,1194602.3526191276,115.00614262167666,383665.7816454978,0.079781746031746,0.0849404761904761,0.0,0.4107222815163672,16570009.460930789,0.0614741680552067,0.1816468253968254,0.5298611111111111,0.0001306370486103
fully_optimized,3.0,3x,3.0,23,73052011.28309219,9045374.025889223,12352099.594379645,105776088.52148566,36475901.50147771,142251990.0229642,248708879.27183485,45664.94733471806,357593.8897193922,1021703.5831243524,1379297.4728437446,111.76567673277025,456967.6095024617,0.0715674603174603,0.0769642857142857,0.0,0.3883912022243324,13287032.92917869,0.0585129285155461,0.2529960317460317,0.5866071428571429,0.0001528938708874
fully_optimized,3.0,3x,3.0,24,63713364.24701234,7119597.918607566,12732553.038831176,92254139.73172116,28710117.64311508,120964257.3748378,256369289.47673157,47071.46016044877,314098.87752175995,804181.0856053499,1118279.9631271097,115.20813899269268,605993.6145621816,0.0803174603174603,0.0853769841269841,0.0,0.3993887217602432,19603555.9619151,0.0607092139418501,0.1681746031746031,0.475734126984127,0.0002052085655597
fully_optimized,3.0,3x,3.0,25,75472362.39003734,9500558.752063282,12321213.37112969,109280650.1132177,38311455.58574069,147592105.6989552,248086986.78216904,45550.762879898466,366303.77029126446,1073118.1365064932,1439421.9067977576,111.48620848392432,278198.4530937143,0.0769047619047619,0.0815674603174603,0.0,0.3910442190538234,18827448.83547895,0.059137316588083,0.259484126984127,0.6639285714285714,9.355035245952642e-05
fully_optimized,3.0,3x,3.0,26,78719754.55688764,10461448.86487245,12182238.776461637,113982730.6620137,42186290.72337675,156169021.38538915,245288740.5874129,45036.98240898311,379058.4784588375,1181653.711534788,1560712.1899936255,110.22872270160131,287562.1964070225,0.0631349206349206,0.0676587301587301,0.0,0.3775414340946685,12967056.95702187,0.0568591814715873,0.2829166666666666,0.6525396825396825,9.84369403577884e-05
fully_optimized,3.0,3x,3.0,27,67174862.48405051,7978373.2149195615,12582331.129813874,97266236.4215579,32173169.920503467,129439406.34205993,253344579.1958299,46516.09906483952,330326.4581398497,901182.4693877512,1231508.927527601,113.84888397753076,665073.8165066581,0.0819246031746031,0.0863492063492063,0.0,0.3956315342590156,21766544.03415254,0.0599903920412605,0.1976785714285714,0.5402579365079365,0.0002168004734524
fully_optimized,3.0,3x,3.0,28,68741101.01663399,7625751.985796666,12725090.59668793,99534080.69796602,30751208.02218796,130285288.72015452,256219033.59448385,47043.87197393261,334861.3036256882,861352.7871380822,1196214.0907637705,115.1406164723401,673411.8595024056,0.0819047619047619,0.0869841269841269,0.0,0.4155864595873189,19684681.029804453,0.0618634343705855,0.1918253968253968,0.5770436507936508,0.0002095723805771
fully_optimized,3.0,3x,3.0,29,72961619.76935409,8502993.08685496,12574719.839435449,105645205.59860995,34288724.53656026,139933930.13516998,253191326.26216212,46487.96059561671,355888.95596966654,960439.9419257032,1316328.8978953697,113.78001463159984,330283.42499829823,0.0850396825396825,0.0915277777777777,0.0,0.4140957050054237,21215973.53193047,0.0616581726906312,0.2284722222222222,0.658968253968254,0.0001097271538835
fully_optimized,3.0,3x,3.0,30,70078117.83347724,8616814.71736408,12468168.712261958,101470022.04563089,34747715.6817913,136217737.72742304,251045924.88954705,46094.047676306654,343488.3726890848,973296.454812332,1316784.827501417,112.81590656687868,345947.0517843276,0.0771825396825396,0.0824801587301587,0.0,0.408931821632008,16220012.88749954,0.0608516351974767,0.2321428571428571,0.6208333333333333,0.0001148819752637
fully_optimized,3.0,3x,3.0,31,89500336.35660756,11662641.44035342,11560428.048303686,129592537.35633358,47030156.98497619,176622694.3413078,232768614.09898433,42738.18665069735,423847.83350804535,1317332.209171112,1741180.042679157,104.60238393212914,571198.1359904736,0.0600396825396825,0.0644444444444444,0.0,0.3789590086108617,13513787.71082814,0.0570119980556401,0.4017460317460317,0.7035714285714286,0.000182952223316
fully_optimized,3.0,4x,4.0,0,56895818.17621891,4548424.170936884,13234234.103444755,82382633.88243043,18341737.065950166,100724370.9483808,266470611.4729334,48926.14399127178,287905.1673963204,513758.8848968331,801664.0522931535,119.74750683555588,361989.2183319476,0.0774007936507936,0.0819246031746031,0.0,0.383238505139865,20387225.23094973,0.0588513641446518,0.0652380952380952,0.2818849206349206,0.0001228669402002
fully_optimized,3.0,4x,4.0,1,56087222.65591263,5345185.831254519,13276269.641193343,81211823.25269268,21554716.403091732,102766539.65578534,267316994.8268869,49081.54677140745,283236.2060071862,603755.6325064609,886991.8385136471,120.12785758381597,389341.0311491199,0.0791666666666666,0.0841865079365079,0.0,0.3932413070981426,20902184.0885275,0.0603375957564473,0.0641865079365079,0.2726785714285714,0.0001338803213097
fully_optimized,3.0,4x,4.0,2,64591276.34515182,5466369.175171482,12995252.795806894,93525317.70719434,22043394.00820605,115568711.71539912,261658735.3432582,48042.64489511511,320111.0952109622,617443.6741883836,937554.769399346,117.58512890372658,360775.3964075407,0.0727777777777777,0.078095238095238,0.0,0.3875569480606644,15678231.662616272,0.0589112719451287,0.1199404761904762,0.3484920634920635,0.00012205432501
fully_optimized,3.0,4x,4.0,3,57752256.79627956,5360893.763590941,13037299.694462588,83622719.2092764,21618059.38825269,105240778.59752992,262505347.44847584,48198.08967581971,291012.5636654742,605529.8931070357,896542.4567725098,117.96558244903964,2076650.6580671424,0.0801388888888888,0.0849206349206349,0.0,0.3976716285666812,17240993.394962784,0.0606913521690172,0.0938095238095238,0.2447222222222222,0.0006361671223282
fully_optimized,3.0,4x,4.0,4,47334862.01773498,3523133.9957090337,13394445.222454917,68538791.29402153,14207205.609870655,82745996.90389085,269696453.97456205,49518.43457767245,243879.33190279955,397949.119289102,641828.4511919016,121.19714736018626,505059.9008717579,0.0938888888888888,0.1001587301587301,0.0,0.4243918114081522,23728877.442516025,0.0639982389601106,0.0298015873015873,0.2157539682539682,0.0001679957549579
fully_optimized,3.0,4x,4.0,5,64972453.184619375,6258323.375025046,12885119.98719472,94077244.94924508,25236987.032094102,119314231.98134036,259441217.00221428,47635.490721311515,320891.4509220445,706897.4039451496,1027788.854867194,116.58861266039932,406775.9088082311,0.0832539682539682,0.0884920634920635,0.0,0.411217700479916,18867164.400501207,0.0619475490905399,0.1406944444444444,0.3449801587301587,0.0001386946165675
fully_optimized,3.0,4x,4.0,6,65484268.60849908,6831661.348709626,12997141.228033349,94818331.09638949,27548999.71341852,122367330.80980846,261696758.8273632,48049.62631212049,325918.02205113624,771657.7400438224,1097575.7620949587,117.60221603163764,209917.34956176125,0.0908730158730158,0.0949801587301587,0.0,0.4014755479818159,28495431.98989782,0.0608517133654998,0.1316071428571428,0.4824404761904762,7.0826231349727e-05
fully_optimized,3.0,4x,4.0,7,59159956.33016703,7361639.69302195,12952011.668956306,85661006.01196504,29686162.624507364,115347168.63647148,260788077.51578835,47882.78512672093,295038.7466223601,831520.4689716051,1126559.2155939653,117.19386960661282,208496.7082720837,0.077063492063492,0.0819444444444444,0.0,0.3884296960305691,17905948.727780126,0.0593428514915973,0.1133333333333333,0.4063888888888889,7.176382156710555e-05
fully_optimized,3.0,4x,4.0,8,59942280.78888501,5688611.025855772,12881099.329027174,86793777.30387641,22939594.85428116,109733372.15815766,259360261.26029724,47620.62659703132,301181.78838788485,642546.5935938644,943728.3819817492,116.552232482469,502539.4006731027,0.0808531746031746,0.086031746031746,0.0,0.3936856581230655,21947296.191876497,0.0599594767543549,0.1171230158730158,0.2703571428571428,0.0001736876203645
fully_optimized,3.0,4x,4.0,9,62930584.586391434,6435075.521017384,13180371.832440924,91120709.32754388,25949748.47777281,117070457.80531682,265386097.4634733,48727.01851062647,314669.6470230191,726862.1174405142,1041531.7644635332,119.26014409021136,823798.8237883161,0.0831150793650793,0.0875198412698412,0.0,0.3865204216506779,25293492.997795444,0.0594920998767829,0.0910912698412698,0.3299603174603174,0.0002676079794516
fully_optimized,3.0,4x,4.0,10,57887003.296535134,7513894.491235346,13036592.8534227,83817826.1952255,30300137.348699633,114117963.54392412,262491115.24111956,48195.4765282663,290892.7691435578,848718.1296141907,1139610.8987577483,117.95918672930806,280374.96880789864,0.0819841269841269,0.0866468253968254,0.0,0.3916120070506944,19504614.420028772,0.0600485473165515,0.1152777777777777,0.3933928571428571,9.50885009148495e-05
fully_optimized,3.0,4x,4.0,11,59258249.21755615,5021317.015399669,13247308.063813196,85803329.7751995,20248699.980475504,106052029.75567266,266733854.98113343,48974.47761318892,299608.32868832495,567173.6262042272,866781.9548925522,119.86580413529695,309665.28513730876,0.0748412698412698,0.0804166666666666,0.0,0.3874729974306525,16361295.886413436,0.0593151979123897,0.0738095238095238,0.3486904761904762,0.0001056675032854
fully_optimized,3.0,4x,4.0,12,59375658.09532953,5024642.920632916,13196234.38112122,85973332.64890878,20262111.85170862,106235444.5006172,265705489.05147108,48785.66137085637,297026.3105419506,567549.2977114766,864575.6082534271,119.4036734128469,248544.2917841706,0.0765674603174603,0.0824007936507936,0.0,0.3923483641810572,17077655.582333334,0.0600019238331005,0.0803571428571428,0.3808730158730158,8.420550387864562e-05
fully_optimized,3.0,4x,4.0,13,52299055.611159965,5004937.869585405,13241803.337088658,75726724.54531847,20182650.295001782,95909374.84031998,266623017.59645152,48954.126979351335,266527.2756076496,565323.5499200346,831850.8255276842,119.81599563894356,701604.4525781148,0.0854563492063492,0.0914285714285714,0.0,0.4193580569105493,17624793.449504495,0.0634277455144307,0.0629960317460317,0.3044841269841269,0.0002271397295258
fully_optimized,3.0,4x,4.0,14,53369388.86282499,4555869.049485409,13315957.524235869,77276519.85946634,18371758.893223494,95648278.75268954,268116108.2761246,49228.27041746602,271250.48492272734,514599.8074576009,785850.2923803283,120.48696601493349,376914.9809907543,0.0857738095238095,0.0907738095238095,0.0,0.4010456167176136,23827154.691970345,0.0611550985885226,0.0469246031746031,0.2648015873015873,0.0001264860804502
fully_optimized,3.0,4x,4.0,15,59122335.631306246,5614437.865460035,13063460.409092449,85606532.90023218,22640488.052848123,108247020.95308028,263032092.06924057,48294.80421788388,296581.8127592379,634168.500711129,930750.3134703668,118.20229281168322,346064.3065660567,0.0921031746031746,0.0973809523809523,0.0,0.4180715379238592,24561047.317913774,0.0630045104781101,0.1053571428571428,0.3018452380952381,0.0001186806886632
fully_optimized,3.0,4x,4.0,16,46425521.81070242,3759237.003207444,13382312.782526294,67222106.8038092,15159302.230868855,82381409.03467762,269452167.9311667,49473.58169851946,242162.31060014863,424617.70016338467,666780.0107635333,121.08736923309895,480499.4073001995,0.0874801587301587,0.0924404761904761,0.0,0.4043251239728301,19864407.479399692,0.0616934565929878,0.0276587301587301,0.175297619047619,0.0001590563398826
fully_optimized,3.0,4x,4.0,17,57598788.10187339,5358926.009761217,13109023.037041692,83400503.31241557,21610124.327229444,105010627.63964476,263949493.19991505,48463.24643208915,286862.3647663012,605307.6290931009,892169.9938594021,118.61455777988796,1138237.6895425122,0.0901785714285714,0.0954960317460317,0.0,0.4272506043925336,20347166.85529228,0.0642272346591064,0.1046626984126984,0.3301190476190476,0.0003539979719118
fully_optimized,3.0,4x,4.0,18,56169898.97475819,4760817.708743811,13160725.778370086,81331534.91383925,19198224.121369097,100529759.03520724,264990525.19231933,48654.388265247995,283048.1488968829,537749.4062383164,820797.5551351993,119.0823804224578,474892.56779638625,0.0758531746031746,0.0814484126984127,0.0,0.402958533764904,17937400.83030458,0.0610101381522762,0.0848015873015873,0.2610912698412698,0.0001588520382
fully_optimized,3.0,4x,4.0,19,57499311.766867414,4625580.782453838,13261159.815895287,83256465.96926086,18652874.776101884,101909340.74536309,267012759.28480703,49025.6866829092,286386.5942997014,522473.9680125759,808860.5623122773,119.99113913875571,907227.4552964746,0.0842460317460317,0.0891666666666666,0.0,0.4035708786144207,26218479.72833523,0.0612411664931526,0.0666071428571428,0.314781746031746,0.0002821290597835
fully_optimized,3.0,4x,4.0,20,59712028.577942915,5453985.72134334,13033974.23319661,86460382.26356092,21993457.140942145,108453839.40450317,262438389.45981684,48185.79565143786,298759.45338177105,616044.9239419643,914804.3773237352,117.93549263102813,1008737.8955937972,0.0823214285714285,0.0880357142857142,0.0,0.4040855031835197,19314868.79747691,0.0615772282240309,0.1053174603174603,0.2424007936507936,0.0003387076218467
fully_optimized,3.0,4x,4.0,21,57145550.150605775,5528716.328095866,13181353.081437208,82744234.76056433,22294811.87135462,105039046.63191904,265405854.8606778,48730.64612740259,287512.1745350544,624485.9821524463,911998.1566875008,119.26902273931914,420048.73349076096,0.0803968253968254,0.0862896825396825,0.0,0.3985934670896009,16709558.723465964,0.0609222908263562,0.0761309523809523,0.2489285714285714,0.0001442570166926
fully_optimized,3.0,4x,4.0,22,53240257.41505071,4605689.498908499,13304444.140149608,77089543.22171305,18572662.227979444,95662205.4496944,267884286.88973656,49185.70614942917,271105.551196904,520227.1846719371,791332.7358688411,120.38278929954382,456520.7616058235,0.0856150793650793,0.0907142857142857,0.0,0.4145975285487991,17738501.80397906,0.0625850110849972,0.0514087301587301,0.1880357142857142,0.000155691067058
fully_optimized,3.0,4x,4.0,23,54097750.0310878,4933853.1505192835,13249858.127455706,78331154.68822114,19895997.780302502,98227152.46852425,266785200.37919173,48983.905040569385,275130.7434530342,557294.306246155,832425.0496991893,119.8888779120672,524263.0103160881,0.0801388888888888,0.0862301587301587,0.0,0.4007734883750841,15250063.804800725,0.0609717126621746,0.0664087301587301,0.2713492063492063,0.0001760498427199
fully_optimized,3.0,4x,4.0,24,50673130.73331917,4385757.082687862,13343048.340538708,73372457.07496428,17685774.286354586,91058231.361318,268661580.4454295,49328.42348782197,258351.88290080335,495385.1231878371,753737.0060886404,120.73209222964584,685504.6277367875,0.086547619047619,0.0914880952380952,0.0,0.404303476274545,21632881.928066462,0.0618772807823495,0.0428769841269841,0.1860714285714285,0.0002316530180828
fully_optimized,3.0,4x,4.0,25,55222299.15587207,5083385.127343004,13240650.382222874,79959452.19407707,20498992.59757948,100458444.79165712,266599802.91053703,48949.86457660649,279350.115628594,574184.4156076022,853534.5312361962,119.80556334119464,365070.79156604776,0.0845039682539682,0.0893849206349206,0.0,0.3972334649467089,20406156.689624265,0.0608177091606206,0.0669642857142857,0.2696626984126984,0.0001232889380651
fully_optimized,3.0,4x,4.0,26,59189861.05553277,6067082.774922915,13150248.450474566,85704306.73458432,24465800.20527666,110170106.93986204,264779564.74314097,48615.65423279349,295849.5028116166,685296.1737689336,981145.67658055,118.98757826889052,359251.94918490545,0.0713888888888888,0.0761309523809523,0.0,0.3872328210810776,14682433.118585547,0.0589766349923361,0.0840277777777777,0.2740079365079365,0.0001234640278237
fully_optimized,3.0,4x,4.0,27,53741675.288967825,4995569.888916646,13235435.069931583,77815574.17536214,20144873.466850694,97960447.64221184,266494792.8703181,48930.58389000514,272485.00911269535,564265.4068970355,836750.4160097309,119.75837355752802,792100.6923796702,0.0838690476190476,0.0887301587301587,0.0,0.3983972244600956,20949970.399288457,0.0607880410109479,0.0655555555555555,0.1970436507936508,0.0002582393355885
fully_optimized,3.0,4x,4.0,28,48073811.82845224,3599537.0881062583,13401525.181816325,69608758.0097675,14515304.7182891,84124062.72805767,269839008.58598906,49544.6087490257,245193.5056006061,406579.0900388579,651772.595639464,121.26120905619072,872522.2436294209,0.0908333333333333,0.0963095238095238,0.0,0.4218005894518853,20133634.84656537,0.0636755333829083,0.0307738095238095,0.1825992063492063,0.0002710852711398
fully_optimized,3.0,4x,4.0,29,50040612.09945981,3967930.87070084,13343075.194582488,72456598.00645289,16000870.189569397,88457468.19602233,268662121.1501928,49328.5227655583,256097.87598911524,448190.33205055754,704288.2080396728,120.73233521346674,427683.23587139207,0.0924007936507936,0.0982539682539682,0.0,0.4217918936216182,23054082.206196178,0.0636322267669103,0.0422023809523809,0.2025396825396825,0.0001426856401037
fully_optimized,3.0,4x,4.0,30,50188770.252158836,4328863.320466997,13334794.245076831,72671124.47327787,17456347.480909664,90127471.9541874,268495384.6650183,49297.908608007674,257515.02408146847,488958.79293857265,746473.8170200412,120.6574065814206,420334.1319231974,0.0871428571428571,0.0932738095238095,0.0,0.4204204972518287,18563655.648721986,0.0634732014385921,0.0434126984126984,0.2590079365079365,0.0001401412989007
fully_optimized,3.0,4x,4.0,31,70003446.89311899,7530545.280173743,12915362.618073396,101361901.81925412,30367282.448006578,131729184.2672599,260050150.79315108,47747.29585498777,341438.4345495035,850598.8888477521,1192037.3233972555,116.8622574833295,627280.8889270327,0.0743253968253968,0.0789880952380952,0.0,0.3951608919924729,18971156.45261542,0.0599371771591665,0.1479166666666666,0.4650198412698412,0.0002025255052016
fully_optimized,3.0,5x,5.0,0,49308046.77667124,3200919.2433021865,13425317.006683532,71395875.74747583,12907859.276874896,84303735.02434956,270318055.7352992,49632.56565232622,254706.77125733503,361553.944680804,616260.715938139,121.47648496023687,382766.8667248103,0.0774603174603174,0.0825198412698412,0.0,0.3847045356055892,18914767.46647514,0.0593853949851122,0.0124206349206349,0.0775,0.0001300319461971
fully_optimized,3.0,5x,5.0,1,49145633.52742676,3890343.661827142,13431348.602024052,71160708.52993496,15687996.075071646,86848704.60500798,270439501.59200215,49654.86408681154,252912.7737134258,439426.61160251533,692339.3853159412,121.53106072930689,408314.8006928829,0.0801984126984127,0.0853769841269841,0.0,0.3950518481769366,20822083.056491412,0.0607485985149145,0.0150198412698412,0.0514682539682539,0.0001405198320645
fully_optimized,3.0,5x,5.0,2,55672371.19937396,3870163.440006805,13353073.935311042,80611136.65119553,15606618.369596165,96217755.02079222,268863445.27179086,49365.48749089059,281096.59334203287,437147.1917705581,718243.785112591,120.8228069600281,376228.8276972236,0.0762698412698412,0.0817857142857142,0.0,0.3915564968168368,16869200.18144188,0.0599011978442358,0.0336706349206349,0.1529563492063492,0.0001275160951673
fully_optimized,3.0,5x,5.0,3,52815954.32673673,4315123.767849173,13284065.23633249,76475171.07451297,17400942.080698658,93876113.1552128,267473958.72726223,49110.36660391636,269769.73909334507,487406.8670480591,757176.6061414042,120.19839457710478,2088426.0301107937,0.0811309523809523,0.0859722222222222,0.0,0.3986849524748376,17242083.174751442,0.0610333671227213,0.0475992063492063,0.1022619047619047,0.0006403224997685
fully_optimized,3.0,5x,5.0,4,43950296.49495106,2905978.4889204237,13457642.739914265,63638089.779350914,11718496.639706964,75356586.41905743,270968932.68313766,49752.07188640779,229071.50584784045,328239.4543458814,557310.9601937218,121.76897834751723,519922.54940350296,0.0933333333333333,0.0994047619047619,0.0,0.4244046332624536,23366514.90421096,0.0641179105962102,0.0126388888888888,0.0321230158730158,0.0001729948809596
fully_optimized,3.0,5x,5.0,5,56040964.81982948,4541492.12671441,13317566.062613543,81144843.94742243,18313783.26751806,99458627.21493971,268148496.1122206,49234.21708424341,282342.74329800426,512975.8885939487,795318.631891953,120.50152057538898,419344.7276177568,0.0879761904761904,0.0939087301587301,0.0,0.413802772596032,20411983.201131456,0.0627122559123632,0.0510119047619047,0.1735714285714285,0.0001432173226025
fully_optimized,3.0,5x,5.0,6,53025535.40962738,4369016.761572413,13380084.363469394,76778635.23363508,17618268.14428013,94396903.37791584,269407298.8300056,49465.34337125315,271507.75588319433,493494.2510119211,765002.0068951155,121.06720579755796,237223.81718097985,0.0953968253968254,0.1004365079365079,0.0,0.4050492626826603,28707126.909901436,0.0618864288676332,0.0344841269841269,0.1536904761904761,8.035165446669444e-05
fully_optimized,3.0,5x,5.0,7,51594044.70528656,5357749.258858074,13271627.196660517,74705899.86604695,21605379.02317575,96311278.88922209,267223519.4490289,49064.38394143742,262709.32216926676,605174.7113596004,867884.0335288672,120.08585128756012,234176.53759748788,0.0769246031746031,0.082063492063492,0.0,0.3858239154887553,17390437.642539103,0.0592811965686894,0.0424206349206349,0.1440277777777777,8.067253919977061e-05
fully_optimized,3.0,5x,5.0,8,55322423.93582405,4789624.566070379,13174815.789644651,80104428.45689867,19314389.145325538,99418817.6022228,265274226.8323599,48706.47816444724,281547.5086531627,541003.231814226,822550.7404673886,119.20987126991837,513040.47862947715,0.0827380952380952,0.0877380952380952,0.0,0.3954477715365712,22349808.765244257,0.0603594380175149,0.0680952380952381,0.1312698412698412,0.000177416819759
fully_optimized,3.0,5x,5.0,9,52788932.71124471,4420292.867944132,13418585.337558262,76436044.96775532,17825041.48499995,94261086.4527544,270182513.9295555,49607.67908840835,270114.1092642333,499286.04927904694,769400.1585432803,121.41557470367955,854859.0686891056,0.0849801587301587,0.0895039682539682,0.0,0.3904799981404422,24468890.021707974,0.0602787788842115,0.0206944444444444,0.0644444444444444,0.0002780496946527
fully_optimized,3.0,5x,5.0,10,47827280.60472843,4840861.241337329,13389183.429359814,69251791.67734356,19521003.478237577,88772795.15558189,269590508.0458082,49498.982054421016,247143.4316796516,546790.5762134506,793934.0078931022,121.14953700361627,303801.2275579118,0.0840079365079365,0.0886111111111111,0.0,0.3944135173882452,19749526.68039786,0.0607811322880498,0.0268650793650793,0.1226587301587301,0.0001032652929142
fully_optimized,3.0,5x,5.0,11,49435348.0600463,3313084.470689286,13437888.716617582,71580202.38794397,13360170.897638114,84940373.28558083,270571186.4572704,49679.04248548737,255970.93232979783,374223.3615999227,630194.2939297205,121.59023774029762,333953.9413674454,0.0769642857142857,0.0826587301587301,0.0,0.3894142070706511,16251062.858513577,0.060054801295164,0.0133928571428571,0.0824007936507936,0.0001140376108524
fully_optimized,3.0,5x,5.0,12,48780731.68336302,3212951.8851657645,13426097.58646866,70632346.76300485,12956381.478185618,83588728.2411892,270333772.66844004,49635.45140745584,251197.01073501955,362913.0696071236,614110.0803421432,121.48354789129826,271966.56831196655,0.0773412698412698,0.0829761904761904,0.0,0.3939731014104324,17662985.8258819,0.0606239934745026,0.0152182539682539,0.0757936507936507,9.23944269657194e-05
fully_optimized,3.0,5x,5.0,13,47133364.58707492,3845433.5558894505,13410874.71605048,68247031.90659335,15506893.93425205,83753925.84084527,270027260.9687867,49579.17339814984,243982.75009511856,434353.8732034503,678336.6232985689,121.34580657848882,719603.8931138279,0.0856547619047619,0.091765873015873,0.0,0.4207707934821897,17391966.5901376,0.0636962658340522,0.0230357142857142,0.0651190476190476,0.000233413252282
fully_optimized,3.0,5x,5.0,14,47986876.65323415,3466187.362880948,13432973.306954931,69482879.71253969,13977565.601184068,83460445.31372297,270472214.9408101,49660.87052033667,247616.66285389624,391516.81713766034,639133.4799915566,121.54576156981732,392721.4397209131,0.0860714285714285,0.0910714285714285,0.0,0.4033075992019429,23858704.71118778,0.0615045442388891,0.0120833333333333,0.0398412698412698,0.0001320690441185
fully_optimized,3.0,5x,5.0,15,52148731.082496606,4214225.285498344,13347519.852419764,75509061.26170012,16994064.145817813,92503125.40751782,268751614.1032683,49344.95439035991,266170.88167990773,476010.06458808377,742180.9462679916,120.77255187357387,361855.0756335173,0.0959126984126984,0.101547619047619,0.0,0.4202082191881855,25620262.353653617,0.0636992336929277,0.0399007936507936,0.1333928571428571,0.0001241778660972
fully_optimized,3.0,5x,5.0,16,43123083.511555105,3088711.5307072126,13449477.95650149,62440321.88465569,12455376.332487311,74895698.21714202,270804535.19617116,49721.88718771,227702.6299668688,348879.7289231862,576582.358890055,121.69510082276712,491690.1180938566,0.0873214285714285,0.0923214285714285,0.0,0.4039021743228901,19862821.078731257,0.0617600609843032,0.0085119047619047,0.0360714285714285,0.0001629051917131
fully_optimized,3.0,5x,5.0,17,49064810.41396168,3675130.722847041,13401953.522400308,71043680.22839586,14820139.65016173,85863819.87855802,269847633.2012497,49546.19229764211,250042.71147483855,415117.6299881176,665160.3414629562,121.26508481633242,1160717.9241655285,0.0924007936507936,0.0982142857142857,0.0,0.4302440455757526,19715998.259217188,0.0648770307971661,0.0335515873015873,0.1085714285714285,0.0003617422027298
fully_optimized,3.0,5x,5.0,18,50707539.25017721,3701344.424411149,13377082.174025005,73422279.08891177,14925847.650019463,88348126.73893128,269346849.90258014,49454.2444627807,259186.2875891188,418078.5504252765,677264.8380143953,121.04004104452922,531604.3382329734,0.0786111111111111,0.0844047619047619,0.0,0.404738157293891,17535409.730072055,0.0615009712506074,0.0331349206349206,0.1044047619047619,0.0001767446616796
fully_optimized,3.0,5x,5.0,19,49473599.226568006,3273268.650011621,13419290.19510058,71635588.38902578,13199611.704720348,84835200.09374553,270196706.19929564,49610.284903094755,251844.72320015737,369726.03882090055,621570.7620210579,121.4219524761038,1079237.4694433007,0.0834920634920634,0.0887103174603174,0.0,0.4013927865722817,22926367.77636217,0.061368392397908,0.0211706349206349,0.0564285714285714,0.000333166257218
fully_optimized,3.0,5x,5.0,20,54364875.28818855,4364700.067070782,13282864.678135931,78717940.2721524,17600860.8681404,96318801.14029248,267449785.55077285,49105.92821460539,275692.402227598,493006.6667255283,768699.0689531263,120.18753154946766,1019749.587200945,0.0848015873015873,0.0904761904761904,0.0,0.4066461316195308,20352242.21418382,0.0621781842017434,0.0559722222222222,0.1126984126984127,0.0003425912396505
fully_optimized,3.0,5x,5.0,21,51559871.99644624,4421740.670840857,13374376.995143374,74656419.29169972,17830879.81912561,92487299.11082605,269292381.2672793,49444.24358396331,263227.21313043946,499449.5831918523,762676.7963222917,121.01556373634897,432215.8242645776,0.0825,0.0882738095238095,0.0,0.399962502536091,17877634.78934157,0.0614710554153197,0.0327182539682539,0.104781746031746,0.0001485446896047
fully_optimized,3.0,5x,5.0,22,49070451.485287555,3719541.6413998944,13441825.089949813,71051848.25073141,14999228.794080818,86051077.04481348,270650445.1284267,49693.59501394863,253108.9221464651,420133.9835944389,673242.905740904,121.62585528256092,467665.62291534914,0.0870238095238095,0.0925,0.0,0.415443426492162,17625911.569444098,0.0628628121742035,0.0152579365079365,0.0560119047619047,0.0001595437581818
fully_optimized,3.0,5x,5.0,23,48057231.11803708,3762786.651159732,13405929.472036736,69584749.87280051,15173616.355271157,84758366.22807208,269927688.73921543,49560.89113724832,248612.44098254284,425018.6441178637,673631.0851004065,121.30106045742389,540559.5961891165,0.0831746031746031,0.0887103174603174,0.0,0.4014831348158362,16195918.507692965,0.0613717756805107,0.0207142857142857,0.0711309523809523,0.0001817861936586
fully_optimized,3.0,5x,5.0,24,46831410.00994545,3641566.74870412,13426276.95166764,67809815.00429468,14684791.326108824,82494606.33040257,270337384.1773426,49636.1145094903,241633.7356827984,411326.4730334615,652960.2087162599,121.4851708439556,700104.5133518673,0.0856150793650793,0.0907539682539682,0.0,0.4022962828811318,21536193.122321628,0.06184417330649,0.0183928571428571,0.0417063492063492,0.000236708224051
fully_optimized,3.0,5x,5.0,25,49853738.61714226,3954996.391070645,13394168.254544314,72186013.45086409,15948711.284518886,88134724.73538285,269690877.24017084,49517.41064445776,256006.43291508596,446729.3416983404,702735.7746134263,121.19464126754085,379937.61896685464,0.0861904761904761,0.0912698412698412,0.0,0.3985052985958076,21010255.885088943,0.0611938526987657,0.0267460317460317,0.0688095238095238,0.0001285126929596
fully_optimized,3.0,5x,5.0,26,52603084.21950665,4759855.906758791,13385199.501290305,76166944.5532917,19194345.609063014,95361290.1623556,269510291.86249757,49484.25371903952,267383.4259205301,537640.7676644401,805024.1935849702,121.11348917115096,372503.5437484057,0.0733333333333333,0.0781944444444444,0.0,0.3886468861292933,15103475.181632925,0.0596519751924246,0.0279761904761904,0.1014087301587301,0.0001281174718185
fully_optimized,3.0,5x,5.0,27,48303322.78976111,3800805.4127696846,13422386.112794423,69941079.75332782,15326928.82192281,85268008.57525007,270259042.34012586,49621.7303191024,248870.86774074237,429312.9833957821,678183.8511365245,121.44996531177416,804250.4009709343,0.0851190476190476,0.090079365079365,0.0,0.4003767983056641,20291223.24479528,0.0612650966815928,0.0165079365079365,0.0641468253968254,0.0002624886088818
fully_optimized,3.0,5x,5.0,28,45113119.99324524,3047639.7683396074,13444800.763912411,65321806.88898256,12289752.494896388,77611559.38387954,270710360.16801983,49704.59589632802,232437.8899779282,344240.54356102104,576678.4335389492,121.65278011518534,884734.0181135522,0.0909325396825396,0.0963095238095238,0.0,0.4224456551635305,19836702.831949186,0.0638252448130189,0.0164682539682539,0.0206746031746031,0.0002752846325754
fully_optimized,3.0,5x,5.0,29,46645723.16202316,3314673.3201571903,13438357.877055408,67540948.6429427,13366578.008778851,80907526.65172087,270580632.97814506,49680.77694257431,241423.36522556684,374402.8271687048,615826.1923942716,121.59448285129412,441869.50515713065,0.0918055555555555,0.0973412698412698,0.0,0.4209335633046292,22294190.812095836,0.0637018101021596,0.0180753968253968,0.0425992063492063,0.0001474334756956
fully_optimized,3.0,5x,5.0,30,45320895.48173709,3368783.6250610854,13428804.39015718,65622656.62709725,13584780.39004476,79207437.01714274,270388274.01912934,49645.45829308125,236288.3367052416,380514.7571172097,616803.0938224513,121.50803990123562,437474.0342049423,0.087797619047619,0.0936904761904761,0.0,0.4204932635251325,18531448.07307946,0.0636232771140942,0.0182738095238095,0.0431746031746031,0.0001460265324858
fully_optimized,3.0,5x,5.0,31,57684540.32136384,4956166.416601408,13331857.861484865,83524668.74195457,19985977.088340007,103510645.83029483,268436260.7349803,49287.05297969512,287557.69276353414,559814.6601687308,847372.3529322649,120.63083726040904,664001.1765858617,0.0799801587301587,0.0848412698412698,0.0,0.3980178964518499,19886655.33728264,0.0607985698888658,0.0419444444444444,0.1714484126984127,0.00021483737052
fully_optimized,3.0,unrestricted,inf,0,48244110.175835006,3040678.8398240157,13431809.536286326,69855342.50144124,12261682.219176969,82117024.72061749,270448782.47926605,49656.56813223752,249954.3518686402,343454.2846859434,593408.6365545836,121.53523140728494,385312.61892719165,0.0772023809523809,0.0823214285714285,0.0,0.3842460830024723,18668088.042628657,0.0593838747597858,0.0093055555555555,0.0,0.0001309283807881
fully_optimized,3.0,unrestricted,inf,1,48977210.599607915,3861230.3761724313,13432457.747938689,70916839.5630288,15570595.36429006,86487434.92732033,270461834.1869804,49658.964530577425,252167.94225024147,436138.1739785093,688306.1162287508,121.5410966299078,409123.9938079631,0.0803373015873015,0.0854563492063492,0.0,0.3951014409631547,20835681.108375393,0.0607588772140126,0.0143253968253968,0.0,0.0001408059790301
fully_optimized,3.0,unrestricted,inf,2,51762838.768785015,3215097.579187238,13426580.78410576,74950306.22103706,12965034.091505855,87915340.31254348,270343501.8275894,49637.23775919956,263800.7998088512,363155.4325280767,626956.2323369279,121.48792001528336,382373.148391668,0.0770436507936507,0.0823611111111111,0.0,0.3924479650320019,15962486.799701246,0.0601719516148473,0.0132142857142857,0.0,0.0001296856532828
fully_optimized,3.0,unrestricted,inf,3,49804618.44250992,3579410.850218248,13432703.489814743,72114889.60568914,14434144.70559139,86549034.31128119,270466782.1867923,49659.87302307469,256778.4367831528,404305.7678626672,661084.20464582,121.5433201795819,2091191.2990988889,0.0820238095238095,0.0869642857142857,0.0,0.4003336719193262,17255252.41157804,0.0613342743334724,0.0130357142857142,0.0,0.0006413346923255
fully_optimized,3.0,unrestricted,inf,4,43707922.62044397,2863380.8258739477,13458712.739054916,63287143.10512715,11546719.534964869,74833862.64009158,270990477.0598701,49756.02760697446,227998.14100753743,323427.9136795982,551426.0546871356,121.77866003581218,522754.6863082639,0.0928571428571428,0.0988492063492063,0.0,0.4242735238010029,22837347.90381243,0.0641043555260776,0.0119246031746031,0.0,0.0001739380808094
fully_optimized,3.0,unrestricted,inf,5,51936382.07435642,3759890.491993197,13429639.710414356,75201589.26896635,15161937.455516882,90363526.724482,270405093.1488208,49648.54642034806,264451.2554946814,424691.5137870141,689142.7692816956,121.51559814128532,424890.56160585326,0.0892857142857142,0.0954365079365079,0.0,0.4146837653450508,20182199.52967213,0.0629937128210817,0.0195039682539682,0.0,0.0001452411756652
fully_optimized,3.0,unrestricted,inf,6,49583982.41927885,3693078.524817336,13448255.794880703,71795418.3808129,14892515.016284063,86687933.39709735,270779927.03585553,49717.36893187568,256189.9173282704,417144.89094269753,673334.8082709679,121.68404232055812,242435.8922801866,0.0953174603174603,0.0999603174603174,0.0,0.4045935949031989,28581283.43927916,0.0619762632119474,0.0119246031746031,0.0,8.220578500649015e-05
fully_optimized,3.0,unrestricted,inf,7,48581936.95999059,4630422.724591618,13410728.889440048,70344500.77645782,18672400.138346788,89016900.91480424,270024324.7576042,49578.634286199325,250408.79063980497,523020.8806794586,773429.6713192636,121.3444870935118,239752.97434354425,0.0774801587301587,0.0823611111111111,0.0,0.3846826888197367,16443581.30621626,0.0593510276115486,0.0160714285714285,0.0,8.26503035828467e-05
fully_optimized,3.0,unrestricted,inf,8,50801502.98773502,3735024.623771413,13432339.50815395,73558334.43423606,15061664.657796009,88619999.09203275,270459453.43509215,49658.5274054136,262049.62000749103,421882.8353855484,683932.4553930395,121.54002675919509,516420.0877366272,0.0844246031746031,0.0893650793650793,0.0,0.3963433380726882,22643650.56221964,0.0607042476607021,0.0128769841269841,0.0,0.0001786816473087
fully_optimized,3.0,unrestricted,inf,9,52535183.9120632,4383696.131283839,13419396.762221389,76068627.90458415,17677463.40167502,93746091.3062588,270198851.9227059,49610.67887514276,268982.63427074533,495152.33221334463,764134.96648409,121.42291672888692,859546.892538312,0.0847222222222222,0.0892261904761904,0.0,0.390633886958395,23777405.68313648,0.0602845917259644,0.0202380952380952,0.0,0.0002795142068941
fully_optimized,3.0,unrestricted,inf,10,45976773.04837393,4321387.311109046,13425348.482891109,66572338.39943065,17426200.11716488,83998538.51659672,270318689.5070924,49632.68201791656,239034.32763670335,488114.3540544947,727148.6816911981,121.4767697668492,307620.47821267415,0.0844047619047619,0.0892460317460317,0.0,0.3945463022730996,19580964.88565563,0.0608646198176204,0.0154563492063492,0.0,0.0001046106190318
fully_optimized,3.0,unrestricted,inf,11,48369634.14440253,3117654.013407274,13443619.494505107,70037095.66850153,12572088.27222055,82609183.94072069,270686575.3702936,49700.22881647661,251254.61991061695,352148.8738136608,603403.4937242778,121.64209161857192,338766.4913872862,0.0764880952380952,0.0821626984126984,0.0,0.389038931550516,15960026.843352027,0.0600271312714716,0.0098015873015873,0.0,0.0001156608721934
fully_optimized,3.0,unrestricted,inf,12,47948293.31045599,3072273.304225864,13435432.946477618,69427012.73489608,12389088.401410367,81816101.1363055,270521739.65394866,49669.96365534601,247573.8187449375,347022.97929092846,594596.798035866,121.56801716075216,273751.4085897444,0.0775396825396825,0.0830952380952381,0.0,0.3942279200884355,17610505.591659486,0.0606796209096772,0.0123214285714285,0.0,9.30253519284894e-05
fully_optimized,3.0,unrestricted,inf,13,45704489.78800518,3559986.560103487,13447520.297975425,66178084.25439498,14355815.33071602,80533899.58511135,270765117.8441432,49714.64984536139,237681.6197410113,402111.73290589306,639793.3526469043,121.6773873135538,721446.2837884311,0.0856944444444444,0.0919642857142857,0.0,0.4207335970094007,17360539.550216764,0.0637519382057239,0.014265873015873,0.0,0.0002340764774995
fully_optimized,3.0,unrestricted,inf,14,47787671.8891262,3428572.345707285,13440215.249259306,69194440.00510265,13825881.253198456,83020321.25830026,270618031.0703275,49687.643532600894,246754.13402500865,387268.0820698104,634022.216094819,121.61128893836882,393574.8339669448,0.0865277777777777,0.0914087301587301,0.0,0.4036893221248552,23702663.58466967,0.0615547497200921,0.0113888888888888,0.0,0.000132371724837
fully_optimized,3.0,unrestricted,inf,15,48964760.33538516,3584247.187569975,13444945.826751675,70898812.12986998,14453647.466269122,85352459.59613992,270713281.0007012,49705.13218466223,252210.7894764836,404852.04745125194,657062.8369277355,121.65409268931704,368470.5315660591,0.0965674603174603,0.1019642857142857,0.0,0.4203400597098083,25459657.282898903,0.0639063354323886,0.0168253968253968,0.0,0.0001264795597503
fully_optimized,3.0,unrestricted,inf,16,42769488.50685838,3026285.382093957,13452412.8350311,61928331.92215317,12203639.915461767,74131971.83761421,270863628.8218596,49732.73725190064,226163.2929527186,341828.4981464084,567991.791099127,121.7216565255028,493145.00610972993,0.0871230158730158,0.0921428571428571,0.0,0.4036237992111587,19720250.371822532,0.0617177682293442,0.0075992063492063,0.0,0.00016340575956
fully_optimized,3.0,unrestricted,inf,17,47207414.79680071,3309698.628864149,13446416.512049142,68354253.34240863,13346517.329244263,81700770.67165294,270742893.1722481,49710.56921714018,241888.51808473736,373840.92006519635,615729.4381499337,121.66739991181008,1163959.8951972744,0.0926785714285714,0.0984325396825396,0.0,0.4306033581282673,19624770.76811017,0.0649548101824314,0.0208928571428571,0.0,0.0003629037378721
fully_optimized,3.0,unrestricted,inf,18,48058534.2082278,3233716.589219596,13436528.486486737,69586636.68989165,13040116.13610128,82626752.82599363,270543798.2947345,49674.013798922344,247573.89242632547,365258.5085545452,612832.4009808707,121.57792995084814,535602.4364075767,0.0788690476190476,0.084563492063492,0.0,0.4043523937640469,17353424.979559015,0.0615820450216901,0.0153571428571428,0.0,0.0001781617174985
fully_optimized,3.0,unrestricted,inf,19,49021757.957988515,3192371.891883971,13420843.851825085,70981342.17207046,12873391.67525454,83854733.84732494,270227988.9961779,49616.028675799185,249849.5738923617,360588.4943251616,610438.0682175233,121.43601045012498,1086548.8802766344,0.0834325396825396,0.0886111111111111,0.0,0.4007263776219032,22718005.44271643,0.0613249070797501,0.0197420634920634,0.0,0.0003353571463312
fully_optimized,3.0,unrestricted,inf,20,51017234.79501952,3617799.7818668634,13428817.95695326,73870704.57084695,14588949.900551043,88459654.47139809,270388547.185856,49645.50844868575,261244.4922360261,408641.9190163339,669886.41125236,121.5081626578664,1023236.2731533282,0.0880753968253968,0.0938492063492063,0.0,0.4079113779674269,21847709.139501587,0.062606169254823,0.021547619047619,0.0,0.0003438384973479
fully_optimized,3.0,unrestricted,inf,21,49329365.76335979,3989924.5328668766,13431930.224939922,71426744.69938327,16089560.679595664,87516305.37897992,270451212.53898394,49657.0143107148,253518.4719367571,450674.5857007383,704193.0576374953,121.5363234361247,435773.6618637853,0.0830753968253968,0.088829365079365,0.0,0.3985402262082046,18378372.96530171,0.0615294748737988,0.0170833333333333,0.0,0.0001497776151755
fully_optimized,3.0,unrestricted,inf,22,48341871.23719952,3582305.1424162406,13447910.43904976,69996896.20405753,14445816.076706449,84442712.28076544,270772973.3142659,49716.09217275433,249907.31165730156,404632.6873135196,654539.9989708212,121.6809174325302,469621.771347889,0.0865079365079365,0.0920833333333333,0.0,0.41577286592976,17373553.89193312,0.0628920827084305,0.0125396825396825,0.0,0.0001602211971345
fully_optimized,3.0,unrestricted,inf,23,46983429.27949091,3553330.681065114,13432023.675515449,68029932.19791913,14328975.181539696,82358907.37945932,270453094.1614343,49657.35979170587,243888.4102281432,401359.9303333422,645248.3405614854,121.53716900628342,542477.9623200702,0.0832341269841269,0.0888690476190476,0.0,0.4016586262384284,16406346.327371797,0.0614299575619863,0.0134920634920634,0.0,0.0001824558504007
fully_optimized,3.0,unrestricted,inf,24,46577804.90852599,3600357.1808677674,13429019.80770012,67442606.00914067,14518611.781402765,81961217.79054263,270392611.44009477,49646.25467839943,240530.12887240064,406671.7221080824,647201.850980483,121.50998906682592,702284.951566153,0.0857738095238095,0.0907341269841269,0.0,0.4022567048192174,21208822.23436291,0.061842689171946,0.0176190476190476,0.0,0.0002374479089856
fully_optimized,3.0,unrestricted,inf,25,48518256.316597395,3655996.833168186,13435146.626674416,70252294.01507907,14742981.32887311,84995275.34395202,270515974.61968666,49668.90514876302,250115.77974154375,412956.3966783573,663072.1764199011,121.56542644924411,382030.0596613004,0.086547619047619,0.0915277777777777,0.0,0.3981807877675899,21187103.525432307,0.0612422546537712,0.0153571428571428,0.0,0.0001292566990613
fully_optimized,3.0,unrestricted,inf,26,49715974.302276075,4233740.6907728305,13423468.242988368,71986536.80253473,17072760.94691354,89059297.74944934,270280830.9749896,49625.73088742333,254644.0567578464,478214.39129010827,732858.4480479547,121.45975676565293,376070.8533912687,0.0738888888888888,0.0787896825396825,0.0,0.3890788337864851,15169106.829726323,0.059857700048868,0.0160912698412698,0.0,0.0001293677955857
fully_optimized,3.0,unrestricted,inf,27,47346788.294458665,3619805.644954203,13429329.502552897,68556060.01640537,14597038.63897064,83153098.65537518,270398847.12974405,49647.39960109083,244614.72061922104,408868.4875913565,653483.2082105775,121.51279128311826,806183.6441653786,0.0851984126984127,0.0902182539682539,0.0,0.4002539271198502,20213091.28755304,0.0612850171436139,0.0133531746031746,0.0,0.0002631749208669
fully_optimized,3.0,unrestricted,inf,28,45007455.19950663,3029341.8424932286,13446444.897486985,65168808.93068156,12215965.237570804,77384774.16825312,270743464.7115488,49710.67415634518,231996.8598486101,342173.7350081098,574170.59485672,121.6676567521646,885257.6924389491,0.0908928571428571,0.0963492063492063,0.0,0.4226829974156816,19762199.395048805,0.0638439326241638,0.0160515873015873,0.0,0.0002754663905717
fully_optimized,3.0,unrestricted,inf,29,45926486.752696075,3179281.1065319856,13455607.528390637,66499526.062447086,12820602.459937604,79320128.52238415,270927953.8055578,49744.547835428995,238294.6565875885,359109.8487476814,597404.50533527,121.75056311442276,443279.84146665863,0.0914682539682539,0.0971626984126984,0.0,0.4204196770075993,22473810.06001448,0.0636783317411482,0.013313492063492,0.0,0.0001479223392151
fully_optimized,3.0,unrestricted,inf,30,44553243.82801603,3214399.2268574755,13454915.347583683,64511130.90930505,12962217.952480407,77473348.86178596,270914016.78121173,49741.98888584654,232976.12512641327,363076.5514253651,596052.6765517783,121.74430004507742,438629.3839073232,0.0875595238095238,0.0932936507936507,0.0,0.4201822949196282,18452996.41485848,0.0636462093494816,0.0124404761904761,0.0,0.000146427070467
fully_optimized,3.0,unrestricted,inf,31,54928162.42274198,4344250.593693776,13398708.019604784,79533555.18488334,17518397.39294092,97051952.57782523,269782285.1722153,49534.19387477509,275693.8202292932,490696.8340793056,766390.6543085988,121.2357184876771,670330.4492247544,0.0797420634920634,0.0845436507936508,0.0,0.3977689585939465,19568537.020136967,0.0608370568610986,0.0229563492063492,0.0,0.0002170648353675
fully_optimized,3.5,1.5x,1.5,0,127009253.04583049,19839169.311571237,7488678.428583394,183903793.43782812,61252651.88451149,245156445.32233858,155313862.2523567,27685.180437140232,585175.4602285895,2240896.873233538,2826072.3334621275,67.75991449952548,9739.977786958385,0.02666666666666667,0.030416666666666668,0.0,0.3264556310451942,6311095.353441235,0.046051523095849776,0.8402380952380952,0.9988492063492064,3.431080769134171e-06
fully_optimized,3.5,1.5x,1.5,1,125112765.59059657,23234132.43626668,7337681.108267852,181157763.29545093,71734466.47925983,252892229.77471268,152182204.6132094,27126.95269397672,573607.8069597231,2624368.6875718497,3197976.494531573,66.39364331939335,100664.19350124995,0.03263888888888889,0.03654761904761905,0.0,0.344719810085367,5853060.572032752,0.04916077192627734,0.8610515873015873,0.9844642857142857,3.52759625577007e-05
fully_optimized,3.5,1.5x,1.5,2,131245769.443303,19493990.297788717,7007003.739447306,190038082.22209516,60186925.309117325,250225007.53120896,145324014.64007485,25904.45893762475,599582.3789071357,2201907.81272686,2801490.1916339956,63.401570625675696,106055.14137822085,0.024305555555555556,0.02763888888888889,0.0,0.3303317711455628,3430536.9641650887,0.047158009371318435,0.8695238095238095,0.9769444444444444,3.5502297788523495e-05
fully_optimized,3.5,1.5x,1.5,3,122579705.21911342,20428553.970527094,8339611.5681110155,177490003.66257796,63072353.74672763,240562357.40930843,172962064.62596256,30831.02756256017,567347.9334029701,2307469.7331473683,2874817.6665503383,75.45942481086415,1480063.8903491471,0.034523809523809526,0.03888888888888889,0.0,0.3442310799658242,7076476.097879808,0.05085255786399422,0.7701984126984127,0.9788095238095238,0.0004488910543234088
fully_optimized,3.5,1.5x,1.5,4,116459103.12322438,19406412.01490798,7960016.420298138,168627641.932513,59916530.818820424,228544172.7513324,165089328.5936612,29427.687806356716,535869.8710668145,2192015.5688940426,2727885.439960857,72.02472868850963,130682.44625917576,0.037142857142857144,0.04083333333333333,0.0,0.36176474268507247,5291450.169542163,0.05065694996522615,0.7889087301587302,0.9719047619047619,4.37965828591277e-05
fully_optimized,3.5,1.5x,1.5,5,124044860.68617056,20412252.91303194,7205711.504066873,179611484.12094146,63022024.875370756,242633508.9963099,149445178.43111372,26639.069239057702,567620.286989713,2305628.477185609,2873248.764175322,65.19954089098017,100266.64651711048,0.041746031746031746,0.045932539682539686,0.0,0.36674021209039187,6426573.039843403,0.05276195965381566,0.8352777777777778,0.97375,3.4242650350172385e-05
fully_optimized,3.5,1.5x,1.5,6,125461739.69640553,21947306.748730842,6585929.533612237,181663062.4002837,67761442.98030302,249424505.3805884,136591010.30202276,24347.773672374824,576274.1137791992,2479017.659294987,3055291.7730741864,59.59155895840473,225.61949331700504,0.034384920634920636,0.03801587301587302,0.0,0.34228094675507453,7125270.812033013,0.048257915049626246,0.8896031746031746,1.0,8.832952119699083e-08
fully_optimized,3.5,1.5x,1.5,7,121885850.53778183,26888052.009876996,6491776.399467425,176485332.70411476,83015798.88493702,259501131.5890561,134638291.00092718,23999.695365584168,558417.1382215314,3037090.4512181976,3595507.589439729,58.739631828624006,380.6574496663624,0.02470238095238095,0.028769841269841268,0.0,0.32167171433925795,3306691.367679856,0.04620030643037272,0.9132738095238095,1.0,1.4806773209943707e-07
fully_optimized,3.5,1.5x,1.5,8,124145974.8821831,20727896.03368428,7845953.291034788,179757893.0145551,63996560.54697226,243754453.5615278,162723679.52547893,29006.003480477528,574571.499916201,2341281.3652183227,2915852.8651345237,70.99264966947487,114628.15989013755,0.03301587301587302,0.03678571428571428,0.0,0.33536371190539294,5668624.222262998,0.04861454896611444,0.7936309523809524,0.9716865079365079,4.074670619600223e-05
fully_optimized,3.5,1.5x,1.5,9,121945203.48352885,21996891.82481504,7520683.911784408,176571273.15028325,67914534.94480586,244485808.09508955,155977650.29674834,27803.50272669311,562306.1067149519,2484618.4503468242,3046924.557061776,68.04951016395306,494269.0688582914,0.03902777777777778,0.04303571428571429,0.0,0.33897388430165204,8081249.668440344,0.05020758380974653,0.8157142857142857,0.9591468253968254,0.0001563790023204676
fully_optimized,3.5,1.5x,1.5,10,117851528.26237209,25801439.085975904,7102339.7424808685,170643812.085683,79660924.3881465,250304736.47383153,147301266.43209898,26256.9102374508,542273.1551302673,2914354.0873440863,3456627.2424743534,64.26420072468063,661.7860607774929,0.029404761904761906,0.03301587301587302,0.0,0.33378924681586775,3249248.9197327974,0.04772986773890277,0.8586309523809523,1.0,2.595096946408125e-07
fully_optimized,3.5,1.5x,1.5,11,127941709.16791493,20402316.278419152,7227732.039152143,185253948.75291997,62991345.908360064,248245294.66127962,149901880.4227299,26720.477793712995,590169.7728728264,2304506.102902464,2894675.8757752907,65.39878960873722,7774.786378230532,0.019146825396825398,0.021746031746031746,0.0,0.31596135369709016,3366115.2311143773,0.044827667804102064,0.8624206349206349,0.9979761904761905,2.6550561249490046e-06
fully_optimized,3.5,1.5x,1.5,12,129515436.10449018,20807794.41504199,6930619.287016822,187532635.90783936,64243243.64456508,251775879.55240327,143739814.64589006,25622.07034686097,592437.1929839567,2350306.1399026383,2942743.332886595,62.710420108913105,211.39657665056606,0.02228174603174603,0.025436507936507938,0.0,0.32402467508526084,2739066.4191824505,0.04470575425701815,0.8847817460317461,1.0,8.032348134005218e-08
fully_optimized,3.5,1.5x,1.5,13,116673652.14651522,21189750.69836627,7777928.733384542,168938299.45009953,65422518.58748821,234360818.0375871,161312862.26614377,28754.52090305593,538646.183081595,2393449.3092345344,2932095.4923161296,70.377142106398,312911.89375990693,0.031924603174603175,0.03609126984126984,0.0,0.357335790067957,4750819.577726947,0.05119456142096475,0.7924404761904762,0.9720039682539683,0.00010049804675320234
fully_optimized,3.5,1.5x,1.5,14,124042294.94356869,21262259.10490933,7499054.214074197,179607769.0388796,65646385.42964026,245254154.46851787,155529054.20295507,27723.53907361053,569245.5558028182,2401639.3629083405,2970884.9187111584,67.85379786551788,8554.629433779308,0.03567460317460317,0.039285714285714285,0.0,0.3396220803769075,7205925.778280375,0.048393646847699597,0.8321428571428572,0.9978373015873016,2.9107672188351444e-06
fully_optimized,3.5,1.5x,1.5,15,122965568.989418,21338314.651127093,7500753.266488829,178048717.37364596,65881203.92547402,243929921.29912153,155564292.24865538,27729.820365179214,564667.0943153468,2410230.077218745,2974897.1715340917,67.86917142541239,22613.77119965471,0.03880952380952381,0.04442460317460317,0.0,0.3658512471761489,4646922.578189685,0.05178797358288465,0.8284920634920635,0.9943055555555556,8.05790034841986e-06
fully_optimized,3.5,1.5x,1.5,16,118057379.94522198,21384687.468791094,8098720.282994672,170941876.2381267,66024378.1689456,236966254.40707585,167966022.10242698,29940.46739793707,548095.2504594985,2415468.0335300346,2963563.283989533,73.27976480292028,9635.972925842716,0.030674603174603174,0.03378968253968254,0.0,0.3317371153625502,6853533.751643811,0.04640761471725902,0.7902579365079365,0.9978968253968254,3.2126268876915454e-06
fully_optimized,3.5,1.5x,1.5,17,116339612.86439595,19223834.2099371,7878885.361253536,168454625.31088388,59352829.05519907,227807454.36608595,163406684.82026082,29127.75130485933,532064.557257554,2171392.828805703,2703457.386063257,71.29062938426651,597042.7821312816,0.04428571428571428,0.04946428571428572,0.0,0.38211321663705855,10078018.831659336,0.05461548332733002,0.7607539682539682,0.958313492063492,0.00018391225986280954
fully_optimized,3.5,1.5x,1.5,18,124686939.10952546,20447033.36656108,7690662.533822946,180541185.34276426,63129408.15230903,243670593.49507275,159502976.76668644,28431.90316696728,571781.1675584192,2309557.0393314864,2881338.2068899055,69.58753012380564,70580.85838218767,0.023115079365079366,0.026785714285714284,0.0,0.33403325955174273,4096876.4698323705,0.04749702849158172,0.8231547619047619,0.9918650793650794,2.3373302809767124e-05
fully_optimized,3.5,1.5x,1.5,19,125874482.3885858,19711666.937795036,7452964.276112054,182260695.60404912,60858993.340008505,243119688.94405925,154573157.06514508,27553.14742694208,572316.2380786679,2226495.077158422,2798811.31523709,67.43676163070256,508831.94326223724,0.03763888888888889,0.04255952380952381,0.0,0.3547591893631746,8332439.407746127,0.050481113778435165,0.8276785714285714,0.9920833333333333,0.00015424380836032278
fully_optimized,3.5,1.5x,1.5,20,119353490.95947435,19412287.536513526,8231383.6893299455,172818587.78883302,59934671.25977741,232753259.0486113,170717437.6177215,30430.915796385292,551180.3561235951,2192679.227628323,2743859.583751918,74.4801449709577,561009.0304653677,0.046607142857142854,0.05261904761904762,0.0,0.3703692157079912,8082119.144024213,0.05428563012178337,0.7534126984126984,0.9362896825396826,0.00018950378770330234
fully_optimized,3.5,1.5x,1.5,21,121527270.38527662,22445328.71534474,7709204.214514463,175966124.46758083,69299066.1374398,245265190.60501853,159887527.9352666,28500.45061234699,558998.8039301134,2535270.8143671495,3094269.618297263,69.75530107435574,69852.55500917252,0.035515873015873015,0.040873015873015874,0.0,0.36077837874867524,4112868.6455154587,0.052456595496210186,0.8314285714285714,0.9819444444444444,2.35320760578544e-05
fully_optimized,3.5,1.5x,1.5,22,123426908.79939017,21590265.8249628,8088652.870064061,178716717.0593642,66659093.22620641,245375810.28557152,167757225.7440195,29903.2487957254,569616.344698931,2438688.758567195,3008305.103266126,73.18867168870415,35127.360842507216,0.03428571428571429,0.03813492063492063,0.0,0.3488690347236704,5388739.774917264,0.050628011580731255,0.8028968253968254,0.9898015873015873,1.1825843234729801e-05
fully_optimized,3.5,1.5x,1.5,23,119273966.46068981,21410641.716284968,7685234.396592081,172703439.82404387,66104510.88325937,238807950.70730364,159390398.1633711,28411.83567974529,551703.3240203076,2418399.6478099846,2970102.971830292,69.53841463324672,188252.9331047221,0.027916666666666666,0.03152777777777778,0.0,0.3325120665615616,4139539.65825407,0.048007536430360584,0.8206547619047619,0.9669246031746032,6.338022747802415e-05
fully_optimized,3.5,1.5x,1.5,24,114914149.19894072,20690437.40279851,8528205.474740654,166390616.82962698,63880908.50319648,230271525.33282706,176873468.79630592,31528.247557273782,529292.9164958253,2337050.2944759317,2866343.210971757,77.16588171246974,204943.30989019194,0.044365079365079364,0.049384920634920636,0.0,0.36674980285155667,8014118.077766983,0.052840147553715466,0.7306547619047619,0.950297619047619,7.055915411818382e-05
fully_optimized,3.5,1.5x,1.5,25,125392222.9955899,22630861.236675225,7406153.778504415,181562405.2853044,69871890.47115177,251434295.7564593,153602315.6481055,27380.091915883335,575436.5406720036,2556227.299006359,3131663.839678363,67.01320554589984,26770.147409969777,0.03371031746031746,0.038630952380952384,0.0,0.34002099752674114,5147469.058686257,0.04899994118500248,0.8581547619047619,0.9929365079365079,9.009492690644226e-06
fully_optimized,3.5,1.5x,1.5,26,124393320.76019725,23691830.757119656,7215723.346864955,180116038.93044034,73147591.97232167,253263630.90276247,149652822.27482024,26676.082401928743,568209.461270117,2676067.159416911,3244276.6206870284,65.29013118917936,5201.052211572825,0.02908730158730159,0.032996031746031745,0.0,0.34042892371501093,4844294.262447542,0.048521952221551715,0.8656547619047619,0.999702380952381,1.920238168160113e-06
fully_optimized,3.5,1.5x,1.5,27,121649331.90043218,22387547.583152007,8013285.458793837,176142864.1548991,69120669.17332608,245263533.32822445,166194119.00309613,29624.620143154392,559634.4438493456,2528744.2528751283,3088378.696724474,72.50672367979749,133243.28675520828,0.04172619047619048,0.04567460317460317,0.0,0.34816824165283455,9772393.211795086,0.05048857993999808,0.8116666666666666,0.9894444444444445,4.393738619161043e-05
fully_optimized,3.5,1.5x,1.5,28,122151797.5482518,20635046.97836039,7875782.1745921625,176870412.2389208,63709892.75487605,240580304.9937943,163342325.27935368,29116.279015927572,556659.5676070431,2330793.7709803605,2887453.3385874033,71.2625507766918,325272.76425479434,0.029543650793650792,0.0331547619047619,0.0,0.3598064242253725,5699914.449778728,0.05021757033753444,0.8227777777777778,0.9931547619047619,9.912484367558658e-05
fully_optimized,3.5,1.5x,1.5,29,119770796.27284859,20529491.703888956,7793426.027694243,173422827.46673587,63383995.012877546,236806822.47961363,161634273.40117925,28811.81344049541,550836.7040235662,2318870.9691330884,2869707.6731566545,70.51736649276869,39943.22167585071,0.03819444444444445,0.04224206349206349,0.0,0.36060061204892385,6133899.683765496,0.05102552524229783,0.8041071428571429,0.9906349206349206,1.3319858532997123e-05
fully_optimized,3.5,1.5x,1.5,30,119081982.71229255,21118018.413194567,7720308.66115445,172425455.82868686,65201047.98942673,237626503.818111,160117832.188856,28541.503063967204,549070.8065378396,2385346.920922469,2934417.7274603085,69.85577759529075,38013.6603464802,0.028392857142857143,0.0323015873015873,0.0,0.35265113956446664,4271661.833172005,0.04913612551665039,0.8172222222222222,0.9910515873015873,1.266728508492981e-05
fully_optimized,3.5,1.5x,1.5,31,128449654.62395531,22058081.49279453,6982992.984968968,185989431.3574176,68103455.62857206,254092886.98598912,144826035.85126865,25815.692665110277,582367.1209884293,2491530.016728258,3073897.1377166873,63.18431377775018,343871.0207826099,0.028095238095238097,0.03263888888888889,0.0,0.337892298810982,3697196.7745484826,0.04951482070957966,0.8632539682539683,0.9844444444444445,0.00010519416959214294
fully_optimized,3.5,2x,2.0,0,114482826.34601104,16984979.792013906,9579042.790306896,165766080.37304655,52440454.44276137,218206534.81580725,198667648.3215655,35413.128043059805,534734.6028728086,1918507.1466505048,2453241.7495233133,86.67418779540915,110845.46514806229,0.0416666666666666,0.0456349206349206,0.0,0.3448214042782423,10406840.510983655,0.0497971005142779,0.6514682539682539,0.9395039682539682,3.802917418200782e-05
fully_optimized,3.5,2x,2.0,1,114507242.68486476,20436038.52233478,9451874.116031798,165801434.15420207,63095462.0049009,228896896.15910152,196030192.57452777,34942.99332879283,531962.822430488,2308315.1369281416,2840277.95935863,85.52352568886015,150344.21108060193,0.0461507936507936,0.0503571428571428,0.0,0.3610067450515837,10939744.449376684,0.0524304826779132,0.6909325396825396,0.9497222222222222,5.273594819561318e-05
fully_optimized,3.5,2x,2.0,2,123897589.36493663,17764916.33010207,9042603.377161158,179398241.74693963,54848477.707710825,234246719.45464757,187541990.0475987,33429.94475001759,572636.3401475706,2006603.4435303835,2579239.783677954,81.82031549797041,137601.27619964932,0.035,0.0385912698412698,0.0,0.3430721574370126,6477418.359839944,0.0496824581835609,0.7267460317460317,0.9627777777777776,4.606971904793399e-05
fully_optimized,3.5,2x,2.0,3,102129989.9644466,15670114.53898027,10410085.911231158,147879718.42848116,48380859.892492674,196260578.32097235,215903335.23747408,38485.44300133228,481809.4274388157,1769988.9608347325,2251798.3882735483,94.19372697128097,1675371.278662639,0.0541865079365079,0.0596031746031746,0.0,0.3728328939441885,12626737.060270024,0.0556389237755969,0.5129166666666667,0.855218253968254,0.0005166948406387
fully_optimized,3.5,2x,2.0,4,106428310.05981249,16890375.59128663,9984213.51778084,154103496.23987257,52148367.70853584,206251863.9484088,207070817.33939588,36911.01913358215,496625.0344061722,1907821.3031922877,2404446.33759846,90.34029979543192,228780.7400692713,0.0576388888888888,0.0610912698412698,0.0,0.3823544514598546,11199578.385016384,0.0542601696815085,0.613829365079365,0.9191666666666668,7.66592057284609e-05
fully_optimized,3.5,2x,2.0,5,115615929.77934802,18330231.98975244,9093998.21570224,167406764.14018038,56593867.48495401,224000631.62513408,188607909.8824254,33619.94828563733,535423.5901240825,2070457.6339052592,2605881.2240293417,82.28535213941234,169553.18060441152,0.0555753968253968,0.0606547619047619,0.0,0.3823238734480297,11796928.6248227,0.0554094721295894,0.6946626984126985,0.924484126984127,5.813410172007225e-05
fully_optimized,3.5,2x,2.0,6,118241713.99696152,20120972.749178626,8460825.02743126,171208783.8103052,62122708.87089684,233331492.68120405,175476010.2711907,31279.14621589852,548828.1640601296,2272727.462119764,2821555.6261798935,76.55620226206379,60035.075128228695,0.0465873015873015,0.0500396825396825,0.0,0.3579252238099258,12399556.901481666,0.0511950418798392,0.7748412698412699,0.9657539682539684,1.9391320281205997e-05
fully_optimized,3.5,2x,2.0,7,116052152.91393057,24887067.09480258,8530397.568962669,168038395.9883416,76837836.97008462,244876232.95842707,176918932.44163546,31536.351593874413,537613.3385739627,2811072.881169918,3348686.2197438804,77.18571646949458,6507.078739352382,0.0347420634920634,0.0387103174603174,0.0,0.3361033972165703,6182333.625364175,0.0489338593503677,0.7808333333333334,0.997123015873016,2.3124909781834288e-06
fully_optimized,3.5,2x,2.0,8,109157766.4315207,17263638.990567207,9780783.619117375,158055628.61402997,53300803.71522093,211356432.32925367,202851717.3259096,36158.95139499279,512165.4554737507,1949982.583798553,2462148.039272304,88.49960217814991,254652.10483079503,0.0501587301587301,0.054563492063492,0.0,0.3592313730766513,11268924.219741058,0.0525942365780552,0.6061904761904762,0.8659920634920635,9.004673387331525e-05
fully_optimized,3.5,2x,2.0,9,111228406.38084532,19132067.945976134,9427789.60179744,161053823.88242838,59069504.338681154,220123328.2211071,195530684.02146685,34853.95437102796,519352.9214710605,2161027.5392742255,2680380.460745286,85.30560143949602,596067.8577276742,0.049781746031746,0.0535714285714285,0.0,0.3501828364485097,13840665.261697927,0.0523725375010308,0.6654166666666667,0.8959126984126984,0.0001922776294691
fully_optimized,3.5,2x,2.0,10,108652146.1437891,22832112.56853306,9144536.68006844,157323512.75063282,70493246.01169866,227816758.762334,189656068.66876516,33806.78585895992,506659.8370388366,2578959.272972188,3085619.1100110244,82.74264003834377,62063.42830283256,0.0450992063492063,0.0489682539682539,0.0,0.3533310510606091,7598769.045607016,0.0515372313206573,0.6988492063492063,0.9615277777777778,2.124409564222107e-05
fully_optimized,3.5,2x,2.0,11,115531144.3578381,17344521.07760264,9324858.121536933,167283998.5914491,53550523.965250134,220834522.55669975,193395903.37905228,34473.423062219656,541052.302746048,1959118.47114806,2500170.773894108,84.37424507691829,91774.48645759156,0.0348015873015873,0.0380555555555555,0.0,0.3382682868490405,7283260.333174417,0.0491196475475931,0.6836904761904762,0.948313492063492,3.180391661077146e-05
fully_optimized,3.5,2x,2.0,12,121018666.46792576,18564954.52153364,9061652.549225455,175229688.44016662,57318564.03362856,232548252.4737946,187937066.49723625,33500.36835957865,559962.9597413739,2096970.2856844424,2656933.2454258166,81.9926783898591,20855.550048857625,0.0341468253968254,0.0377182539682539,0.0,0.3434545401458884,6161511.721255675,0.0484183159541612,0.7178174603174603,0.9851785714285716,7.16246417111531e-06
fully_optimized,3.5,2x,2.0,13,103163195.58149327,17983798.49837859,9732425.636878395,149375754.56615952,55524267.759532526,204900022.3256939,201848781.35211328,35980.17492907545,483677.6794238248,2031326.8761900032,2515004.555613828,88.06204396636252,458009.688341787,0.0519047619047619,0.056765873015873,0.0,0.3813671819522259,9364269.520780664,0.0556891641746732,0.6133333333333333,0.8819642857142858,0.0001486143990741
fully_optimized,3.5,2x,2.0,14,112562769.18851992,18405566.7008561,9568996.962368678,162985922.34193775,56826460.430837415,219812382.77277648,198459299.63207236,35375.989239228584,523506.9194462039,2078966.927611407,2602473.8470576108,86.58328998898409,96783.25869964964,0.0486309523809523,0.0528968253968253,0.0,0.3596355765391776,12993625.725316985,0.052021180677923,0.6575396825396825,0.9471626984126984,3.2260554576048034e-05
fully_optimized,3.5,2x,2.0,15,111602234.53350694,18376015.13001107,9526630.62459241,161595110.55028483,56735221.1227199,218330331.67300484,197580629.3016191,35219.36351187507,519800.2029154133,2075628.9842900028,2595429.187205416,86.19994605817615,99838.4344933022,0.0578769841269841,0.0624603174603174,0.0,0.3828896976412276,10757805.30649938,0.0550411344337102,0.6444841269841269,0.9510912698412698,3.51365636485978e-05
fully_optimized,3.5,2x,2.0,16,101685980.55088218,17226421.4299551,10311344.904052367,147236812.39196372,53185895.96639454,200422708.35835755,213855464.26346025,38120.403612024995,480521.4929452424,1945778.7427054483,2426300.2356506907,93.3002873253093,148899.55070362033,0.0502380952380952,0.0541071428571428,0.0,0.3624530878202182,12305576.596816191,0.0523062912320872,0.5596230158730159,0.9276388888888888,4.985464000899687e-05
fully_optimized,3.5,2x,2.0,17,102172594.1664904,15987093.340003977,9699972.762907514,147941407.43289864,49359519.42450029,197300926.8573984,201175714.50250152,35860.198663547504,474562.6563906451,1805792.718186662,2280355.374577307,87.76840016972538,802637.1673310206,0.0657738095238095,0.0712698412698412,0.0,0.4047839939740444,15478666.56358599,0.0586659653003872,0.5972420634920635,0.865515873015873,0.0002514045736928
fully_optimized,3.5,2x,2.0,18,111187921.1378668,17319539.58531492,9787746.56398582,160995203.0372268,53473394.59422573,214468597.63145176,202996127.5673833,36184.692971013064,518207.8290806097,1956296.7326429295,2474504.561723539,88.56260509027385,194206.10207309396,0.0424007936507936,0.0474007936507936,0.0,0.3596116439246506,8152124.337266364,0.0523007718635778,0.6275793650793651,0.9196428571428572,6.537950431066697e-05
fully_optimized,3.5,2x,2.0,19,112536239.82408813,16707498.204680257,9471626.908164669,162947508.99299693,51583740.99844441,214531249.99144235,196439861.97957924,35016.01817817812,519003.3197880161,1887164.7244114252,2406168.044199441,85.70225515612597,622478.4722701736,0.0520039682539682,0.0564682539682539,0.0,0.3731269380444114,14492645.85008902,0.0538564078033172,0.6528174603174604,0.9349801587301588,0.0001921322550741
fully_optimized,3.5,2x,2.0,20,108695268.71607544,16900979.694004443,10093566.685369805,157385952.33228347,52181107.45696573,209567059.78925493,209338782.63791105,37315.29102280054,508537.19398339174,1909019.070107354,2417556.2640907457,91.32976160190984,711186.6125290486,0.0575992063492063,0.0629365079365079,0.0,0.3831818048905949,12176583.29780624,0.0564696092172293,0.5838293650793651,0.842579365079365,0.0002409582900963
fully_optimized,3.5,2x,2.0,21,110127015.08755884,19286969.30701811,9776107.417600416,159459057.89461732,59547756.17449841,219006814.0691154,202754733.73592308,36141.66376754422,513644.9930055864,2178524.1375524667,2692169.130558053,88.45729043810275,152079.37502901355,0.0519047619047619,0.0563095238095238,0.0,0.3741777361780924,8963032.209449142,0.0547478404164842,0.6336706349206349,0.9224603174603174,5.223928367254384e-05
fully_optimized,3.5,2x,2.0,22,108199759.60995051,17735017.38213934,10277282.253774432,156668477.01364505,54756165.88645929,211424642.9001053,213149010.93879575,37994.47610317215,507418.48177167826,2003226.262865688,2510644.7446373664,92.99207776704468,147619.5199694909,0.052579365079365,0.0572023809523809,0.0,0.3753857155509026,10707744.523245582,0.0550428899900451,0.5862698412698413,0.91375,5.0677222268363575e-05
fully_optimized,3.5,2x,2.0,23,108363444.6987468,18424755.66735926,9797595.588902753,156905485.79873127,56885705.607225,213791191.40595636,203200394.59711424,36221.104206259224,508993.4215547159,2081134.3820225364,2590127.803577252,88.65172216114517,251581.48377933537,0.0442261904761904,0.0487301587301587,0.0,0.357120455359587,7727791.221986431,0.0522804659114688,0.6280753968253968,0.9319642857142856,8.47787249408393e-05
fully_optimized,3.5,2x,2.0,24,101143384.58431904,16962889.300674032,10522605.689462611,146451157.37737194,52372250.923010014,198823408.30037907,218236975.4790107,38901.4216540126,473478.37728376826,1916011.955839121,2389490.3331228895,95.21184126543358,351745.02272790053,0.0573015873015873,0.0624801587301587,0.0,0.3792448063098012,13772595.980740309,0.0556457359790552,0.5240674603174603,0.8636507936507937,0.0001211455466482
fully_optimized,3.5,2x,2.0,25,115742744.23091976,20037777.68737136,9538293.456255812,167590385.86967883,61865847.40258815,229456233.2722656,197822514.36154372,35262.48027835004,538065.7001789035,2263330.316959879,2801396.0171387824,86.30547502218178,70611.90310441368,0.0480555555555555,0.0523412698412698,0.0,0.3569792250188116,10255989.313178752,0.0521189641802436,0.670952380952381,0.9779761904761904,2.365438637753744e-05
fully_optimized,3.5,2x,2.0,26,115135755.09979056,20814988.735249165,9343098.31172114,166711492.39449367,64265455.82413117,230976948.2186238,193774201.68799275,34540.855915863234,532708.0430980263,2351118.7611068888,2883826.804204915,84.53928804666603,66283.20391791195,0.040595238095238,0.0450198412698412,0.0,0.3511754373598013,8754932.529152399,0.0510045632619568,0.695734126984127,0.9700198412698412,2.321277370361421e-05
fully_optimized,3.5,2x,2.0,27,107113366.20744929,18487885.079656236,10193732.804433974,155095427.30982983,57080615.1749775,212176042.48480907,211416210.17964295,37685.5989625032,501079.1060699251,2088265.0486549772,2589344.1547249025,92.23609610782788,221287.00596209776,0.0581349206349206,0.0625595238095238,0.0,0.3696465517623093,17571888.156366456,0.0544335575960729,0.5854761904761905,0.9408333333333332,7.402944172192335e-05
fully_optimized,3.5,2x,2.0,28,110007166.21277612,17575336.136149805,10111067.875598067,159285522.0129136,54263156.34460372,213548678.35751677,209701754.21884304,37379.99183936596,510084.51519182115,1985189.761476324,2495274.2766681453,91.48811786794452,403110.7145325666,0.0551785714285714,0.060079365079365,0.0,0.3835072543965351,11275512.117768142,0.0549631817317555,0.6024007936507937,0.9576388888888888,0.0001245441572247
fully_optimized,3.5,2x,2.0,29,108904744.7648461,17900681.762185104,9813250.02596412,157689264.40664026,55267648.118463986,212956912.52510077,203525064.8449534,36278.97769072253,508407.5233742537,2021938.578155734,2530346.101529988,88.79336842449271,163144.03445362052,0.0563690476190476,0.0607142857142857,0.0,0.3807945033018866,11710462.827867582,0.0545541858651861,0.6349801587301588,0.917420634920635,5.464666160314026e-05
fully_optimized,3.5,2x,2.0,30,105872146.65391628,17876265.45899375,9862020.482471423,153298196.1718603,55192263.74645693,208490459.9183143,204536555.46191865,36459.279048470344,495710.86180934246,2019180.679545256,2514891.5413545985,89.23465883301577,134732.94998933218,0.0493650793650793,0.0536309523809523,0.0,0.3810482606869042,9437335.361733085,0.0542298617433502,0.6145436507936508,0.9261111111111112,4.532241778781168e-05
fully_optimized,3.5,2x,2.0,31,117921447.88456228,19429880.514450222,8954181.201227743,170745052.61303213,59988988.88448568,230734041.49751753,185708129.8032371,33103.05344086223,541397.3716769419,2194666.4100869256,2736063.7817638675,81.02024387809071,414171.8429452969,0.0405357142857142,0.0450396825396825,0.0,0.3538429012061465,7141470.081894134,0.0521567318340154,0.7073015873015873,0.9391666666666668,0.0001307635945186
fully_optimized,3.5,3x,3.0,0,80068064.5740522,9594678.737214155,12280339.320358971,115935024.06537206,29623191.74782799,145558215.8131976,254692059.1935614,45399.65404519811,388740.834517053,1083749.286285046,1472490.120802099,111.11636723464414,281119.87093102105,0.0682539682539682,0.0726984126984126,0.0,0.3738641582800029,18606768.402478267,0.0561078948301239,0.2643452380952381,0.6506349206349207,9.707443111536178e-05
fully_optimized,3.5,3x,3.0,1,80964024.9971819,11807969.091168072,12293237.571530003,117232335.2189469,36456638.32217707,153688973.54112425,254959566.63492748,45447.338081092246,390938.5258803541,1333747.4266225293,1724685.9525028835,111.23307466237846,304813.7338080052,0.0689087301587301,0.0739682539682539,0.0,0.3838595595644306,18956598.445163224,0.0577213952235211,0.2694642857142857,0.6538690476190476,0.0001065628045855
fully_optimized,3.5,3x,3.0,2,87957287.08434793,10447585.172606517,11911727.86055228,127358270.10552524,32256506.689430103,159614776.79495558,247047122.90219617,44036.92030342177,421415.049394022,1180087.7636786911,1601502.813072713,107.7810549711738,276314.9959310202,0.0620436507936508,0.0667857142857142,0.0,0.3737140296508383,14008184.79621242,0.0558149105143801,0.32375,0.7016468253968254,9.477173244288156e-05
fully_optimized,3.5,3x,3.0,3,70657345.9226709,8734763.889059883,12365530.831710516,102308718.75720105,26968238.60855561,129276957.36575677,256458916.0275567,45714.60178744326,346625.3913245547,986619.1865206324,1333244.5778451872,111.88720678668552,1950270.0565478909,0.0744246031746031,0.0792460317460317,0.0,0.3943269982196166,16650599.637575928,0.0595193771268334,0.2119642857142857,0.4558134920634921,0.0006103644275763
fully_optimized,3.5,3x,3.0,4,72207932.55167928,9023598.684670012,12604853.294550337,104553899.76795612,27860004.635135964,132413904.4030902,261422421.45535684,46599.36211325434,351577.20135304873,1019243.9895150944,1370821.1908681432,114.0526715979282,413455.0964870322,0.0854761904761904,0.0904960317460317,0.0,0.4136515836716432,21434299.575449426,0.0608475767790594,0.2031150793650793,0.6029365079365079,0.0001400013860164
fully_optimized,3.5,3x,3.0,5,89628764.23048636,12110755.526568333,11792483.757376522,129778495.25013386,37391479.48571828,167169974.7358509,244574021.3540886,43596.08223780546,427523.9114045694,1367948.111423895,1795472.0228284644,106.702096872919,318420.9156730836,0.0762698412698412,0.0817063492063492,0.0,0.4034043566463432,17561580.683702547,0.0597697934651267,0.3409325396825396,0.7196031746031746,0.0001102208284118
fully_optimized,3.5,3x,3.0,6,96695865.92592256,14711601.124476854,11461231.110898936,140011346.63091037,45421487.57285746,185432834.203768,237703900.22438055,42371.46171557586,460871.9321042263,1661721.8413913634,2122593.77349559,103.70481888627016,131324.19547467137,0.073829365079365,0.0775992063492063,0.0,0.3859223458637745,23390478.82858744,0.0566083415958732,0.4242063492063492,0.8474404761904762,4.446531096878644e-05
fully_optimized,3.5,3x,3.0,7,86914477.56707022,15944418.090975508,11648886.870872129,125848327.94413364,49227761.27819008,175076089.22232518,241595847.39947963,43065.21344019245,415330.88044661074,1800972.4139385107,2216303.294385121,105.40278714227097,109692.98269689424,0.0653571428571428,0.0695436507936508,0.0,0.3754481744512245,15128521.038556645,0.055933296775189,0.3782936507936508,0.8069047619047619,3.8526419717088325e-05
fully_optimized,3.5,3x,3.0,8,76618631.25658417,9739474.122115098,12110722.600117289,110940396.84664318,30070241.781351577,141010638.6279969,251174238.5026956,44772.59153345732,373225.15368538536,1100104.3826193423,1473329.536304728,109.5816218759174,430921.2631932874,0.0754166666666666,0.0802380952380952,0.0,0.3865338670111718,20361794.173939697,0.0581542242032309,0.2510912698412698,0.5781547619047619,0.0001515547922773
fully_optimized,3.5,3x,3.0,9,87112677.2766498,12664762.305041077,12096684.911674889,126135312.37696904,39101953.53886677,165237265.91583374,250883099.3344364,44720.695068526984,419116.94774042605,1430524.9279292948,1849641.8756697208,109.45460446187194,727111.0704550414,0.0709325396825396,0.0760119047619047,0.0,0.37545223393183,22330095.06396095,0.0568154951677777,0.3163888888888889,0.6834325396825397,0.0002391294440583
fully_optimized,3.5,3x,3.0,10,78832196.77435562,14325817.252246164,11840899.952198768,114145542.03078264,44230395.1003217,158375937.1311052,245578164.6465338,43775.07391203811,380670.0076852002,1618146.3337958185,1998816.3414810183,107.1401818104425,217905.7351770528,0.0706150793650793,0.0745238095238095,0.0,0.3820248810585824,16362765.253875142,0.0572011767180954,0.3396031746031746,0.6847420634920635,7.488823859193628e-05
fully_optimized,3.5,3x,3.0,11,87087394.7773874,11056787.267997175,12084324.360232243,126098704.4337642,34137394.10413281,160236098.53789645,250626743.69004455,44674.998875230754,421166.7426608571,1248899.0656686395,1670065.808329497,109.342762310157,229120.84882784676,0.0619047619047619,0.0667857142857142,0.0,0.3692691305184349,14315307.744812837,0.0552135986028269,0.31375,0.6927579365079365,7.931388637959406e-05
fully_optimized,3.5,3x,3.0,12,84924494.34491225,10657220.9435448,11989860.088060962,122966920.05725768,32903748.8545715,155870668.9118284,248667571.4414757,44325.77031042347,406923.4797614412,1203766.7865367453,1610690.2662981865,108.4880199057915,180072.47303419458,0.0655555555555555,0.0704166666666666,0.0,0.3830758575947265,14501293.527996069,0.0567522552371235,0.3148412698412698,0.682936507936508,6.18612073493436e-05
fully_optimized,3.5,3x,3.0,13,78998742.50046358,11724113.81278837,12242190.396064296,114386692.8924538,36197738.46127002,150584431.3537235,253900857.27062225,45258.61983433552,382906.7355625369,1324275.7079142462,1707182.443476783,110.77118378564133,595918.2074007313,0.0743849206349206,0.0799206349206349,0.0,0.4087727133178571,16966621.25894621,0.0606080977123553,0.2778968253968254,0.6673412698412698,0.0001956951858953
fully_optimized,3.5,3x,3.0,14,79994879.98951775,10773021.296255792,12348069.560618548,115829056.0166322,33261277.871100504,149090333.88773203,256096772.3624145,45650.04854945,386693.9468498553,1216846.8023496072,1603540.7491994626,111.72921172152702,264266.367994512,0.0764087301587301,0.0813095238095238,0.0,0.3932252672570848,21755768.461111985,0.0585054410685924,0.2643849206349206,0.6883730158730159,8.987148204291236e-05
fully_optimized,3.5,3x,3.0,15,78312449.68014164,10261870.913376376,12175006.441560214,113392971.175024,31683121.247128833,145076092.42215267,252507473.9714184,45010.244914691335,379519.0927926047,1159110.751169353,1538629.8439619578,110.16328226384596,261281.86216117957,0.0846428571428571,0.0890079365079365,0.0,0.4086471108436851,22626340.172866747,0.0606901373552383,0.2658134920634921,0.6647619047619048,9.128391447283696e-05
fully_optimized,3.5,3x,3.0,16,66159650.402774766,8627493.141377728,12738108.804047037,95796254.12961376,26637044.410755143,122433298.540369,264186117.08520028,47091.999480427854,328352.73667308025,974502.616552647,1302855.353225727,115.25840930134468,382416.84573313553,0.0784523809523809,0.0833531746031746,0.0,0.3981829092624161,20509715.928679157,0.0594386123304363,0.1722222222222222,0.5510515873015873,0.0001287714097197
fully_optimized,3.5,3x,3.0,17,80318295.78322332,10866854.641290534,12074652.321286952,116297347.81344092,33550984.618812896,149848332.43225223,250426147.31796783,44639.24194616183,384488.4205119261,1227445.5752211488,1611933.9957330748,109.25524666394412,952798.8899606166,0.0864285714285714,0.0914087301587301,0.0,0.4233264029962871,24896029.934708912,0.0624194577443927,0.2978968253968254,0.6437103174603175,0.0003018226607482
fully_optimized,3.5,3x,3.0,18,75465982.90421161,9202636.420864284,12383862.718692604,109271412.8992698,28412776.576192565,137684189.47546226,256839116.1118182,45782.373638470264,366567.8692280618,1039466.8676471214,1406034.7368751832,112.0530794578603,361861.31507823063,0.0688095238095238,0.0739285714285714,0.0,0.3936073035389804,17018750.92939395,0.0586546032306911,0.233015873015873,0.6018650793650794,0.0001236104215308
fully_optimized,3.5,3x,3.0,19,84416210.24837604,10354536.24086895,12222636.472455151,122230947.1162686,31969221.78680027,154200168.90306875,253495312.36347756,45186.330189568194,402193.5068010114,1169577.5927681169,1571771.0995691284,110.59425374323988,785833.4718852069,0.0744841269841269,0.0789087301587301,0.0,0.3952701751480846,23273203.595083896,0.0585548414905964,0.2804761904761905,0.6915873015873016,0.000247701210423
fully_optimized,3.5,3x,3.0,20,72202206.57914339,8671513.019984366,12389545.836799968,104545608.81241336,26772954.047794346,131318562.86020742,256956982.97327572,45803.38377420245,352471.5988602193,979474.8009612048,1331946.3998214242,112.1045020954721,913146.355852048,0.0789484126984127,0.0841865079365079,0.0,0.402637083072819,18782087.126822073,0.0604762225483733,0.2078373015873016,0.4997619047619047,0.0003122156489063
fully_optimized,3.5,3x,3.0,21,75187362.87610567,10268744.372783642,12389708.845181568,108867983.3941944,31704342.781644363,140572326.17583734,256960363.73820004,45803.986406096265,365847.303511276,1159887.1301322088,1525734.4336434847,112.10597704650924,343810.38152627443,0.0708730158730158,0.0766071428571428,0.0,0.3919384376169594,15772888.904159533,0.0588252208245803,0.2261507936507936,0.5687896825396825,0.0001200016782018
fully_optimized,3.5,3x,3.0,22,70620149.36216176,8735642.573354412,12726138.89068926,102254859.77908364,26970951.51161978,129225811.29070398,263937863.2054015,47047.74745194323,346706.3325841459,986718.4366886836,1333424.7692728296,115.1501017657172,368818.3409311286,0.0801190476190476,0.0849404761904761,0.0,0.410948745141728,17245621.5447943,0.0612301882715055,0.1752777777777777,0.5335119047619048,0.0001278668352832
fully_optimized,3.5,3x,3.0,23,75606437.42239404,10378953.71452799,12367851.589466477,109474784.84328105,32044609.7725794,141519394.6158619,256507048.13174996,45723.18148516042,369021.1740018828,1172335.6235866195,1541356.7975885023,111.90820573177336,438936.5667054608,0.0717063492063492,0.076845238095238,0.0,0.389216779383856,13838127.071900385,0.0581453872411056,0.241765873015873,0.590654761904762,0.0001497183482623
fully_optimized,3.5,3x,3.0,24,65554596.05795847,8124233.751049749,12748416.180224292,94920162.13962646,25083250.91470458,120003413.05432944,264399890.2387693,47130.105211901835,322195.862358272,917657.877919683,1239853.740277955,115.3516736783814,583203.4315071692,0.0807936507936507,0.0855357142857142,0.0,0.4000266429278573,20452960.03191457,0.0604790256442036,0.16125,0.4793849206349206,0.0002012045580891
fully_optimized,3.5,3x,3.0,25,78580965.39913763,11069895.785253474,12338501.316275368,113781770.08641668,34177866.13356114,147959636.21997747,255898328.6719789,45614.675342598726,380035.513833299,1250379.7141207517,1630415.2279540508,111.64263524147631,266179.00297467184,0.0763095238095238,0.0807142857142857,0.0,0.3909940367701285,19596650.95341453,0.0586889139833417,0.2531349206349206,0.6676587301587301,9.121641455234456e-05
fully_optimized,3.5,3x,3.0,26,81801389.49756025,12105106.2355408,12195835.246750956,118444802.06224278,37374037.52273747,155818839.58497986,252939459.69642577,45087.247717722945,392604.2953132877,1367310.006148378,1759914.301461666,110.35174783521882,276686.55847070314,0.0624801587301587,0.0669047619047619,0.0,0.3774490511079965,13364336.71317673,0.056374735962983,0.274563492063492,0.657420634920635,9.628140945608214e-05
fully_optimized,3.5,3x,3.0,27,69445895.63842103,9212985.972724255,12599972.63922939,100554592.20742507,28444730.408900283,128999322.61632554,261321197.52974507,46581.31863275313,340418.44314479746,1040635.8822383144,1381054.3253831118,114.00850989564807,636340.5027974981,0.0818650793650793,0.0864285714285714,0.0,0.3958417208813777,22764691.38368211,0.0597254495806883,0.192281746031746,0.5451587301587302,0.0002118918267808
fully_optimized,3.5,3x,3.0,28,71272265.62086919,8808123.388644,12738201.996848809,103199095.34352426,27194733.166865267,130393828.51038902,264188049.8873688,47092.34400844364,346061.78780129086,994905.3738432107,1340967.1616445016,115.2592525390814,646025.2534318595,0.0818253968253968,0.0868849206349206,0.0,0.4158344919617969,20447440.56068477,0.0615269511530275,0.1849603174603174,0.5804960317460317,0.000205767931219
fully_optimized,3.5,3x,3.0,29,75794970.91377717,9841024.508614888,12590943.261691548,109747773.01874122,30383774.589873865,140131547.60861498,261133929.8412544,46547.93758311131,368471.78867463104,1111574.8197132137,1480046.6083878446,113.92680925169635,316913.57791514846,0.0852182539682539,0.091329365079365,0.0,0.4145278910427097,22027344.52639672,0.06121828505069,0.2201785714285714,0.6651190476190476,0.0001073709302881
fully_optimized,3.5,3x,3.0,30,72642883.76211523,9972712.728149328,12481405.813387908,105183689.92608312,30790356.767875656,135974046.69396037,258862142.59340897,46142.98441950249,354870.85449332494,1126449.4202956231,1481320.274788948,112.93568001543407,333056.97648657556,0.0767063492063492,0.0816269841269841,0.0,0.408996670199571,16776044.893072786,0.060355744870651,0.2240277777777777,0.6243055555555556,0.0001127209662223
fully_optimized,3.5,3x,3.0,31,93554172.82459168,13679159.143842096,11577289.377306253,135462313.66444272,42233863.72441889,177696177.38886064,240110928.08302572,42800.521939933285,441747.2139029557,1545104.2567604354,1986851.470663391,104.75495053282442,550800.9908722803,0.0593650793650793,0.0634920634920634,0.0,0.3786839981672215,14036193.753100729,0.0563973585003437,0.3946031746031746,0.7068253968253968,0.0001801547447553
fully_optimized,3.5,4x,4.0,0,57803357.803766385,5035133.739807626,13242536.26199593,83696711.21300732,15545776.605500989,99242487.81850731,274647853.0867257,48956.836557348615,291944.478878152,568734.2688923292,860678.7477704812,119.82262737370296,350631.366685058,0.0773015873015873,0.0819642857142857,0.0,0.3836308778960781,21107726.40819037,0.0588017000239311,0.0609126984126984,0.2848611111111111,0.0001212641400383
fully_optimized,3.5,4x,4.0,1,57116077.91768384,5984632.552774753,13286541.069003124,82701560.26791516,18477316.6988408,101178876.96675532,275560504.9783982,49119.51960399255,287819.46107061283,675983.1606025273,963802.6216731402,120.22079668873216,377067.6689074012,0.0793650793650793,0.0844841269841269,0.0,0.3938040058864002,21617013.64222166,0.0603131923575889,0.0606150793650793,0.2751190476190476,0.000132012546867
fully_optimized,3.5,4x,4.0,2,65997478.66274182,6136845.195175948,13004066.34812688,95561436.60675476,18947267.22202039,114508703.8287744,269702029.3733426,48075.22805228923,326420.84623575705,693176.0596128961,1019596.905848653,117.6648766933159,348931.53640732425,0.0725396825396825,0.0778968253968254,0.0,0.3878260319270209,16200125.709896447,0.058763529974784,0.1141865079365079,0.3508531746031746,0.000120381483485
fully_optimized,3.5,4x,4.0,3,58859354.51435949,6031109.631661801,13044861.74933984,85225747.84836152,18620812.84472123,103846560.69308354,270548118.7581341,48226.04612444458,295923.6085930443,681232.8935484661,977156.5021415104,118.0340062966946,2014912.8514883672,0.0802777777777777,0.0850396825396825,0.0,0.3976453804493425,17867375.831686568,0.0605843268372223,0.0904563492063492,0.2471230158730158,0.0006320623367746
fully_optimized,3.5,4x,4.0,4,47767898.353680074,3839646.3568792823,13401070.169502107,69165808.79839121,11854756.51545472,81020565.31384537,277935818.207349,49542.9265966754,245797.73744126907,433700.190785452,679497.928226721,121.25709196185969,488669.4801978005,0.0942460317460317,0.1003373015873015,0.0,0.4246899461336412,24577802.881457143,0.0639953952935663,0.026845238095238,0.2189484126984127,0.0001658076480694
fully_optimized,3.5,4x,4.0,5,66638052.74376986,7082854.212033075,12896308.934105491,96488959.60727473,21868032.70766841,118356992.31494378,267467159.72076252,47676.85556519831,328274.5003002444,800030.7678233568,1128305.268123601,116.68985376631947,392694.3015069244,0.0833333333333333,0.0886309523809523,0.0,0.4114699807225258,19520749.82930306,0.0618001800285786,0.1361111111111111,0.3467261904761904,0.0001363791396199
fully_optimized,3.5,4x,4.0,6,67241781.89458534,7731320.47156899,13010671.97814526,97363132.7748312,23870146.67879297,121233279.45362398,269839028.96820176,48099.64865743347,333778.72849422693,873277.0812435426,1207055.8097377694,117.72464650844704,202680.93593102053,0.0909523809523809,0.0950198412698412,0.0,0.4016102941951893,29515900.732776083,0.0606380989103719,0.1243055555555555,0.4873412698412698,6.964517639388515e-05
fully_optimized,3.5,4x,4.0,7,60703438.287919275,8375327.921245017,12966715.328340484,87895899.77227306,25858494.25053509,113754394.02280736,268927375.84836966,47937.14364498568,301703.141934376,946019.7579984808,1247722.899932857,117.3269129349127,200411.9765659412,0.0771825396825396,0.0820039682539682,0.0,0.3885701935835772,18656870.702951588,0.059204454767804,0.10875,0.413095238095238,7.014022305908017e-05
fully_optimized,3.5,4x,4.0,8,61248360.496106595,6424863.496293042,12889193.44892946,88684923.08207826,19836512.354093578,108521435.4361716,267319585.8203686,47650.5500571067,306979.3672679575,725708.6369739296,1032688.004241887,116.62547062158252,487126.22932425817,0.0806150793650793,0.0856944444444444,0.0,0.3937409687277393,22663536.66913628,0.0598214250053055,0.1138492063492063,0.2723214285714285,0.0001713383168581
fully_optimized,3.5,4x,4.0,9,64257744.2792918,7202447.121482721,13196632.378368985,93042377.99474064,22237271.093375143,115279649.088115,273695814.6828251,48787.13274203656,320631.81351116725,813539.1649058043,1134170.9784169716,119.40727461694932,796507.0082531113,0.083531746031746,0.0880555555555555,0.0,0.3872446956856846,26366807.75428614,0.0594471122275046,0.0836507936507936,0.3333134920634921,0.0002640540113137
fully_optimized,3.5,4x,4.0,10,59484099.3633169,8593701.699195715,13049830.93619784,86130350.81939511,26532714.667300135,112663065.48669589,270651178.81212574,48244.416900557175,297987.41966878664,970685.7663640878,1268673.1860328745,118.07896906013066,270344.4670222901,0.082063492063492,0.0869047619047619,0.0,0.3918762309451193,20273491.317047194,0.0598986289424061,0.1085119047619047,0.3979761904761905,9.32816178274732e-05
fully_optimized,3.5,4x,4.0,11,60293240.889340945,5585834.602451489,13255926.794574983,87301952.04131697,17246043.774064038,104547995.81538229,274925570.3571764,49006.340527125925,304264.39140036225,630937.6717568772,935202.0631572396,119.9437891182368,299758.5886889568,0.075079365079365,0.0805952380952381,0.0,0.387939232308845,16917278.784447223,0.0592030088639449,0.0680952380952381,0.3510119047619047,0.0001041627389642
fully_optimized,3.5,4x,4.0,12,60637074.529191665,5631893.194945365,13207146.504618874,87799807.97829528,17388247.859729357,105188055.83802344,273913875.79623157,48826.00281572755,302575.6659454195,636140.1353421275,938715.801287547,119.5024097335823,240219.27712149615,0.0767261904761904,0.0826190476190476,0.0,0.3927156592354803,17696047.92231584,0.0598939823584541,0.0746626984126984,0.384047619047619,8.290639563246992e-05
fully_optimized,3.5,4x,4.0,13,53133954.2426413,5594747.248516037,13251956.41034204,76935620.91927089,17273561.21686517,94209182.13613696,274843225.2924616,48991.66226247087,270257.79373755306,631944.3832972961,902202.1770348492,119.90786383466184,678669.6572816843,0.0857738095238095,0.0918253968253968,0.0,0.4197289560426837,18247412.348552532,0.0634068741539981,0.0592460317460317,0.3068849206349206,0.0002243675435813
fully_optimized,3.5,4x,4.0,14,54220443.485192746,5063890.50755677,13325618.523768876,78508809.3952513,15634561.990443043,94143371.38569488,276370964.4585965,49263.98653450918,275065.2791155872,571982.4366921661,847047.7158077534,120.57438177307148,364965.9308520135,0.0859722222222222,0.0909722222222222,0.0,0.4013831793663773,24675575.093068182,0.0611481468099071,0.0432738095238095,0.2694642857142857,0.0001248323242651
fully_optimized,3.5,4x,4.0,15,60250817.88861704,6269830.457688544,13072661.828268532,87240525.4084137,19357853.969001975,106598379.37741502,271124687.4638736,48328.821294808135,301636.79431715293,708197.1652988486,1009833.9596160016,118.28555014241094,334765.85275641736,0.092281746031746,0.0977182539682539,0.0,0.4185437759400608,25437181.09346444,0.0629064594507079,0.0998809523809523,0.3032738095238095,0.0001168513734719
fully_optimized,3.5,4x,4.0,16,46904488.08041418,4112151.6552276714,13388810.465554943,67915628.82536602,12696105.864022534,80611734.68938798,277681554.12212884,49497.603230326,244300.38604473096,464480.5254566375,708780.9115013685,121.1461623099602,465868.3915866344,0.0876587301587301,0.0926785714285714,0.0,0.4046197026089461,20523857.483056087,0.0616849408099628,0.0251785714285714,0.1779761904761904,0.0001572528602219
fully_optimized,3.5,4x,4.0,17,58908928.57481047,6056378.582319321,13122763.697684728,85297528.90016937,18698829.732111976,103996358.63228236,272163791.3484004,48514.04480363644,292641.72698528325,684087.1013849456,976728.8283702288,118.73888759310968,1101504.111289983,0.0906349206349206,0.0959126984126984,0.0,0.4276753294505204,21217729.23765584,0.0641469524403589,0.0997420634920634,0.3333333333333333,0.0003505086727379
fully_optimized,3.5,4x,4.0,18,57220091.875328474,5325106.981482451,13170912.198876882,82852167.88840461,16441057.539353749,99293225.42775773,273162382.7224574,48692.04683109758,287753.52221241745,601487.6629677308,889241.1851801482,119.17455035459663,456274.3232334767,0.0760912698412698,0.0814682539682539,0.0,0.4035174864351778,18865454.704902142,0.0609518370102289,0.08125,0.2643253968253968,0.0001557180257871
fully_optimized,3.5,4x,4.0,19,58381490.9300472,5100502.5398601545,13275563.509017998,84533822.46660042,15747600.194525428,100281422.66112608,275332832.33152336,49078.93624447832,290231.0604892877,576117.8814490959,866348.9419383836,120.12146827810352,874457.5263693341,0.0849404761904761,0.0897420634920635,0.0,0.4044672190020073,27305980.554710448,0.0612427178743259,0.0609126984126984,0.3179166666666667,0.0002783409559343
fully_optimized,3.5,4x,4.0,20,60810098.81613103,6107518.67152683,13045041.8496982,88050339.51014854,18856722.73823411,106907062.24838196,270551854.0076104,48226.711944315575,303640.3668338169,689863.5360835068,993503.9029173236,118.0356359012996,976416.6905744652,0.0823412698412698,0.0877579365079365,0.0,0.4045482615847519,19976127.95906616,0.0614752444609075,0.0999801587301587,0.2443452380952381,0.0003343363390272
fully_optimized,3.5,4x,4.0,21,57903540.22631126,6079467.878573008,13193206.01511624,83841770.93976128,18770117.02259659,102611887.96235733,273624752.51673883,48774.46568925826,290903.32667874155,686695.1103679563,977598.4370466978,119.37627180607124,406477.9267250645,0.0806150793650793,0.0863095238095238,0.0,0.3994870963437724,17293915.440546457,0.0608683725100588,0.0690079365079365,0.2517063492063492,0.0001420788906746
fully_optimized,3.5,4x,4.0,22,53936179.38421427,5094542.641216927,13313674.749401812,78097207.52172999,15729199.242795274,93826406.76452664,276123252.6968363,49219.83114025602,274209.4261163079,575444.6920617456,849654.1181780535,120.4663107512452,442007.7937290839,0.0857738095238095,0.0908333333333333,0.0,0.4150124370003107,18412633.86383214,0.0625662641111734,0.0479761904761904,0.1899007936507936,0.0001535034032158
fully_optimized,3.5,4x,4.0,23,54940061.24187667,5460129.930081479,13260229.306036,79550784.14989096,16857935.561667453,96408719.71155912,275014803.68168515,49022.24664557668,278901.5801811534,616738.9317370264,895640.5119181798,119.98271959328603,506066.2343245165,0.0806944444444444,0.0865277777777777,0.0,0.4014095314879436,15809992.784738334,0.0609439119653808,0.0622023809523809,0.2731944444444444,0.0001732218137306
fully_optimized,3.5,4x,4.0,24,51177192.9510101,4782572.660953054,13355249.656774163,74102316.9216991,14766004.247107008,88868321.16880642,276985508.9010982,49373.530998413225,260599.794835525,540206.6968444611,800806.4916799861,120.84249357118269,663696.5554558615,0.0869047619047619,0.0919444444444444,0.0,0.4049366284532277,22495725.420430355,0.0618963849150216,0.0378968253968253,0.1876190476190476,0.0002284577401397
fully_optimized,3.5,4x,4.0,25,56239175.01476753,5679489.054575914,13251344.789456837,81431843.56259286,17535198.196979377,98967041.75957116,274830540.38379246,48989.40113793092,283867.00151091005,641516.238108827,925383.239619737,119.90232969679168,353099.0880937617,0.0845833333333333,0.0894642857142857,0.0,0.397664725874268,21148532.806087393,0.0607529947991491,0.0635515873015873,0.2730555555555555,0.0001214817578144
fully_optimized,3.5,4x,4.0,26,60035550.16341474,6668898.943485325,13162510.177338306,86928827.2421776,20589962.161371134,107518789.40354791,272988126.2861099,48660.985077737954,299611.94525682187,753273.2119812298,1052885.1572380518,119.09852622476905,347868.93545487925,0.0713492063492063,0.0760912698412698,0.0,0.3878679111867362,15179334.13585651,0.0589065233866483,0.0762103174603174,0.2771825396825397,0.0001215424721057
fully_optimized,3.5,4x,4.0,27,54564293.60774237,5554207.084995007,13244929.85022554,79006689.19844925,17148395.06275405,96155084.26120336,274697495.6820273,48965.685504817695,276153.33415404864,627365.2437049107,903518.5778589592,119.84428531179287,767845.3188094044,0.0839880952380952,0.0888095238095238,0.0,0.3986307226599164,21662549.343701266,0.0607192020134814,0.06125,0.1983928571428571,0.0002556047220092
fully_optimized,3.5,4x,4.0,28,48559029.90933922,3936445.8125109584,13411342.90816131,70311332.37801307,12153621.012516016,82464953.39052808,278148872.98493665,49580.90427538978,247319.9242106278,444633.9952229802,691953.919433608,121.3500429277535,845630.8138485283,0.0912896825396825,0.0967857142857142,0.0,0.4222998082607657,20902431.0661933,0.0637186581945247,0.027797619047619,0.1856944444444444,0.0002688196677529
fully_optimized,3.5,4x,4.0,29,50596464.21675268,4349271.963442446,13350964.915810108,73261447.34230301,13428205.4527564,86689652.7950585,276896644.1335367,49357.690576388006,258558.849864835,491264.0136618994,749822.8635267344,120.80372388916804,413878.4145027005,0.0925198412698412,0.0984722222222222,0.0,0.4221530669009306,23941321.63536667,0.0635984287156946,0.0393055555555555,0.2043650793650793,0.0001407922859735
fully_optimized,3.5,4x,4.0,30,50873240.28124605,4781382.28915755,13344761.576204652,73662206.86944145,14762329.021191198,88424535.89063296,276767987.9704863,49334.75721399042,260567.41339158497,540072.2405881211,800639.6539797061,120.74759412404786,406891.3878959381,0.0874007936507936,0.0934523809523809,0.0,0.4210516444371802,19194397.320217974,0.0634894263422325,0.0392063492063492,0.2626587301587301,0.0001382539101804
fully_optimized,3.5,4x,4.0,31,72134155.5312435,8668901.607924508,12932481.598290104,104447073.89817728,26764891.416173037,131211965.31434898,268217374.35957536,47810.58366480845,350941.7881843947,979179.833715966,1330121.6219003608,117.01715539313535,606334.5176579964,0.0746428571428571,0.0791865079365079,0.0,0.3957928989267502,19709004.145527877,0.0597777620576204,0.1422619047619047,0.4704960317460318,0.0001998744050157
fully_optimized,3.5,5x,5.0,0,49533480.80743673,3435779.750858962,13429391.802487532,71722294.27552365,10607834.31635268,82330128.5918765,278523203.8517224,49647.62992009312,255719.82988403057,388082.18125989585,643802.0111439264,121.5133549924984,371330.1219430431,0.0775992063492063,0.0826587301587301,0.0,0.3849662198046039,19513335.15435331,0.0594162267558004,0.0106944444444444,0.0780555555555555,0.0001285332411139
fully_optimized,3.5,5x,5.0,1,49337809.03197387,4167851.4618554697,13437358.60247554,71438970.17973223,12868076.817635838,84307046.99736717,278688433.87030166,49677.082686328285,253780.56627651732,470771.994648301,724552.5609248183,121.58544110103578,396050.4210702317,0.0802579365079365,0.085515873015873,0.0,0.3954613022623793,21497532.660658583,0.0607992156981079,0.0127777777777777,0.0521825396825396,0.0001387612145441
fully_optimized,3.5,5x,5.0,2,56169879.92985473,4213488.741070267,13360091.88029665,81331507.33765942,13008980.115188122,94340487.45284876,277085935.7580359,49391.43239893688,283329.3859007304,475926.8695671656,759256.2554678959,120.88630753048334,364237.3321218324,0.0766071428571428,0.0819841269841269,0.0,0.3919586178147024,17484384.562850837,0.0599036445292261,0.0294642857142857,0.1540873015873015,0.0001258856785692
fully_optimized,3.5,5x,5.0,3,53424999.879860274,4764671.483516746,13290351.658355698,77357042.15799633,14710735.068614244,92067777.2266107,275639535.925637,49133.607116869345,272481.2175260868,538184.7022783468,810665.9198044336,120.2552760980396,2026680.703293923,0.081329365079365,0.0861904761904761,0.0,0.3989011624818781,17848604.51935872,0.0610046646373249,0.0452182539682539,0.103531746031746,0.000636281051195
fully_optimized,3.5,5x,5.0,4,44118264.48799579,3112966.748281434,13461945.756678104,63881300.020780824,9611161.917416075,73492461.93819697,279198367.08714616,49767.97987293158,229823.20250521757,351619.4324041163,581442.6349093339,121.80791339470464,503495.8040470188,0.093531746031746,0.0995436507936508,0.0,0.4246991059710817,24161392.07068071,0.0641537567243691,0.0108928571428571,0.0321626984126984,0.0001708911806333
fully_optimized,3.5,5x,5.0,5,56773694.06712513,4997339.4381489875,13329267.956685765,82205803.5618518,15429088.191467198,97634891.75331935,276446653.04995674,49277.47826202437,285600.00942505826,564465.2830752924,850065.2925003506,120.60740298833704,404991.44829272386,0.0882341269841269,0.0942460317460317,0.0,0.4143022462037454,21143783.15988018,0.0627204940091499,0.0468253968253968,0.1765079365079365,0.0001408714451872
fully_optimized,3.5,5x,5.0,6,53540381.758661315,4762640.257295916,13388580.836826894,77524110.02664895,14704463.737861866,92228573.7645108,277676791.6630452,49496.75430713819,273842.8220537431,537955.268857239,811798.0909109821,121.1440845571078,229935.8156532427,0.0956349206349206,0.1005952380952381,0.0,0.4054160642043165,29629926.3785944,0.0618889202627189,0.0307936507936507,0.1556746031746032,7.931094868891712e-05
fully_optimized,3.5,5x,5.0,7,52174126.018692955,5863840.50319541,13281234.155114932,75545832.00862265,18104376.01533234,93650208.02395424,275450440.5257082,49099.90027196224,265166.4645234108,662339.3168526811,927505.781376092,120.1727780650526,226447.2475183219,0.0770039682539682,0.082281746031746,0.0,0.386035070525958,18156711.264811262,0.0592671992409876,0.03875,0.1465674603174603,7.930980141738414e-05
fully_optimized,3.5,5x,5.0,8,56167011.05716968,5338510.367724994,13180653.666762471,81327353.33661583,16482439.965134304,97809793.30175014,273364419.03844017,48728.060434659565,285319.05320284644,603001.61780374,888320.6710065864,119.26269421566776,497690.402875847,0.0827380952380952,0.0876587301587301,0.0,0.3955285627664452,23074142.480052944,0.0602887135423559,0.0657936507936507,0.1319444444444444,0.0001751512145373
fully_optimized,3.5,5x,5.0,9,52995852.57456805,4739720.6353855925,13428938.829714308,76735655.79838577,14633700.310212964,91369356.10859892,278513809.2767522,49645.95530779896,271062.34009088937,535366.425127548,806428.7652184374,121.50925635257332,828365.1541461657,0.0851388888888888,0.089781746031746,0.0,0.3911192388096048,25309108.673789527,0.060350260024175,0.0158928571428571,0.0647222222222222,0.0002749412689666
fully_optimized,3.5,5x,5.0,10,48218135.48933585,5266730.785701263,13398805.929592917,69817732.3016637,16260823.339908408,86078555.6415721,277888858.2732621,49534.5558419362,248894.49354132015,594893.8871627612,843788.3807040814,121.23660440799624,294127.4554548297,0.0841666666666666,0.0889484126984127,0.0,0.3949423170391952,20444730.125956453,0.0608142605904047,0.0236507936507936,0.1258928571428571,0.000101699124968
fully_optimized,3.5,5x,5.0,11,49714726.03618824,3572056.279951699,13441487.096884662,71984729.36832711,11028582.71894208,83013312.08726972,278774058.11202544,49692.34547451434,257223.116955876,403475.0459077579,660698.1628636338,121.62279701514512,323854.8519429249,0.077063492063492,0.082797619047619,0.0,0.389675760598129,16769760.626464548,0.0600837663653353,0.0114682539682539,0.0832341269841269,0.000112618946309
fully_optimized,3.5,5x,5.0,12,49023309.03591661,3454390.568284758,13430474.295702877,70983588.06446038,10665294.480292464,81648882.54475382,278545654.56898886,49651.631830479295,252282.6689518942,390184.3319055613,642467.0008574555,121.52314973110296,263773.6855540358,0.0775595238095238,0.0830555555555555,0.0,0.3942891932335201,18233589.335211784,0.0606597529658628,0.0128769841269841,0.076765873015873,9.12895094552284e-05
fully_optimized,3.5,5x,5.0,13,47438261.741428114,4153332.864618185,13417735.727869185,68688509.53085409,12823251.221943786,81511760.75279899,278281458.93170923,49604.53813399451,245358.12491588067,469132.0732059353,714490.1981218159,121.40788716835677,696653.5582935896,0.085813492063492,0.0921031746031746,0.0,0.4211122493261653,17972597.83127475,0.0637280379281106,0.0200198412698412,0.066329365079365,0.0002307373675652
fully_optimized,3.5,5x,5.0,14,48174421.35954534,3714146.6493254737,13437870.643108258,69754436.17085019,11467281.123835532,81221717.29468584,278699053.50219476,49678.97566884042,248460.71292193432,419524.60218935966,667985.3151112939,121.59007420550346,380965.73023705377,0.0861309523809523,0.0911507936507936,0.0,0.4036372549930154,24644514.90268906,0.0615417893141972,0.010297619047619,0.0404563492063492,0.0001305717490815
fully_optimized,3.5,5x,5.0,15,52646163.287852176,4591460.916894768,13355050.253521124,76229321.14315782,14175954.283522457,90405275.42668007,276981373.3129993,49372.793816933925,268406.48090663727,518620.0213656327,787026.5022722699,120.8406893079191,350248.42628829926,0.0961309523809523,0.1018849206349206,0.0,0.4207507280100849,26551495.659252044,0.0637155432676502,0.0362103174603174,0.1342261904761904,0.0001223345487956
fully_optimized,3.5,5x,5.0,16,43292409.184678,3309326.412117871,13452598.166185278,62685497.98692284,10217414.62609758,72902912.61302076,279004499.71841675,49733.42240969995,228465.1039076296,373798.8770073546,602263.9809149841,121.72333345999148,477096.8081342611,0.0873611111111111,0.0924206349206349,0.0,0.4040740659495664,20485239.081876397,0.0617838877790914,0.0076984126984126,0.0363888888888888,0.0001611809440938
fully_optimized,3.5,5x,5.0,17,49428516.70974458,3993105.4338571713,13410616.368911244,71570310.89417593,12328555.35617343,83898866.25034994,278133804.6897694,49578.218304771726,251667.70485649692,451033.87852047646,702701.5833769734,121.343468972426,1124386.276071729,0.0926388888888889,0.0985714285714285,0.0,0.4308230053434516,20426378.262447312,0.0649303761394787,0.0305555555555555,0.1092857142857142,0.0003585280503877
fully_optimized,3.5,5x,5.0,18,51149594.29589508,4023528.3916983535,13386878.139009,74062355.28703405,12422485.037233906,86484840.32426761,277641478.0123355,49490.45953874072,261167.3323498867,454470.2477570179,715637.5801069046,121.12867801246291,515211.5235311982,0.0790277777777777,0.0846825396825396,0.0,0.4054224289342452,18170387.547748584,0.061550549735771,0.0298214285714285,0.106031746031746,0.000174735677832
fully_optimized,3.5,5x,5.0,19,49677609.98438419,3509461.2865242283,13427516.386531964,71930986.96326135,10835323.148346666,82766310.1116087,278484308.05746114,49640.69662343336,252755.0567577766,396404.7435755992,649159.8003333758,121.49638563988998,1047046.8444248914,0.0836309523809523,0.0887896825396825,0.0,0.4019035113373503,23688671.20497502,0.0614182846977206,0.018829365079365,0.0576388888888888,0.0003308663244528
fully_optimized,3.5,5x,5.0,20,54964170.46262457,4800329.451549218,13292378.650944524,79585693.23758316,14820827.63693254,94406520.87451494,275681575.39237446,49141.10078295445,278369.44105564087,542212.3824606627,820581.8235163037,120.27361696362895,987504.0946221092,0.0848412698412698,0.0904563492063492,0.0,0.4071782717153312,21024828.217767548,0.0621333970687098,0.0522222222222222,0.1146428571428571,0.0003383107159737
fully_optimized,3.5,5x,5.0,21,51907979.03207718,4779211.185127751,13383184.819695484,75160462.91718344,14755625.823226891,89916088.74041037,277564879.2248971,49476.80556593531,264788.2956219928,539827.0075264222,804615.3031484149,121.09525969929808,418613.3761695385,0.0828571428571428,0.088531746031746,0.0,0.4006730350832661,18486392.52430798,0.0615151482674773,0.02875,0.1058333333333333,0.0001464248617073
fully_optimized,3.5,5x,5.0,22,49306324.86800935,3995059.9348574495,13447690.242218949,71393382.49972118,12334589.800836606,83727972.30055803,278902710.2459322,49715.2781187045,254171.60062424617,451254.64558544126,705426.2462096874,121.67892502244136,453271.55702277983,0.0872023809523809,0.0926388888888889,0.0,0.4158046903036264,18225999.857746404,0.0629036021047495,0.012579365079365,0.0566666666666666,0.000157460072887
fully_optimized,3.5,5x,5.0,23,48314909.483753845,4050801.024267257,13412147.885538088,69957856.7749033,12506688.213409416,82464544.98831303,278165568.072943,49583.880226906054,249772.6557286694,457550.7777978023,707323.4335264717,121.35732661588966,522248.251487216,0.0835119047619047,0.0890079365079365,0.0,0.4018327644093954,16765506.388663432,0.0613977489657195,0.0182341269841269,0.0725992063492063,0.0001790153863645
fully_optimized,3.5,5x,5.0,24,47018866.560615525,3903133.7557643824,13433773.852098716,68081243.81712605,12050771.35266338,80132015.16978934,278614086.7833536,49663.830086159294,242478.54750411183,440871.29313439823,683349.8406385101,121.5530051537106,678572.6397416465,0.0857341269841269,0.0909920634920634,0.0,0.4027569811781261,22285163.050889418,0.0619017761101184,0.0157142857142857,0.0422023809523809,0.0002337068289674
fully_optimized,3.5,5x,5.0,25,50190659.65281246,4282108.030376988,13401677.065956226,72673860.24204506,13220839.461437255,85894699.7034832,277948405.132153,49545.17025528574,257523.978040767,483677.6351580038,741201.6131987708,121.26258335159244,368300.4757128719,0.086329365079365,0.0913888888888889,0.0,0.3988872095968503,21702017.136809777,0.0612140940459667,0.02375,0.0702182539682539,0.0001269042224469
fully_optimized,3.5,5x,5.0,26,52996861.27843969,5151223.331372795,13393244.055185648,76737116.35707787,15904198.635570856,92641314.99264874,277773505.98463595,49513.99393665525,269148.8390160898,581846.9551478779,850995.7941639677,121.18627882146276,361126.6247009204,0.073531746031746,0.0783531746031746,0.0,0.3892111485367157,15611726.668762105,0.0596673780123924,0.0237896825396825,0.1028769841269841,0.0001262726579293
fully_optimized,3.5,5x,5.0,27,48542555.06063629,4088638.938376934,13429189.287202282,70287477.52413124,12623511.279163858,82910988.80329666,278519003.7206219,49646.88123362244,249947.26606024723,461824.6897790161,711771.9558392633,121.51152257058747,780077.3644244839,0.0851190476190476,0.0900198412698412,0.0,0.4007126610642824,20943543.75054317,0.0612965908418814,0.0140277777777777,0.0653769841269841,0.0002599466685949
fully_optimized,3.5,5x,5.0,28,45290268.99596609,3265514.144475785,13451145.802738111,65578310.82726269,10082145.979714105,75660456.80697618,278974377.9581423,49728.05311196832,233223.33137974463,368850.14291337423,602073.4742931189,121.71019201935523,857933.4476382108,0.0912103174603174,0.0965873015873015,0.0,0.422847128051912,20534586.0175558,0.0638768635422022,0.0143055555555555,0.0211111111111111,0.0002731252233011
fully_optimized,3.5,5x,5.0,29,46936376.256812446,3575669.3394812676,13444287.842176598,67961801.49755263,11039737.897575138,79001539.39512634,278832145.0725758,49702.699656430625,242720.63495899056,403883.15240029607,646603.7873592866,121.64813903821604,428167.70638764463,0.0921230158730158,0.0975992063492063,0.0,0.4212894853230546,23019580.834511228,0.063727663594547,0.0163690476190476,0.0443055555555555,0.0001456593242748
fully_optimized,3.5,5x,5.0,30,45530512.34227079,3618946.353499657,13433295.163563345,65926172.590669185,11173353.96953071,77099526.56019904,278604158.8680419,49662.06040428554,237227.7615672904,408771.4279058702,645999.1894731605,121.54867382949442,424151.5755348526,0.0879166666666666,0.0938492063492063,0.0,0.420847730675685,19137801.81484892,0.0636518172914587,0.0159126984126984,0.043531746031746,0.0001442828815659
fully_optimized,3.5,5x,5.0,31,58301981.06706458,5469712.51050085,13346489.473019784,84418695.69380644,16887521.40033662,101306217.09414352,276803824.2439275,49341.14514152005,290299.6309448069,617821.3144800757,908120.9454248828,120.76322867713374,643354.5999000618,0.0803968253968254,0.0852579365079365,0.0,0.3987423550798843,20603232.087078396,0.0608451493136022,0.0375198412698412,0.1753769841269841,0.0002124978329614
fully_optimized,3.5,unrestricted,inf,0,48420944.17872126,3255454.436680483,13434727.37572693,70111390.3338601,10051087.02911134,80162477.36297159,278633862.6942746,49667.35520397052,250748.7118918603,367713.86712530546,618462.5790171658,121.56163293498987,373849.1354946355,0.077281746031746,0.0824206349206349,0.0,0.3844507018630355,19249292.87950151,0.0594110927065208,0.0080555555555555,0.0,0.0001294358275489
fully_optimized,3.5,unrestricted,inf,1,49159936.73060227,4134826.674319308,13438078.532215009,71181418.93692659,12766114.09012729,83947533.02705325,278703365.0853983,49679.74422199614,252992.45954272937,467041.7405249178,720034.2000676472,121.5919552514384,396863.1184710268,0.0803769841269841,0.0855952380952381,0.0,0.3954833311014468,21509427.048762254,0.0608070813159257,0.0124404761904761,0.0,0.0001390530380727
fully_optimized,3.5,unrestricted,inf,2,51953916.02408576,3442354.6709202384,13430561.4101878,75226977.65439163,10628134.12242607,85855111.77681857,278547461.30795425,49651.95388733587,264654.4127329606,388824.83926012175,653479.2519930823,121.52393797032413,370389.0395028036,0.0772222222222222,0.0825396825396825,0.0,0.392774904520621,16468467.591292318,0.0602119107084673,0.0115674603174603,0.0,0.0001280950626565
fully_optimized,3.5,unrestricted,inf,3,49989128.80875615,3832779.823971419,13437336.424606966,72382052.47349386,11833556.36623192,84215608.83972646,278687973.90524364,49677.00069612186,257610.71287160332,432924.59419259406,690535.3070641974,121.58524042871618,2029520.0009129704,0.0821230158730158,0.0872023809523809,0.0,0.4006640675377739,17811145.708961636,0.0613742157979723,0.0106746031746031,0.0,0.0006373322935774
fully_optimized,3.5,unrestricted,inf,4,43868727.27837603,3065938.8527328353,13462626.551331792,63519981.15343513,9465965.146842634,72985946.30027802,279212486.6475027,49770.49672861011,228716.72966220076,346307.48297546036,575024.2126376611,121.81407343855814,506317.6175192431,0.0930357142857142,0.0990079365079365,0.0,0.4245530363356575,23587998.21577182,0.0641387632179099,0.0103769841269841,0.0,0.0001718493263897
fully_optimized,3.5,unrestricted,inf,5,52133858.01597288,4027315.3313487624,13438575.805948408,75487525.71772872,12434177.063874489,87921702.7816035,278713678.45442194,49681.58261219643,265346.59310619306,454897.99455873383,720244.5876649269,121.59645474036432,410689.188808637,0.0896230158730158,0.0958531746031746,0.0,0.4152094227871253,20892818.02371574,0.0630505217118489,0.0163095238095238,0.0,0.0001429856462654
fully_optimized,3.5,unrestricted,inf,6,49767681.00911475,3954800.4837972727,13452808.651300808,72061405.83219898,12210290.33536401,84271696.16756265,279008865.1423791,49734.20056013888,257020.75185817957,446707.2133526698,703727.9652108494,121.72523799542802,235166.499720703,0.0954166666666666,0.1,0.0,0.4048324312521846,29480082.71099312,0.0620048545243929,0.0100396825396825,0.0,8.120098019949672e-05
fully_optimized,3.5,unrestricted,inf,7,48766404.51520812,4959516.465372986,13418345.541700147,70611601.65578024,15312311.256490504,85923912.91226988,278294106.36239773,49606.79257796751,251241.61223857143,560193.0587649377,811434.6710035091,121.41340495543426,232449.2196413378,0.0776984126984127,0.0825198412698412,0.0,0.3851258916189944,17019224.80340779,0.059400488844635,0.0133928571428571,0.0,8.146156546430438e-05
fully_optimized,3.5,unrestricted,inf,8,50991163.63327945,3999895.837327738,13437530.332853936,73832954.67917871,12349520.458764344,86182475.13794169,278691995.5278864,49677.7175629031,262909.70384428883,451800.876052793,714710.5798970818,121.58699497143677,501076.0194234672,0.0845238095238095,0.0894642857142857,0.0,0.3966564728492261,23379735.88407008,0.0607424774880454,0.0105357142857142,0.0,0.000176434835685
fully_optimized,3.5,unrestricted,inf,9,52737925.00780517,4699977.689678987,13429547.333310636,76362188.06416728,14510995.534624835,90873183.59879264,278526429.53340125,49648.20490791466,269911.76372918737,530877.3338068203,800789.0975360076,121.51476228423392,833037.068550931,0.0849007936507936,0.0895039682539682,0.0,0.3912624472850951,24571322.142178044,0.0603547020717806,0.0154563492063492,0.0,0.0002764337066509
fully_optimized,3.5,unrestricted,inf,10,46149683.19262149,4627880.874532332,13431954.93274269,66822704.657704145,14288399.464657972,81111104.12236254,278576362.7185535,49657.1056539311,239816.2171187987,522733.7706820274,762549.9878008261,121.53654700008308,298047.7534508614,0.084563492063492,0.0894841269841269,0.0,0.3949986132586934,20240703.96209211,0.0609140282524496,0.0132142857142857,0.0,0.0001030984394751
fully_optimized,3.5,unrestricted,inf,11,48546063.12007584,3337714.1968057887,13446159.036023911,70292557.03938931,10305060.790407889,80597617.8297979,278870953.3010569,49709.61734421692,252048.54297388688,377005.367004296,629053.909978183,121.66507018786116,328584.13894689316,0.0765873015873015,0.0823412698412698,0.0,0.3892548389855617,16462811.154839052,0.0600571956242557,0.0084722222222222,0.0,0.0001142460507885
fully_optimized,3.5,unrestricted,inf,12,48124354.817155086,3289333.5195662463,13438969.394517086,69681942.02692749,10155687.359779408,79837629.38670659,278721841.411517,49683.03768476239,248363.08246562225,371540.61660833174,619903.699073954,121.6000160533521,265553.8440857819,0.0776785714285714,0.0831349206349206,0.0,0.3945274828680898,18171750.66676045,0.0607176761991195,0.0103968253968253,0.0,9.192959030407108e-05
fully_optimized,3.5,unrestricted,inf,13,45873993.37118936,3812362.781148368,13452889.740080578,66423517.96257999,11770519.55269858,78194037.51527913,279010546.909287,49734.50034033636,238446.65189221496,430618.4246799338,669065.0765721488,121.7259717121757,698509.9511705737,0.0858730158730158,0.0923214285714285,0.0,0.4210183705081939,17940963.819068436,0.0637922233248068,0.0120436507936507,0.0,0.000231415373169
fully_optimized,3.5,unrestricted,inf,14,47964905.15170311,3671320.693743373,13444703.789376697,69451065.9479348,11335057.676991774,80786123.62492669,278840771.7437283,49704.23738747385,247551.07419698633,414687.2751596843,662238.3493566706,121.6519026591268,381830.8675981729,0.0866071428571428,0.0915079365079365,0.0,0.4040071986426631,24464085.15283736,0.0615918269064459,0.0096428571428571,0.0,0.0001308830711712
fully_optimized,3.5,unrestricted,inf,15,49147717.13326885,3838039.325970657,13450581.67181774,71163725.49924305,11849794.870979214,83013520.37022176,278962677.9829177,49725.9675548873,253036.56744299937,433518.67156548,686555.2390084793,121.7050875856018,357155.1730543284,0.0967857142857142,0.1022420634920635,0.0,0.4207971836860829,26275993.169459816,0.0639550561181188,0.0143253968253968,0.0,0.0001247778462506
fully_optimized,3.5,unrestricted,inf,16,42926049.2546756,3240046.815595996,13455033.142053708,62155024.97589944,10003516.607394824,72158541.58329466,279055000.6860063,49742.424364707,226868.457250452,365973.5276297371,592841.9848801892,121.7453658864368,478538.917757277,0.0871626984126984,0.0922222222222222,0.0,0.4037703701794247,20331283.1010802,0.0617386676831686,0.0068849206349206,0.0,0.0001616856657578
fully_optimized,3.5,unrestricted,inf,17,47385053.19231523,3546191.71570293,13453609.863203902,68611465.89985512,10948726.898106338,79560192.79796146,279025482.1351292,49737.16259093212,242682.4525384424,400553.56163377623,643236.0141722186,121.73248761237564,1127626.9151788717,0.0928373015873016,0.0987103174603174,0.0,0.4311526631494359,20312288.09861029,0.0650168217023897,0.0184523809523809,0.0,0.0003597065339445
fully_optimized,3.5,unrestricted,inf,18,48236672.51239492,3462737.160374839,13441862.687277786,69844573.09300691,10691064.253798649,80535637.34680481,278781847.7901653,49693.73400894212,248374.02041735503,391127.10586061346,639501.1262779685,121.62619547499334,519307.11023755185,0.0791071428571428,0.0846825396825396,0.0,0.4047719303562928,17934734.737183716,0.0616336507345436,0.0135912698412698,0.0,0.0001762096344067
fully_optimized,3.5,unrestricted,inf,19,49208041.00035568,3419857.6778111593,13428455.379211854,71251071.79666826,10558675.544512866,81809747.34118137,278503782.59908473,49644.168021227226,250683.05499326,386283.7327892028,636966.7877824628,121.50488194058198,1054191.935853463,0.0835515873015873,0.0887301587301587,0.0,0.4012114086500258,23464985.652789462,0.0613723510609447,0.0177182539682539,0.0,0.0003330625484565
fully_optimized,3.5,unrestricted,inf,20,51209662.31199553,3874528.9357353705,13436322.68069932,74149331.12351894,11962455.100307455,86111786.22382694,278666949.03641284,49673.25294766717,262116.66458710725,437640.28830976406,699756.9528968713,121.5760677554359,990997.2776578264,0.0883333333333333,0.0941269841269841,0.0,0.4084759845028433,22588178.224009383,0.0626701283340599,0.0185714285714285,0.0,0.0003395801087218
fully_optimized,3.5,unrestricted,inf,21,49513225.22002293,4272384.899913801,13437874.978459762,71692965.07883656,13190819.680057012,84883784.75889373,278699143.4166208,49678.991696367346,254346.7392422441,482579.3768433126,736926.1160855567,121.59011343312766,422204.97075287614,0.0833333333333333,0.0890079365079365,0.0,0.3990004064081798,18994866.62845181,0.0615839095313183,0.0145436507936507,0.0,0.0001476917249055
fully_optimized,3.5,unrestricted,inf,22,48520829.6050797,3835927.92881417,13452525.97735981,70256020.02324009,11843276.01562843,82099296.0388686,279003002.5349811,49733.155532082186,250713.6988815164,433280.18258381856,683993.8814653349,121.72268027282504,455247.3917251892,0.0866071428571428,0.0921626984126984,0.0,0.4160702029297304,17938592.835737694,0.0629284972777465,0.0104761904761904,0.0,0.0001581551660999
fully_optimized,3.5,unrestricted,inf,23,47156686.550507054,3804962.631468237,13437246.700722998,68280801.08043468,11747671.882761884,80028472.96319638,278686113.04780114,49676.66899247792,244670.9478509149,429782.5543862116,674453.5022371265,121.58442857883124,524165.6138086447,0.0836309523809523,0.0891468253968253,0.0,0.4020137297907797,16977628.874352966,0.06147527129464,0.0115277777777777,0.0,0.0001796962790648
fully_optimized,3.5,unrestricted,inf,24,46752697.87424987,3856732.449652625,13436112.326938378,67695843.3054063,11907509.152234742,79603352.45764112,278662586.33672506,49672.47528283869,241318.89955299575,435630.1189628999,676949.0185158957,121.57416440853856,680774.5961305462,0.0858730158730158,0.0909920634920634,0.0,0.4027053631354242,21927494.58130183,0.0618982558000639,0.0151587301587301,0.0,0.0002344683014063
fully_optimized,3.5,unrestricted,inf,25,48699578.3340149,3915552.9601924303,13440982.209225914,70514840.29448088,12089115.155953337,82603955.45043457,278763586.8315425,49690.47893610383,250932.78319787537,442274.0815240627,693206.864721938,121.61822863303205,370418.7938477981,0.0867460317460317,0.091547619047619,0.0,0.3985288121906404,21881466.565664444,0.0612813338288767,0.0128373015873015,0.0,0.0001276689568518
fully_optimized,3.5,unrestricted,inf,26,49902246.62007286,4534627.446138649,13429829.293417623,72256250.89842813,14000483.18667647,86256734.0851044,278532277.33600426,49649.247296970454,255481.6420287011,512200.5012278558,767682.1432565569,121.51731354784069,364669.6619231428,0.0740277777777777,0.0789682539682539,0.0,0.389572745977748,15665213.293836975,0.0599141806917631,0.0134325396825396,0.0,0.0001275354829499
fully_optimized,3.5,unrestricted,inf,27,47524464.50363947,3880586.758265248,13435170.670578146,68813327.32637061,11981158.38817052,80794485.7145423,278643056.550849,49668.994037584496,245414.4336314215,438324.5385095891,683738.9721410106,121.56564400603254,782008.8483133728,0.0852182539682539,0.0901984126984127,0.0,0.4005447998721131,20857687.29284611,0.06131805686233,0.0116468253968253,0.0,0.0002606431885614
fully_optimized,3.5,unrestricted,inf,28,45175117.44649199,3244246.051787415,13452660.23747309,65411576.46531125,10016481.58332582,75428058.04863648,279005787.06591177,49733.65188340673,232745.9375512373,366447.8446287776,599193.7821800149,121.72389510049754,858483.1046223379,0.0911904761904762,0.0966071428571428,0.0,0.4231131421409422,20438842.88394252,0.0638961287126659,0.0138690476190476,0.0,0.0002733193173221
fully_optimized,3.5,unrestricted,inf,29,46096334.029392555,3404136.933937266,13459984.740852777,66745457.423670545,10510138.368547885,77255595.79221721,279157695.9667738,49760.73011885451,239056.6426564387,384508.0250849812,623564.66774142,121.79016950759072,429707.9781336786,0.0917460317460317,0.0973412698412698,0.0,0.4207697919305204,23191667.32132789,0.0637194919166196,0.0116666666666666,0.0,0.0001462033058224
fully_optimized,3.5,unrestricted,inf,30,44717095.39013513,3441603.80910203,13458671.168440958,64748380.740414456,10625815.866210746,75374196.60662441,279130452.70795685,49755.87392298696,233712.9756577593,388740.02704473975,622453.002702499,121.77828389183593,425302.12438406533,0.0876388888888888,0.0934126984126984,0.0,0.4204971685198764,19046779.257215273,0.0636848219267845,0.0106349206349206,0.0,0.0001446883935082
fully_optimized,3.5,unrestricted,inf,31,55140594.05295646,4658341.966527608,13408847.150962112,79841146.81073654,14382446.883413628,94223593.69415107,278097111.4233255,49571.67761556604,276644.7350062401,526174.4472917925,802819.1822980326,121.3274605327356,649911.5746421255,0.08,0.0848214285714285,0.0,0.3984646430543308,20228192.64778894,0.0609059699895372,0.019563492063492,0.0,0.0002148481460315
fully_optimized,4.0,1.5x,1.5,0,124574758.35998426,20820526.47276099,7489771.237778939,180378752.56801313,45003605.56293764,225382358.13095224,141215024.47384387,27689.220485067424,574344.6894032026,2351744.2660602536,2926088.955463456,67.76980258036143,12392.342416615336,0.02619047619047619,0.0301984126984127,0.0,0.3238975193774187,5603890.848062696,0.04635617040336397,0.8435714285714285,0.99875,3.9994301057033936e-06
fully_optimized,4.0,1.5x,1.5,1,123149186.50613524,24587237.80944657,7340944.79481077,178314587.43473378,53145358.918090574,231459946.35282388,138408993.5392644,27139.01834103224,564895.1782871935,2777206.2158117946,3342101.3940989883,66.42317418030717,110880.08412302623,0.031369047619047616,0.035595238095238096,0.0,0.34110588317947327,5036410.991489845,0.049194078089975814,0.8638492063492064,0.9844642857142857,3.5807055283523085e-05
fully_optimized,4.0,1.5x,1.5,2,128396503.31711617,20359358.85215489,7006891.415311281,185912470.6107095,44006790.91834681,229919261.5290542,132110622.77946965,25904.04368224895,586995.3337636975,2299653.92584374,2886649.2596074375,63.40055428161308,118952.62003598014,0.02396825396825397,0.028075396825396826,0.0,0.32842028602232576,3014275.2723184587,0.047598977914372426,0.8723809523809524,0.9766666666666667,3.658876256854517e-05
fully_optimized,4.0,1.5x,1.5,3,119988683.26392716,21370349.422013324,8340982.7830046965,173738318.21437094,46192048.86046848,219930367.07484123,157264093.98148456,30836.09685911462,555830.6120286694,2413848.505832681,2969679.1178613505,75.47183199390138,1630937.4050694702,0.034206349206349206,0.03906746031746032,0.0,0.34188340355653235,6251274.934647537,0.051002634204469224,0.7725595238095239,0.9783531746031746,0.00045260564175047223
fully_optimized,4.0,1.5x,1.5,4,114802234.13407083,20537903.83362282,7959597.813183484,166228568.7545564,44392716.218158156,210621284.97271398,150073315.2330509,29426.14024177469,528551.6261195205,2319821.14577213,2848372.7718916507,72.02094099985797,147924.78188117346,0.03638888888888889,0.04015873015873016,0.0,0.35902591759276503,4615883.259834899,0.05074145335602752,0.7933531746031746,0.9711706349206349,4.5493224853651804e-05
fully_optimized,4.0,1.5x,1.5,5,121578321.47688688,21408492.510876186,7206501.822539777,176040044.19532737,46274495.215914145,222314539.41123673,135874154.08731884,26641.990997513498,556730.2261763202,2418156.888266738,2974887.114443058,65.20669194074857,114028.01404385133,0.04051587301587302,0.04537698412698413,0.0,0.36422072403623734,5493140.321414511,0.05302341611709972,0.8378769841269841,0.9730357142857143,3.574782038626772e-05
fully_optimized,4.0,1.5x,1.5,6,123385403.43428276,23137419.624439217,6587744.812591118,178656619.12233767,50011574.293508366,228668193.4158459,124207871.69640695,24354.484646354304,567006.3657413636,2613444.6698258356,3180451.0355671993,59.607984172756886,269.833884867615,0.03375,0.037936507936507935,0.0,0.34000758389906466,6278937.446790719,0.04857342994724161,0.8911309523809524,1.0,9.662081608275654e-08
fully_optimized,4.0,1.5x,1.5,7,120735481.18512313,28786631.714970503,6495371.849700828,174819648.64775243,62222356.42700898,237042005.07476097,122466236.36454687,24012.98752246017,553288.2140659511,3251541.0291588395,3804829.2432247903,58.77216459161167,398.95426185106106,0.023392857142857142,0.027321428571428573,0.0,0.3176156226070128,2657161.170890468,0.04602676846207117,0.9150992063492064,1.0,1.4287194116921726e-07
fully_optimized,4.0,1.5x,1.5,8,121779870.07062866,21755847.866391093,7847594.451025748,176331877.66463852,47025304.44401975,223357182.1086587,147961560.81143785,29012.070747340753,564007.3860291735,2457391.7734501753,3021399.159479349,71.007499400537,126707.07721826997,0.0325,0.037083333333333336,0.0,0.3327777490310863,4955125.417394217,0.04879538139413347,0.7969246031746032,0.9716468253968253,4.1394235115795347e-05
fully_optimized,4.0,1.5x,1.5,9,119819594.47061034,23199223.547450837,7522494.950171876,173493485.10361248,50145163.58468699,223638648.6882981,141832009.91969264,27810.198023469144,552831.3535185829,2620425.618254434,3173256.9717730167,68.06589700810324,544621.8297184437,0.038531746031746035,0.04281746031746032,0.0,0.33636229529610395,7125368.338852168,0.05028726803470417,0.818313492063492,0.9585515873015873,0.00015788609803238797
fully_optimized,4.0,1.5x,1.5,10,116717637.38577136,27620736.861380823,7105200.329381605,169001988.1354553,59702272.59591767,228704260.73137164,133964176.81545883,26267.485650089966,537225.7312441927,3119849.520764667,3657075.25200886,64.29008421342488,785.6863253441531,0.028095238095238097,0.03208333333333333,0.0,0.32986728484356415,2698612.525025709,0.04757646430921518,0.8613888888888889,1.0,2.813440323136955e-07
fully_optimized,4.0,1.5x,1.5,11,125563937.11467771,21430685.510789443,7229130.672630269,181811039.75192645,46322465.42529587,228133505.17722362,136300807.1208868,26725.648455075843,579595.2474033157,2420663.657745452,3000258.905148768,65.41144488373708,8626.807813439618,0.01861111111111111,0.021706349206349205,0.0,0.3129695601449979,2946878.694761823,0.04506283247282636,0.8653968253968254,0.9979563492063492,2.7073470914386484e-06
fully_optimized,4.0,1.5x,1.5,12,127278369.4660325,21899531.929192234,6932050.648385898,184293462.1380604,47335877.80518963,231629339.9432505,130699546.20617057,25627.362001209916,582509.8173679867,2473621.3424410895,3056131.159809076,62.72337151614917,274.02715867928094,0.022182539682539682,0.025873015873015874,0.0,0.3215309954797263,2393201.0974445217,0.04501735106479087,0.8888888888888888,1.0,9.473034717095302e-08
fully_optimized,4.0,1.5x,1.5,13,114967973.81905343,22523538.987873178,7778560.141124104,166468552.50424534,48684670.18919133,215153222.69343653,146659961.40969327,28756.85517837123,531066.4658191518,2544104.9118241183,3075171.3776432704,70.3828552819412,348498.9584493572,0.03109126984126984,0.035416666666666666,0.0,0.3531860588380598,4034720.6583228237,0.051192289483551444,0.7963690476190476,0.9713095238095238,0.00010259971604413959
fully_optimized,4.0,1.5x,1.5,14,121898717.12813035,22398460.84193229,7501380.768131832,176503962.95913175,48414313.55090859,224918276.51003918,141433915.0194764,27732.140199897334,559726.147991582,2529976.939944504,3089703.0879360856,67.87484925736692,9944.209162646926,0.0351984126984127,0.039384920634920634,0.0,0.33675840055163403,6255607.850156897,0.04856149385673174,0.8351388888888889,0.9977976190476191,3.106377726975412e-06
fully_optimized,4.0,1.5x,1.5,15,120851574.88610329,22475975.626690462,7502809.460983231,174987747.20350644,48581861.89811851,223569609.1016249,141460852.14339787,27737.421988901544,555297.519581,2538732.479859809,3094029.999440809,67.8877765190166,27609.273547525638,0.03775793650793651,0.04367063492063492,0.0,0.3630715395677689,3992625.0995664117,0.05185741385041767,0.8327579365079365,0.9937301587301587,9.016517678605562e-06
fully_optimized,4.0,1.5x,1.5,16,116518472.93997265,22690117.10309127,8100823.538400492,168713606.8071516,49044729.0859975,217758335.89315146,152736039.31496572,29948.243002934454,541198.2148159372,2562920.436389637,3104118.651205574,73.29879571843124,10854.655055504101,0.029642857142857144,0.032817460317460315,0.0,0.3278084158813488,6034240.381356253,0.0463498389703007,0.795,0.9978769841269841,3.319488385017852e-06
fully_optimized,4.0,1.5x,1.5,17,114236343.20448218,20212854.66932215,7878149.746768241,165409183.66151717,43690121.862636186,209099305.52415276,148537662.0966541,29125.031783657665,522900.8528064295,2283105.815382581,2806006.6681890106,71.283973313358,661954.526544849,0.04345238095238095,0.04886904761904762,0.0,0.37981824984006224,8930341.073718445,0.05487226699743979,0.7645238095238095,0.9574801587301587,0.0001866934717218979
fully_optimized,4.0,1.5x,1.5,18,122377915.9814874,21503631.552186362,7692084.250808539,177197821.75154135,46480138.42548114,223677960.17702237,145029511.7498007,28437.15916662759,561623.2073311242,2428903.1436590976,2990526.350990222,69.60039426563057,78894.61644427557,0.02277777777777778,0.026984126984126985,0.0,0.33158592101945855,3570568.761261255,0.047689496845463336,0.8270833333333333,0.9911904761904762,2.4008985138676718e-05
fully_optimized,4.0,1.5x,1.5,19,123243132.27250302,20664423.670082,7454812.63102129,178450616.7585683,44666189.07309947,223116805.83166632,140555901.47099847,27559.980680587934,560867.3160558889,2334111.9611520884,2894979.277207977,67.45348612646116,558647.1703543642,0.03734126984126984,0.04267857142857143,0.0,0.3527908803223057,7376514.447221482,0.05082913929948099,0.8306150793650794,0.9921031746031747,0.00015497194371576266
fully_optimized,4.0,1.5x,1.5,20,116918801.44589713,20307332.026406825,8231642.925142844,169293264.81706002,43894334.84055599,213187599.6576139,155202558.2931786,30431.874175133056,540374.9052340051,2293777.3314504907,2834152.2366844956,74.4824906180144,621922.7980318953,0.04577380952380952,0.05136904761904762,0.0,0.36762287330800086,7135574.831240354,0.054412910235418506,0.7565079365079365,0.9358928571428572,0.00019300765643610779
fully_optimized,4.0,1.5x,1.5,21,119576311.89875764,23830495.66346665,7710325.962975476,173141222.67573518,51509659.40323553,224650882.07896546,145373447.99943087,28504.59764694723,550449.3955671906,2691729.798823843,3242179.1943910336,69.76545100675646,80145.41354745564,0.03398809523809524,0.039464285714285716,0.0,0.3569310891440369,3490501.912373547,0.05237545704819682,0.8350595238095239,0.9811309523809524,2.4807645801398914e-05
fully_optimized,4.0,1.5x,1.5,22,121204515.69463918,22783747.037392013,8090645.859712448,175498789.91883886,49247110.358040184,224745900.27687904,152544145.45073408,29910.6167550459,559743.6358833924,2573496.2333759163,3133239.8692593086,73.20670488501025,39974.82344825735,0.033373015873015874,0.0380952380952381,0.0,0.3457877640277935,4617936.462307163,0.05071603652529667,0.8068849206349207,0.9893650793650793,1.2361051939712121e-05
fully_optimized,4.0,1.5x,1.5,23,117470238.57385361,22679943.66681072,7684644.637615768,170091721.4431841,49022739.18510857,219114460.62829283,144889242.4243797,28409.655377329353,543689.3898848947,2561771.3146097334,3105460.704494628,69.53307830879608,211523.51418229402,0.02734126984126984,0.03099206349206349,0.0,0.328428478966588,3512082.857295649,0.047933749021797055,0.8249007936507936,0.9662301587301587,6.537507292081151e-05
fully_optimized,4.0,1.5x,1.5,24,113105123.9844985,21958296.823576223,8529189.812520465,163771228.15216824,47462898.23050224,211234126.3826711,160812621.6247756,31531.88659309325,521386.9396992566,2480259.022981684,3001645.962680941,77.17478830986569,227242.2786467811,0.04331349206349206,0.048551587301587304,0.0,0.36375631824680993,6917373.4610151,0.05296238336224749,0.7348214285714286,0.9498611111111112,7.188472098301733e-05
fully_optimized,4.0,1.5x,1.5,25,123306826.40025108,23887574.86519536,7408804.3130875835,178542843.044698,51633036.20082992,230175879.24552736,139688442.96836513,27389.89077811081,566225.3188497325,2698177.075051579,3264402.393901312,67.03718841529937,30209.073111000682,0.032242063492063495,0.03736111111111111,0.0,0.33726757270459534,4383075.15687044,0.04916001596464669,0.8610714285714286,0.9927976190476191,9.327939176299892e-06
fully_optimized,4.0,1.5x,1.5,26,122587841.42334579,25225954.439751532,7218654.60137372,177501784.52725044,54525946.06771656,232027730.59496903,136103287.24852824,26686.91906833887,560298.9955845195,2849351.277797724,3409650.2733822437,65.31665410063653,6035.107615027008,0.02867063492063492,0.0326984126984127,0.0,0.3371168398340854,4187799.856367368,0.04861423737321245,0.8691269841269841,0.999702380952381,2.0373989985845253e-06
fully_optimized,4.0,1.5x,1.5,27,119642143.25134543,23674813.24878075,8016742.772646062,173236543.56911403,51173151.58280241,224409695.15191305,151150748.25375268,29637.40161838288,550794.9127828215,2674144.978068087,3224939.890850908,72.53800654142182,147474.00952005232,0.04011904761904762,0.044404761904761905,0.0,0.34457679946150654,8491171.903610481,0.05054984938470158,0.8146031746031746,0.9894246031746031,4.468968971427253e-05
fully_optimized,4.0,1.5x,1.5,28,120090112.99596862,21762344.059199605,7878291.823163898,173885183.99023074,47039345.976504005,220924529.96673375,148540340.8596045,29125.557031295,547709.6104183123,2458125.538958393,3005835.1493767053,71.28525886521047,360948.05366718525,0.02878968253968254,0.032579365079365076,0.0,0.3571528832196385,4892710.639373657,0.05046851890368845,0.8274603174603175,0.9931349206349206,0.00010067082950424053
fully_optimized,4.0,1.5x,1.5,29,117757133.0721336,21654759.15355627,7794092.2242204575,170507132.0159193,46806801.008707985,217313933.02462867,146952809.27178368,28814.276327800722,541963.8500603548,2445973.4838558305,2987937.3339161854,70.52339444818003,46438.45735707161,0.037658730158730155,0.042222222222222223,0.0,0.3581466887681457,5385078.200880951,0.05128229312245291,0.8073809523809524,0.9901190476190476,1.4204189325291098e-05
fully_optimized,4.0,1.5x,1.5,30,117323355.04688308,22384864.45517674,7721975.84297443,169879040.57816392,48384924.93638752,218263965.5145526,145593099.31279257,28547.666531920113,541289.7156974667,2528441.185090594,3069730.900788061,69.87086278003274,42205.76993638291,0.027936507936507936,0.03200396825396826,0.0,0.34917973375905487,3707393.602103717,0.049232181589066185,0.8216666666666667,0.9909722222222223,1.2893741216649551e-05
fully_optimized,4.0,1.5x,1.5,31,125810835.03478706,23151682.800863154,6984413.630178621,182168537.04453802,50042404.175101705,232210941.21963814,131686817.9826548,25820.94470248133,570885.1995137488,2615055.7406801046,3185940.9401938533,63.19716822180984,379210.6767028618,0.02740079365079365,0.03251984126984127,0.0,0.334864523080076,3152472.922505327,0.04963677996137515,0.8642261904761904,0.9844246031746032,0.00010619775217641044
fully_optimized,4.0,2x,2.0,0,112267898.5335359,17807562.31475966,9577455.403792132,162558962.64629066,38491078.09542421,201050040.7417144,180577023.8243844,35407.2595734087,524876.085356233,2011420.442275357,2536296.52763159,86.65982462365,123912.36291284628,0.0411507936507936,0.0453373015873015,0.0,0.3424848281030549,9335189.432106275,0.0500517420448418,0.6580357142857143,0.9388095238095238,3.908768272016182e-05
fully_optimized,4.0,2x,2.0,1,112711175.536654,21632312.57261321,9453495.258583456,163200808.18480387,46758282.68347241,209959090.8682753,178239831.62135184,34948.98659242193,523990.8072586125,2443438.071598385,2967428.8788569975,85.53819429584297,166420.19118645432,0.0453174603174603,0.0496230158730158,0.0,0.3579169666355198,9704214.763208397,0.0524608173306397,0.6981547619047619,0.9489484126984128,5.375093835330053e-05
fully_optimized,4.0,2x,2.0,2,120993034.25951584,18499591.301506218,9042397.97393599,175192574.13354775,39986899.99975508,215179474.13330153,170488845.47376597,33429.185387012934,559800.9847387648,2089587.3034091468,2649388.2881479114,81.81845694507471,153012.45356772828,0.034345238095238,0.0382936507936507,0.0,0.3411335139710874,5804106.823545416,0.0500483843878264,0.7321230158730159,0.9626984126984128,4.70766836926353e-05
fully_optimized,4.0,2x,2.0,3,100100381.3953178,16414411.2551013,10408751.729163194,144940934.787877,35479779.56459787,180420714.35247508,196250604.1254938,38480.51061284192,472777.3431887107,1854059.627187724,2326836.9703764343,94.18165487288364,1846355.5637599395,0.0535515873015873,0.0595238095238095,0.0,0.3709888879076448,11366458.54308468,0.055708738117922,0.5172619047619048,0.8543055555555555,0.0005213398422338
fully_optimized,4.0,2x,2.0,4,104860831.99329808,17851987.30563757,9982659.173782611,151833857.17303365,38587102.79341737,190420959.96645212,188216891.38235056,36905.27282006874,489706.83364728314,2016438.3853952673,2506145.2190425503,90.3262356027408,254501.63483679655,0.0570039682539682,0.0604761904761904,0.0,0.3800489198202381,10010935.033945523,0.0543239334843552,0.6224801587301587,0.9186111111111112,7.8293688869184e-05
fully_optimized,4.0,2x,2.0,5,113347032.82038864,19224306.984806005,9094032.912778378,164121501.4709994,41553374.25770281,205674875.7287,171462390.4487543,33620.076558579276,525392.1794583279,2171446.230221299,2696838.409679627,82.28566608945498,189908.7208884399,0.0542460317460317,0.059781746031746,0.0,0.3800787431645916,10403279.74655205,0.0556181754133521,0.6998809523809524,0.923373015873016,5.979117909310797e-05
fully_optimized,4.0,2x,2.0,6,116230332.7052946,21195678.489486184,8462269.191379033,168296392.46308646,45814497.32443737,214110889.7875254,159550874.52300093,31284.485200588417,539861.6634284923,2394118.8719756543,2933980.535404146,76.56926951105368,66332.85985703429,0.0460912698412698,0.049781746031746,0.0,0.3557591343984734,11096817.63010689,0.0513997274071526,0.7788888888888889,0.9656746031746032,1.964206704905234e-05
fully_optimized,4.0,2x,2.0,7,114844501.46194787,26595088.206213377,8533773.302139329,166289769.98004514,57485331.17593436,223775101.1559802,160899040.4990227,31548.83147039661,532238.2485795819,3003999.2637148225,3536237.512294404,77.21626116354231,7308.960988044054,0.0333531746031746,0.0375,0.0,0.3325053729332833,5338794.027356848,0.0487969098343582,0.7843253968253968,0.9970436507936508,2.3849702629633407e-06
fully_optimized,4.0,2x,2.0,8,107101526.92965576,18122245.197697375,9780384.858147452,155078284.55805793,39171265.71506369,194249550.27311915,184403133.72192937,36157.4772003783,503010.13646065554,2046964.8684234791,2549975.004884135,88.49599406364763,281461.26624584285,0.0494047619047619,0.0540674603174603,0.0,0.3571128443964987,10071289.08957192,0.0527437953388191,0.6117063492063493,0.8656746031746032,9.15266813833346e-05
fully_optimized,4.0,2x,2.0,9,109299416.6371262,20162553.07328928,9428465.018844202,158260731.86066324,43581394.87198929,201842126.7326507,177767901.86473483,34856.451346026435,510766.7679239211,2277424.0911380597,2788190.8590619806,85.31171282507243,655710.9634086208,0.0493253968253968,0.0534523809523809,0.0,0.348305087796936,12416036.113120148,0.0524546620502422,0.6689880952380952,0.8956547619047619,0.0001939019128779
fully_optimized,4.0,2x,2.0,10,107565220.68800476,24426345.718478557,9146564.154438984,155749692.6571433,52797590.37296809,208547283.0301112,172452834.6614311,33814.281306162964,501828.4234210389,2759032.9456553706,3260861.3690764094,82.76098526324729,68774.36328958777,0.0439285714285714,0.0480357142857142,0.0,0.3499628896759595,6707965.661622545,0.0514588323562773,0.7038690476190477,0.9609920634920636,2.1590311208086812e-05
fully_optimized,4.0,2x,2.0,11,113323500.51677336,18194432.14570784,9324049.487424675,164087427.73385042,39327297.93352318,203414725.66737428,175799211.31908956,34470.43359197835,531189.1681331671,2055118.6123400948,2586307.780473262,84.36692830149,102590.31763484518,0.0343253968253968,0.0377380952380952,0.0,0.3355596750204465,6522884.544747339,0.049322650640149,0.6894047619047619,0.9471626984126984,3.264529951696404e-05
fully_optimized,4.0,2x,2.0,12,118768782.47940695,19496066.623918433,9062330.561326684,171971955.71312922,42140783.20831443,214112738.9214459,170864662.1344973,33502.87492833281,549987.8363779978,2202142.3403252093,2752130.176703207,81.99881325630342,23463.965472114473,0.0341865079365079,0.0377777777777777,0.0,0.3412693490516968,5529121.533655055,0.0487633149531071,0.7251388888888889,0.9850992063492064,7.400742849398347e-06
fully_optimized,4.0,2x,2.0,13,101718353.86406755,19128151.6735454,9731021.226134256,147283687.52080858,41345534.37880224,188629221.8996099,183472412.8385408,35974.98290951781,477255.6327596366,2160585.18392623,2637840.816685866,88.04933641684502,507270.0507509381,0.0512698412698412,0.0560912698412698,0.0,0.3782113044893258,8265884.6562785935,0.0556416792476155,0.619265873015873,0.8814087301587301,0.0001509374377351
fully_optimized,4.0,2x,2.0,14,110535234.82842322,19365096.96990079,9570708.682144651,160050142.06447765,41857692.064685576,201907834.1291628,180449818.5423614,35382.31736124733,514521.5255147639,2187348.903988869,2701870.4295036327,86.59877816714159,107211.46717877223,0.0480357142857142,0.052579365079365,0.0,0.3573769948981055,11569408.196515888,0.0521917540782054,0.6637698412698413,0.946904761904762,3.282068473988066e-05
fully_optimized,4.0,2x,2.0,15,109681303.6681943,19339749.065014414,9528073.784474144,158813687.42881218,41802902.52250704,200616589.95131925,179645963.80143285,35224.69878459468,511283.6919346672,2184485.778022714,2695769.469957381,86.21300422206038,110985.43634528149,0.0567460317460317,0.0614087301587301,0.0,0.3807725685919503,9610476.136337772,0.055152012986201,0.6515079365079365,0.9506746031746032,3.589239894502956e-05
fully_optimized,4.0,2x,2.0,16,100306820.73176448,18260851.431541026,10311789.595650604,145239849.8367922,39470863.339773506,184710713.17656827,194422442.80757007,38122.04760932746,474354.1240246017,2062620.8805857303,2536975.004610332,93.30431103456074,164646.72955965973,0.0495238095238095,0.0530952380952381,0.0,0.3595577487418469,11025291.748735994,0.0523048564177689,0.5679166666666666,0.9271428571428572,5.0603476462519466e-05
fully_optimized,4.0,2x,2.0,17,100377562.226543,16819946.746714097,9697377.212097837,145342280.39937887,36356345.26192511,181698625.66130337,182838075.67192045,35850.60307292558,466733.98264779657,1899866.1426152776,2366600.125263074,87.7449148107771,887794.491961516,0.0648214285714285,0.0703174603174603,0.0,0.4027845714526892,13845085.976968646,0.0588171861054827,0.6019642857142857,0.8642460317460318,0.000254706537181
fully_optimized,4.0,2x,2.0,18,109069376.03103869,18191205.739786413,9786480.982601017,157927643.2148378,39320324.05129896,197247967.2661384,184518072.3945039,36180.01419500076,508841.1874145769,2054754.1795945717,2563595.3670091485,88.55115371240488,215603.72434109377,0.0414285714285714,0.0467261904761904,0.0,0.3572740829198454,7264751.415535211,0.0524795178190491,0.6332738095238095,0.9180158730158732,6.667711922409331e-05
fully_optimized,4.0,2x,2.0,19,110213031.4938712,17520284.861495808,9470908.490634,159583605.8550163,37870127.361506626,197453733.21652627,178568147.3885716,35013.36223305325,508907.54395651136,1978971.5460207143,2487879.0899772258,85.69575468866522,684451.2846797612,0.0512698412698412,0.0564285714285714,0.0,0.3712830490150716,13015059.518110454,0.0541119169856673,0.6589087301587302,0.93390873015873,0.0001935358217823
fully_optimized,4.0,2x,2.0,20,106511155.60928053,17683162.333855458,10092818.242407544,154223452.93949023,38222187.312092215,192445640.25158352,190293872.7851213,37312.52407551398,498846.00263428816,1997369.0712799015,2496215.07391419,91.32298945491272,786791.8104922266,0.0564682539682539,0.062063492063492,0.0,0.3808252191201561,10853452.03738804,0.0565410499555321,0.5885515873015873,0.8422619047619048,0.0002449075356414
fully_optimized,4.0,2x,2.0,21,108323262.50738405,20479404.026330937,9775944.039946737,156847303.75889525,44266268.779073566,201113572.53796852,184319404.8294258,36141.05977047565,505734.47663065745,2313213.4076563674,2818947.884287025,88.45581214577892,170328.32219867804,0.0504563492063492,0.0551190476190476,0.0,0.3710504565658211,7920786.037536375,0.0546742231394109,0.6409523809523809,0.9217063492063492,5.374275341690626e-05
fully_optimized,4.0,2x,2.0,22,106185616.90177262,18688216.580231383,10276738.878629535,153752087.25718075,40394613.88028833,194146701.1374708,193761583.1224312,37992.46727890808,498488.9184410496,2110893.124770402,2609382.0432114517,92.98716113806742,164300.16884543255,0.0517261904761904,0.0567063492063492,0.0,0.3726673515589714,9519611.976238288,0.0551105090252625,0.591765873015873,0.9130158730158732,5.179574419041132e-05
fully_optimized,4.0,2x,2.0,23,106653310.20397183,19473520.043694627,9796050.005238706,154429286.5192598,42092048.73445194,196521335.25371307,184698490.42371225,36215.39027915926,501356.0827148009,2199595.632832967,2700951.715547768,88.63773723471029,280491.4670790769,0.043531746031746,0.0483531746031746,0.0,0.3540663840755423,6806604.344937146,0.0522698125370875,0.6356150793650793,0.9312698412698412,8.677382230107545e-05
fully_optimized,4.0,2x,2.0,24,99474718.69066112,17981968.935009614,10523435.376386018,144035002.80229324,38868058.31999015,182903061.12228143,198412893.67148268,38904.48895519268,466195.3212125859,2031120.2212253455,2497315.5424379315,95.21934853330848,388781.6632101179,0.0568253968253968,0.0617261904761904,0.0,0.3772582878414485,12233912.779187215,0.0557172491849762,0.530952380952381,0.8632142857142857,0.0001229831918449
fully_optimized,4.0,2x,2.0,25,113728216.0878094,21125086.554894645,9540535.33679993,164673438.0204415,45661912.73036203,210335350.75080365,179880918.69669077,35270.76837190015,529169.6023421161,2386145.2898655697,2915314.892207686,86.32576026148497,78493.24614668383,0.0468055555555555,0.0511111111111111,0.0,0.3546627457246231,9107271.701478258,0.0522836740078632,0.6764880952380953,0.9776785714285714,2.414842526901835e-05
fully_optimized,4.0,2x,2.0,26,113383102.97180216,22118057.29916637,9344952.66620507,164173729.45845377,47808220.78694294,211981950.24539617,176193327.88278213,34547.71134956512,525032.1611119258,2498304.4736048337,3023336.634716759,84.55606682846056,73202.14638483016,0.0401190476190476,0.0444642857142857,0.0,0.3490453849390068,7790936.94642523,0.0511226553458877,0.700734126984127,0.9700595238095238,2.351987939684305e-05
fully_optimized,4.0,2x,2.0,27,105291704.60032688,19529187.943980884,10194306.26002211,152457741.69341823,42212375.00143095,194670116.69485065,192207366.86074525,37687.71899230299,493042.32071766874,2205883.4981025173,2698925.818820186,92.24128491410264,246170.48110666705,0.0571825396825396,0.061845238095238,0.0,0.3669394086192944,15626491.101350226,0.0544948037363114,0.5920039682539683,0.9398809523809524,7.56537130129366e-05
fully_optimized,4.0,2x,2.0,28,108074597.97774722,18504396.75271926,10110286.141305344,156487248.4936539,39997286.99122809,196484535.48488143,190623219.26206788,37377.101816091745,501600.6649654114,2090130.094310755,2591730.7592761666,91.48104449053211,447217.4902941719,0.0541865079365079,0.0590277777777777,0.0,0.3812213697204972,10015777.834782092,0.0551012659794998,0.6113492063492063,0.9564880952380952,0.0001265169570594
fully_optimized,4.0,2x,2.0,29,107071852.644685,18866003.0215005,9813218.553458303,155035317.5029594,40778899.594089784,195814217.0970478,185022192.8279664,36278.86133881695,500290.11623796786,2130974.665186054,2631264.781424022,88.79308365137403,181372.33017454576,0.0556547619047619,0.0600396825396825,0.0,0.3785555384843833,10447882.297555933,0.0547762330014201,0.6414484126984127,0.9166468253968254,5.5784234468513005e-05
fully_optimized,4.0,2x,2.0,30,104289757.83542874,18944217.670423016,9861318.908910785,151006966.99418357,40947960.69895425,191954927.6931395,185929095.40974343,36456.6853744595,488709.6088566591,2139809.256970565,2628518.865827224,89.22831077508587,149975.9527342719,0.0485119047619047,0.0529761904761904,0.0,0.3781706358759791,8414668.838722365,0.0543052469713962,0.6218055555555555,0.924940476190476,4.6271751527640905e-05
fully_optimized,4.0,2x,2.0,31,115495456.71600856,20406523.09360671,8954040.944846999,167232324.46099332,44108736.51140065,211341060.97239295,168822928.10070893,33102.53492170764,530857.8188158001,2304981.2759730713,2835839.0947888717,81.01897479430555,457266.50354804506,0.0398214285714285,0.044563492063492,0.0,0.3511815925524248,6326949.438912511,0.0522738475151654,0.710654761904762,0.9387698412698412,0.0001323224732309
fully_optimized,4.0,3x,3.0,0,78631336.98863383,10059651.0463677,12276948.431520917,113854705.9250867,21743953.89971596,135598659.82480302,231474302.50958797,45387.118139134895,382339.5847708024,1136269.3780972888,1518608.9628680912,111.08568540741364,309997.7226767631,0.0679166666666666,0.0724007936507936,0.0,0.3726731363313812,16840954.415184483,0.0562432346751048,0.2700992063492063,0.6491468253968254,9.841436713962074e-05
fully_optimized,4.0,3x,3.0,1,79729418.87768222,12506658.283326564,12291870.847117824,115444680.04160726,27033164.460545156,142477844.50215337,231755655.46641096,45442.28538557078,385458.0062244827,1412666.579006437,1798124.5852309198,111.22070811063053,335980.32497834903,0.0683928571428571,0.0734523809523809,0.0,0.3825492423458764,17107039.023008134,0.0577500339601446,0.2762103174603174,0.6524801587301587,0.0001080376455796
fully_optimized,4.0,3x,3.0,2,86215516.37036103,10912558.372932192,11906563.402454134,124836262.9767552,23587514.62603402,148423777.60279045,224490920.87029448,44017.82762162637,413660.6392059604,1232607.9561516426,1646268.595357603,107.73432533222632,306106.53325212543,0.061547619047619,0.06625,0.0,0.372387039729958,12656089.109564263,0.0559232793674929,0.3298809523809524,0.6998412698412698,9.652453443008116e-05
fully_optimized,4.0,3x,3.0,3,69552124.655657,9207144.740739176,12361192.486251405,100708407.13645113,19901259.98087527,120609667.11732772,233062672.28388268,45698.56319291817,341713.28308040934,1039976.0966250348,1381689.3797054442,111.847952074361,2147427.3229311146,0.0738690476190476,0.0789484126984127,0.0,0.3932169989897657,15051274.90272588,0.0595195902978977,0.215515873015873,0.4543849206349206,0.0006155921101515
fully_optimized,4.0,3x,3.0,4,71181293.62432158,9538110.496298889,12601636.741526524,103067371.90715551,20616643.0590858,123684014.9662413,237596100.65109617,46587.47071590121,347056.1771095577,1077359.7246960227,1424415.9018055804,114.02356721590122,456998.217756104,0.0851190476190476,0.0901587301587301,0.0,0.4127050540499117,19373340.457238477,0.0608933373260584,0.2114682539682539,0.6014880952380952,0.0001421183198409
fully_optimized,4.0,3x,3.0,5,87874891.4827261,12668696.00592578,11788848.223426083,127238964.910529,27383409.29050649,154622374.20103586,222271473.65893635,43582.64189390909,419746.51205910393,1430969.251876247,1850715.763935351,106.6692014198686,352643.13456165337,0.0753769841269841,0.0808531746031746,0.0,0.401724399083107,15812865.35286332,0.0598468075077122,0.3471230158730158,0.7186507936507937,0.0001121067058326
fully_optimized,4.0,3x,3.0,6,95010600.23591504,15469640.989117548,11460086.616799384,137571156.2832741,33437656.928863328,171008813.2121354,216072876.01797113,42367.23059175904,453363.1008809566,1747344.8398033455,2200707.9406843022,103.69446314418946,144986.6382522296,0.0732539682539682,0.0771626984126984,0.0,0.3845187134731513,21192191.603160325,0.0567393831394545,0.4325198412698413,0.8465674603174603,4.5074647235718053e-05
fully_optimized,4.0,3x,3.0,7,85868680.1317075,16976008.862157695,11650696.820323434,124334059.4092182,36693673.80623064,161027733.21544647,219666714.0273182,43071.904711238865,410698.5047654544,1917493.851771618,2328192.3565370725,105.41916413338458,120726.93124819834,0.0647023809523809,0.0689285714285714,0.0,0.373894754812608,13655069.151012884,0.055907795941237,0.3835912698412698,0.8067460317460318,3.893286613255006e-05
fully_optimized,4.0,3x,3.0,8,75318942.50637902,10234927.541736854,12108556.704670783,109058504.89216432,22122814.360923447,131181319.25308794,228299380.19574955,44764.584352107755,367447.1749580992,1156067.4121911349,1523514.587149234,109.56202417364268,474726.7427760055,0.0751388888888889,0.0800396825396825,0.0,0.385721495658649,18450021.499487,0.0581961234846659,0.2547023809523809,0.5772420634920635,0.000153532993714
fully_optimized,4.0,3x,3.0,9,85593370.97633061,13310828.25122364,12093700.602254724,123935423.90174104,28771379.298106924,152706803.1998482,228019277.53311473,44709.662261395046,412358.1219887675,1503500.118370296,1915858.2403590635,109.4276014929136,801303.6588675966,0.0703373015873015,0.0755753968253968,0.0,0.3743862986703654,20151102.7111296,0.0568893457559023,0.3212698412698412,0.6824007936507936,0.0002417059644205
fully_optimized,4.0,3x,3.0,10,78067162.53392363,15342444.088830927,11840912.182877544,113037806.2119257,33162720.599236246,146200526.81116274,223253107.5533093,43775.119128099854,377285.5055694579,1732977.547924293,2110263.0534937507,107.14029247746468,240193.4175775558,0.069781746031746,0.0736309523809523,0.0,0.3802042811434654,14735232.067999449,0.057150644140848,0.3448611111111111,0.6843055555555555,7.572348186872908e-05
fully_optimized,4.0,3x,3.0,11,85471358.45900524,11598965.061465498,12081080.071190624,123758755.16111884,25071183.92262636,148829939.08374628,227781325.19164112,44663.00493953747,413932.88481039985,1310139.7609335966,1724072.6457439964,109.31340696392998,253105.83823236404,0.0614880952380952,0.0663690476190476,0.0,0.3673706030081813,12919440.720693037,0.0552503402364039,0.3224206349206349,0.6914880952380953,8.049511479963662e-05
fully_optimized,4.0,3x,3.0,12,83379695.24560861,11180836.157006834,11985909.63178626,120730119.13411207,24167397.540694863,144897516.674807,225986945.1627989,44311.165718195865,400085.31473506254,1262910.7797250191,1662996.0944600818,108.45227493664132,199223.56694261395,0.064781746031746,0.0699007936507936,0.0,0.3819047149809799,13093771.029390763,0.0568842736763926,0.3246031746031746,0.6817460317460318,6.288403981222089e-05
fully_optimized,4.0,3x,3.0,13,77886849.05756822,12444891.904397918,12239790.449026152,112776720.25547484,26899656.320970032,139676376.5764469,230773711.63159853,45249.74737874481,377949.6797057894,1405689.8713006645,1783639.5510064538,110.74946831105404,658344.0907322908,0.0739880952380952,0.0793055555555555,0.0,0.4073376833842781,15309848.525756331,0.0606328498621731,0.2861309523809524,0.6665674603174603,0.0001983013479911
fully_optimized,4.0,3x,3.0,14,78677477.37545949,11336533.808286875,12347066.079865191,113921515.16901572,24503938.29505315,138425453.4640698,232796327.5905393,45646.338743243,380854.9105097042,1280497.321502237,1661352.2320119413,111.72013191249464,291328.5840656166,0.0759126984126984,0.0807738095238095,0.0,0.3920938741567581,19699756.586268984,0.0585875373294856,0.2716468253968254,0.6875595238095238,9.101734242312086e-05
fully_optimized,4.0,3x,3.0,15,76923622.25509615,10764435.520992143,12171148.451670762,111382010.35310444,23267346.814125467,134649357.16722998,229479509.0413187,44995.98216496446,373338.9509517872,1215877.0118991889,1589215.962850976,110.12837395959215,289114.02398626367,0.0840873015873015,0.088531746031746,0.0,0.4074730240780047,20440038.631274577,0.0607151740750225,0.2704166666666667,0.6633928571428571,9.278864749231384e-05
fully_optimized,4.0,3x,3.0,16,65289336.468118764,9140306.66066532,12736615.455577845,94536077.95955782,19756789.35011746,114292867.30967546,240141041.18440437,47086.4786636087,324455.2578386097,1032426.5242463629,1356881.7820849724,115.24489701535894,421209.765434698,0.0781944444444444,0.0831349206349206,0.0,0.3971868612408119,18557836.952510435,0.0594530724085827,0.1779166666666666,0.5503571428571429,0.0001302223462139
fully_optimized,4.0,3x,3.0,17,78869389.30345269,11409424.49944994,12069328.661840346,114199395.17159548,24661491.655608304,138860886.82720286,227559759.60487875,44619.56070683897,378142.2580524446,1288730.5554320407,1666872.8134844853,109.2070765211925,1053117.1924609763,0.0857539682539682,0.0907738095238095,0.0,0.4222011164871035,22331967.73117281,0.062515439495705,0.3041666666666666,0.642420634920635,0.0003056501719367
fully_optimized,4.0,3x,3.0,18,74133409.97452249,9667765.33635505,12379333.347501758,107341906.1040925,20896892.2299624,128238798.33405386,233404707.05159009,45765.62883364511,360673.03205489105,1092004.6486400904,1452677.6806949817,112.01209628472044,399560.86785528297,0.0684722222222222,0.0736309523809523,0.0,0.3927021651637603,15360650.584925072,0.0587620903301283,0.2383333333333333,0.6001785714285715,0.0001254272334316
fully_optimized,4.0,3x,3.0,19,82726926.8584019,10839582.82574684,12216975.611576729,119784939.31638288,23429777.84903327,143214717.16541862,230343551.92090175,45165.40233743172,394853.7760426259,1224365.1374659438,1619218.9135085698,110.54303249602258,863404.6602387436,0.0739682539682539,0.0784126984126984,0.0,0.3942596685579434,21050257.836488284,0.0586642171209321,0.2870634920634921,0.6899603174603175,0.0002494568797095
fully_optimized,4.0,3x,3.0,20,71107472.81558356,9141748.73416221,12384346.245870125,102960482.63384824,19759906.39458454,122720389.02843095,233499222.16337076,45784.16120850407,347620.08598535706,1032589.4110053496,1380209.4969907068,112.05745456362952,1008317.744205258,0.0784325396825396,0.0839087301587301,0.0,0.4012768834852898,16929497.096100852,0.0604958910087773,0.2133531746031746,0.4981349206349206,0.0003167990950702
fully_optimized,4.0,3x,3.0,21,74177614.13916364,10923285.374531291,12384395.388722437,107405911.7837438,23610701.059358288,131016612.8431006,233500148.721591,45784.34288658647,361365.3081258543,1233819.6048837584,1595184.9130096126,112.0578992235933,380076.239264021,0.0704960317460317,0.0759126984126984,0.0,0.3906779270150839,14212456.90062654,0.0588236632323497,0.2325198412698412,0.5675793650793651,0.000121849960584
fully_optimized,4.0,3x,3.0,22,69534158.48303828,9235599.388145948,12721818.330662291,100682392.9113536,19962764.7526205,120645157.66397512,239862050.50621408,47031.774609061584,341899.97118040745,1043190.138977383,1385090.1101577906,115.11100798157402,406877.54531562474,0.0797619047619047,0.0847222222222222,0.0,0.4101213626533661,15622614.151187276,0.0612568726016687,0.1809722222222222,0.5325,0.0001295861007748
fully_optimized,4.0,3x,3.0,23,74477623.54539639,10959372.047012491,12363955.60537572,107840312.1644245,23688702.467081867,131529014.63150632,233114769.19344056,45708.77827322364,363981.27971191815,1237895.7085884311,1601876.988300349,111.87295364405188,486225.6094823186,0.0710912698412698,0.0764087301587301,0.0,0.3878321818854959,12461987.639132151,0.0581629760652753,0.2483333333333333,0.5901785714285714,0.0001522474533645
fully_optimized,4.0,3x,3.0,24,64623287.77751693,8605245.162318945,12744744.33935419,93571668.84857954,18600252.955372464,112171921.80395252,240294306.2822174,47116.53064357204,318123.14169818535,971989.63700569,1290112.7787038754,115.31844970891936,642232.0949981532,0.080297619047619,0.0850595238095238,0.0,0.3992960167702116,18535727.994159903,0.0605219984799867,0.165515873015873,0.4780555555555555,0.0002035330951862
fully_optimized,4.0,3x,3.0,25,77379523.87623917,11688003.824809335,12336586.673318708,112042135.78138831,25263641.37035576,137305777.15174356,232598744.83334816,45607.5970261467,374756.21711468906,1320196.9706504073,1694953.1877650963,111.62531095064574,293913.33940295316,0.075813492063492,0.0802777777777777,0.0,0.3900619335724136,17669948.055236526,0.0587173722835022,0.258015873015873,0.6664682539682539,9.25197689164308e-05
fully_optimized,4.0,3x,3.0,26,80583211.75492677,12805097.062668435,12192953.535287466,116680934.4496125,27678240.42093258,144359174.87054607,229890630.46530828,45076.59420888397,387284.3407036882,1446376.182315723,1833660.5230194111,110.3256732047974,305285.1981926686,0.0619841269841269,0.0662301587301587,0.0,0.3762966889108309,12071397.861958802,0.0564080145024369,0.2807738095238095,0.6555753968253968,9.74694235974262e-05
fully_optimized,4.0,3x,3.0,27,68484551.72842705,9767199.170180328,12598929.26850244,99162608.65027069,21111818.641306188,120274427.29157823,237545052.91449237,46577.46135578282,336197.2659970577,1103236.0144202458,1439433.2804173036,113.99906914960336,702535.8484904054,0.0816071428571428,0.0860515873015873,0.0,0.3948746251875809,20547718.712718576,0.0597298014367345,0.1966468253968254,0.5451388888888888,0.0002148343492959
fully_optimized,4.0,3x,3.0,28,70084221.44845656,9269947.117902333,12733610.596274983,101478859.81076735,20037007.432504535,121515867.24327163,240084386.41263673,47075.36988483073,340831.90055230696,1047069.8236055524,1387901.7241578596,115.2177081046022,713716.2021015895,0.0813492063492063,0.086329365079365,0.0,0.41496811629978,18459593.586849704,0.0615650774708407,0.1912301587301587,0.5793452380952381,0.0002083232021713
fully_optimized,4.0,3x,3.0,29,74466224.98073085,10330659.641431412,12587551.981220888,107823807.54581356,22329739.467260104,130153547.0130734,237330541.1689466,46535.40022920522,362582.1553355597,1166880.6554023055,1529462.8107378653,113.89612388084764,350000.37608946784,0.0847023809523809,0.090813492063492,0.0,0.4133973850800276,19946069.345208477,0.0613198510009514,0.2267063492063492,0.6639880952380952,0.0001088908697213
fully_optimized,4.0,3x,3.0,30,71635766.21191199,10588259.629824802,12479256.722349573,103725428.15791692,22886542.307276957,126611970.46519417,235288700.75134617,46135.03936300905,350420.08526735025,1195977.3882074973,1546397.4734748476,112.91623436472172,367199.38416483183,0.0763492063492063,0.081329365079365,0.0,0.4077761423413965,15169775.704119757,0.0604128864597512,0.2304563492063492,0.6237301587301587,0.0001140575233727
fully_optimized,4.0,3x,3.0,31,91849598.81298304,14422633.6632483,11572552.304203114,132994165.71920966,31174548.703595236,164168714.4228051,218193347.29740095,42783.009274000186,434296.1140470966,1629082.0533960254,2063378.167443122,104.71208800754742,607661.9976965697,0.0586706349206349,0.0628571428571428,0.0,0.376551781785706,12617262.725812037,0.0564063798451072,0.4019444444444444,0.7053968253968254,0.000182299979532
fully_optimized,4.0,4x,4.0,0,56950064.86636807,5303554.326646319,13238581.357252656,82461180.69583839,11463642.252767358,93924822.94860518,249605299.14898413,48942.21551940865,288148.34826669603,599053.2224892174,887201.5707559134,119.78684215341316,386131.5171410209,0.0772023809523809,0.0817857142857142,0.0,0.3832324609740725,19119483.78239459,0.058805044993445,0.0641269841269841,0.2841666666666667,0.0001227735520988
fully_optimized,4.0,4x,4.0,1,56371870.09346834,6349433.774291484,13283584.420086052,81623980.18065977,13724312.567218114,95348292.74787952,250453804.18574,49108.58905602746,284517.259057504,717188.6114865933,1001705.8705440972,120.1940440006928,415132.6925973753,0.0792261904761904,0.0841865079365079,0.0,0.3933647785973072,19623327.31751617,0.0602874433660264,0.0630555555555555,0.275,0.0001336431669155
fully_optimized,4.0,4x,4.0,2,64969251.45698428,6448573.001333434,12999656.636435715,94072608.98892412,13938602.185468055,108011211.1743915,245100520.6682488,48058.92562122526,321843.12430134165,728386.7004994997,1050229.8248008413,117.62497623691334,385209.57866879186,0.0723015873015873,0.0776388888888888,0.0,0.3872025035927345,14695588.423643127,0.058762201187803,0.1190873015873015,0.3498809523809524,0.0001222029798961
fully_optimized,4.0,4x,4.0,3,58078093.303136,6384983.432912851,13041106.483903794,84094516.09190063,13801153.218513992,97895669.31041446,245882032.0173665,48212.1631406601,292447.84121841635,721204.0577786252,1013651.8989970416,118.00002747555703,2217515.047058099,0.0800595238095238,0.0847619047619047,0.0,0.3970647233547299,16195139.22684414,0.0605680846719728,0.0934523809523809,0.2461706349206349,0.0006371966105676
fully_optimized,4.0,4x,4.0,4,47163406.90340042,4063874.601379299,13397437.235002134,68290531.85485241,8784072.288324924,77074604.14317663,252600428.90021557,49529.49586278736,243128.3548919603,459027.4796501962,702155.8345421565,121.2242200294558,539241.2251568952,0.0940674603174603,0.1001785714285714,0.0,0.424340629920331,22283168.482105315,0.0639674136294103,0.0292857142857142,0.2180555555555555,0.000168045144025
fully_optimized,4.0,4x,4.0,5,65504488.88272112,7429153.20103261,12891718.664612822,94847609.16113327,16058128.057583809,110905737.21871838,243065416.67792264,47659.885623122085,323256.11256761965,839146.3330703541,1162402.4456379735,116.6483195662171,433822.16761720635,0.0825992063492063,0.0880952380952381,0.0,0.410486762858046,17651420.42591153,0.0618014116473499,0.1404960317460317,0.3459523809523809,0.0001383904707867
fully_optimized,4.0,4x,4.0,6,66184058.61753,8133520.7796191005,13007171.472426616,95831596.1474344,17580619.850454524,113412215.99788909,245242208.27320287,48086.70750454958,329060.23160089226,918706.8771472138,1247767.108748106,117.69297283325,223381.61243867737,0.0907539682539682,0.094781746031746,0.0,0.4011506121936482,26779127.991435125,0.0606940640462942,0.1295833333333333,0.4854166666666666,7.049283853080473e-05
fully_optimized,4.0,4x,4.0,7,59958448.31098519,8894014.90446651,12965878.975191033,86817187.16239686,19224429.274406876,106041616.4368041,244463663.66582164,47934.05169918072,298429.0748766086,1004607.0920059612,1303036.1668825697,117.31934534893084,220630.2500378594,0.0766468253968254,0.0816468253968254,0.0,0.3881152363197683,16912729.13042414,0.0591879744648163,0.1105952380952381,0.4127579365079365,7.088786983840953e-05
fully_optimized,4.0,4x,4.0,8,60353636.05683916,6771122.540484036,12886849.7096754,87389401.57859029,14635793.596714376,102025195.17530598,242973615.5308872,47641.88539821318,302996.46220823826,764819.6903285611,1067816.1525367994,116.6042637326794,536101.3779942398,0.0804365079365079,0.0855555555555555,0.0,0.3932584821462941,20561753.256371677,0.0598209848515798,0.1161507936507936,0.2714880952380952,0.0001733949666432
fully_optimized,4.0,4x,4.0,9,63329730.68278164,7601285.061721517,13192754.626098337,91698655.26062831,16430191.38525164,108128846.64588062,248741264.3532529,48772.79693201037,316491.4350524592,858589.1707387975,1175080.6057912568,119.372187496464,877415.4101374403,0.0831547619047619,0.0875198412698412,0.0,0.3867140235071465,23888041.190049175,0.0594374883011262,0.0869047619047619,0.3327777777777778,0.000266814026374
fully_optimized,4.0,4x,4.0,10,58857261.519564226,9185641.521619149,13047997.727780832,85222717.28426258,19854780.73392212,105077498.01818576,246011962.17702913,48237.639642554735,295217.7005178287,1037547.2400668917,1332764.94058472,118.06238161458992,297843.5995219775,0.0815873015873015,0.0864880952380952,0.0,0.3911125342539679,18364601.7947414,0.0598437572176247,0.1131349206349206,0.3979166666666666,9.427280300642404e-05
fully_optimized,4.0,4x,4.0,11,59423339.710875474,5893553.167355781,13251622.46709108,86042373.52401,12738925.812221106,98781299.33623056,249851181.24424735,48990.427694950464,300361.5578907219,665695.4561731708,966057.0140638928,119.90484221124072,330324.31926410244,0.0748809523809523,0.0803769841269841,0.0,0.3872484866159487,15330318.11017549,0.0592050706328241,0.0732539682539682,0.350297619047619,0.0001054847325928
fully_optimized,4.0,4x,4.0,12,59690315.93280235,5923163.003610183,13202749.842673011,86428943.31158523,12802927.526746131,99231870.83833095,248929718.00668892,48809.748628762536,298396.5573642795,669039.9807567048,967436.5381209844,119.4626273553706,264776.8142838816,0.0764087301587301,0.0822619047619047,0.0,0.3922140858110906,16035126.686579822,0.0599091058172941,0.0793452380952381,0.3828571428571428,8.398540561426439e-05
fully_optimized,4.0,4x,4.0,13,52490470.255361006,5949651.02456829,13249017.642998263,76003884.50291286,12860181.43187208,88864065.93478447,249802068.89003375,48980.797821575245,267395.78213252156,672031.886436372,939427.6685688936,119.88127294471464,749109.6721222139,0.0854563492063492,0.0914484126984127,0.0,0.419282755183601,16522318.144347709,0.0633755664714913,0.0616071428571428,0.3062301587301587,0.0002271793401433
fully_optimized,4.0,4x,4.0,14,53471755.29169215,5344244.754656203,13322636.6064631,77424741.93099207,11551594.68637862,88976336.61737081,251190109.11147028,49252.96257087652,271738.8607592344,603649.334930513,875388.1956897475,120.54740044871672,401785.12666481856,0.0858531746031746,0.0908531746031746,0.0,0.4010689529691842,22408638.63763003,0.0611216875541886,0.0454960317460317,0.2687301587301587,0.0001262713355816
fully_optimized,4.0,4x,4.0,15,59391014.004800946,6612329.927340485,13068186.867751906,85995567.32816087,14292563.076700289,100288130.40486132,246392615.97866973,48312.27764287642,297800.40010476887,746883.5628275764,1044683.9629323452,118.24505929414111,369020.4173394346,0.0920238095238095,0.0974404761904761,0.0,0.4177974010724973,23063273.302178007,0.0629048537443933,0.1032341269841269,0.3025992063492063,0.0001183377110147
fully_optimized,4.0,4x,4.0,16,46348203.28779391,4362435.242324998,13387042.1130849,67110152.99473661,9429411.652788969,76539564.64752507,252404435.2777929,49491.0657407437,241817.6143856171,492750.8476127648,734568.4619983819,121.1301617013984,512693.2308315063,0.0876190476190476,0.0926190476190476,0.0,0.4044001152389049,18640856.92577241,0.0616747086861135,0.0269642857142857,0.1776984126984127,0.0001588883483828
fully_optimized,4.0,4x,4.0,17,58033332.76971142,6385994.632076418,13115991.46942252,84029704.81480224,13803338.927331924,97833043.7421342,247293942.3050107,48489.008295100146,288818.8200516918,721318.2759199328,1010137.0959716246,118.67761034474071,1215065.3832153128,0.0901388888888889,0.0953968253968254,0.0,0.426983895667396,19107247.0353025,0.0641299231181037,0.1041071428571428,0.3321626984126984,0.0003543082335037
fully_optimized,4.0,4x,4.0,18,56404413.691707104,5623103.361732829,13166135.545073887,81671101.87474875,12154348.06906191,93825449.94380948,248239377.97261447,48674.38783776754,284127.628587036,635147.2959014798,919274.9244885158,119.13132969071448,502242.38545448886,0.0757738095238095,0.0814285714285714,0.0,0.4030051436339024,17128195.980763804,0.0609399717708288,0.0848015873015873,0.2630357142857142,0.0001575194488891
fully_optimized,4.0,4x,4.0,19,57443058.45190074,5365240.7939512525,13267762.185229894,83175013.6516706,11596977.66322367,94771991.31489503,250155485.69088224,49050.09523350632,286161.6302522549,606020.9039245396,892182.5341767945,120.05087945019324,961212.3277788736,0.0845238095238095,0.0895436507936508,0.0,0.403756250482467,24732766.927515376,0.0612098390592242,0.0647420634920634,0.3157738095238095,0.000280499281881
fully_optimized,4.0,4x,4.0,20,59990424.28850523,6455849.19079662,13039863.867329087,86863486.96673286,13954329.682130195,100817816.6488624,245858603.2470521,48207.569264127866,300000.44356449594,729208.5690949553,1029209.0126594512,117.9887838905007,1077347.574403664,0.0818849206349206,0.0873611111111111,0.0,0.4037418498972808,18068992.20767788,0.0614125955215975,0.1036706349206349,0.2433531746031746,0.0003389776992839
fully_optimized,4.0,4x,4.0,21,57170540.05089136,6440110.008254274,13188204.438008104,82780419.03336184,13920309.410647484,96700728.44400936,248655473.3588251,48755.975168397075,287643.16592664114,727430.7786848587,1015073.9446114998,119.3310159654799,448350.7049584651,0.0803571428571428,0.0859920634920635,0.0,0.3989171998434902,15656297.707217991,0.0608619283157948,0.0726785714285714,0.2504365079365079,0.0001439532090807
fully_optimized,4.0,4x,4.0,22,53248046.509970896,5404599.870409014,13310559.059726248,77100821.48742385,11682052.378051134,88782873.8654758,250962394.4051188,49208.312628454674,271161.4084700894,610466.6360004343,881628.0444705237,120.43811901247024,486902.6622799065,0.0857341269841269,0.0907539682539682,0.0,0.4148354983540188,16709833.068589993,0.0625537332698936,0.0506349206349206,0.1894047619047619,0.0001553595081239
fully_optimized,4.0,4x,4.0,23,54162277.54418266,5758851.764225564,13255549.216779817,78424587.67955635,12447768.486147655,90872356.16570504,249925217.69152755,49004.94464539756,275436.58558820223,650480.5069807861,925917.0925689884,119.94037267575489,559799.4479545145,0.0802380952380952,0.0861507936507936,0.0,0.400775960146115,14293346.673318136,0.0609117294326303,0.0648809523809523,0.2723809523809524,0.0001759200455579
fully_optimized,4.0,4x,4.0,24,50519792.53026143,5060297.791795556,13350241.444448669,73150430.12381639,10937842.813480718,84088272.93729758,251710581.33257505,49355.015947563734,257695.50420639652,571576.6280925578,829272.1322989543,120.7971776930592,731293.0627365047,0.0866865079365079,0.0915277777777777,0.0,0.4044409083163134,20369003.051530037,0.0618564471395546,0.0406746031746031,0.1870039682539682,0.0002311957909387
fully_optimized,4.0,4x,4.0,25,55467079.71689219,5996509.906958733,13247483.187056923,80313883.64416313,12961466.990763975,93275350.63492677,249773137.66817757,48975.125032975986,280452.328931853,677324.7452946668,957777.0742265198,119.86738870540717,389212.5286092768,0.0842460317460317,0.0891666666666666,0.0,0.3971902527606412,19145050.426377524,0.0607344562646957,0.0659523809523809,0.2722619047619047,0.000123006160748
fully_optimized,4.0,4x,4.0,26,59268173.83906149,7065545.717227066,13158202.56149397,85817700.18915974,15272189.824834418,101089890.01399434,248089806.4523563,48645.06008869732,296218.27544446435,798075.7186334422,1094293.9940779065,119.05954956365429,383125.23575216136,0.0711507936507936,0.0758928571428571,0.0,0.3871772029088807,13761292.340760332,0.058886732493926,0.0804960317460317,0.2763690476190476,0.0001228479465768
fully_optimized,4.0,4x,4.0,27,53840336.31475501,5879020.88957568,13242364.707839418,77958430.98674962,12707514.26756068,90665945.25431073,249676631.8945013,48956.202332255154,272951.2502959302,664053.9894702581,937005.2397661884,119.82107509781284,845276.1684323492,0.0838690476190476,0.0886309523809523,0.0,0.3981144257101163,19568049.252000984,0.0607032368373594,0.0640277777777777,0.1981349206349206,0.0002584003671978
fully_optimized,4.0,4x,4.0,28,47924641.348318696,4163445.513288472,13406689.89660389,69392765.7374922,8999294.994194854,78392060.7316867,252774882.13690293,49563.70237978489,244548.40820212165,470274.3288331475,714822.7370352692,121.30794101774198,931405.1235911084,0.091031746031746,0.0964880952380952,0.0,0.4219629867741025,18923347.403359942,0.0636811189944372,0.0297420634920634,0.1853769841269841,0.0002713292410062
fully_optimized,4.0,4x,4.0,29,49950017.585039325,4600485.458791173,13346391.688013792,72325421.14754663,9943957.62548708,82269378.77303348,251637996.54567993,49340.78363640783,255689.2117710004,519639.37189389416,775328.5836648946,120.76234388768653,456316.8397204137,0.092281746031746,0.0981746031746031,0.0,0.4217590718984224,21672974.832927383,0.0635797445576881,0.0417857142857142,0.2034523809523809,0.0001425528696301
fully_optimized,4.0,4x,4.0,30,50216608.59962506,5065481.348010109,13341632.448589155,72711433.17189214,10949047.07959756,83660480.2514896,251548264.01708055,49323.189022956976,257653.64809233596,572162.1271490454,829815.7752413813,120.71928079457108,448193.0589267319,0.0873015873015873,0.0933730158730158,0.0,0.420739685364848,17421631.706472404,0.0634698463931052,0.0414087301587301,0.2621626984126984,0.0001397869063995
fully_optimized,4.0,4x,4.0,31,71048442.00855368,9202184.100954788,12924374.218055774,102875008.63032238,19890537.54902414,122765546.17934628,243681117.0287398,47780.61118210584,346157.17179734586,1039415.776683837,1385572.9484811828,116.9437972703708,668721.2287084735,0.0740674603174603,0.0787301587301587,0.0,0.3945473058673632,17782151.467936207,0.0597375058538807,0.1489285714285714,0.468313492063492,0.0002022215747541
fully_optimized,4.0,5x,5.0,0,48937485.56608407,3642448.956198819,13426346.40634311,70859319.46757051,7873159.995371208,78732479.46294071,253145493.52353075,49636.37127912368,253059.56359866488,411426.12115810666,664485.6847567715,121.48579929167128,408715.1295021304,0.0774603174603174,0.0825198412698412,0.0,0.3847122092057641,17717783.471219428,0.0593857154537411,0.012063492063492,0.0776984126984127,0.0001300703924347
fully_optimized,4.0,5x,5.0,1,48764743.24177568,4424264.1833393015,13434033.883655984,70609196.20516281,9563055.020425376,80172251.2255884,253290436.1743001,49664.79140672551,251232.9568486728,499734.6219038327,750967.5787525055,121.55535800091424,435908.8481926111,0.0802777777777777,0.0853968253968254,0.0,0.3951554146125329,19526770.58757619,0.0607610115663739,0.0139484126984126,0.0518452380952381,0.0001404283624044
fully_optimized,4.0,5x,5.0,2,55426315.29803721,4449514.028302264,13355052.462038402,80254858.56461254,9617632.605902256,89872491.1705148,251801290.10660136,49372.80198168654,280025.0697978869,502586.6716917305,782611.7414896174,120.84070929127954,402012.1872600616,0.0763492063492063,0.0818055555555555,0.0,0.3915442499457069,15830571.433613371,0.0598770989058289,0.0323412698412698,0.153531746031746,0.0001277636296707
fully_optimized,4.0,5x,5.0,3,52788934.64573597,5056189.227017905,13287373.68319695,76436047.76881313,10928962.143295646,87365009.91210955,250525248.40825757,49122.59772710933,269644.678113843,571112.5527162593,840757.2308301022,120.22833044346731,2230311.859796194,0.0811706349206349,0.086031746031746,0.0,0.3985505079239118,16197165.223333815,0.0609764130431692,0.0475396825396825,0.1036111111111111,0.0006414142081678
fully_optimized,4.0,5x,5.0,4,43606030.92990984,3304120.497481872,13458562.53273984,63139608.43375633,7141862.420992556,70281470.85474825,253752908.74798843,49755.472303527145,227555.57586886667,373210.8524965033,600766.42836537,121.77730092189212,555441.9738672127,0.0934325396825396,0.0993849206349206,0.0,0.4244124769179612,21910931.805473898,0.0641178252388432,0.0124404761904761,0.0321428571428571,0.000173146187245
fully_optimized,4.0,5x,5.0,5,55990827.10497787,5275724.510361773,13323453.341551594,81072246.74891527,11403488.054620847,92475734.80353682,251205508.14861867,49255.98198992523,282135.6443213268,595909.756786834,878045.4011081608,120.55479052432209,447310.0875775238,0.0877777777777777,0.093829365079365,0.0,0.4136715049361718,19155007.115676343,0.0626777296883142,0.0501785714285714,0.1758531746031746,0.0001429265988487
fully_optimized,4.0,5x,5.0,6,52870555.77823041,5044646.149769907,13384495.795243615,76554231.56669083,10904011.760982782,87458243.32767464,252356426.02292177,49481.65216135721,270841.3827079719,569808.7256604842,840650.1083684561,121.10712181781116,253182.74547438335,0.0955357142857142,0.1004761904761904,0.0,0.4051085517931814,26894989.539003152,0.0618712640303028,0.0331150793650793,0.1549007936507936,8.020756842624521e-05
fully_optimized,4.0,5x,5.0,7,51516641.33496511,6209560.619208218,13279359.317696806,74593823.20166379,13421976.489960538,88015799.69162443,250374142.4820111,49092.969114119835,262280.40983100544,701389.496566364,963669.9063973696,120.1558139472333,249302.2195815099,0.0768055555555555,0.082063492063492,0.0,0.3857857433714444,16451904.467022836,0.0592459490603314,0.0401984126984127,0.1464087301587301,8.014842487545328e-05
fully_optimized,4.0,5x,5.0,8,55450028.42908535,5646358.651962027,13178413.829369403,80289194.1318986,12204614.420880456,92493808.55278043,248470877.46201345,48719.779894512445,282115.2755575778,637774.05442863,919889.329986208,119.24242746343717,547640.9922601,0.0824801587301587,0.0875,0.0,0.3951098499167462,20938843.296131775,0.0602714241883054,0.0678968253968254,0.1315674603174603,0.000177226327568
fully_optimized,4.0,5x,5.0,9,52380405.37250153,5031947.8778946195,13425699.68489042,75844515.40974134,10876564.423397236,86721079.83313823,253133299.98879388,49633.980389959586,268316.4212068113,568374.4157206923,836690.8369275036,121.47994755284284,912008.7512683944,0.0850396825396825,0.0895238095238095,0.0,0.3907711717429368,22958042.513893586,0.0603063156759201,0.0172420634920634,0.0643849206349206,0.0002776779950473
fully_optimized,4.0,5x,5.0,10,47674456.66971831,5598501.78355715,13395904.23424035,69030509.36363551,12101171.71341643,81131681.07705167,252571525.1148746,49523.82845389698,246479.56369594933,632368.4698959808,878848.03359193,121.2103489570704,324020.96940292907,0.0841071428571428,0.0887896825396825,0.0,0.3946360043787139,18532958.344603553,0.0607820437418475,0.0248015873015873,0.1255753968253968,0.0001027653177637
fully_optimized,4.0,5x,5.0,11,49140757.05251024,3793175.013999385,13438587.943415033,71153647.60945795,8198954.64144726,79352602.25090411,253376300.1666598,49681.62748365878,254654.42791591576,428451.1057396488,683105.5336555645,121.59656456397408,356635.3679744117,0.0769642857142857,0.0826190476190476,0.0,0.3894055725015903,15219387.755894426,0.0600469259752157,0.0133928571428571,0.0831547619047619,0.0001139791269432
fully_optimized,4.0,5x,5.0,12,48428676.36311499,3660497.835803663,13426885.007379552,70122586.1956378,7912172.681224798,78034758.87686265,253155648.5143958,49638.3624538031,249640.36667390895,413464.7991509535,663105.1658248624,121.49067272301257,290407.8518830862,0.0773809523809523,0.0829761904761904,0.0,0.3940233694478065,16544279.06536459,0.0606251764390386,0.0147222222222222,0.0759920634920634,9.237987977465896e-05
fully_optimized,4.0,5x,5.0,13,46867718.39550033,4403557.860821547,13414198.675686711,67862387.94427302,9518298.266917478,77380686.21118996,252916455.5426028,49591.46187109859,242817.89156181196,497395.7773354194,740213.6688972313,121.3758828092805,768837.8941858687,0.0856349206349206,0.0917857142857142,0.0,0.4207074600621702,16282337.261678524,0.0636831322404424,0.0219047619047619,0.0658730158730158,0.0002335923983539
fully_optimized,4.0,5x,5.0,14,47614525.12911051,3942265.854760218,13434796.243260182,68943731.13764061,8521214.762939747,77464945.90058134,253304809.99517465,49667.60980297542,245973.0312964547,445291.3873886313,691264.418685086,121.56225607005824,419262.778827517,0.0860912698412698,0.0911507936507936,0.0,0.4033979912932798,22376390.013813917,0.06151375089351,0.0115674603174603,0.0400992063492063,0.0001320318434863
fully_optimized,4.0,5x,5.0,15,51974768.87419557,4858661.768725217,13349867.85049728,75257171.66110702,10502006.185554627,85759177.84666021,251703537.44868067,49353.63479385895,265413.45612549334,548801.2020385028,814214.6581639962,120.7937972976466,386055.55116879847,0.0959523809523809,0.101547619047619,0.0,0.420249225674968,24067688.413452372,0.0636841056341548,0.0387896825396825,0.1337698412698412,0.0001238840747242
fully_optimized,4.0,5x,5.0,16,42785162.995866925,3511548.15853698,13450630.37628651,61951027.89051566,7590217.684879892,69541245.57539542,253603352.8226975,49726.14761229363,226198.6159827483,396640.46236476675,622839.0783475151,121.70552827893538,525047.699561659,0.0874007936507936,0.0923809523809523,0.0,0.4038961930037718,18603390.459625535,0.0617601520146729,0.008313492063492,0.0362103174603174,0.0001628583021469
fully_optimized,4.0,5x,5.0,17,48829990.135854326,4236033.35327456,13404104.9179509,70703670.82841535,9156193.741384106,79859864.5698003,252726143.9562407,49554.145873772686,249029.41243233465,478473.3547653838,727502.7671977185,121.28455131899064,1239823.145120079,0.0924404761904761,0.0982539682539682,0.0,0.4302756493794475,18461485.93770766,0.0648728140812618,0.0331944444444444,0.1089285714285714,0.0003622847851634
fully_optimized,4.0,5x,5.0,18,50494874.92910148,4257609.307575269,13382056.62490524,73114350.53696205,9202830.20556125,82317180.74252337,252310436.9682443,49472.634699655755,258260.69094042736,480910.42699205654,739171.1179324839,121.08505143848744,567451.89313306,0.0787896825396825,0.0845833333333333,0.0,0.4050275838494561,16457582.221285377,0.061515297276168,0.031845238095238,0.1056944444444444,0.0001768204994104
fully_optimized,4.0,5x,5.0,19,49086824.64891324,3723364.14582986,13420608.51136023,71075555.8691089,8048058.3238533,79123614.19296196,253037309.0470306,49615.15863667267,250155.91320673365,420565.7475504042,670721.6607571379,121.43388101568053,1152627.982501754,0.0835119047619047,0.0886507936507936,0.0,0.4012907837403369,21458915.452177577,0.0613544705858924,0.0211706349206349,0.0563888888888888,0.0003337470355815
fully_optimized,4.0,5x,5.0,20,54287422.46715895,5085165.123803347,13287346.35206223,78605792.0053278,10991593.596514316,89597385.60184231,250524733.09653983,49122.49668559605,275360.3973260521,574385.4718332792,849745.8691593313,120.22808314277458,1089417.9719830188,0.0845833333333333,0.0901587301587301,0.0,0.406544611307072,19047866.416124005,0.0620959162621852,0.055,0.1144246031746031,0.0003429557804294
fully_optimized,4.0,5x,5.0,21,51293112.83946516,5070087.060054894,13378301.922240434,74270163.80458741,10959002.334498117,85229166.1390859,252239644.3616556,49458.753796403056,262056.03511760235,572682.3568803453,834738.3919979476,121.05107770948412,461638.1561489413,0.0826388888888888,0.088313492063492,0.0,0.4002222136897499,16742253.608269656,0.0614776073833354,0.0310714285714285,0.1057341269841269,0.0001483263586848
fully_optimized,4.0,5x,5.0,22,48726497.33981173,4239014.5324526755,13444329.068327922,70553817.82692705,9162637.565560369,79716455.39248745,253484545.5414964,49702.85206696008,251589.3303237953,478810.08837523777,730399.4186990331,121.64851206538368,499231.1799981604,0.0871626984126984,0.0926190476190476,0.0,0.4155031484913212,16546789.129297929,0.0628683864856377,0.0142857142857142,0.0561706349206349,0.0001593384873248
fully_optimized,4.0,5x,5.0,23,47748273.172481544,4298481.757811999,13407836.542294336,69137392.40208365,9291176.080544244,78428568.48262888,252796501.43529415,49567.94145790082,247245.65392638047,485527.09941913554,732772.753345516,121.31831622809484,577491.3614664149,0.0830952380952381,0.0886507936507936,0.0,0.4013956374450895,15165285.374803737,0.0613530472553067,0.0199801587301587,0.0719841269841269,0.0001817441342402
fully_optimized,4.0,5x,5.0,24,46466918.40198264,4142028.828782685,13429386.259625075,67282047.24113347,8953002.791967131,76235050.03310068,253202808.0852096,49647.609428472475,240035.3420526451,467855.2466331657,707890.5886858108,121.5133048389346,747475.0180936627,0.0856944444444444,0.0907539682539682,0.0,0.4023023389128596,20201422.37023638,0.0618452954737923,0.0175595238095238,0.0419444444444444,0.0002364449532783
fully_optimized,4.0,5x,5.0,25,49595361.56493354,4541522.185549536,13397841.398599545,71811894.88155377,9816508.40391538,81628403.2854688,252608049.15595892,49530.99003058018,254876.81112228657,512979.28383437375,767856.0949566603,121.22787702862612,405626.45009737194,0.0861706349206349,0.0912301587301587,0.0,0.3984842947192181,19680434.769123033,0.0611730824104293,0.0258531746031746,0.070079365079365,0.0001283872141931
fully_optimized,4.0,5x,5.0,26,52345384.58667747,5458412.122664256,13388774.949605912,75793806.85735017,11798367.658460489,87592174.51581103,252437106.84332007,49497.47193006276,266261.0977789076,616544.8999603115,882805.9977392191,121.1458409505011,397623.0954346972,0.0733730158730158,0.0782142857142857,0.0,0.3887707118635755,14153844.73114493,0.0596302432431647,0.02625,0.1025,0.0001276016848919
fully_optimized,4.0,5x,5.0,27,47973217.430546544,4340855.802444582,13426234.955390053,69463101.76087521,9382767.65452513,78845869.41540019,253143392.18443844,49635.95925185067,247424.7724519518,490313.3816788484,737738.1541308002,121.48479084844102,858687.8602776985,0.0849801587301587,0.0899007936507936,0.0,0.400358442370503,18991297.371064935,0.0612573094556218,0.0156150793650793,0.0651190476190476,0.0002627710294389
fully_optimized,4.0,5x,5.0,28,44758780.297261275,3465151.43287963,13446550.493318051,64808738.6463602,7489931.078600829,72298669.72496054,253526429.141721,49711.06453759235,230890.6254751071,391399.80557006976,622290.4310451769,121.66861221640625,944843.9620633292,0.0909325396825396,0.0962896825396825,0.0,0.4224553477870403,18584904.337009016,0.0638273504076813,0.0159325396825396,0.0206547619047619,0.0002756487427316
fully_optimized,4.0,5x,5.0,29,46369171.44827857,3790619.5735008623,13440102.246914376,67140513.96578419,8193431.052195798,75333945.01798135,253404851.42662048,49687.225769925586,240201.70259231696,428162.46065915475,668364.1632514717,121.61026645765122,471857.63733945607,0.0918849206349206,0.0974206349206349,0.0,0.4209559071146745,20881369.014120106,0.0636936822964612,0.0182539682539682,0.04375,0.0001474168948282
fully_optimized,4.0,5x,5.0,30,45001145.92896101,3841239.000464924,13430282.241900971,65159673.38536287,8302845.034973526,73462518.42033719,253219701.2792733,49650.92181946535,234870.84282311023,433880.08491182333,668750.9277349336,121.52141196798064,467083.352101335,0.0878373015873015,0.0937301587301587,0.0,0.4205899667916699,17375179.029480267,0.0636215960010792,0.017281746031746,0.0434325396825396,0.0001458416074163
fully_optimized,4.0,5x,5.0,31,57611078.46144475,5841338.904074953,13339405.731534358,83418299.21069513,12626064.587864889,96044363.7985604,251506280.6382287,49314.95698788799,287279.77457386494,659797.6901182203,947077.4646920852,120.69913275928204,708493.9118238523,0.0799206349206349,0.0847619047619047,0.0,0.3980264427083197,18645086.743980248,0.0607779104844137,0.0404960317460317,0.1747023809523809,0.0002146840749587
fully_optimized,4.0,unrestricted,inf,0,47861919.83450799,3456099.50482837,13432141.790664272,69301947.75342305,7470365.319774648,76772313.07319665,253254761.92609945,49657.79645609792,248254.81841580223,390377.3616890666,638632.1801048688,121.53823774925,411460.10571244784,0.0771626984126984,0.0823015873015873,0.0,0.3842298188287848,17481757.22626504,0.0593807990343767,0.009265873015873,0.0,0.0001309758755151
fully_optimized,4.0,unrestricted,inf,1,48591627.255587325,4389593.0027732225,13434829.561330898,70358531.89684434,9488113.201031951,79846645.09787624,253305438.1868822,49667.73297782004,250466.1228898756,495818.4024844779,746284.5253743535,121.5625575424275,436789.5067045159,0.0803968253968254,0.0854761904761904,0.0,0.3951827879238308,19537885.631916713,0.0607687223322558,0.01375,0.0,0.0001407189232857
fully_optimized,4.0,unrestricted,inf,2,51351802.87005024,3654167.331589256,13426008.691496098,74355144.3788587,7898489.284935489,82253633.66379522,253139126.11805487,49635.12276824605,261984.0411215945,412749.7486930806,674733.7898146751,121.48274354166408,408708.4073989505,0.0770238095238095,0.0823214285714285,0.0,0.3923941333781327,14941179.159149438,0.0601635174023579,0.0133531746031746,0.0,0.000129976113305
fully_optimized,4.0,unrestricted,inf,3,49411102.31305465,4068811.691848704,13433751.869732518,71545095.61627302,8794743.818288704,80339839.43456188,253285118.97543615,49663.74881871297,255031.58919554757,459585.13962184166,714616.7288173892,121.5528062503577,2233442.866264448,0.0819841269841269,0.0870238095238095,0.0,0.4003614257169658,16162453.293360244,0.0613365678604595,0.0123809523809523,0.0,0.000642478692017
fully_optimized,4.0,unrestricted,inf,4,43362092.61209136,3254847.79694416,13459370.26605202,62786396.5146575,7035359.389817001,69821755.9044737,253768138.0621861,49758.4584435659,226474.40446250865,367645.3452498702,594119.7497123788,121.78460954659728,558518.2395021332,0.0929365079365079,0.098829365079365,0.0,0.4242730312852724,21400118.058639713,0.0641031457606726,0.0118849206349206,0.0,0.0001741051336258
fully_optimized,4.0,unrestricted,inf,5,51528870.290158994,4275037.88854557,13432922.700529337,74611530.18911602,9240502.114796327,83852032.30391291,253269485.50071633,49660.683431513,262660.5879256191,482879.0402937469,745539.6282193661,121.54530366697924,453478.6367243492,0.089265873015873,0.0955555555555555,0.0,0.4147167960253546,18938738.59662042,0.0629973827512736,0.018829365079365,0.0,0.0001450319649268
fully_optimized,4.0,unrestricted,inf,6,49191773.08090401,4198618.744378701,13449471.572514055,71227516.56721166,9075321.996702576,80302838.56391555,253581504.2911565,49721.86358650128,254445.9642191892,474247.2564458799,728693.2206650691,121.69504305843762,258873.26993866856,0.0953174603174603,0.0999007936507936,0.0,0.4045044546225005,26768026.161716595,0.0619692785898992,0.011547619047619,0.0,8.209818081379322e-05
fully_optimized,4.0,unrestricted,inf,7,48201930.05553673,5264730.04255985,13414957.081415473,69794267.54867478,11379723.49261597,81173991.0412913,252930754.81558353,49594.265650114416,248734.80457593343,594667.8969018122,843402.7014777457,121.38274510251422,255833.80345055755,0.0776190476190476,0.0824404761904761,0.0,0.3848521501185085,15436150.344527034,0.0593692790525906,0.0147023809523809,0.0,8.229366922732418e-05
fully_optimized,4.0,unrestricted,inf,8,50401748.29881373,4246200.928402358,13434585.836006371,72979507.2860217,9178170.973380728,82157678.25940326,253300842.89597255,49666.83194038678,260272.33788715693,479621.8145095608,739894.1523967177,121.5603522391398,551336.6050775554,0.0844642857142857,0.0893650793650793,0.0,0.3964308828032216,21234793.296364,0.0607133629423412,0.0117261904761904,0.0,0.0001785152614502
fully_optimized,4.0,unrestricted,inf,9,52128721.51428767,4990318.000678903,13426484.488221653,75480088.289964,10786581.368631506,86266669.65859503,253148096.9723207,49636.88175927858,267194.19736330863,563672.1895225729,830866.3868858815,121.48704869987826,917031.286724744,0.0848015873015873,0.089265873015873,0.0,0.3909261025896755,22306376.80215704,0.0603120978216376,0.0168055555555555,0.0,0.000279149774322
fully_optimized,4.0,unrestricted,inf,10,45615951.73369462,4912909.800332522,13428625.995324643,66049885.05897418,10619263.403820246,76669148.46279505,253188473.76999795,49644.79877843097,237443.17230838764,554928.6886534278,792371.8609618153,121.50642572875748,328284.7979743576,0.0845238095238095,0.0893650793650793,0.0,0.394707216795498,18360300.663423747,0.0608801876224499,0.0145833333333333,0.0,0.0001041612029514
fully_optimized,4.0,unrestricted,inf,11,47985899.68760245,3543449.1732533295,13443430.675480962,69481465.10941947,7659171.785787421,77140636.89520629,253467606.897599,49699.5307642351,249541.63147996337,400243.782796593,649785.4142765563,121.6403831247332,361824.7765855162,0.0765079365079365,0.0821230158730158,0.0,0.3890192753835138,14942979.567997975,0.0600238146798745,0.0100992063492063,0.0,0.00011562035846
fully_optimized,4.0,unrestricted,inf,12,47568174.51440701,3491931.0115154767,13435490.630264692,68876617.49302223,7547815.18617351,76424432.67919578,253317902.23453784,49670.17690873291,245890.31503531372,394424.6436108732,640314.9586461869,121.56853910177024,292338.71493864176,0.0775198412698412,0.0830952380952381,0.0,0.3942296099515614,16490407.516638726,0.0606772299599924,0.0121230158730158,0.0,9.301853045161226e-05
fully_optimized,4.0,unrestricted,inf,13,45345014.21318257,4047393.199412775,13449653.064956283,65657579.485862166,8748447.708216727,74406027.1940786,253584926.21940267,49722.53455282405,236094.50340308895,457165.8532104366,693260.3566135255,121.6966852590643,770858.7290866637,0.0856944444444444,0.0920039682539682,0.0,0.4206626113229673,16259112.54277492,0.0637460199795477,0.0132539682539682,0.0,0.0002342710630478
fully_optimized,4.0,unrestricted,inf,14,47410306.35214795,3897502.202137197,13441759.824935991,68648031.36086021,8424458.046973012,77072489.40783463,253436104.0394849,49693.353733232325,245087.5000290587,440235.19135430775,685322.6913833665,121.62526474421335,420198.484859263,0.086547619047619,0.0914880952380952,0.0,0.403769538040908,22219557.01346207,0.0615630650923797,0.0109523809523809,0.0,0.0001323409065999
fully_optimized,4.0,unrestricted,inf,15,48577457.293655805,4073997.479429867,13445574.81232872,70338014.41729473,8805952.907508522,79143967.32480283,253508033.2774943,49707.457505391045,250495.9436795975,460170.8907182398,710666.8343978373,121.659783948369,393520.4462283223,0.0965674603174603,0.1019642857142857,0.0,0.4203848507445794,23842237.718416527,0.0639084945720398,0.0164087301587301,0.0,0.0001263121199409
fully_optimized,4.0,unrestricted,inf,16,42431502.30975801,3439935.2365304995,13453345.434393156,61438942.82422673,7435426.224663677,68874369.04889037,253654543.57135993,49736.185013992144,224658.06433028344,388551.55649944703,613209.6208297305,121.73009497744158,526607.1810299128,0.0871626984126984,0.0921825396825396,0.0,0.4036012802323366,18468701.42084698,0.0617159592670806,0.007579365079365,0.0,0.0001633596046422
fully_optimized,4.0,unrestricted,inf,17,46834591.66355709,3765101.88681467,13447132.927861182,67814421.89831513,8138274.526350678,75952696.42466643,253537410.58637485,49713.217762034285,240258.0528877419,425280.1573021342,665538.2101898761,121.67388226708964,1243368.7112708727,0.0926388888888889,0.0983531746031746,0.0,0.4306035495076264,18361387.7746797,0.0649518870226776,0.020595238095238,0.0,0.0003634704850926
fully_optimized,4.0,unrestricted,inf,18,47678171.064730085,3675840.522634422,13437162.25595685,69035887.64369588,7945335.926511216,76981223.57020715,253349419.7075771,49676.356805407275,245894.7503149643,415197.8041173457,661092.55443231,121.58366449606636,571930.3763076632,0.0788492063492063,0.084563492063492,0.0,0.4043372244629739,16252007.568778507,0.061579611754449,0.0151388888888888,0.0,0.0001783029913531
fully_optimized,4.0,unrestricted,inf,19,48634076.53774845,3630331.2110100575,13421868.441012572,70419996.58411014,7846967.467266653,78266964.05137624,253061064.24475807,49619.81651858002,248155.00874846065,410057.38354224793,658212.3922907086,121.44528125489902,1160446.4677596912,0.0834523809523809,0.0885714285714285,0.0,0.4006071361127736,21263151.73730641,0.0613092076527898,0.0198412698412698,0.0,0.0003359434090752
fully_optimized,4.0,unrestricted,inf,20,50615107.07937645,4112562.857533725,13430548.502827378,73288441.38466392,8889312.041910842,82177753.42657489,253224721.46507597,49651.906169622736,259467.82692332735,464526.9720566656,723994.798979993,121.5238211804708,1093248.0583917468,0.0881547619047619,0.0938888888888888,0.0,0.4080135964894583,20471033.05809706,0.062613854341445,0.0208730158730158,0.0,0.0003442346133905
fully_optimized,4.0,unrestricted,inf,21,48939722.01477689,4535445.003286163,13432921.443509094,70862557.74658015,9803372.563480718,80665930.31006137,253269461.80037713,49660.678784387674,251797.657275153,512292.8468914661,764090.5041666192,121.54529229306692,465568.649581481,0.0831547619047619,0.0887896825396825,0.0,0.3985958196106941,17207238.759131204,0.0615339455612431,0.0162698412698412,0.0,0.0001496002221961
fully_optimized,4.0,unrestricted,inf,22,47960036.58279042,4072371.8345648376,13449303.8133505,69444016.47500058,8802439.073197586,78246455.54819834,253578341.2954391,49721.24339126257,248216.2629253665,459987.26899306464,708203.5319184312,121.69352512083763,501383.24569260486,0.0865674603174603,0.0920833333333333,0.0,0.4157796134492031,16288428.254524617,0.0628918735652311,0.0119444444444444,0.0,0.000160033628363
fully_optimized,4.0,unrestricted,inf,23,46612248.74366328,4039418.885511281,13433131.68442096,67492479.16239756,8731211.214320695,76223690.37671925,253273425.7632968,49661.45603201898,242244.2559431306,456265.1292533292,698509.3851964597,121.5471946188676,579582.0488870493,0.0832341269841269,0.088829365079365,0.0,0.4016261254866357,15359963.987138268,0.0614272499219585,0.0128968253968253,0.0,0.0001824268009447
fully_optimized,4.0,unrestricted,inf,24,46211610.92492801,4094394.5170138497,13431825.335437087,66912373.28118652,8850041.14107367,75762414.42226025,253248795.35765803,49656.62654071726,238923.30706782432,462474.80057592294,701398.1076437472,121.53537436295764,749836.3543238256,0.0857936507936508,0.0907341269841269,0.0,0.40225668836704,19887780.96051416,0.0618426591173956,0.0170039682539682,0.0,0.0002371954435466
fully_optimized,4.0,unrestricted,inf,25,48136121.79951465,4156781.4552997304,13437255.175253494,69698980.09810162,8984890.6208199,78683870.71892086,253351171.6436959,49676.70032229331,248429.45906140775,469521.6024223038,717951.0614837116,121.5845052590471,407942.3356529275,0.0865277777777777,0.0915079365079365,0.0,0.3981901645728735,19844934.19316388,0.0612412164437434,0.0147619047619047,0.0,0.0001291554981997
fully_optimized,4.0,unrestricted,inf,26,49324229.26726624,4813956.481563019,13425436.707143515,71419307.27971658,10405375.626636744,81824682.90635279,253128341.70531663,49633.00817751307,252920.2281774497,543751.5985674367,796671.8267448863,121.47756804759088,401497.9181331071,0.0738690476190476,0.0788095238095238,0.0,0.3891553921171315,14205016.088434698,0.0598636671138271,0.015,0.0,0.0001288710757259
fully_optimized,4.0,unrestricted,inf,27,46975430.24783723,4121903.397741266,13432302.70009295,68018349.95308626,8909501.636434056,76927851.58952017,253257795.77428347,49658.39132829088,242981.05632838776,465582.0155928474,708563.0719212352,121.53969370829726,860794.517122937,0.0850992063492063,0.0900595238095238,0.0,0.4001966269648277,18914909.399577525,0.0612781254014688,0.0128174603174603,0.0,0.0002634693565745
fully_optimized,4.0,unrestricted,inf,28,44652308.39291341,3443935.5518558994,13448077.10183618,64654572.02751569,7444072.913462198,72098644.94097692,253555212.40524116,49716.70831475317,230446.65530448017,389003.4047580033,619450.0600624834,121.68242544976188,945415.600416504,0.0908928571428571,0.0962896825396825,0.0,0.4227010809525131,18508798.74961012,0.0638454179231048,0.0155753968253968,0.0,0.0002758339429046
fully_optimized,4.0,unrestricted,inf,29,45562488.4973375,3613644.157410059,13455801.257936168,65972472.65208402,7810898.370781233,73783371.02286652,253700846.611958,49745.26404156039,236685.99880880257,408172.52810054825,644858.5269093509,121.75231604019244,473513.1126965974,0.0915277777777777,0.0971626984126984,0.0,0.4204264323849337,21041878.851644214,0.0636766041776491,0.0132738095238095,0.0,0.0001479541922529
fully_optimized,4.0,unrestricted,inf,30,44200455.92286222,3653664.1129676527,13455561.088683069,64000309.59132292,7897401.576976296,71897711.16830051,253696318.36859053,49744.376150704025,231412.5134982922,412692.908559404,644105.4220576962,121.75014291335846,468346.75841085886,0.0875396825396825,0.093313492063492,0.0,0.4202228639218378,17292632.92794191,0.0636484228889318,0.0119444444444444,0.0,0.0001462504841292
fully_optimized,4.0,unrestricted,inf,31,54497587.94331908,4947106.890351999,13401667.587599102,78910102.3401144,10693180.475641023,89603282.81575648,252680189.5933679,49545.13521438586,273815.0901947551,558791.3580472333,832606.4482419884,121.26249758843896,715708.0247010309,0.0795833333333333,0.0844444444444444,0.0,0.3977999553960645,18309537.567170236,0.0608369307130684,0.021845238095238,0.0,0.0002170590705773
fully_optimized,4.5,1.5x,1.5,0,118589508.06730257,19918706.528758846,7488209.084971304,171712374.27586347,35125326.00133075,206837700.27719158,127067013.94016592,27683.445302868393,547740.2929486379,2249880.853283421,2797621.146232059,67.75566773110828,18265.588730085175,0.027857142857142858,0.0323015873015873,0.0,0.3232775795652726,5033922.395354277,0.04763005398117679,0.8489484126984127,0.996984126984127,5.367156920021405e-06
fully_optimized,4.5,1.5x,1.5,1,117167796.99449949,23503655.306468185,7340855.4761007065,169653799.38315606,41447146.86521564,211100946.24837345,124566578.54098941,27138.68813529181,538415.4454789675,2654812.147558212,3193227.593037179,66.42236599656462,124554.08706342924,0.03222222222222222,0.03744047619047619,0.0,0.3402215742912177,4467790.005178092,0.05036186821378742,0.8668849206349206,0.9843849206349207,3.690998283400292e-05
fully_optimized,4.5,1.5x,1.5,2,121766332.26373868,19327946.4817512,7004625.540752102,176312275.5176909,34083559.59899225,210395835.1166833,118861110.99898897,25895.666884311322,557675.9183151224,2183152.63894238,2740828.5572575023,63.38005193692646,136894.47142848364,0.025396825396825397,0.02994047619047619,0.0,0.32851460484258815,2686485.275348747,0.048843295686543206,0.8758928571428571,0.9763888888888889,3.8464742316770284e-05
fully_optimized,4.5,1.5x,1.5,3,113449869.10834973,20195202.243311394,8339747.186750665,164270403.8777551,35612907.96844312,199883311.84620044,141516717.81749517,30831.52893627346,526765.3579992892,2281111.918076134,2807877.2760754228,75.46065193091206,1821126.970212845,0.03501984126984127,0.04003968253968254,0.0,0.341268262917414,5548687.722054185,0.05183937304875575,0.7754761904761904,0.9778968253968254,0.00045896881596007823
fully_optimized,4.5,1.5x,1.5,4,110144120.02157836,19914276.61747637,7955326.404763678,159483825.0842285,35117514.144786924,194601339.22901478,134993502.4118739,29410.34910934072,507982.45312420436,2249380.4808038226,2757362.933928027,71.98229195489307,174670.0211903934,0.03696428571428571,0.041428571428571426,0.0,0.35765782902418186,4091002.4388332744,0.051579343808436304,0.8002976190476191,0.9689484126984127,4.903008052929137e-05
fully_optimized,4.5,1.5x,1.5,5,115452668.64591867,20387367.405114226,7203782.739488472,167170369.22375703,35951778.56451783,203122147.78827274,122240598.70572332,26631.93871584386,529687.3203065159,2302817.5804184186,2832504.9007249344,65.18208882327905,134800.07234118338,0.04103174603174603,0.046785714285714285,0.0,0.3634285353357177,4790530.8237440875,0.053912237728960026,0.8414087301587302,0.9717460317460317,3.860402103009185e-05
fully_optimized,4.5,1.5x,1.5,6,117559648.43641625,22169950.740361996,6587914.095036916,170221182.9784819,39095246.77540312,209316429.75388584,111789957.0714103,24355.11047307414,541081.9863672683,2504166.001791338,3045247.988158606,59.60951589349549,435.56015867318536,0.03561507936507936,0.04043650793650794,0.0,0.3392602031289598,5626146.11803036,0.04983738471480446,0.8942460317460318,1.0,1.4132499038771e-07
fully_optimized,4.5,1.5x,1.5,7,115501047.8113349,27809547.808583014,6496594.951738042,167240420.12028566,49040304.46533943,216280724.58562705,110240367.48024072,24017.509254954406,530098.3734678858,3141176.3139671865,3671274.6874350724,58.78323160300048,537.3508332761884,0.02371031746031746,0.028253968253968254,0.0,0.3163785763551845,2283577.7905204487,0.04701760736009881,0.9179761904761905,1.0,1.7584824634022732e-07
fully_optimized,4.5,1.5x,1.5,8,115543247.0733375,20672141.033523556,7847019.484596062,167301522.78939417,36453958.087069094,203755480.8764621,133155648.15612444,29009.945132053257,536219.4944797675,2334983.661742682,2871203.1562224496,71.00229692369324,143201.238313427,0.03400793650793651,0.03878968253968254,0.0,0.33216806294578255,4411467.895223965,0.04985580458608541,0.8000793650793651,0.9714285714285714,4.286898816616016e-05
fully_optimized,4.5,1.5x,1.5,9,113718061.0066354,22072087.81623685,7520602.116718584,164658733.91104993,38922671.95944403,203581405.87049216,127616689.53948537,27803.200335399863,525697.3942317384,2493112.0752264983,3018809.469458237,68.0487700565074,611028.1184524985,0.03906746031746032,0.04375,0.0,0.33553806085067084,6320557.091706723,0.05104998608258006,0.8213690476190476,0.9577777777777777,0.00016135165042104876
fully_optimized,4.5,1.5x,1.5,10,111809966.36921489,26739211.25555325,7105891.464882182,161895897.081094,47152836.506411575,209048733.58750677,120579486.97474803,26270.04073523922,515478.1664873071,3020278.4176226547,3535756.584109962,64.29633782450918,1301.720515818077,0.028769841269841268,0.032996031746031745,0.0,0.32804117088607937,2372472.1405295967,0.04848312834888342,0.8655555555555555,1.0,4.2063286476706614e-07
fully_optimized,4.5,1.5x,1.5,11,119608141.6483255,20524367.52102438,7228600.1982752085,173187310.74844688,36193369.23842094,209380679.98686805,122661724.81823029,26723.68732423318,553074.7118545404,2318292.176484124,2871366.888338664,65.40664498515874,10442.67515868328,0.01996031746031746,0.024226190476190478,0.0,0.3126182271080394,2648445.285620826,0.04629032592452571,0.8682539682539683,0.9978571428571429,3.0018550514152563e-06
fully_optimized,4.5,1.5x,1.5,12,121524600.61470897,21049136.663046133,6931707.983120438,175962258.75761867,37118765.02967556,213081023.7872944,117623776.91724497,25626.095188942258,557050.8167797369,2377566.509550081,2934617.326329818,62.72027097320208,466.3200991490507,0.024662698412698414,0.029047619047619048,0.0,0.3213086549373314,2204502.388596463,0.04654440341996357,0.8956349206349207,1.0,1.4540972037024199e-07
fully_optimized,4.5,1.5x,1.5,13,109866159.16379221,21733651.428497322,7776164.425759708,159081350.02868542,38325861.69805027,197407211.72673517,131953312.50460573,28747.9983670165,508423.3631302703,2454884.615640697,2963307.9787709676,70.3611780968675,396971.64942597516,0.03166666666666667,0.03678571428571428,0.0,0.3514424035848429,3508760.1173110604,0.05204920293998928,0.801765873015873,0.97,0.00010647429914326495
fully_optimized,4.5,1.5x,1.5,14,116147261.9616187,21456101.461187,7501117.590349947,168176109.69219178,37836420.625691384,206012530.3178846,127286057.66801752,27731.1672479341,534263.4594353731,2423534.469667145,2957797.929102518,67.87246794213617,12780.44801581048,0.03646825396825397,0.04134920634920635,0.0,0.3357553117850833,5568849.876168311,0.04963708049730396,0.8403571428571428,0.9976388888888889,3.6525400439043803e-06
fully_optimized,4.5,1.5x,1.5,15,115072567.53573936,21518102.357488725,7501215.054020771,166619999.590242,37945755.119465694,204565754.7097092,127287711.52376412,27731.527565090222,529695.5902501356,2430537.6668513725,2960233.257101508,67.87334982404215,36984.220099128586,0.03896825396825397,0.04496031746031746,0.0,0.36191175198497105,3539433.349283168,0.052855163823067826,0.8381349206349207,0.9927777777777778,1.1026320950525967e-05
fully_optimized,4.5,1.5x,1.5,16,111706615.24472347,21977383.101129103,8100417.630350556,161746249.21376067,38755666.436910465,200501915.65066978,137455547.55177945,29946.742386008595,519706.92091129336,2482414.878351343,3002121.7992626363,73.29512293490636,14342.08416658421,0.030634920634920636,0.03446428571428571,0.0,0.3259141042484423,5380621.7546384325,0.047343494255602026,0.802936507936508,0.9977380952380952,4.007558921958905e-06
fully_optimized,4.5,1.5x,1.5,17,108779144.07566385,19327634.579155933,7872731.727759481,157507400.15151632,34083009.57932497,191590409.7308409,133591957.81620334,29105.001702876543,498991.3221018849,2183117.408558511,2682108.730660396,71.23494937565137,750260.8330771269,0.04406746031746032,0.05015873015873016,0.0,0.3792273867307725,7872252.058208466,0.05578696099003149,0.7698611111111111,0.9556746031746032,0.00019240683743141713
fully_optimized,4.5,1.5x,1.5,18,116422899.97850266,20560948.905758735,7690816.022302707,168575221.37661603,36257878.09909987,204833099.47571597,130505040.07407147,28432.47060437287,535390.7392141393,2322424.159501273,2857814.8987154122,69.58891893577939,91819.20277768729,0.024166666666666666,0.028769841269841268,0.0,0.3310593881251266,3188789.4294723533,0.04880657332256893,0.8321230158730158,0.9902380952380953,2.55431891763425e-05
fully_optimized,4.5,1.5x,1.5,19,117058090.36932355,19725360.73095956,7454463.608226752,169494949.031301,34784373.43149953,204279322.4628022,126494388.77502236,27558.690364928618,533853.1668799705,2228041.834374068,2761895.0012540384,67.45032805859336,627613.1758747326,0.039424603174603175,0.04587301587301587,0.0,0.3525228742613375,6577675.857214896,0.051965180437771874,0.8343650793650793,0.9920634920634921,0.00015804913381924708
fully_optimized,4.5,1.5x,1.5,20,110856307.87318636,19248692.007002875,8226514.305315017,160515041.6642029,33943799.55691496,194458841.22111633,139595275.19208425,30412.91398520354,513500.4466862673,2174200.59554459,2687701.0422308575,74.43608525499226,704166.9925597964,0.04601190476190476,0.0523015873015873,0.0,0.3665618583618431,6347735.540868413,0.0551296305063453,0.7607738095238096,0.9333730158730159,0.00019975630464390655
fully_optimized,4.5,1.5x,1.5,21,113801903.26882274,22828595.559002362,7707861.587845918,164780133.806704,40256723.49782163,205036857.30452362,130794285.35153484,28495.487004691688,524940.600384985,2578562.0156305777,3103502.616015563,69.74315256656125,95666.89874991086,0.03446428571428571,0.04009920634920635,0.0,0.3548978132125521,3080535.536206259,0.05301915498180978,0.8395238095238096,0.9793650793650793,2.705672624953803e-05
fully_optimized,4.5,1.5x,1.5,22,115091179.05445415,21716566.27562993,8090174.310780776,166646948.24800602,38295733.15715411,204942681.4051601,137281729.21740788,29908.873467844853,532604.6652176051,2452954.7936285967,2985559.4588462017,73.20243816217061,47499.84779753234,0.03428571428571429,0.039186507936507936,0.0,0.3450757874573466,4046350.8452814016,0.051669365274272544,0.811031746031746,0.9886507936507937,1.3426971212074386e-05
fully_optimized,4.5,1.5x,1.5,23,112292976.35241783,21874628.366876062,7680614.55629069,162595274.22133723,38574465.236240335,201169739.4575772,130331931.95045298,28394.756416220695,520645.24174064555,2470808.4063725346,2991453.64811318,69.49661286718025,243906.2470435702,0.027797619047619047,0.03123015873015873,0.0,0.32575357935265964,3066586.9429017124,0.04854728464114412,0.8305357142857143,0.9650198412698413,6.882584988883019e-05
fully_optimized,4.5,1.5x,1.5,24,107775870.19350964,21076133.645947125,8524101.42692868,156054703.84506112,37166372.42948718,193221076.27454683,144645014.92309162,31513.075146643056,497969.7714022841,2380615.9040897144,2878585.6754919984,77.12874699884834,262805.88061499293,0.04376984126984127,0.04970238095238095,0.0,0.36241114563714066,6069523.752210354,0.053837329961902096,0.7409126984126985,0.9476587301587301,7.603573482369835e-05
fully_optimized,4.5,1.5x,1.5,25,117275009.25213186,22824021.452859826,7407854.716179575,169809038.0008837,40248657.36314638,210057695.36403146,125703485.01308535,27386.38017714278,539561.9122072959,2578045.3558858237,3117607.2680931194,67.02859616422208,36007.106210235106,0.033095238095238094,0.03861111111111111,0.0,0.3365727423539306,3865425.4972197907,0.05034740328299765,0.8650396825396826,0.9924404761904762,1.0149607919343295e-05
fully_optimized,4.5,1.5x,1.5,26,116776033.185861,24221914.70157288,7218806.835085195,169086542.67695197,42713749.96367196,211800292.64062592,122495541.7692707,26687.481866943508,534713.7687837721,2735941.8162143463,3270655.5849981187,65.31803155907201,9287.079047566984,0.02996031746031746,0.03482142857142857,0.0,0.33644819621673094,3739308.3758088085,0.04973240409757171,0.8723412698412698,0.9995436507936508,2.842539359507097e-06
fully_optimized,4.5,1.5x,1.5,27,113716583.63225201,22613848.633956686,8017110.605730578,164656594.7381405,39878031.45076827,204534626.18891,136041915.16804555,29638.761474519728,524642.2518730595,2554305.6717628585,3078947.923635918,72.54133481070198,168831.2413888075,0.04121031746031746,0.04587301587301587,0.0,0.3433444692797747,7471171.440527496,0.0515143255729747,0.8182936507936508,0.9893055555555555,4.671996332259832e-05
fully_optimized,4.5,1.5x,1.5,28,114626136.4231352,20933447.320798792,7878447.303958156,165973587.04038778,36914754.50040465,202888341.54079095,133688945.11881196,29126.131834163825,523874.94810126274,2364499.032719924,2888373.9808211867,71.28666570427131,410996.70839362056,0.03,0.034444444444444444,0.0,0.35593482798960013,4290671.158619427,0.051615680466817214,0.8346230158730159,0.993015873015873,0.0001040791920004953
fully_optimized,4.5,1.5x,1.5,29,112360002.31131065,20810309.04799454,7792086.436123907,162692324.85193163,36697608.27310123,199389933.12503114,132223492.23515344,28806.861053410335,518141.7948659676,2350590.175641847,2868731.9705078145,70.50524544749629,58531.35311501138,0.03896825396825397,0.04406746031746032,0.0,0.35748366205522986,4794518.501632712,0.052420553325915824,0.8126785714285715,0.9886309523809523,1.6344837315172785e-05
fully_optimized,4.5,1.5x,1.5,30,112336565.6458268,21667514.700436212,7721309.078610383,162658389.59458053,38209233.93758497,200867623.53216526,131022475.09317441,28545.201545353902,519226.0820518439,2447414.2631884096,2966640.3452402535,69.86482968664733,49133.830396747704,0.029404761904761906,0.034444444444444444,0.0,0.3474790462867418,3305588.0570626045,0.050175751261008136,0.8288690476190477,0.990734126984127,1.3711110441977139e-05
fully_optimized,4.5,1.5x,1.5,31,119112140.5289619,21970070.42407598,6984066.921559206,172469123.0163508,38742771.01295075,211211894.02930126,118512252.90462385,25819.662942183844,541594.71216867,2481588.8883672887,3023183.600535959,63.19403109332467,424036.33178641985,0.028373015873015873,0.03363095238095238,0.0,0.3338575509917222,2775051.802338042,0.050468556122177294,0.8654960317460317,0.9843650793650793,0.00010794684343239539
fully_optimized,4.5,2x,2.0,0,107092152.52274126,17070684.395281404,9571015.360940613,155064710.83054104,30103026.699266925,185167737.52980617,162410040.70398635,35383.45113376609,501861.6112012142,1928187.75244945,2430049.363650664,86.60155309321105,143053.6614086429,0.041765873015873,0.0467460317460317,0.0,0.3413799069809516,8322480.213692342,0.050975102179408,0.6667857142857143,0.936468253968254,4.130400686917214e-05
fully_optimized,4.5,2x,2.0,1,107274591.54507576,20673204.04898464,9450130.796880163,155328874.48376817,36455832.64476525,191784707.1285337,160358757.09099966,34936.54838583871,499923.5756608318,2335103.732698554,2835027.308359386,85.5077515896262,189578.66765864263,0.0457341269841269,0.0504960317460317,0.0,0.3566982588831483,8642424.578689674,0.053329240352572,0.7053373015873016,0.9468650793650794,5.6125820756934587e-05
fully_optimized,4.5,2x,2.0,2,114529659.71757948,17508009.5264773,9040235.21323611,165833893.0283015,30874220.74139264,196708113.76969227,153403261.15734148,33421.189794627775,531190.7655196512,1977585.0081355409,2508775.773655192,81.79888760697264,173389.00376975336,0.0353571428571428,0.0395833333333333,0.0,0.3408110575115432,5194300.711331853,0.0510416796711927,0.7377380952380952,0.9624206349206348,4.874488503349625e-05
fully_optimized,4.5,2x,2.0,3,95148571.55443226,15604257.797604898,10402223.711955272,137770932.66375303,27517080.055290017,165288012.71904168,176514770.14290446,38456.376937451954,450735.5852197124,1762550.2337634664,2213285.8189831786,94.12258732283836,2062915.2417604616,0.0541468253968253,0.0598214285714285,0.0,0.3701487788173807,10129987.119115034,0.0562133045591962,0.523154761904762,0.851031746031746,0.0005295844457585
fully_optimized,4.5,2x,2.0,4,100620339.43313298,17299130.8206627,9975642.202040056,145693811.08066115,30505876.91214491,176199687.99280673,169276131.63108975,36879.33151004134,470953.1922507306,1953991.498175827,2424944.690426558,90.26274383849338,290390.01452372276,0.0569246031746031,0.0609920634920634,0.0,0.3784052818631273,8878369.54769103,0.0549816015525483,0.6348611111111111,0.9165873015873016,8.15937538341558e-05
fully_optimized,4.5,2x,2.0,5,107719360.75359768,18315022.77428498,9088161.15905626,155972880.66985178,32297335.40878906,188270216.07864013,154216513.933346,33598.36904865926,500500.7761572299,2068739.7049511736,2569240.4811084033,82.2325366175515,219192.5472221349,0.0545238095238095,0.0604365079365079,0.0,0.3791374211617305,9133682.14005916,0.0563856080587768,0.7065079365079365,0.9198412698412698,6.310029854549409e-05
fully_optimized,4.5,2x,2.0,6,110714719.96829212,20293527.11631752,8460902.389465172,160310028.62625197,35786297.400803946,196096326.02705616,143572593.88313276,31279.43221854744,515323.2711764055,2292218.0232270183,2807541.2944034236,76.55690225804474,74856.22077373652,0.0469642857142857,0.0515277777777777,0.0,0.3548334381654293,9936069.581395945,0.0524029056416626,0.7839087301587302,0.965436507936508,2.0230396494297563e-05
fully_optimized,4.5,2x,2.0,7,109786061.15943971,25649574.848354492,8533992.23002476,158965371.65313935,45231334.52682718,204196706.1799704,144812851.4245387,31549.640833232832,509834.7860751132,2897200.5417546886,3407035.327829802,77.21824209181209,9327.61712296199,0.0334722222222222,0.0381349206349206,0.0,0.3310365529435369,4707483.282410948,0.0496220131260325,0.7902579365079365,0.99640873015873,2.782568175690016e-06
fully_optimized,4.5,2x,2.0,8,101886294.47840162,17257741.19345642,9775176.67599704,147526858.11907536,30432889.03280659,177959747.15188253,165874442.9892255,36138.22287346961,479814.63509716146,1949316.408975557,2429131.0440727184,88.44886879574334,316904.1181348466,0.0501190476190476,0.0553571428571428,0.0,0.3563282526281279,8969524.674157426,0.0535440806262088,0.6172619047619048,0.8643452380952381,9.445897118840786e-05
fully_optimized,4.5,2x,2.0,9,103958349.68267494,19221267.925607264,9423189.428381972,150527102.61418054,33895438.99705901,184422541.61124113,159901590.46975815,34836.94781476213,487019.9768642732,2171102.9588801917,2658122.935744465,85.26397762558877,734651.1452778932,0.0494047619047619,0.0540277777777777,0.0,0.3476424362562701,11042358.299243843,0.0531003327697645,0.6746031746031746,0.8940873015873015,0.0001981144836915
fully_optimized,4.5,2x,2.0,10,102975677.89194924,23606065.01418813,9144322.96036894,149104237.22693527,41627739.63433871,190731976.8612729,155169520.49463502,33805.99575046515,481470.16939252097,2666379.647699689,3147849.8170922096,82.7407062353775,79462.68390865928,0.0440873015873015,0.048531746031746,0.0,0.3478839324525982,5939657.5533023365,0.0521113837089221,0.7100992063492063,0.959186507936508,2.278683371933875e-05
fully_optimized,4.5,2x,2.0,11,108093741.34536244,17447701.21867859,9318910.642866395,156514967.24515423,30767871.015874054,187282838.26102796,158132089.41250896,34451.4356018538,507819.61556748,1970772.9941719668,2478592.609739447,84.32043042189609,118727.193690399,0.034781746031746,0.0388690476190476,0.0,0.3346594498392444,5839972.807060483,0.0501903498048272,0.6974801587301588,0.9447023809523808,3.454708288132795e-05
fully_optimized,4.5,2x,2.0,12,113119256.5832141,18657270.95018931,9060465.648653306,163791691.53143236,32900867.50735422,196692559.03878537,153746550.31901354,33495.98046165872,524990.4694302866,2107397.7180569223,2632388.1874872088,81.9819389406956,27900.27579356692,0.0358531746031746,0.0398015873015873,0.0,0.3406309746365339,4985892.014798193,0.0499565783070504,0.7331349206349206,0.9846428571428572,8.053237557848163e-06
fully_optimized,4.5,2x,2.0,13,97465809.0520137,18500484.335270803,9722712.851386126,141126190.29957202,32624384.6466973,173750574.94626936,164984187.19408038,35944.26736254474,458348.67917757866,2089688.1743951908,2548036.8535727696,87.974159632593,572734.6745450238,0.0514285714285714,0.0565674603174603,0.0,0.3763462031787924,7280519.707059611,0.0562022685741467,0.6281349206349206,0.8781944444444445,0.0001553600429643
fully_optimized,4.5,2x,2.0,14,105281767.98086984,18515871.347017094,9567657.69643788,152443353.90695453,32651518.62766077,185094872.53461412,162353064.67709678,35371.038056012374,491275.6472922696,2091426.1860008764,2582701.833293146,86.57117189019966,122180.06873007164,0.0485714285714285,0.053531746031746,0.0,0.3562590643440633,10307657.238779016,0.0529971569806191,0.6715079365079365,0.9457142857142856,3.4192666110421176e-05
fully_optimized,4.5,2x,2.0,15,104535210.43204108,18514002.756630603,9523964.869057748,151362371.52214998,32648223.491683975,184010595.01383576,161611643.45838034,35209.5083787321,488462.7244012113,2091215.1228112497,2579677.847212461,86.17582546482603,127929.01950389518,0.0570238095238095,0.0619841269841269,0.0,0.379584867060466,8572933.14369066,0.0559671537547122,0.6598809523809523,0.9486507936507936,3.788395352609559e-05
fully_optimized,4.5,2x,2.0,16,96214820.9456582,17673871.54748029,10306044.360495225,139314814.72820655,31166707.48246505,170481522.21067315,174882707.94297495,38100.8078307135,456075.8345206235,1996319.647596328,2452395.4821169516,93.2523263423844,187318.81813483773,0.0497222222222222,0.0534126984126984,0.0,0.3577261278907935,9842752.432041967,0.052917539142944,0.5788095238095238,0.9245039682539684,5.260250929464152e-05
fully_optimized,4.5,2x,2.0,17,95890679.24632405,16135982.281379271,9687600.269049428,138845471.8520825,28454741.133256987,167300212.9853423,164388363.68826288,35814.45831988298,447058.43845416093,1822610.1946619677,2269668.6331161284,87.65644995928972,998904.5800414128,0.0647420634920634,0.071031746031746,0.0,0.4018410642891504,12254928.416760864,0.0594807244070639,0.6094642857142857,0.8609523809523809,0.0002607810638361
fully_optimized,4.5,2x,2.0,18,103899863.59179129,17403937.748403423,9779574.00046537,150442417.3355975,30690697.020758208,181133114.35635495,165949060.9496999,36154.47950973854,485955.9466220701,1965829.7718947984,2451785.7185168685,88.48865716866487,245683.1464681635,0.0416865079365079,0.0472222222222222,0.0,0.3560627579357528,6460271.45251041,0.0532411649255277,0.6408531746031746,0.913968253968254,6.943691110531697e-05
fully_optimized,4.5,2x,2.0,19,105014706.73498544,16792808.103227213,9463105.53410731,152056661.00843766,29613010.174732927,181669671.1831732,160578924.7034999,34984.51518594769,486194.8903103322,1896800.747064765,2382995.6373750973,85.62515108722312,776435.732799336,0.0520833333333333,0.0578968253968254,0.0,0.3704212856568005,11527191.703097982,0.0549205331646002,0.6670238095238096,0.9312301587301588,0.0001996500042232
fully_optimized,4.5,2x,2.0,20,101137047.53243764,16772863.6626351,10085382.49818266,146441981.60590416,29577839.468407094,176019821.07431382,171138308.76603526,37285.03458955017,475017.49606276135,1894547.959467696,2369565.455530457,91.25570850571415,886121.9260121849,0.0563888888888888,0.0620039682539682,0.0,0.3796363536690236,9555120.215857046,0.0571020925896344,0.5950198412698413,0.8407142857142857,0.0002521375640959
fully_optimized,4.5,2x,2.0,21,103260203.6894866,19669348.830469597,9769864.795457436,149516218.0255245,34685600.13706869,184201818.16259435,165784305.97636786,36118.58518003657,483374.5591619561,2221715.1131943353,2705089.672356291,88.40080523224185,197217.05968245017,0.0504761904761904,0.0552579365079365,0.0,0.3691205028808711,6992707.0841715615,0.0552059327803908,0.6499404761904762,0.9192261904761904,5.6934254665586966e-05
fully_optimized,4.5,2x,2.0,22,100980774.82446375,17832286.37536569,10271043.109003412,146215705.62113932,31446061.58936387,177661767.21050343,174288773.60423815,37971.410371293714,475403.4839692241,2014213.103058456,2489616.58702768,92.93562402553846,188032.35775785017,0.0520833333333333,0.0573412698412698,0.0,0.3715026068026452,8426102.92050529,0.0557121117405762,0.5994444444444444,0.9111706349206348,5.4223751139146046e-05
fully_optimized,4.5,2x,2.0,23,101912406.41645092,18743677.71014067,9789617.664864227,147564667.05303726,33053240.132937443,180617907.18597293,166119491.34629908,36191.61031509784,480173.5964951422,2117157.634672398,2597331.2311675404,88.57953539870411,321084.6673610294,0.0435515873015873,0.0485714285714285,0.0,0.3515810800033927,5974663.1984804245,0.0527858009044878,0.6466666666666666,0.9298809523809524,9.073767810585876e-05
fully_optimized,4.5,2x,2.0,24,94886459.71770842,17273047.871309757,10517582.175722327,137391406.29128668,30459881.35024574,167851287.64153275,178472281.65964147,38882.85003478028,446060.0804336118,1951045.346614147,2397105.427047759,95.16638693530352,438612.46740107506,0.0568650793650793,0.0624404761904761,0.0,0.3760659324510513,10833522.214334808,0.0563369157935698,0.5387301587301587,0.8612103174603175,0.0001269225553586
fully_optimized,4.5,2x,2.0,25,108031038.75519031,20135187.58867787,9539739.68265023,156424176.66167766,35507076.08092529,191931252.7426036,161879325.41489488,35267.82688777666,503985.527760415,2274333.0731656253,2778318.60092604,86.31856093283469,90484.11390864706,0.0471428571428571,0.0523015873015873,0.0,0.3538023342237153,8123651.28757489,0.0531882383766294,0.6826984126984127,0.9761507936507936,2.547752615407468e-05
fully_optimized,4.5,2x,2.0,26,108054075.36882988,21237014.14012209,9341109.744205508,156457532.6616094,37450074.576360606,193907607.2379719,158508784.759463,34533.504304893904,501579.60727013793,2398787.864351713,2900367.471621851,84.5212948632065,85696.96432533514,0.0409523809523809,0.045813492063492,0.0,0.3486021949465152,6945460.519607503,0.0520260698694094,0.7071825396825396,0.968015873015873,2.5197160256936e-05
fully_optimized,4.5,2x,2.0,27,100199752.24204516,18663258.95090007,10188215.35413325,145084819.3886604,32911426.95190157,177996246.3405621,172883273.9229005,37665.201290392266,470525.8220821738,2108074.0816616146,2578599.9037437886,92.18617248456076,285597.02561499306,0.0571031746031746,0.0623611111111111,0.0,0.3655902505881907,13767142.262746371,0.055133792703765,0.599047619047619,0.9375,8.014748828492075e-05
fully_optimized,4.5,2x,2.0,28,103099792.58730248,17766040.670210168,10104648.114069143,149283949.82857373,31329241.654975917,180613191.48354927,171465225.95739412,37356.25837851724,479739.9062587925,2006730.441298945,2486470.3475577375,91.43002984928276,510615.972719025,0.0540873015873015,0.0593849206349206,0.0,0.3795462836978317,8833608.602830071,0.0558139793368107,0.6235119047619048,0.9542460317460316,0.0001313027548578
fully_optimized,4.5,2x,2.0,29,102255224.28499562,18124063.029637113,9807499.411745887,148061052.19799143,31960590.48641142,180021642.68440115,166422925.73955306,36257.718026046416,478949.8323810947,2047170.198286129,2526120.0306672235,88.74133506086653,207676.5212300764,0.0557142857142857,0.0606150793650793,0.0,0.3773581311493736,9270626.305369807,0.0556622357765001,0.6505753968253968,0.914404761904762,5.836725152232642e-05
fully_optimized,4.5,2x,2.0,30,100034479.04084904,18363347.41432855,9855677.316210208,144845511.086905,32382552.72613707,177228063.81304038,167240453.9881296,36435.82875558379,469885.7625916967,2074198.125768753,2544083.8883604496,89.17726387239452,172787.02027769055,0.0489285714285714,0.0538888888888888,0.0,0.3762853809357366,7474748.851814188,0.0550129826949782,0.6326388888888889,0.9223809523809524,4.8657756563663096e-05
fully_optimized,4.5,2x,2.0,31,109522087.67683168,19413158.89627858,8949083.362969188,158583149.69959092,34233826.0751474,192816975.77473664,151856510.3525609,33084.20704848821,504742.89893003146,2192777.650467621,2697520.5493976525,80.97411703637523,514046.2509927578,0.0403968253968253,0.0450992063492063,0.0,0.3500767633980163,5609296.591049428,0.052953343561194,0.7153968253968254,0.936626984126984,0.0001355886698997
fully_optimized,4.5,3x,3.0,0,75686990.76700182,9734303.671440244,12266669.44018061,109591422.53142074,17165802.877893712,126757225.40931274,208152448.61191657,45349.117344644124,369217.8421399779,1099520.3638749823,1468738.2060149603,110.9926778652936,346638.7676411259,0.068015873015873,0.0725,0.0,0.3715387889242135,15051502.859723223,0.0565850281749851,0.2793650793650793,0.6452579365079365,0.0001007458000909
fully_optimized,4.5,3x,3.0,1,76572413.83853175,12074833.05081771,12282835.94516855,110873476.0648968,21293172.160011765,132166648.22490951,208426777.15847927,45408.88391252272,371443.8908460054,1363890.5542588665,1735334.445104872,111.13895748007084,376084.2554589741,0.0679960317460317,0.0733928571428571,0.0,0.3815516657246494,15286710.61321574,0.0580518421239246,0.2854166666666666,0.6488095238095238,0.0001107929464234
fully_optimized,4.5,3x,3.0,2,82633066.90525207,10481740.268110609,11894028.936003303,119649034.24630225,18483858.04806596,138132892.2943685,201829132.10170048,43971.48847531601,397687.9580059188,1183945.6896592646,1581633.6476651835,107.62090954289816,345184.3384940698,0.061329365079365,0.06625,0.0,0.3713455696811367,11268222.193451475,0.0562891694827774,0.3376190476190476,0.6955555555555556,9.9584585677392e-05
fully_optimized,4.5,3x,3.0,3,67301270.64571303,8958715.231025552,12349891.767230486,97449269.86119851,15798103.786936488,113247373.64813548,209564643.767176,45656.785134461,331706.44246722455,1011915.1983690024,1343621.640836227,111.74569961928158,2390969.804859534,0.0734523809523809,0.0785714285714285,0.0,0.3921454165105844,13425152.658195265,0.0596516196320468,0.2221428571428571,0.4515873015873016,0.0006235739941159
fully_optimized,4.5,3x,3.0,4,68850385.40508543,9326146.522813218,12591200.146082124,99692319.66967434,16446044.650390545,116138364.32006592,213659392.5637788,46548.88726879712,336758.8971028233,1053417.7240022155,1390176.6211050388,113.92913362234722,512967.4290298924,0.0846031746031746,0.089781746031746,0.0,0.4117097106345594,17255121.988186803,0.0611646052110633,0.2244246031746031,0.5979960317460318,0.0001457853653704
fully_optimized,4.5,3x,3.0,5,84030313.7020399,12134336.01254257,11776429.12592426,121672185.9469545,21398101.710814625,143070287.6577687,199833587.30091769,43536.72925945919,402687.2828579233,1370611.6018381924,1773298.8846961155,106.55682952502627,397780.2829187237,0.0747420634920635,0.0803174603174603,0.0,0.4003564962648043,14052043.113031965,0.0601709064409838,0.3564484126984127,0.714920634920635,0.0001156543263665
fully_optimized,4.5,3x,3.0,6,90754450.37121436,14846958.84235678,11452923.8892586,131408439.10489538,26181633.265853994,157590072.37074983,194344044.48090777,42340.75043157031,434402.3912495184,1677010.9234089374,2111413.3146584556,103.62965253569816,163334.33835595002,0.0730753968253968,0.0774404761904761,0.0,0.3836252385066805,18999283.21220883,0.057330856235939,0.4450198412698413,0.8443849206349207,4.644073736384856e-05
fully_optimized,4.5,3x,3.0,7,82439018.693739,16425122.607156703,11643456.236138737,119368060.9994623,28964621.0387816,148332682.0382441,197577177.5441486,43045.136719858085,395576.4727730666,1855269.50825442,2250845.9810274867,105.3536490535243,136571.5684552084,0.0643253968253968,0.0688095238095238,0.0,0.3727177463410607,12193142.310047336,0.0563013386155431,0.3930357142857142,0.8041071428571429,4.031567152560452e-05
fully_optimized,4.5,3x,3.0,8,72512831.26303354,9889739.0888202,12099523.942942578,104995379.64668702,17439902.990757044,122435282.63744467,205316165.7321813,44731.1907913249,354975.4230499186,1117077.2855044247,1472052.708554343,109.48029290847651,530252.9004587239,0.0750595238095238,0.0801388888888888,0.0,0.3851093066021677,16492044.7410276,0.0584556748711866,0.2605753968253968,0.573234126984127,0.0001571381567162
fully_optimized,4.5,3x,3.0,9,82033619.3838609,12814333.364739088,12080744.387451472,118781060.68920164,22597232.2186846,141378292.9078859,204997496.4733104,44661.76393754039,396516.1611957877,1447419.4518249105,1843935.613020698,109.310369592026,895440.3567685112,0.0703571428571428,0.0754563492063492,0.0,0.3734038934692101,17918401.252606142,0.0571752614167084,0.3293849206349206,0.6788888888888889,0.0002464966746469
fully_optimized,4.5,3x,3.0,10,75342120.25260323,14962049.766877202,11832525.12435142,109092065.2458524,26384588.52490768,135476653.7707587,200785477.25660777,43744.11269207141,365207.7078666519,1690010.807065606,2055218.514932258,107.06440373767508,269593.8803596552,0.0691071428571428,0.0733531746031746,0.0,0.3786025585757344,13102222.536416804,0.0574626335014316,0.3536706349206349,0.6809126984126984,7.76863704917628e-05
fully_optimized,4.5,3x,3.0,11,82027788.86680982,11197029.237738296,12071485.970722446,118772618.35781763,19745222.996992014,138517841.35480863,204840390.90183556,44627.53614419075,398500.88542733184,1264739.8393700712,1663240.724797403,109.22659652953342,284469.54204616847,0.0609722222222222,0.0660515873015873,0.0,0.3659698673267261,11514810.638308823,0.0556492373956571,0.3350992063492063,0.6885714285714286,8.279708406034308e-05
fully_optimized,4.5,3x,3.0,12,80084923.58141413,10794992.542902132,11974317.695545891,115959435.16403696,19036257.78631311,134995692.9503484,203191547.70899415,44268.31104771115,385522.5178168942,1219328.5240959967,1604851.041912891,108.3473874566936,224528.94151045528,0.0647023809523809,0.0701587301587301,0.0,0.3809485049646299,11660232.22992061,0.0573486679282803,0.3362301587301587,0.6780952380952381,6.484839934180309e-05
fully_optimized,4.5,3x,3.0,13,74921756.43106164,12055695.159832822,12228976.265217597,108483396.98309608,21259423.750753853,129742820.73384932,207512835.1697537,45209.76801083959,364725.99799975264,1361728.8689889442,1726454.8669886969,110.65161817938689,738302.2391699755,0.0734325396825396,0.0788888888888888,0.0,0.4060303421657436,13633417.088886034,0.0608880529270671,0.2975,0.6632142857142858,0.0002028583860125
fully_optimized,4.5,3x,3.0,14,75576674.82848613,10922499.816767786,12336797.9080382,109431689.92073868,19261108.459001567,128692798.37973976,209342454.7805101,45608.37794782355,367081.85079138103,1233730.8736517022,1600812.7244430832,111.62722226873068,327415.5829981711,0.0758333333333333,0.0805952380952381,0.0,0.3910578418695629,17585333.134152092,0.0588825002458647,0.2814880952380952,0.6842261904761905,9.356386951266666e-05
fully_optimized,4.5,3x,3.0,15,74074061.65876275,10430941.124149796,12157885.918471696,107255972.3619381,18394277.106169317,125650249.46810745,206306506.9304486,44946.95140096919,360639.4929970142,1178207.7658038377,1538847.258800852,110.00837039365156,325646.801569739,0.0833730158730158,0.0879563492063492,0.0,0.4062546939736716,18184726.175340764,0.0609923212239402,0.2805357142857143,0.6583531746031746,9.565555249634532e-05
fully_optimized,4.5,3x,3.0,16,63324292.673444845,8962366.493956316,12727575.900164016,91690781.26309094,15804542.548438093,107495323.81152876,215973545.3402834,47053.05998698984,315660.1716692327,1012327.6200564431,1327987.791725676,115.1631042787892,470140.1918871522,0.078015873015873,0.083015873015873,0.0,0.3959774114355808,16609256.671062537,0.0596339032559153,0.1887698412698412,0.5475595238095238,0.0001328402564842
fully_optimized,4.5,3x,3.0,17,75599264.60230811,10955476.916086975,12053910.779761236,109464398.91633657,19319261.399931382,128783660.31626856,204542158.43937257,44562.56175149729,363748.1286152336,1237455.7412402653,1601203.869855499,109.06757068162308,1182330.0680008545,0.0849404761904761,0.0897619047619047,0.0,0.4212913707257115,19636741.722783934,0.0628014741975287,0.3135912698412698,0.6386309523809524,0.0003123756977222
fully_optimized,4.5,3x,3.0,18,71389676.68244529,9364394.989936795,12366837.193526313,103369101.3792861,16513493.300975723,119882594.6802605,209852189.78718323,45719.43132618371,348488.51049058005,1057738.0092438569,1406226.5197344369,111.89902715870252,449852.332244122,0.0680555555555555,0.0730952380952381,0.0,0.3917508732334447,13594971.566003274,0.0590146750790236,0.2462301587301587,0.5968253968253968,0.0001291422764517
fully_optimized,4.5,3x,3.0,19,79287859.21151465,10457958.045762785,12200922.694644151,114805321.13121404,18441919.666585214,133247240.79779775,207036795.65179917,45106.055697559736,379833.0747741802,1181259.412484005,1561092.4872581852,110.39778066164531,976235.7774062186,0.0735515873015873,0.0779365079365079,0.0,0.3931071978188812,18592976.44702971,0.0589970418218772,0.2981547619047619,0.686031746031746,0.0002566076479625
fully_optimized,4.5,3x,3.0,20,68849135.1463439,8915218.818674669,12368956.220466744,99690509.35019244,15721400.730866527,115411910.08105978,209888147.44043416,45727.26523756736,337591.36499563436,1007002.1411283888,1344593.506124023,111.9182007800108,1129020.2697649389,0.078015873015873,0.0834722222222222,0.0,0.3998768745881723,15005042.042492956,0.0606180323036813,0.2201984126984127,0.4948214285714286,0.0003244218501886
fully_optimized,4.5,3x,3.0,21,71746705.68524991,10698064.788234422,12369197.606615346,103886063.61950412,18865332.08004996,122751395.6995542,209892243.5089054,45728.15762721251,350530.5996254614,1208380.2278768737,1558910.827502335,111.9203849177011,427014.6352797971,0.0700595238095238,0.0753373015873015,0.0,0.3892004467442043,12594302.95186565,0.0590214541513421,0.2421428571428571,0.5637698412698413,0.0001252753196034
fully_optimized,4.5,3x,3.0,22,67151239.70607279,8993335.987874104,12707764.471626882,97232031.68153012,15859155.209576009,113091186.89110696,215637366.283644,46979.818362449674,331309.7984466358,1015825.722270104,1347135.5207167396,114.9838442509228,456295.32432753255,0.0792460317460317,0.0842857142857142,0.0,0.4092325352356099,13917579.961958995,0.0614035857963787,0.189563492063492,0.5294047619047619,0.0001329946805594
fully_optimized,4.5,3x,3.0,23,71944180.91737053,10698425.795305584,12350029.68575069,104171999.04095002,18865968.692223825,123037967.73317398,209566984.09906268,45657.295010689035,352651.81704804586,1208421.0047664845,1561072.82181453,111.74694754936806,547928.5014903494,0.0699404761904761,0.0753571428571428,0.0,0.3859980785127816,11033620.238979729,0.0583627232078572,0.2603769841269841,0.5865476190476191,0.000156784778746
fully_optimized,4.5,3x,3.0,24,62658739.41716411,8445223.13419599,12731144.359961502,90727089.51914424,14892594.321539905,105619683.84068333,216034098.34109735,47066.252361894854,309498.908549889,953914.6431973522,1263413.551747241,115.19539282383369,718253.6967484076,0.0795833333333333,0.0845238095238095,0.0,0.3981775964492238,16474027.058711013,0.0606430337040139,0.1729563492063492,0.4746428571428571,0.0002082337831032
fully_optimized,4.5,3x,3.0,25,74380714.37510538,11275312.393404504,12324069.322326403,107699991.96248856,19883270.181894477,127583262.14438269,209126464.09973413,45561.321154626174,361518.1848388597,1273582.16920779,1635100.3540466498,111.51205002736076,330785.54260155215,0.0753968253968253,0.0799206349206349,0.0,0.3891186318887724,15656741.936104177,0.0589802822555869,0.2658333333333333,0.6636309523809524,9.523730249092164e-05
fully_optimized,4.5,3x,3.0,26,77624744.1789529,12450307.319244102,12181544.675036028,112397203.9580428,21955296.282607373,134352500.2406485,206707971.0877772,45034.41635899285,374305.00877320295,1406301.5595223582,1780606.5682955612,110.22244225389623,342323.15851441224,0.0618849206349206,0.0660515873015873,0.0,0.3753480092083787,10761066.884853983,0.0567129182651908,0.2903373015873016,0.6508928571428572,9.99803724955398e-05
fully_optimized,4.5,3x,3.0,27,66252308.74413104,9528742.682536513,12586978.606103797,95930419.31884708,16803309.62372728,112733728.94257297,213587757.4807862,46533.28049690331,326317.0246574114,1076301.6005256271,1402618.6251830384,113.89093580270362,790858.650718051,0.081031746031746,0.0857341269841269,0.0,0.3939259401333269,18148609.955681264,0.0598661432348814,0.2036111111111111,0.5415873015873016,0.0002208782294167
fully_optimized,4.5,3x,3.0,28,67486560.03335065,8976653.951053435,12721202.880918488,97717560.71760058,15829737.537256517,113547298.25485586,215865401.9222581,47029.499329467995,329362.61332947365,1013941.4334894844,1343304.046818958,115.10543919898744,802980.8672257467,0.080813492063492,0.0858531746031746,0.0,0.4138959256114874,16395659.651621465,0.0617721788741143,0.2008333333333333,0.575297619047619,0.0002133651042104
fully_optimized,4.5,3x,3.0,29,71590267.62101227,9972104.801670142,12574286.94775596,103659548.20616648,17585149.496146798,121244697.7023142,213372393.4184426,46486.36022188292,349818.0330219747,1126380.753078515,1476198.7861004896,113.77609769171876,393244.7275025301,0.0842261904761904,0.0900595238095238,0.0,0.4120394291253985,17787785.420258984,0.0615804620096975,0.2374007936507936,0.6590079365079365,0.0001118273399117
fully_optimized,4.5,3x,3.0,30,69151937.5185596,10317863.836703936,12469449.131393043,100128953.82236454,18194872.76336452,118323826.58572955,211593406.19705555,46098.78130654805,339406.9956200778,1165435.3288186174,1504842.324438695,112.827492201336,410979.5184744856,0.0759126984126984,0.08125,0.0,0.4066786606597075,13530920.155447708,0.0607071091517383,0.2409325396825397,0.6213690476190477,0.0001166561597141
fully_optimized,4.5,3x,3.0,31,87863455.71193683,13856067.007371487,11557212.567556148,127222406.41909152,24434260.830516618,151656667.2496084,196113713.40824184,42726.29921748188,416748.0408468592,1565086.559043738,1981834.5998905972,104.57328925239143,680266.6211330874,0.058313492063492,0.0626587301587301,0.0,0.3747846307507927,11147801.071882792,0.0567395780642569,0.4113492063492063,0.7018849206349206,0.0001862056179456
fully_optimized,4.5,4x,4.0,0,55606234.407295085,5267525.897688734,13229315.110220574,80515373.49491052,9288934.706158224,89804308.20106941,224487530.7906266,48907.95877791429,282161.7906672369,594983.6975746093,877145.4882418462,119.70299823988113,430262.2891887615,0.0770039682539682,0.0816468253968254,0.0,0.3826402934594979,17084905.79938279,0.0588263356537276,0.0698809523809523,0.2811111111111111,0.0001252545132823
fully_optimized,4.5,4x,4.0,1,55062893.51553978,6311098.977451783,13273423.004019525,79728639.86151454,11129207.044122117,90857846.90563656,225235995.2489014,49071.02293004388,278693.903137615,712858.5750306805,991552.4781682956,120.10210031657977,462443.264506362,0.078829365079365,0.083829365079365,0.0,0.3925680686405624,17582035.2127991,0.0602706525480797,0.0678373015873015,0.2725992063492063,0.0001363775182725
fully_optimized,4.5,4x,4.0,2,63121972.9779195,6326256.868946516,12988216.026753118,91397831.2724246,11155936.986624695,102553768.25904882,220396333.51604503,48016.630395652515,313582.7982439772,714570.7067798435,1028153.5050238208,117.52145800718554,430964.9523035917,0.0722222222222222,0.0775595238095238,0.0,0.3863354120651504,13160776.26023733,0.0588645603384301,0.1260515873015873,0.3474404761904762,0.0001251262488832
fully_optimized,4.5,4x,4.0,3,56721175.99139407,6322371.645143115,13032136.4886149,82129759.70583777,11149085.650545845,93278845.35638437,221141617.45194376,48179.00162351717,286413.8637116,714131.858472431,1000545.722184031,117.91886414084873,2466374.2695817556,0.0796626984126984,0.0844246031746031,0.0,0.3964711336085486,14469198.367969263,0.0605858849005109,0.0977380952380952,0.2434325396825397,0.0006448190771299
fully_optimized,4.5,4x,4.0,4,46366527.35460116,4103180.2620459544,13389029.532075424,67136685.43482533,7235687.92674865,74372373.3615736,227197716.15510377,49498.41310568709,239603.10316478097,463467.1782436707,703070.2814084517,121.14814449264264,602652.932521953,0.0935912698412698,0.0998214285714285,0.0,0.4237746152401673,19925056.33529932,0.0639313974175838,0.0337301587301587,0.2146825396825396,0.000171656346244
fully_optimized,4.5,4x,4.0,5,63479838.58143425,7258982.797945841,12879728.594241086,91916004.87355351,12800737.680821065,104716742.55437388,218555416.15611687,47615.55907540672,314280.32792805665,819925.0482370412,1134205.3761650978,116.5398296436005,486024.90232347173,0.0819642857142857,0.0874603174603174,0.0,0.4093350258328279,15754752.49856693,0.0618410791197426,0.1472023809523809,0.3438690476190476,0.0001418337772108
fully_optimized,4.5,4x,4.0,6,64149184.399085894,7964261.078690914,12995012.323022775,92885188.0789972,14044449.439767815,106929637.51876403,220511659.4989397,48041.755882121935,319961.8415835665,899588.4590008858,1219550.3005844522,117.5829530304451,249604.28204614692,0.090515873015873,0.0945238095238095,0.0,0.4005605468315076,23958933.6214231,0.0608418039597032,0.1371626984126984,0.4812896825396825,7.205376231465165e-05
fully_optimized,4.5,4x,4.0,7,58361928.538720384,8769783.849533046,12956753.121568533,84505496.98725614,15464935.749281907,99970432.73653737,219862441.1839379,47900.31398342874,291477.37779972,990574.8017327724,1282052.1795324923,117.23677175906556,246787.5700819143,0.0762698412698412,0.0810714285714285,0.0,0.3875424875781726,15078999.369080791,0.0592378238395162,0.1156547619047619,0.4092063492063492,7.256502145416994e-05
fully_optimized,4.5,4x,4.0,8,58774220.845666505,6659683.169792882,12879622.457982048,85102478.05307928,11743912.290028064,96846390.34310746,218553615.13568988,47615.166696228735,295969.91277999035,752232.2612172391,1048202.1739972294,116.53886928939178,596522.8058158748,0.0802182539682539,0.085515873015873,0.0,0.3927175727177358,18440350.53226264,0.0598828694899516,0.1198214285714285,0.2696428571428571,0.0001767941249165
fully_optimized,4.5,4x,4.0,9,61686856.04683283,7522686.582796779,13179867.520145956,89319845.2885353,13265761.923098063,102585607.21163282,223648457.3157792,48725.1540992983,309140.0434217313,849711.2241424837,1158851.267564215,119.25558091416576,978549.35337566,0.0826587301587301,0.0871031746031746,0.0,0.3858577523280465,21288006.60403075,0.0594461168519911,0.094563492063492,0.3299404761904762,0.0002715940886532
fully_optimized,4.5,4x,4.0,10,57340087.95127595,9087597.420574486,13038353.472205186,83025916.91089801,16025379.032803323,99051295.94370124,221247113.10939237,48201.98542688287,288484.51458670315,1026472.8489964028,1314957.363583106,117.97511736103164,332819.60843502416,0.0811904761904761,0.0860912698412698,0.0,0.3902066532862579,16387888.13275718,0.0598881472147626,0.1208333333333333,0.395,9.630130483709712e-05
fully_optimized,4.5,4x,4.0,11,57995618.426731385,5851422.434010519,13240621.010153431,83975096.11051832,10318597.75981796,94293693.87033656,224679379.99356088,48949.75598988254,293944.51690885006,660936.6566923191,954881.1736011693,119.80529757348012,368486.57252229017,0.0742857142857142,0.0798809523809523,0.0,0.3862514134166282,13707776.436488556,0.0592418465664218,0.0806349206349206,0.3473412698412698,0.0001077173443602
fully_optimized,4.5,4x,4.0,12,58066422.679308005,5835787.849145744,13191407.354209084,84077617.54362766,10291027.199978534,94368644.74360584,223844276.13428563,48767.816151260486,291231.1399649662,659170.6809204734,950401.8208854396,119.35999695725046,295680.4231373077,0.0757539682539682,0.0817460317460317,0.0,0.3915288728072495,14323277.692687102,0.0599730713957906,0.0867063492063492,0.379781746031746,8.58506348722543e-05
fully_optimized,4.5,4x,4.0,13,51393177.69043137,5932045.1042670915,13239352.93054782,74415053.29288237,10460770.524488624,84875823.81737114,224657862.01949129,48945.06797810267,262500.1342938991,670043.2420967955,932543.3763906946,119.7938235909248,837395.7842301632,0.0849801587301587,0.0907142857142857,0.0,0.4186025649360172,14759476.491177576,0.0633460948710384,0.066329365079365,0.3044444444444444,0.0002317071005207
fully_optimized,4.5,4x,4.0,14,52274348.7209044,5309261.646041544,13313347.1356365,75690950.05855447,9362532.94732349,85053483.00587758,225913465.67355657,49218.619972452405,266395.36395683506,599697.8822522573,866093.2462090924,120.46334639899892,447597.0170854652,0.0855357142857142,0.090515873015873,0.0,0.4004960777551792,20082067.613607388,0.0610928679399621,0.0501984126984127,0.2643650793650793,0.0001286935684186
fully_optimized,4.5,4x,4.0,15,57909744.1005963,6541953.929938442,13056757.108642817,83850753.87594578,11536304.535789166,95387058.41173331,221559403.4182192,48270.022531202434,291173.7459580314,738934.3715054907,1030108.117463522,118.14163924381135,412003.8725022551,0.0914880952380952,0.0969444444444444,0.0,0.4167165912019363,20618282.821763065,0.0629304950263174,0.109781746031746,0.3008730158730158,0.0001209400136091
fully_optimized,4.5,4x,4.0,16,45543754.65640414,4396154.418984604,13380901.791915745,65945346.877145775,7752328.540815542,73697675.41796154,227059796.97303423,49468.36535360223,238224.84113939648,496559.5351821809,734784.3763215774,121.07460214688132,570452.7873236269,0.0873611111111111,0.0923809523809523,0.0,0.4039643657217203,16725898.877544023,0.0616562991651256,0.0301388888888888,0.175734126984127,0.0001615759436938
fully_optimized,4.5,4x,4.0,17,56438380.54474322,6273862.68697749,13100027.63346844,81720284.37897065,11063543.30033912,92783827.67930992,222293658.6077901,48429.99098208935,281813.8664339105,708652.618340448,990466.4847743586,118.53316454303528,1356987.1196478223,0.089345238095238,0.0945436507936507,0.0,0.4260671338120377,16894968.27971,0.0641419354249179,0.1114880952380952,0.3294642857142857,0.0003603082991798
fully_optimized,4.5,4x,4.0,18,55031711.752371535,5567443.943705651,13154645.41466182,79683490.04451232,9817820.410901032,89501310.45541283,223220464.77540144,48631.9095371245,278003.5860700947,628860.3887299,906863.9747999948,119.02736338187306,562598.7015694678,0.0753769841269841,0.0809126984126984,0.0,0.4021350575352788,15165868.131232314,0.0609571474841388,0.0901785714285714,0.2598809523809524,0.0001613487439629
fully_optimized,4.5,4x,4.0,19,56064698.046272315,5341678.065879994,13250510.804712735,81179208.61195424,9419697.166946752,90598905.7789011,224847199.3811953,48986.317947972835,280168.0463418656,603359.4193215054,883527.4656633709,119.89478354088274,1077738.5434777497,0.0836904761904761,0.0886111111111111,0.0,0.4024964770074052,21948480.730454005,0.0611477196635119,0.0716269841269841,0.312281746031746,0.0002863302895452
fully_optimized,4.5,4x,4.0,20,58572158.98204525,6390712.626354572,13027340.033506395,84809901.3916324,11269600.466145894,96079501.85777795,221060226.66527364,48161.26942598554,293693.0165925263,721851.1882843473,1015544.2048768736,117.87546430853196,1203404.0908363552,0.0811507936507936,0.0867261904761904,0.0,0.4026307512126614,16139337.557123307,0.0614316512021261,0.1098214285714285,0.2415277777777777,0.0003463124337886
fully_optimized,4.5,4x,4.0,21,56061384.5108669,6470574.757630833,13175236.802197332,81174410.75891396,11410432.070456646,92584842.82937068,223569878.91399187,48708.03462178472,282695.11777308444,730871.8684073986,1013566.986180483,119.21368072372884,500706.8462123289,0.0797420634920634,0.0854960317460317,0.0,0.3977447075724578,13980322.99603039,0.0608495552742487,0.0800198412698412,0.2479166666666666,0.0001471330284251
fully_optimized,4.5,4x,4.0,22,52196503.93485835,5411351.823533232,13301345.076002086,75578234.2436843,9542562.24595041,85120796.48963429,225709803.3743929,49174.24910117492,266489.9470412897,611229.2904446129,877719.2374859026,120.35474799376698,542815.6918275229,0.0853769841269841,0.0903571428571428,0.0,0.4143557394802376,14931407.613033362,0.0625617148010747,0.0552579365079365,0.1881746031746031,0.0001585099572496
fully_optimized,4.5,4x,4.0,23,52948299.42896607,5734772.743445019,13244335.979749778,76666800.94209673,10112893.71959063,86779694.66168797,224742419.1112049,48963.49000244115,270014.46825285256,647760.7054845522,917775.1737374048,119.8389117851996,628033.567145108,0.0793849206349206,0.0853571428571428,0.0,0.3997318548164577,12738790.465121811,0.0608919780663896,0.0698809523809523,0.2707936507936508,0.0001803870255579
fully_optimized,4.5,4x,4.0,24,49628665.00999677,5103805.919993678,13337064.831484225,71860116.80031137,9000225.31726462,80860342.11757647,226315929.9683793,49306.30282535496,253741.7975158855,576491.0086751435,830232.806191029,120.67795156038632,815521.740776361,0.0859325396825396,0.0908531746031746,0.0,0.4034782487785263,18137499.546690077,0.0617909366993683,0.0462698412698412,0.185,0.0002358448702365
fully_optimized,4.5,4x,4.0,25,54165339.51792978,5944921.664086619,13237137.82903518,78429021.2824173,10483477.488958787,88912498.77137545,224620274.0820309,48936.878884974045,274680.99510625843,671497.6902233487,946178.6853296072,119.77378065671007,434331.42151015985,0.0839880952380952,0.0889285714285714,0.0,0.396432772998682,17099213.14309005,0.0607389687963659,0.0706150793650793,0.2688095238095238,0.0001255755893077
fully_optimized,4.5,4x,4.0,26,58019065.06982135,7080904.53969032,13146445.68107093,84009045.81500174,12486708.410599977,96495754.22560272,223081323.9406995,48601.59562978202,290676.67488886486,799810.5461705197,1090487.2210593843,118.95316961693312,426950.6715301822,0.0708730158730158,0.0756349206349206,0.0,0.3861442659750466,12312488.357906677,0.0589198345285291,0.0880357142857142,0.273829365079365,0.00012525388167
fully_optimized,4.5,4x,4.0,27,52711541.91872705,5866884.070125607,13233748.113513753,76323986.51547955,10345863.335936906,86669849.85141706,224562754.18314564,48924.34731658946,267940.28892057977,662683.0973563022,930623.386276882,119.74310944601623,940849.990559772,0.0834523809523809,0.0884325396825396,0.0,0.397425751528606,17450283.023386825,0.0607255449343665,0.0686904761904761,0.1969841269841269,0.0002627521618832
fully_optimized,4.5,4x,4.0,28,47059896.531032346,4188620.944875401,13395543.87646424,68140653.40362027,7386356.939007521,75527010.34262799,227308257.71181983,49522.49623351195,240762.03980721673,473117.973395047,713880.0132022637,121.20708832672742,1037624.0523650616,0.0903174603174603,0.0958531746031746,0.0,0.4212688096893721,16869107.99360625,0.0636081743322117,0.033313492063492,0.1824007936507936,0.0002752415835165
fully_optimized,4.5,4x,4.0,29,49028556.33211196,4620178.745605645,13336760.178339709,70991185.91778666,8147380.674016635,79138566.59180255,226310760.32569188,49305.17654154507,251599.3788915622,521863.7908780349,773463.1697695971,120.67519496304956,509315.5818476238,0.0921031746031746,0.0978174603174603,0.0,0.4210982079807133,19329505.862339832,0.0635714194990318,0.0461507936507936,0.2016865079365079,0.000145448586211
fully_optimized,4.5,4x,4.0,30,49193713.83035645,5067664.502305547,13331964.822850429,71230326.6867721,8936492.309470527,80166818.99624309,226229388.19840983,49287.44840923962,253104.82007430797,572408.7213263317,825513.5414006397,120.6318050804378,499629.06333559565,0.0868253968253968,0.0929563492063492,0.0,0.4200196305042531,15615409.980059398,0.0634337100591557,0.04625,0.2586507936507936,0.000142422081019
fully_optimized,4.5,4x,4.0,31,68760153.17984666,8994783.889796108,12904974.50979166,99561667.3895156,15861708.489175092,115423375.87869076,218983812.7282177,47708.89166192106,335999.1718208868,1015989.2673681276,1351988.4391890145,116.76826261685092,746976.1883763747,0.0732738095238095,0.0779960317460317,0.0,0.3930396125260662,15800621.39803208,0.0597608399678387,0.1579761904761904,0.4610714285714286,0.0002061394535892
fully_optimized,4.5,5x,5.0,0,48256093.23856066,3712586.624857348,13420042.491842724,69872693.44744946,6546901.793949993,76419595.24140012,227723973.3878272,49613.06609756584,250011.22901874487,419348.3924954008,669359.6215141456,121.4287594933091,454670.7906966922,0.0773214285714285,0.0824404761904761,0.0,0.3842409146091751,15905186.291275904,0.0593317055804188,0.015,0.0770238095238095,0.0001324821306372
fully_optimized,4.5,5x,5.0,1,48132480.12638165,4522413.585297243,13426850.632089457,69693707.11611323,7974978.258104376,77668685.37421834,227839500.35052732,49638.23537048526,248412.70506751284,510820.9070452681,759233.6121127809,121.4903616845936,484928.1473634713,0.0800992063492063,0.0851785714285714,0.0,0.394557607474449,17535001.272288404,0.0606905819825273,0.0167261904761904,0.0513492063492063,0.0001431065415498
fully_optimized,4.5,5x,5.0,2,54442465.79344423,4478897.508350698,13344899.459307387,78830287.89966147,7898240.524816371,86728528.42447759,226448875.3431084,49335.26695928288,275636.382324485,505905.6286264269,781542.0109509119,120.74884173366746,449293.2064107345,0.0759523809523809,0.0813690476190476,0.0,0.3907942736236088,14132679.64279528,0.0598289844918649,0.0381150793650793,0.1525595238095238,0.0001306886424162
fully_optimized,4.5,5x,5.0,3,51847601.88343436,5071784.09714537,13279839.007308954,75073039.4704171,8943756.943423184,84016796.41384064,225344868.0608341,49094.74249691375,265446.33627371694,572874.0425830119,838320.3788567288,120.16015432950978,2480191.326188898,0.0808531746031746,0.0855952380952381,0.0,0.3980059658560634,14499831.943968063,0.0609671466673916,0.0507142857142857,0.102579365079365,0.0006489949115048
fully_optimized,4.5,5x,5.0,4,43040791.44931784,3376667.784704428,13451900.173405403,62321166.610119745,5954531.061777987,68275697.67189766,228264564.6588839,49730.84197361305,225046.1420062624,381405.2978659363,606451.4398721987,121.71701780208862,620214.1491886185,0.0929960317460317,0.0990674603174603,0.0,0.4238912946067282,19621467.4010179,0.064055222769121,0.0153373015873015,0.032063492063492,0.0001767114103922
fully_optimized,4.5,5x,5.0,5,54842990.48972774,5277965.374543554,13309658.303212767,79410229.98455343,9307344.035462828,88717574.02001566,225850870.07617304,49204.98258740153,277041.37574194395,596162.8694781685,873204.2452201125,120.42996868462416,500879.1895456939,0.0872222222222222,0.0932142857142857,0.0,0.4126576286076294,17118066.723238125,0.0626170462564787,0.056329365079365,0.1725396825396825,0.0001464221202589
fully_optimized,4.5,5x,5.0,6,51926082.24267569,5083008.565451037,13374589.298136463,75186675.56722833,8963550.55340788,84150226.12063606,226952680.6083641,49445.028454981286,266589.4190379709,574141.8817518225,840731.3007897935,121.0174847205084,281940.48022065125,0.0953174603174603,0.1002579365079365,0.0,0.4044684481728035,24130723.18894839,0.0618466322535924,0.0374404761904761,0.1525396825396825,8.171442448257741e-05
fully_optimized,4.5,5x,5.0,7,50575716.41890458,6251879.435584007,13271663.567478323,73231405.44662586,11024777.28555532,84256182.7321822,225206139.4656308,49064.51840209821,258196.9296220638,706169.5406199292,964366.470241993,120.08618038214192,277900.41819693847,0.0765277777777777,0.0817460317460317,0.0,0.3854191789276387,14646583.32036342,0.0592291123780519,0.0433531746031746,0.1438888888888889,8.175830730055223e-05
fully_optimized,4.5,5x,5.0,8,54301106.49841348,5616548.435274398,13172382.511173127,78625605.8787017,9904412.945009276,88530018.8237099,223521444.60436827,48697.48248461182,276979.82977121737,634406.8962418828,911386.7260131002,119.18785420205433,608983.3987126992,0.0821825396825396,0.0872222222222222,0.0,0.394595894434629,18789969.84706017,0.0602917592468829,0.0714285714285714,0.1306547619047619,0.0001805888634687
fully_optimized,4.5,5x,5.0,9,51698804.699765585,5142269.746663945,13416283.89554816,74857587.71494894,9068053.740214674,83925641.45516327,227660193.97110313,49599.17079980461,265259.52567360393,580835.6194582031,846095.1451318071,121.39475053351978,1015429.6391494636,0.0847222222222222,0.0892857142857142,0.0,0.390089862585393,20558028.752962463,0.0602232949982057,0.0213888888888888,0.0636706349206349,0.0002822034827404
fully_optimized,4.5,5x,5.0,10,46949875.9417371,5676393.988945919,13386972.881536022,67981348.445575,10009946.63412732,77991295.07970217,227162816.96361583,49490.80979599474,243250.6392354538,641166.640664308,884417.2798997618,121.1295352726003,361168.0781571557,0.0838492063492063,0.0886111111111111,0.0,0.3939915125790485,16586011.192261716,0.0607278890800039,0.0279166666666666,0.1227380952380952,0.0001047169852676
fully_optimized,4.5,5x,5.0,11,48451223.9060961,3862596.399513021,13432639.952538628,70155234.04284008,6811434.14350585,76966668.18634668,227937739.0153173,49659.63812969875,251564.4092286925,436292.470631994,687856.8798606865,121.54274527435037,397075.2057365718,0.0767063492063492,0.0823412698412698,0.0,0.3889067289307052,13652704.526908638,0.0599858098944902,0.0164682539682539,0.0821825396825396,0.0001161758083362
fully_optimized,4.5,5x,5.0,12,47736791.53035608,3725238.418908013,13419848.67669242,69120767.490976,6569212.398802324,75689979.88977885,227720684.54904824,49612.349574956046,246558.33532277943,420777.45261801354,667335.787940793,121.42700579295352,323211.9260340568,0.0769642857142857,0.0826984126984127,0.0,0.3935074128281987,14836162.326979067,0.0605610313830997,0.0179960317460317,0.0748611111111111,9.411753286135822e-05
fully_optimized,4.5,5x,5.0,13,46175987.95187262,4475973.154176058,13406081.780114448,66860792.78825924,7893083.618991216,74753876.40725006,227487074.8274808,49561.45421078013,239725.44037945228,505575.3135803047,745300.7539597569,121.30243858874792,858893.8714525433,0.0851984126984127,0.09125,0.0,0.4200152706834668,14569326.450718626,0.0636122920107924,0.0259920634920634,0.0646626984126984,0.0002381031348435
fully_optimized,4.5,5x,5.0,14,46993716.5443305,4028155.410178849,13428131.394182997,68044827.70342636,7103386.545821688,75148214.24924831,227861233.5330449,49642.97026863723,243205.72952505836,454992.8841175679,698198.6136426262,121.501950422282,466353.74468467146,0.0859722222222222,0.0909523809523809,0.0,0.4029063775903557,20076902.364179783,0.0614594864138973,0.0143849206349206,0.0393650793650793,0.0001343602015051
fully_optimized,4.5,5x,5.0,15,51066064.46573569,4901211.6044452805,13339302.801760718,73941407.77916911,8642963.596008737,82584371.37517793,226353905.9646553,49314.57646288787,261347.7370223501,553607.3404571147,814955.0774794648,120.69820141836006,430782.68815701664,0.095515873015873,0.1013095238095238,0.0,0.4193754227244212,21510679.81289912,0.0636281424131976,0.0438888888888888,0.1328174603174603,0.0001265416783615
fully_optimized,4.5,5x,5.0,16,42223534.6339611,3587266.734284668,13446504.483287672,61137814.80737489,6325908.427515159,67463723.23488975,228173005.48584425,49710.8944413604,223684.41831828724,405193.1147956186,628877.5331139058,121.66819590320358,583889.6336926678,0.0872420634920635,0.092281746031746,0.0,0.4035933989216886,16710404.295518449,0.0617194970892785,0.0098809523809523,0.0360119047619047,0.0001655290243373
fully_optimized,4.5,5x,5.0,17,48058169.65357342,4285963.759828224,13391103.88235174,69586108.83084038,7558014.576724459,77144123.40756421,227232915.6924731,49506.08185021201,245609.7599854014,484113.1519851256,729722.9119705269,121.16691386546675,1383305.8966907666,0.0917857142857142,0.0976190476190476,0.0,0.4292986063698429,16449535.453583272,0.0647744736808742,0.0381150793650793,0.1080357142857142,0.0003680776333843
fully_optimized,4.5,5x,5.0,18,49643980.61625048,4302652.423778281,13370743.070306558,71882293.12228237,7587443.935549825,79469737.0578318,226887414.17687473,49430.8091888616,254469.143886,485998.1893209537,740467.3332069537,120.982682843067,632017.8791090708,0.0780357142857142,0.0838888888888888,0.0,0.4041669610328553,14702553.342868272,0.061438268765888,0.0361507936507936,0.1042857142857142,0.0001800856783712
fully_optimized,4.5,5x,5.0,19,48427581.42207887,3801892.698790543,13407351.24072561,70121000.76933749,6704387.16862905,76825387.93796761,227508616.2357595,49566.147328052175,247244.51264832553,429435.7957880848,676680.3084364103,121.31392506707564,1282593.628973819,0.0831746031746031,0.0883730158730158,0.0,0.40032870825486,19195606.202918243,0.0612574460578162,0.025,0.0543650793650793,0.0003380629450941
fully_optimized,4.5,5x,5.0,20,53327802.6124407,5108798.983375072,13275799.20748583,77216304.80412962,9009030.255414853,86225335.05954467,225276316.9166745,49079.80760711862,271083.77478011686,577054.9909640942,848138.765744211,120.1236009518688,1216378.820360167,0.0840079365079365,0.0896626984126984,0.0,0.4055087102204514,17047929.77896104,0.0620485601382905,0.0600198412698412,0.1128373015873015,0.0003502332460472
fully_optimized,4.5,5x,5.0,21,50517961.19060044,5149539.81092315,13367531.236136826,73147778.42480494,9080874.019322122,82228652.44412735,226832912.7369999,49418.93523681915,258598.5676071299,581656.7961925111,840255.363799641,120.95362115871228,515151.1079385194,0.0820436507936508,0.087797619047619,0.0,0.3993304982028333,14968201.833395196,0.0614066785849822,0.0351785714285714,0.1049206349206349,0.0001514894199802
fully_optimized,4.5,5x,5.0,22,48056051.622652985,4322997.622437618,13436819.484502615,69583042.01553792,7623321.352310772,77206363.36784846,228008661.2665983,49675.08960056608,248593.7073963308,488296.24380826694,736889.9512045977,121.58056299228936,556107.5309941848,0.0868452380952381,0.0922420634920634,0.0,0.4149169111857819,14831391.067326896,0.0628049479439544,0.017579365079365,0.0553571428571428,0.0001624406709919
fully_optimized,4.5,5x,5.0,23,47080850.62457504,4378319.770722242,13399374.748541638,68170994.00635587,7720878.314194029,75891872.32055067,227373263.57238263,49536.65873036659,244261.0379590407,494545.0552965217,738806.0932555624,121.24175126049984,647283.0981173227,0.0824603174603174,0.0879761904761904,0.0,0.400648527541351,13538168.47638624,0.0612805538263354,0.0232738095238095,0.0709325396825396,0.0001861939830118
fully_optimized,4.5,5x,5.0,24,45853343.55216358,4231319.837561651,13419825.698168658,66393617.93591632,7461653.621718029,73855271.55763464,227720294.62772253,49612.26462477615,237308.15821441816,477940.9482690678,715249.106483486,121.4267978760523,832702.5007170981,0.0851785714285714,0.0902380952380952,0.0,0.4014805397473215,18073979.426838245,0.0617502682058163,0.020813492063492,0.0411904761904761,0.000240945600944
fully_optimized,4.5,5x,5.0,25,48850128.547711104,4607209.746226671,13388728.133184591,70732830.36006841,8124510.698476739,78857341.05854525,227192601.733672,49497.29885265186,251549.04458511807,520398.90141109744,771947.9459962156,121.14541734081608,451778.3975418869,0.0858531746031746,0.0910714285714285,0.0,0.3977789799724993,17629809.924713884,0.0611142734672622,0.0301388888888888,0.0689682539682539,0.0001308190056828
fully_optimized,4.5,5x,5.0,26,51507433.13670461,5533030.9787230585,13378882.68027187,74580490.13694584,9757135.415520413,84337625.55246653,227025534.77703163,49460.90082288271,262531.94076223375,624973.3355767617,887505.2763389954,121.0563325905574,442666.5895460537,0.0731150793650793,0.0778571428571428,0.0,0.3879347981824274,12672325.51181502,0.0595876124247716,0.0304166666666666,0.1011706349206349,0.0001299768945067
fully_optimized,4.5,5x,5.0,27,47298092.10699362,4422679.612036682,13418182.305181423,68485550.08593951,7799103.970327253,76284654.05626664,227692407.9812325,49606.189102665034,244419.81741672035,499555.6395673402,743975.4569840606,121.41192794014114,955416.020837647,0.0846230158730158,0.0896626984126984,0.0,0.3997489541846546,17015269.69146587,0.0611964550138989,0.0187301587301587,0.0638095238095238,0.0002671010855305
fully_optimized,4.5,5x,5.0,28,44170230.4203477,3539864.3414356457,13437415.643243505,63956544.39754779,6242317.432303732,70198861.82985139,228018777.45194432,49677.2935625151,228299.77235919805,399838.8647133227,628138.6370725208,121.58595722381928,1052108.0856190163,0.0903571428571428,0.095813492063492,0.0,0.4217555117877409,16593633.1694977,0.0637419074507972,0.0189880952380952,0.0201388888888888,0.0002795019624351
fully_optimized,4.5,5x,5.0,29,45687113.77532586,3854287.69430366,13431639.990771271,66152924.55484638,6796782.289545967,72949706.8443912,227920770.71830803,49655.941332964714,237165.62893614115,435353.97611985647,672519.6050559976,121.53369730620764,526041.0601015661,0.0917063492063492,0.0970238095238095,0.0,0.4203356992556194,18717363.91846841,0.0636316289760198,0.0213095238095238,0.0423611111111111,0.00015024256556
fully_optimized,4.5,5x,5.0,30,44394935.84617254,3918894.341810776,13423572.81905718,64281907.93779517,6910711.853810961,71192619.7916057,227783879.31891233,49626.11749867371,232165.46615632696,442651.5011379205,674816.9672942475,121.46070300276811,520109.9711927384,0.0874603174603174,0.0933333333333333,0.0,0.4200501612101138,15581939.403305491,0.0635682624581432,0.020813492063492,0.0428968253968254,0.0001484256952219
fully_optimized,4.5,5x,5.0,31,56614456.86530315,5895844.213744203,13322250.05627873,81975235.12081958,10396932.640270634,92372167.76108968,226064538.8512007,49251.53351878011,282890.76720718265,665954.2371033407,948845.0043105234,120.54390282123734,789271.8368687569,0.079047619047619,0.0840079365079365,0.0,0.3969265819365479,16625127.825019408,0.0606737311066018,0.0466865079365079,0.1723611111111111,0.0002182783622255
fully_optimized,4.5,unrestricted,inf,0,47248915.37328562,3533856.054980488,13427147.190537788,68414344.34571965,6231722.21518242,74646066.56090365,227844532.63475525,49639.33172870485,245514.5292212609,399160.2097696905,644674.7389909514,121.49304503857748,457648.38553796,0.077063492063492,0.0822222222222222,0.0,0.3838256493215493,15703321.808855891,0.0593293664494105,0.0116468253968253,0.0,0.0001333832045897
fully_optimized,4.5,unrestricted,inf,1,47966979.54550136,4487879.09367815,13427765.4427449,69454069.57861035,7914078.958510808,77368148.53712155,227855023.72293693,49641.617368831576,247679.9736020752,506920.1270744657,754600.1006765409,121.49863917873184,485879.25742299494,0.0802380952380952,0.0852182539682539,0.0,0.3945867482661324,17545452.394035943,0.0606982866416796,0.0165079365079365,0.0,0.0001433941866904
fully_optimized,4.5,unrestricted,inf,2,50690439.41255521,3735824.433797631,13417863.54087064,73397519.27865885,6587880.138272014,79985399.41693138,227686998.88692597,49605.0106507464,259043.09613802633,421973.1764557205,681016.2725937468,121.40904366053783,456526.03760121064,0.076845238095238,0.0820833333333333,0.0,0.3917292501115305,13399720.52297746,0.0600847028918537,0.0164880952380952,0.0,0.0001328797790004
fully_optimized,4.5,unrestricted,inf,3,48776114.32808526,4159833.933522232,13426646.229769545,70625661.03632872,7335592.942011792,77961253.97834028,227836031.85864335,49637.47970776544,252190.07266618736,469866.3894845539,722056.4621507413,121.48851218820325,2483560.4175182637,0.0817460317460317,0.0866071428571428,0.0,0.3997864234962106,14497181.181857113,0.0612700380986031,0.0152380952380952,0.0,0.0006500464945082
fully_optimized,4.5,unrestricted,inf,4,42806179.402712665,3327830.0367488456,13453050.35095743,61981458.72016511,5868408.912449017,67849867.63261394,228284081.959399,49735.09410880153,224007.54923914213,375888.9198880741,599896.4691272161,121.72742496983189,623550.0403394116,0.0925,0.0984920634920634,0.0,0.4237655905180174,19184127.792454716,0.0640415237655191,0.0146825396825396,0.0,0.0001776617019866
fully_optimized,4.5,unrestricted,inf,5,50860603.52056211,4369433.853928597,13420508.524050592,73643909.39763728,7705208.58565285,81349117.98329039,227731881.46309227,49614.78898978045,259677.5026645308,493541.3629117262,753218.865576257,121.43297629909873,507390.5259941066,0.08875,0.0949007936507936,0.0,0.4138102011504094,16938220.69627651,0.0629022969466545,0.0235714285714285,0.0,0.0001484592491401
fully_optimized,4.5,unrestricted,inf,6,48558613.39659767,4292620.94002405,13442345.264415912,70310729.28594407,7569754.075184936,77880483.36112928,228102427.92632455,49695.51806673737,251605.613142372,484865.1015275229,736470.7146698949,121.63056198450349,288071.46734366554,0.0951984126984127,0.0997619047619047,0.0,0.4039378775179406,24032101.24253588,0.06191117717926,0.0146031746031746,0.0,8.358260582162366e-05
fully_optimized,4.5,unrestricted,inf,7,47579702.18777089,5381534.105177096,13406756.70345313,68893309.05533151,9489980.665095096,78383289.72042675,227498527.56502244,49563.949360571336,245962.16479078724,607861.2849206994,853823.4497114867,121.30854550710085,284660.4122247047,0.0773412698412698,0.0823015873015873,0.0,0.3843069619234839,13820558.352733904,0.059308356211292,0.0175396825396825,0.0,8.379233762917265e-05
fully_optimized,4.5,unrestricted,inf,8,49753743.46461756,4340926.723343603,13428094.603192383,72041224.88283588,7654938.139943279,79696163.022779,227860609.22872084,49642.834254623274,257364.1024120213,490321.39241853054,747685.4948305518,121.50161752584388,612990.0862920628,0.0843253968253968,0.089265873015873,0.0,0.3959844634822963,19066596.913679667,0.0606585866439436,0.0146428571428571,0.0,0.0001818726385654
fully_optimized,4.5,unrestricted,inf,9,51455912.19988462,5100712.911736996,13417357.92162726,74505890.09407045,8994771.001082787,83500661.09515342,227678419.06140167,49603.141407712785,264177.2298229425,576141.6436174421,840318.8734403846,121.40446865881718,1020739.099328034,0.0845238095238095,0.0890079365079365,0.0,0.390261739149923,20007987.229933713,0.0602312509048109,0.0208730158730158,0.0,0.0002836228606669
fully_optimized,4.5,unrestricted,inf,10,45028651.07869882,5022580.809942881,13421073.435643127,65199499.62836906,8856990.189727148,74056489.81809576,227741467.41727448,49616.8774329574,234822.8560478842,567316.3757919653,802139.2318398495,121.43808779661734,365722.4227603258,0.0842460317460317,0.0892460317460317,0.0,0.394118888084823,16450733.572283974,0.0608164217330823,0.0170039682539682,0.0,0.0001060825628427
fully_optimized,4.5,unrestricted,inf,11,47371991.59241157,3623273.6934094927,13438332.884119028,68592553.27960771,6389404.326495837,74981957.60610399,228034342.06262603,49680.68454523443,246788.78700557983,409260.21462476347,656049.0016303433,121.59425670735172,402769.76533974777,0.07625,0.0818650793650793,0.0,0.3885823739637735,13411327.171069246,0.0599652138515617,0.0126785714285714,0.0,0.000117823791451
fully_optimized,4.5,unrestricted,inf,12,46958021.21968052,3570295.9922114387,13429105.55540764,67993142.44858383,6295981.642513163,74289124.0910969,227877764.0220427,49646.57168236224,243170.81421959944,403276.2158443016,646447.030063901,121.51076493901012,325283.810359443,0.0771031746031746,0.0829166666666666,0.0,0.3936830710809457,14794406.949439012,0.0606084809750307,0.015,0.0,9.474576684526628e-05
fully_optimized,4.5,unrestricted,inf,13,44764166.7490369,4138075.333127101,13442732.526969563,64816537.9908252,7297223.084455628,72113761.07528083,228108999.36360157,49696.94975241864,233502.9674923602,467408.68680428347,700911.6542966437,121.6340660577232,861064.3254803241,0.0852777777777777,0.0914880952380952,0.0,0.4200548929377504,14553764.72723841,0.0636698286799766,0.01625,0.0,0.0002387722183598
fully_optimized,4.5,unrestricted,inf,14,46800897.27980301,3984724.4096534704,13435358.750963802,67765633.91758727,7026798.839194542,74792432.75678208,227983874.1583804,49669.68935912427,242371.7651624535,450087.21534937207,692458.9805118255,121.56734581643585,467349.5647838778,0.0864087301587301,0.0912896825396825,0.0,0.4032751104956065,19948400.52214333,0.061507975093648,0.0137896825396825,0.0,0.0001346614408455
fully_optimized,4.5,unrestricted,inf,15,47949806.67849055,4164531.576278829,13436076.638275089,69429204.0250242,7343876.925363007,76773080.95038743,227996055.9492333,49672.34334405954,247689.098450601,470397.00308028975,718086.1015308908,121.57384148630172,438535.1083951115,0.0962301587301587,0.1017063492063492,0.0,0.419633418581145,21384763.40318542,0.0638283193834505,0.0200396825396825,0.0,0.0001288530504464
fully_optimized,4.5,unrestricted,inf,16,41889571.85340642,3517601.997507737,13449730.551379114,60654251.43905179,6203059.2562321555,66857310.69528363,228227748.46036768,49722.82101533065,222231.264537123,397324.2626089995,619555.5271461225,121.69738638055414,585568.5708950487,0.0870436507936508,0.0921230158730158,0.0,0.4032938977656073,16597183.531477535,0.0616766893393706,0.0091071428571428,0.0,0.0001660231287287
fully_optimized,4.5,unrestricted,inf,17,46228007.131916255,3848602.3568154895,13435099.285622418,66936114.26533366,6786756.5716406545,73722870.83697408,227979471.30507097,49668.73013182374,237575.61675370205,434711.7992826898,672287.4160363919,121.56499809253287,1387149.249388804,0.092063492063492,0.0977777777777777,0.0,0.4296560729381476,16370425.870888025,0.0648467384628099,0.0249007936507936,0.0,0.0003692571557097
fully_optimized,4.5,unrestricted,inf,18,47064473.35876611,3757826.162088199,13428430.009411432,68147280.4482011,6626678.735845823,74773959.18404724,227866300.71866733,49644.074230646474,243161.85344515817,424458.3412001592,667620.1946453174,121.50465238666062,636807.6582757373,0.0782142857142857,0.0839285714285714,0.0,0.4035673470724868,14547622.09807674,0.0614900072277256,0.0182341269841269,0.0,0.0001815408078643
fully_optimized,4.5,unrestricted,inf,19,48000186.87708725,3710485.4116401654,13409231.66358064,69502152.32929371,6543196.442945206,76045348.77223963,227540525.02922717,49573.09913490788,245350.92542886944,419111.05382186896,664461.9792507384,121.33093972367972,1291203.221652391,0.0831349206349206,0.0882341269841269,0.0,0.399663441989574,19031672.013783485,0.0612140417522358,0.0234920634920634,0.0,0.0003402555843621
fully_optimized,4.5,unrestricted,inf,20,49960155.82229992,4203495.893906754,13419392.66411152,72340100.86769567,7412587.931126649,79752688.79882306,227712946.4962876,49610.6637246814,256537.450046898,474798.14589876303,731335.595945661,121.4228796478945,1220536.892641912,0.0875595238095238,0.0934325396825396,0.0,0.4071545751882128,18318870.817604996,0.062515784640795,0.0247222222222222,0.0,0.0003515052771795
fully_optimized,4.5,unrestricted,inf,21,48309323.894957654,4636921.7296665,13423705.239685282,69949769.08882056,8176905.822776892,78126674.91159809,227786126.3573687,49626.60704953567,248986.26664889575,523754.9638420504,772741.2304909462,121.46190118620147,519401.289089313,0.082579365079365,0.0883333333333333,0.0,0.3978480238999106,15394217.790819855,0.0614485684505611,0.0193253968253968,0.0,0.0001527502562857
fully_optimized,4.5,unrestricted,inf,22,47344228.79789946,4163733.5473505766,13442784.541506767,68552353.97834003,7342469.653950926,75894823.63229088,228109881.99546695,49697.142046942696,245466.1377729366,470306.8631907618,715773.0009636984,121.63453670159484,558406.2304386288,0.0862698412698412,0.091765873015873,0.0,0.4152341186846287,14620288.542167837,0.0628296634794825,0.0147619047619047,0.0,0.0001631207167162
fully_optimized,4.5,unrestricted,inf,23,46014770.789798826,4129919.0736545753,13425355.226835076,66627357.45215853,7282840.058503967,73910197.51066308,227814124.89984128,49632.70694985649,239572.8662788378,466487.41151990934,706060.2777987472,121.47683078816426,649551.5358554167,0.0825992063492063,0.0881746031746031,0.0,0.400942538562886,13717152.4461433,0.0613467759675843,0.0155555555555555,0.0,0.0001868728562105
fully_optimized,4.5,unrestricted,inf,24,45615988.75263402,4185758.157328966,13422585.610972123,66049938.66076629,7381308.60187294,73431247.26263964,227767127.4384372,49622.46785151137,236275.12237546672,472794.61249415507,709069.7348696218,121.4517704339436,835204.6538123449,0.0852777777777777,0.0902380952380952,0.0,0.4014504067155774,17811254.219277855,0.0617495684110829,0.0199603174603174,0.0,0.0002416729168707
fully_optimized,4.5,unrestricted,inf,25,47516247.040793754,4249620.839491617,13429252.919216445,68801428.8028116,7493926.232291973,76295355.0351042,227880264.63052848,49647.11647723932,245666.26279271164,480008.1042753418,725674.3670680535,121.51209833303923,454261.31637125066,0.0862896825396825,0.0913690476190476,0.0,0.3975655663743115,17779871.145318676,0.061172719681263,0.0182539682539682,0.0,0.0001315741460703
fully_optimized,4.5,unrestricted,inf,26,48688479.844335906,4921460.348887491,13416689.160062077,70498770.17120756,8678670.922115805,79177441.09332356,227667070.8826644,49600.66903761751,250093.4485207905,555894.5001357708,805987.9486565613,121.39841749412828,446885.42071668577,0.0736309523809523,0.0784325396825396,0.0,0.3883805617619195,12727364.01717477,0.0597784946488174,0.0176984126984127,0.0,0.0001312432388643
fully_optimized,4.5,unrestricted,inf,27,46371121.06194884,4214415.035361681,13425302.00207417,67143336.92034322,7431843.117335789,74575180.03767858,227813221.73176223,49632.510181211816,240293.49941576849,476031.49743483105,716324.9968505995,121.47634919381204,957679.3198257424,0.0847222222222222,0.0897619047619047,0.0,0.3996121110275527,16952478.463908654,0.0612159889289747,0.0153571428571428,0.0,0.0002677889893694
fully_optimized,4.5,unrestricted,inf,28,44077276.39958685,3520533.074155842,13438953.261416178,63821951.077586,6208228.016696308,70030179.09428205,228044869.21134344,49682.97804168702,227907.72622157037,397655.3369797453,625563.0632013157,121.59987007598716,1052669.057246,0.0903968253968253,0.0958531746031746,0.0,0.4219452051346927,16546348.791749932,0.0637583069835149,0.0184722222222222,0.0,0.0002796681204623
fully_optimized,4.5,unrestricted,inf,29,44976234.991024055,3694430.142583614,13448131.457033113,65123603.446561374,6514884.034263556,71638487.48082401,228200613.5151112,49716.90926255146,234074.794027884,417297.5604410366,651372.3544689206,121.68291727265832,527722.4818079055,0.0913095238095238,0.0968253968253968,0.0,0.4197961769301296,18871686.24368203,0.0636044941165564,0.0163095238095238,0.0,0.0001507419504215
fully_optimized,4.5,unrestricted,inf,30,43633409.47474077,3735680.428064389,13449377.328419007,63179251.35844535,6587626.193653769,69766877.55209881,228221754.6391105,49721.5151719195,228880.32615624412,421956.91055303667,650837.2367092808,121.69419030826953,521476.81107369065,0.0872222222222222,0.0929365079365079,0.0,0.4196831855423334,15519480.43662346,0.0635828451360526,0.0151190476190476,0.0,0.0001488307182604
fully_optimized,4.5,unrestricted,inf,31,53785856.88779993,5056296.773538796,13387106.95944475,77879547.18071863,8916446.06910582,86795993.24982384,227165092.1243841,49491.30547372203,270669.25749101856,571124.7004356829,841793.9579267015,121.13074845163293,796987.2707576465,0.0790674603174603,0.0838492063492063,0.0,0.3967689693819104,16358294.676472904,0.060726537585909,0.0267857142857142,0.0,0.0002206037743711
fully_optimized,5.0,1.5x,1.5,0,109698072.48898599,17636091.520147018,7484999.770400395,158837967.94130358,28019283.115421627,186857251.05672383,112900049.11575942,27671.58066562731,508193.4147575337,1992052.2741094537,2500245.6888669874,67.72662884487637,26195.439255444355,0.02976190476190476,0.03535714285714286,0.0,0.32372201110700166,4490868.381714702,0.049216585288931816,0.8525595238095238,0.9953571428571428,6.975696521110436e-06
fully_optimized,5.0,1.5x,1.5,1,108220156.27101195,20740403.51987765,7339647.499597696,156698010.4787516,32951248.72127536,189649259.20002538,110707627.06951928,27134.22232096061,498795.23527110403,2342694.125312385,2841489.3605834893,66.41143584575921,142569.84127914952,0.03375,0.039186507936507936,0.0,0.3401113096506302,3959544.0566953337,0.05174865986925138,0.8693253968253968,0.9842460317460318,3.85095793603802e-05
fully_optimized,5.0,1.5x,1.5,2,112234295.8013882,16980226.834157985,7000949.856580405,162510307.3730461,26977280.22599813,189487587.59904328,105598878.67873706,25882.078107533594,515460.02108355437,1917970.2850394829,2433430.3061230374,63.34679319206466,162748.55871932826,0.027023809523809523,0.03279761904761905,0.0,0.3291796684106688,2373054.316592851,0.050392456355742875,0.8783928571428572,0.9759325396825397,4.141856544780651e-05
fully_optimized,5.0,1.5x,1.5,3,104306582.24648133,17670404.354483627,8336613.548826105,151031327.99892354,28073797.519515455,179105125.5184362,125745371.80930218,30819.944070907397,486101.1873705753,1995928.0171896764,2482029.204560252,75.432297790744,2064063.9637616696,0.03589285714285714,0.04113095238095238,0.0,0.34117341626267794,4875748.032259494,0.05275132430457347,0.7778769841269841,0.9767460317460317,0.0004678771689621135
fully_optimized,5.0,1.5x,1.5,4,102964095.90723422,17955174.48637981,7947711.559920608,149087467.02418524,28526225.14154834,177613692.16573507,119879365.79788606,29382.197499481877,476244.0245327777,2028093.7035717296,2504337.7281045076,71.91339044704881,212736.04461296697,0.038531746031746035,0.04376984126984127,0.0,0.35778667813801507,3616837.4161026822,0.05300858257285738,0.8074404761904762,0.9643650793650793,5.4056322129625985e-05
fully_optimized,5.0,1.5x,1.5,5,106654823.79940648,17995496.467150815,7198972.930417361,154431478.1386561,28590286.557521053,183021764.69617757,108585761.17012428,26614.157149540264,490797.6267802345,2032648.1987329575,2523445.825513192,65.1385681601165,166401.07371939468,0.04220238095238095,0.049206349206349205,0.0,0.36333189738482224,4163591.8604805362,0.05502437261691094,0.8451785714285714,0.9691269841269842,4.318159737749499e-05
fully_optimized,5.0,1.5x,1.5,6,108822505.81472473,19664801.90700032,6587599.737716435,157570186.0361046,31242390.152686253,188812576.18879023,99364109.11918573,24353.948313525914,502189.2155118566,2221201.5238184333,2723390.73933029,59.60667148972499,899.4997712885854,0.03777777777777778,0.04311507936507936,0.0,0.3393514859515768,5029897.843239155,0.05131014003156752,0.8962301587301588,1.0,2.60435688159868e-07
fully_optimized,5.0,1.5x,1.5,7,107203800.29357202,24780460.872556046,6497018.5211400045,155226371.87563944,39369876.71704854,194596248.59268716,97997826.67240685,24019.0751648056,493303.1339553421,2799031.3714500447,3292334.505405387,58.787064191986914,1011.4151681152558,0.024880952380952382,0.0301984126984127,0.0,0.3164280602756132,1998102.401137524,0.04841479679624891,0.9201785714285714,1.0,2.96660260821871e-07
fully_optimized,5.0,1.5x,1.5,8,106499939.44180156,18156920.17676005,7845575.545273255,154207212.42395526,28846747.951810796,183053960.37576637,118338796.46937607,29004.60697778825,495911.68700772076,2050881.5168950295,2546793.2039027503,70.98923170718133,165935.2616561272,0.03511904761904762,0.0401984126984127,0.0,0.33216480433206613,3905007.0042418824,0.051037347324579194,0.8025198412698412,0.9710912698412698,4.524324286688149e-05
fully_optimized,5.0,1.5x,1.5,9,104886865.24660188,19418441.7457702,7516394.3187147,151871552.1749602,30850986.246782783,182722538.42174312,113373589.01627676,27787.6443667345,486416.05473407195,2193374.365013559,2679790.419747631,68.01069657856438,700368.5324300438,0.03982142857142857,0.044781746031746034,0.0,0.3353468759510144,5553917.288620527,0.0519710934125615,0.8241468253968254,0.9570833333333333,0.00016708936520827883
fully_optimized,5.0,1.5x,1.5,10,104011326.66769016,23915311.55280418,7105966.259703272,150603810.95058435,37995373.545552544,188599184.49613747,107182894.36801124,26270.31724706158,480884.2678885261,2701310.021575717,3182194.2894642428,64.29701459154285,2730.2457435120973,0.030218253968253967,0.03432539682539683,0.0,0.3276553801659604,2104789.9602887123,0.049833257372056405,0.8692857142857143,1.0,7.854061236062521e-07
fully_optimized,5.0,1.5x,1.5,11,110704826.05528946,18184716.229207873,7227169.240191528,160295702.67684412,28890908.839847475,189186611.51669356,109011060.41608739,26718.397160805733,513381.3443242088,2054021.1688653482,2567402.513189557,65.39369722697649,13690.721338726351,0.02255952380952381,0.027321428571428573,0.0,0.3134217368321014,2377874.6116426974,0.047910554064083975,0.8709126984126984,0.9975992063492064,3.584783475048772e-06
fully_optimized,5.0,1.5x,1.5,12,112665887.64927223,18695831.20728904,6930900.477632726,163135233.32244825,29702941.10102196,192838174.42347082,104542288.3559167,25623.10989115605,517818.88836901274,2111753.220961747,2629572.10933076,62.71296440992327,981.5570133536581,0.027817460317460317,0.03263888888888889,0.0,0.32226331665748464,2032900.2108163736,0.04854291859082567,0.8999206349206349,1.0,2.726991138462439e-07
fully_optimized,5.0,1.5x,1.5,13,102013871.61764789,19379952.153052215,7771679.755437278,147711584.18666753,30789836.031377696,178501420.21804503,117224188.7796168,28731.41881853353,473527.90508416167,2189026.8438739786,2662554.74895814,70.32059939122396,461738.4372702414,0.032996031746031745,0.038492063492063494,0.0,0.3508360256231118,3058975.255859492,0.05326236628784341,0.8059126984126984,0.9681746031746031,0.00011183585907084239
fully_optimized,5.0,1.5x,1.5,14,107551371.08431825,19021879.4408468,7499304.598890945,155729639.0421917,30220949.17298638,185950588.21517888,113115816.10155715,27724.464730773812,496201.4367937505,2148581.3993813326,2644782.836175083,67.85606342598197,17970.844076800357,0.03837301587301587,0.04380952380952381,0.0,0.3358500998292599,4939956.855060986,0.050963517805909984,0.8446230158730159,0.9968253968253968,4.668564777242362e-06
fully_optimized,5.0,1.5x,1.5,15,106620680.20759249,19116316.21554824,7497969.740381857,154382039.72447908,30370985.292035453,184753025.01651394,113095681.75341453,27719.52984152317,492241.9217787379,2159248.3315407997,2651490.2533195377,67.84398520693452,54181.66215224811,0.040456349206349204,0.04698412698412698,0.0,0.3616579091741738,3132720.269340331,0.05411471055128774,0.8428769841269841,0.9910714285714286,1.4623410386196465e-05
fully_optimized,5.0,1.5x,1.5,16,104163321.72230993,19734827.097585913,8098804.459257361,150823893.0820694,31353642.446766928,182177535.52883404,122158376.65686074,29940.778592367828,486034.83127723174,2229111.090401915,2715145.9216791466,73.28052645618342,21727.818481615694,0.03242063492063492,0.036944444444444446,0.0,0.32578321861400444,4780761.025422018,0.04890170825344711,0.8099404761904762,0.9976388888888889,5.5114866758897375e-06
fully_optimized,5.0,1.5x,1.5,17,100748617.29193258,17119705.044574857,7863771.370160533,145879551.75924635,27198875.779731344,173078427.53897735,118613253.32795578,29071.875815675437,463721.60852686944,1933724.7897114642,2397446.398238334,71.15387324578599,869767.1908625942,0.04521825396825397,0.05198412698412699,0.0,0.37921747275980544,6842721.279591535,0.05691048254602817,0.7747619047619048,0.9528174603174603,0.00020095337980102497
fully_optimized,5.0,1.5x,1.5,18,107616536.48159775,18184624.766768534,7687938.329702644,155823995.66167772,28890763.52919411,184714759.19087216,115961074.3683309,28421.83195302228,496508.13396168203,2054010.837893768,2550518.97185545,69.56288066929444,111812.72304468864,0.02603174603174603,0.031071428571428573,0.0,0.3314381837185119,2836260.4185852534,0.05023816062521524,0.836031746031746,0.9892063492063492,2.820692121826992e-05
fully_optimized,5.0,1.5x,1.5,19,108114005.96810482,17450202.96452673,7453218.5897423215,156544309.52459946,27723953.27650006,184268262.80109882,112420677.4434372,27554.08760868559,494675.7389157832,1971055.5742720042,2465731.3131877873,67.43906274030519,722007.8051704175,0.04204365079365079,0.0489484126984127,0.0,0.3531029411951775,5815792.237819341,0.05332930613536921,0.8369642857142857,0.991984126984127,0.00016340388721025438
fully_optimized,5.0,1.5x,1.5,20,102330704.44460674,16929059.0745466,8218001.891311539,148170344.13813943,26895987.614123013,175066331.75226164,123956292.00037088,30381.44411773796,475683.05222517793,1912190.7248813547,2387873.777106533,74.35906225947231,814260.7928669227,0.04670634920634921,0.053293650793650796,0.0,0.3660783971600611,5591667.635577187,0.055954029076144655,0.7642857142857142,0.9302579365079365,0.00020949774971855439
fully_optimized,5.0,1.5x,1.5,21,105346711.04570952,20237312.10034156,7703302.281438998,152537388.59887755,32151963.86267627,184689352.4615503,116192816.64740412,28478.6315312265,487491.82285934116,2285868.359511218,2773360.1823705593,69.70189853018452,118286.57369948881,0.03525793650793651,0.04146825396825397,0.0,0.35402100956073845,2718079.5665399004,0.053932191359514776,0.8431944444444445,0.9773015873015873,3.0322805158161198e-05
fully_optimized,5.0,1.5x,1.5,22,106112572.96909933,19115722.097077895,8088480.055328311,153646322.86613414,30370041.38824498,184016364.25437832,122002648.43422186,29902.609910348496,492732.28335213766,2159181.223981929,2651913.5073340666,73.187108006697,58754.06866023155,0.035515873015873015,0.04093253968253968,0.0,0.3451643691101161,3547046.1322885007,0.05278128681099652,0.8142460317460317,0.9876190476190476,1.5071048082383925e-05
fully_optimized,5.0,1.5x,1.5,23,104499744.06022015,19581180.302999794,7674230.472125972,151311017.7809013,31109536.600958373,182420554.38185817,115754311.7977033,28371.15485237826,485908.9428167676,2211756.1993697803,2697665.1421865476,69.43884766851558,288390.2231445026,0.028373015873015873,0.03242063492063492,0.0,0.32443626243146834,2648548.3782991325,0.049553909149455684,0.8368055555555556,0.9625198412698412,7.36803939344528e-05
fully_optimized,5.0,1.5x,1.5,24,99847885.42820309,18708040.832652546,8514924.713700637,144575331.7702465,29722339.10365783,174297670.87390265,128434929.57680309,31479.14940607919,463051.6911081205,2113132.3367337207,2576184.0278418413,77.04571321529905,313627.23399776744,0.04509920634920635,0.05107142857142857,0.0,0.36184717550255113,5289231.503664876,0.0548815043253029,0.7454166666666666,0.9434523809523809,8.237820171090467e-05
fully_optimized,5.0,1.5x,1.5,25,108305277.00801653,20145352.81535997,7405238.003666867,156821261.54951844,32005863.8473723,188827125.39688995,111696961.92030165,27376.70635301511,499840.76551232376,2275481.2676454387,2775322.0331577626,67.00491932753819,44692.66399752479,0.03428571428571429,0.04003968253968254,0.0,0.3366510537479659,3410884.2633263157,0.05171604946834996,0.8681944444444445,0.991904761904762,1.14127879577297e-05
fully_optimized,5.0,1.5x,1.5,26,107989467.06541196,21462168.146718282,7217400.244674284,156363982.68945503,34097949.92766422,190461932.6171173,108863709.70031743,26682.281789293487,495974.4015213451,2424219.720970989,2920194.1224923343,65.3053042872467,16309.575902228964,0.03186507936507937,0.03771825396825397,0.0,0.336593666440742,3336239.4214421604,0.05114376882483601,0.8749801587301588,0.998234126984127,4.48932464775313e-06
fully_optimized,5.0,1.5x,1.5,27,104930522.95546523,19939308.20993958,8015621.666375643,151934766.61075988,31678511.14980434,183613277.7605658,120903688.38832304,29633.256957922313,485801.83670276887,2252207.8782821107,2738009.7149848794,72.52786241976528,201455.8470137441,0.041944444444444444,0.04690476190476191,0.0,0.34283489392040595,6521524.112900889,0.05265112116281985,0.820595238095238,0.9890079365079365,5.046903221873383e-05
fully_optimized,5.0,1.5x,1.5,28,106470217.66935669,18685709.68317875,7876824.381976871,154164176.6090913,29686860.562469464,183851037.17156044,118810138.52774145,29120.13199209349,488193.7788232921,2110609.962825537,2598803.7416488295,71.27198099645013,481710.9460802119,0.031785714285714285,0.037321428571428575,0.0,0.35587180609338176,3751488.35172085,0.05307961550077996,0.8410515873015874,0.9923611111111111,0.00010964394817459957
fully_optimized,5.0,1.5x,1.5,29,104215665.63972868,18507513.17911068,7787623.315208543,150899684.7645337,29403751.445466265,180303436.2099993,117464673.58074512,28790.361171751254,482139.7397660425,2090482.1045207854,2572621.844286828,70.46486172765707,77346.19598160518,0.040317460317460314,0.04621031746031746,0.0,0.35773395214315595,4230144.257142355,0.05383892258191394,0.8176785714285715,0.9861309523809524,1.9557000445490493e-05
fully_optimized,5.0,1.5x,1.5,30,104633648.59322496,19439447.139635608,7719485.986927824,151504905.6354279,30884358.498054456,182389264.1334817,116436923.68823431,28538.461688292726,485106.970713012,2195746.9906358714,2680853.9613488833,69.8483337804985,60757.87383878627,0.03200396825396826,0.037698412698412696,0.0,0.3471565175415604,2943729.6534977388,0.05162006792862881,0.8348809523809524,0.9903174603174603,1.538480624303376e-05
fully_optimized,5.0,1.5x,1.5,31,109567765.50616635,19277477.96577117,6982674.121743345,158649289.18068203,30627030.49920067,189276319.67987952,105323216.49783969,25814.513847509726,499761.24972212035,2177452.060562295,2677213.3102844153,63.18142860313464,484078.67205247615,0.029484126984126984,0.03521825396825397,0.0,0.3335972349368015,2430963.453969341,0.05151099929226157,0.8668849206349206,0.9842261904761904,0.00011103285882840155
fully_optimized,5.0,2x,2.0,0,99364420.13693696,15154632.24747675,9561126.570398197,143875295.36402544,24076872.75647553,167952168.12049857,144215322.98085353,35346.8928874641,467471.9919015228,1711763.6068848695,2179235.598786392,86.51207621046868,168926.77661627112,0.0431349206349206,0.0480357142857142,0.0,0.3410405291510305,7351339.77052554,0.0521286151408992,0.6743253968253968,0.9328373015873016,4.4339412395941354e-05
fully_optimized,5.0,2x,2.0,1,99197799.47844678,18247262.804358043,9443819.454874232,143634036.0035695,28990279.507947616,172624315.5115184,142445920.24063507,34913.21574525369,464154.2942803956,2061086.0022000652,2525240.296480461,85.45064458486317,221340.0569936484,0.0464484126984127,0.0517261904761904,0.0,0.3560641581180891,7632454.082994296,0.0543506426034315,0.710952380952381,0.9439285714285716,5.963736899912375e-05
fully_optimized,5.0,2x,2.0,2,105426916.49888456,15341005.153479874,9036191.084249347,152653522.55557278,24372972.105494395,177026494.66106775,136297454.7127503,33406.2389001839,490837.15717732586,1732815.015628796,2223652.172806122,81.76229505770213,201284.93516858865,0.0359920634920634,0.0410912698412698,0.0,0.3409662253674088,4594099.672355478,0.0522094419790266,0.7426388888888888,0.961626984126984,5.1292041924254686e-05
fully_optimized,5.0,2x,2.0,3,88236909.51543002,13781061.24064134,10391549.438179998,127763151.04587242,21894616.28112878,149657767.32700357,156741012.4177648,38416.91480827569,419950.19622639095,1556614.420644171,1976564.616870562,94.02600314109448,2340604.758563261,0.054265873015873,0.0602579365079365,0.0,0.3694645061504904,8869996.256506188,0.0567617716412181,0.5287103174603175,0.8464285714285714,0.0005412008348246
fully_optimized,5.0,2x,2.0,4,94115138.92509978,15587738.425293565,9963197.472870134,136274567.8223021,24764968.789626285,161039536.61193016,150279962.39695635,36833.324116901065,442169.9924632658,1760684.3184532595,2202854.3109165253,90.15014002026618,339492.3342955112,0.0571626984126984,0.0619841269841269,0.0,0.3776699659017314,7759486.1804205645,0.0560775881053244,0.645952380952381,0.913095238095238,8.642226914723008e-05
fully_optimized,5.0,2x,2.0,5,99689193.05173472,16190843.452457275,9077146.282300305,144345552.2122834,25723149.942470312,170068702.1547534,136915202.74392673,33557.64773135459,464942.98777282034,1828806.937317867,2293749.9250906873,82.13287055306124,260249.45997005852,0.0548611111111111,0.06125,0.0,0.3787401432530288,7889060.129783955,0.0572938223694235,0.7132142857142857,0.916765873015873,6.800695953838228e-05
fully_optimized,5.0,2x,2.0,6,102541292.5251281,17999752.62345277,8457997.338562647,148475266.385392,28597048.51202039,177072314.897411,127576265.0950086,31268.692425247205,478949.59038398205,2033128.9450383729,2512078.535422355,76.53061644504746,86711.81838227488,0.0482738095238095,0.0535515873015873,0.0,0.3546271544801863,8821804.216736702,0.0536391574319304,0.7881746031746032,0.9646825396825396,2.124707198339131e-05
fully_optimized,5.0,2x,2.0,7,101869151.30573264,22833318.42735961,8531713.957364041,147502035.5615827,36276360.48213355,183778396.0437182,128688170.25714658,31541.218200281022,474738.7920288208,2579095.47853763,3053834.2705664504,77.19762756520745,13080.082866516168,0.0344246031746031,0.0394246031746031,0.0,0.3306540457072447,4132985.347242608,0.0507399706249358,0.7959722222222222,0.9953968253968254,3.545633717768642e-06
fully_optimized,5.0,2x,2.0,8,94367704.58351173,15224525.660385028,9766778.0045235,136640271.74985507,24187915.68919957,160828187.43905342,147317267.90078184,36107.17350509359,446355.3742817864,1719658.2887632295,2166013.663045016,88.37287497835788,364021.9913982689,0.0505357142857142,0.0562103174603174,0.0,0.3558188355813691,7906636.234267349,0.0543796851836784,0.622718253968254,0.8621825396825397,9.882338258901745e-05
fully_optimized,5.0,2x,2.0,9,96264687.23593254,16982426.3292204,9413732.461878486,139387018.9159051,26980774.666633587,166367793.58253932,141992102.8603855,34801.985995192525,452810.31927180185,1918218.7249580424,2371029.044229844,85.17840802237946,839231.6450892639,0.0499801587301587,0.0548015873015873,0.0,0.3472843586102368,9657292.256209916,0.0538374290479273,0.6795238095238095,0.8918055555555555,0.0002047818558859
fully_optimized,5.0,2x,2.0,10,95791141.38698895,21088927.465258796,9139421.31222087,138701345.4244138,33504965.007391676,172206310.43180546,137854528.61598638,33787.87466078097,449567.6008430428,2382061.006414413,2831628.6072574556,82.6963545834016,95581.55754894504,0.0444642857142857,0.0492063492063492,0.0,0.346947590810046,5188606.25831637,0.0530973696097318,0.7161706349206349,0.9573611111111112,2.4858477343709862e-05
fully_optimized,5.0,2x,2.0,11,100380870.28760864,15522270.23521342,9310218.304825611,145347070.32582042,24660956.415296435,170008026.7411158,140430746.31076124,34419.30056636305,473321.1993390675,1753289.4794787625,2226610.6788178296,84.24177941717402,140748.28812435095,0.0359126984126984,0.0407738095238095,0.0,0.3345885233953958,5173038.364724946,0.0513441507356626,0.7044047619047619,0.9406349206349206,3.718348941307896e-05
fully_optimized,5.0,2x,2.0,12,104728904.65067188,16525536.291644068,9056622.23168505,151642832.20292273,26254892.103547912,177897724.30646884,136605628.0754442,33481.771587118674,487840.37167104334,1866611.5512635673,2354451.9229346104,81.9471624968088,35230.56675546274,0.0376984126984126,0.0424007936507936,0.0,0.3408896677738572,4446308.698426647,0.0514861215031717,0.7398015873015873,0.9837896825396826,9.23878830291876e-06
fully_optimized,5.0,2x,2.0,13,90903076.6671982,16558065.597046278,9708962.838233192,131623643.42254002,26306572.931840405,157930216.35437965,146445212.4146117,35893.434415346004,429144.68676232465,1870285.8391140047,2299430.5258763293,87.84974519492062,659807.01127818,0.0513492063492063,0.0570039682539682,0.0,0.3752765041723547,6327944.815995894,0.0570496265204313,0.6365277777777778,0.8740674603174603,0.0001617948713033
fully_optimized,5.0,2x,2.0,14,97605250.83109722,16418204.913559366,9560164.84585396,141328095.84206265,26084369.725259047,167412465.56732115,144200816.80161184,35343.33745137545,457297.834707481,1854488.1328999987,2311785.9676074795,86.50337422472862,144029.9417352676,0.0496230158730158,0.0547222222222222,0.0,0.3557986278710339,9088591.47623778,0.0539484570661695,0.6795436507936508,0.9435515873015872,3.6592690433142826e-05
fully_optimized,5.0,2x,2.0,15,97024492.72382005,16454999.912224412,9515315.95154338,140487183.73182523,26142827.65986736,166630011.39169127,143524338.17425406,35177.53386623874,455142.11766586575,1858644.244285723,2313786.3619515887,86.09756734266449,153099.68401717843,0.0573611111111111,0.0631349206349206,0.0,0.3789247430077172,7548585.702941634,0.0568880036138899,0.6683333333333333,0.9456150793650794,4.122748796589594e-05
fully_optimized,5.0,2x,2.0,16,89957817.4831946,15895732.639808292,10295765.980200391,130254949.8387946,25254293.59748058,155509243.4362733,155296261.92450207,38062.80929522109,428137.6870772397,1795473.2383642115,2223610.9254414514,93.15932432919836,218668.20885880015,0.0502380952380952,0.0544841269841269,0.0,0.3568637637594797,8685016.234880252,0.0538885061896164,0.589781746031746,0.9212103174603176,5.5702132505259094e-05
fully_optimized,5.0,2x,2.0,17,89253579.3030616,14359998.473574908,9671237.33330822,129235244.03229304,22814400.929393888,152049644.9616884,145876179.48346007,35753.96555967158,417871.9255923021,1622007.2107708545,2039879.1363631564,87.50839297735777,1146210.4355466792,0.0644444444444444,0.071765873015873,0.0,0.401076849788469,10658566.059686448,0.060217900402956,0.6175793650793651,0.8555555555555555,0.000269862968643
fully_optimized,5.0,2x,2.0,18,96334626.06803666,15427078.384231051,9767878.31902626,139488287.25836095,24509720.671259344,163998007.92962113,147333864.50268355,36111.24129967734,452420.1104924292,1742537.2590670297,2194957.3695594585,88.38283096957211,288045.48792643467,0.0420238095238095,0.0480357142857142,0.0,0.355302063660884,5654045.021214752,0.0541596999237768,0.6480753968253968,0.9092857142857144,7.380653161743348e-05
fully_optimized,5.0,2x,2.0,19,97454755.65575978,14938748.817144211,9449212.483523913,141110185.46958578,23733888.65778827,164844074.12737605,142527266.0279615,34933.153438225854,453047.0092037926,1687378.8911532008,2140425.9003569935,85.49944240195448,899942.9993370855,0.0535714285714285,0.0595833333333333,0.0,0.3701134169184182,10028136.624613233,0.0559086679825324,0.6751388888888888,0.9242857142857144,0.0002085313956113
fully_optimized,5.0,2x,2.0,20,93670571.88667455,14793618.267262455,10073066.203853404,135630854.36959627,23503312.968090005,159134167.3376888,151937168.20921806,37239.50201206325,441888.8497723134,1670985.9368750695,2112874.786647383,91.14426680626552,1018872.7078670794,0.0561706349206349,0.0625,0.0,0.3790156940121163,8240655.848589114,0.0577371621283874,0.6007539682539682,0.837936507936508,0.0002629581789731
fully_optimized,5.0,2x,2.0,21,95829694.88447078,17496034.449274223,9759009.660069486,138757169.18738735,27796767.899018742,166553937.08640778,147200094.02004942,36078.45441667878,450466.63202694914,1976232.3853195517,2426699.017346501,88.30258455782369,236489.3092158151,0.0504563492063492,0.0554761904761904,0.0,0.3679375371193667,6106734.952920417,0.0559183024629261,0.6571626984126984,0.9151190476190476,6.203329605653625e-05
fully_optimized,5.0,2x,2.0,22,93429273.29865947,15748469.452202382,10261578.06178669,135281464.6627607,25020329.686526097,160301794.34928694,154780588.205535,37936.418677827205,441880.9927857828,1778839.3959151723,2220720.3887009555,92.84998130549668,221840.6481046136,0.0523412698412698,0.0576587301587301,0.0,0.3708942178513507,7368681.453159388,0.0564696057614571,0.6052579365079365,0.9084325396825396,5.811586726257779e-05
fully_optimized,5.0,2x,2.0,23,94873268.52984776,16766454.851199407,9778256.03599692,137372306.0333951,26637650.682466265,164009956.71586245,147490396.87297353,36149.6070767092,448693.8081483208,1893824.063961698,2342517.8721100185,88.47673181220124,379662.3894335647,0.0432142857142857,0.0483333333333333,0.0,0.3498766482872429,5173164.021789621,0.0534562354946476,0.656765873015873,0.926765873015873,9.723583546589972e-05
fully_optimized,5.0,2x,2.0,24,88204811.45861867,15387814.613029871,10507345.730121804,127716674.47611214,24447340.482303623,152164014.95841676,158487626.6393635,38845.00652925576,416661.4774907618,1738102.292021067,2154763.769511829,95.0737643604019,505062.50576296286,0.0573809523809523,0.0631944444444444,0.0,0.3754075007430166,9468483.133990396,0.057055408407475,0.5458134920634921,0.8578571428571429,0.0001327790937176
fully_optimized,5.0,2x,2.0,25,99703037.27536386,17744256.4541872,9537150.532468652,144365598.0371463,28191129.80302632,172556727.84017304,143853680.23631522,35258.25495988118,467117.66121386143,2004269.845252555,2471387.5064664166,86.29513348878152,108987.77750919356,0.0479761904761904,0.0528174603174603,0.0,0.353546821872775,7188310.488646828,0.0542133940775188,0.6875396825396826,0.9742460317460316,2.7917366388817544e-05
fully_optimized,5.0,2x,2.0,26,100121456.01809646,18856195.640525844,9332793.841334114,144971449.91162726,29957719.57341644,174929169.48504376,140771264.58181366,34502.760926915114,466609.18064370134,2129866.890509828,2596476.0711535295,84.4460499621303,104725.10784661416,0.0419047619047619,0.0474603174603174,0.0,0.3486196873255094,6114244.101568387,0.0531463904359725,0.713234126984127,0.9657738095238096,2.800823047831128e-05
fully_optimized,5.0,2x,2.0,27,92783537.4234204,16509139.008095458,10177167.34395128,134346467.61201537,26228840.97257279,160575308.5845872,153507378.5219246,37624.35748086387,437678.7552452002,1864759.4262649585,2302438.1815101583,92.08620661842662,344910.6379660507,0.0573214285714285,0.0625595238095238,0.0,0.3647005145160931,11917816.429995054,0.0558629248784899,0.605297619047619,0.9342261904761904,8.763495335738623e-05
fully_optimized,5.0,2x,2.0,28,95754732.31052434,15826247.589663723,10094922.783663398,138648626.68844154,25143899.449771643,163792526.13821593,152266842.09161037,37320.304434218226,447399.3416821409,1787624.6823505978,2235024.0240327385,91.34203200519596,599401.7396516256,0.0540079365079365,0.0602380952380952,0.0,0.3784889011357147,7666347.537170697,0.0567950874226445,0.6338690476190476,0.9508333333333332,0.0001387575793553
fully_optimized,5.0,2x,2.0,29,95065860.7921837,16136212.99420703,9796782.008588478,137651171.13007906,25636355.979380906,163287527.1094599,147769833.51688007,36218.0964502157,447060.84699029254,1822636.254405005,2269697.1013952973,88.6443606309284,244756.43663645396,0.0561706349206349,0.0616865079365079,0.0,0.3767860183570475,8099864.345678046,0.0567229119764062,0.659345238095238,0.9106746031746032,6.236516956091509e-05
fully_optimized,5.0,2x,2.0,30,93430193.88028328,16505532.178720944,9845928.252617912,135282797.624325,26223110.634120177,161505908.25844562,148511131.25034702,36399.78707116348,440643.6374861052,1864352.023488123,2304995.6609742283,89.08905128298107,205913.29278732144,0.0498214285714285,0.0554365079365079,0.0,0.3751505156729159,6541585.782981565,0.0560351544719525,0.6438293650793651,0.9189484126984128,5.251310182583723e-05
fully_optimized,5.0,2x,2.0,31,101077352.06119186,17108720.57149054,8940094.694086857,146355545.19792876,27181424.233799193,173536969.43172926,134847984.10460234,33050.97649622606,467716.0138621688,1932484.0587613832,2400200.0726235523,80.89278473712699,590271.1212388489,0.0409126984126984,0.0457142857142857,0.0,0.3494545813628771,4895564.611545341,0.0537575937586132,0.7198611111111111,0.9322420634920636,0.0001408316974263
fully_optimized,5.0,3x,3.0,0,71506567.78016385,8833019.02762007,12249486.81113866,103538354.53032802,14033430.28788767,117571784.81821483,184765224.45455337,45285.5942290572,350567.72874755366,997717.4149454604,1348285.143693014,110.83720404092438,394333.112696665,0.067797619047619,0.0725,0.0,0.370365925533522,13234368.43751384,0.0569411020252051,0.2886706349206349,0.6408333333333334,0.0001041790061521
fully_optimized,5.0,3x,3.0,1,72071148.56399468,10890263.688759586,12267440.410213036,104355842.59012376,17301871.06073731,121657713.65086132,185036027.6983033,45351.96757311356,351454.5909033656,1230089.7011144732,1581544.2920178387,110.99965384429548,428526.79785489576,0.0678571428571428,0.0729365079365079,0.0,0.3804666789770319,13468342.309203671,0.0583593023776703,0.2946230158730158,0.6428373015873016,0.0001148637316713
fully_optimized,5.0,3x,3.0,2,77577116.43167259,9408671.49334084,11873908.77482821,112328241.08181168,14947996.272912975,127276237.3547251,179100190.380149,43897.10548533064,375118.37927787856,1062739.1802343158,1437857.5595121942,107.43885600515542,397580.96922410536,0.0610714285714285,0.066031746031746,0.0,0.3702231291582313,9862914.760124017,0.056707171648943,0.3461309523809524,0.6890079365079365,0.0001041460260121
fully_optimized,5.0,3x,3.0,3,64205488.42173792,8218945.072934778,12331959.426220069,92966713.81907472,13057822.287074212,106024536.106149,186009200.75101376,45590.49038015043,317924.48739138315,928355.8210512128,1246280.308442596,111.58344216554924,2698650.529028157,0.0728968253968253,0.0780753968253968,0.0,0.3909012105019824,11772029.82197792,0.0597759787830491,0.2303174603174603,0.4472619047619047,0.000634465974022
fully_optimized,5.0,3x,3.0,4,65430384.11910596,8565732.80824413,12574635.289714856,94740308.73369426,13608780.175078316,108349088.90877374,189669603.92378193,46487.64802053479,321643.7662044352,967526.5917385324,1289170.3579429674,113.77924959917128,586221.8292036905,0.0841071428571428,0.0893849206349206,0.0,0.4107119869850393,15106258.92682642,0.0615116938245347,0.2376984126984127,0.5935912698412699,0.0001510750324377
fully_optimized,5.0,3x,3.0,5,78661765.58265322,10865849.475928202,11754998.762426928,113898765.18640192,17263083.0594062,131161848.245808,177306610.33308592,43457.5025326191,378840.04485317215,1227332.03861676,1606172.083469932,106.36292086515856,458225.0357312821,0.0737698412698412,0.079781746031746,0.0,0.3989432597708663,12268232.373666938,0.0604714388845409,0.3669642857142857,0.7079166666666666,0.0001209617027891
fully_optimized,5.0,3x,3.0,6,84543562.63582125,13247888.854292937,11441151.066015668,122415347.75317273,21047540.38421881,143462888.1373935,172572686.29479042,42297.22703303687,406709.1542028066,1496390.914573998,1903100.0687768045,103.52312833333472,188469.02164480023,0.0733531746031746,0.0780555555555555,0.0,0.382911671701199,16806253.304563135,0.0579942536527528,0.456031746031746,0.8405555555555555,4.868184846838802e-05
fully_optimized,5.0,3x,3.0,7,77314740.18714911,14779696.658527965,11628235.773018971,111948331.85851637,23481195.0574351,135429526.91595215,175394579.84955424,42988.86761018486,372947.6018915101,1669413.44717081,2042361.04906232,105.21592952270602,159361.1378948123,0.0640079365079365,0.0684325396825396,0.0,0.3716124630785569,10651572.004206536,0.056736903902699,0.4019246031746031,0.797797619047619,4.27742258860438e-05
fully_optimized,5.0,3x,3.0,8,68639109.36759011,8979321.73187148,12084374.739426706,99386401.29108568,14265868.23403292,113652269.52511734,182274755.3058963,44675.1851239942,337738.541395069,1014242.7677641076,1351981.309159177,109.34321815693448,601389.5283312649,0.0748015873015873,0.0802182539682539,0.0,0.384453626896122,14509579.679453043,0.0587184993609066,0.2683730158730159,0.566984126984127,0.0001622320059351
fully_optimized,5.0,3x,3.0,9,77009151.7291602,11545322.53218867,12059180.983125811,111505853.25709756,18342593.67041158,129848446.92751037,181894745.0973451,44582.04536699636,374143.01826977904,1304080.667720522,1678223.685990301,109.11525713695812,1017801.7103549913,0.0697222222222222,0.0751190476190476,0.0,0.3723737077725164,15635184.652562914,0.0574756282121867,0.3396230158730158,0.6721230158730159,0.0002536997751535
fully_optimized,5.0,3x,3.0,10,71189429.54323232,13606268.744696865,11817678.714740705,103079152.35869704,21616915.27097474,124696067.62967156,178252043.85504097,43689.22643505906,346787.87411533506,1536871.055814969,1883658.929930304,106.93006876049118,308463.4246608447,0.0686309523809523,0.0731349206349206,0.0,0.3772909122047533,11463736.10611828,0.0578612635004878,0.36375,0.6749007936507937,8.068636354008429e-05
fully_optimized,5.0,3x,3.0,11,77012457.77715234,10085196.608274382,12055651.069131128,111510640.26869142,16022823.351710888,127533463.62040266,181841501.61362615,44568.99549353582,376007.4978792168,1139154.8300485602,1515162.327927777,109.08331736643996,326133.7830538134,0.0604166666666666,0.0658928571428571,0.0,0.3648883194377062,10100191.956380192,0.0561475744866261,0.3451587301587301,0.6814285714285714,8.62751374861264e-05
fully_optimized,5.0,3x,3.0,12,75350017.24845496,9740055.436859656,11955887.059000071,109103499.74734809,15474481.436746247,124577981.18409514,180336710.43269917,44200.17412566157,364593.0999976162,1100170.043956921,1464763.143954537,108.1806212684499,257291.47160537308,0.0642460317460317,0.0699206349206349,0.0,0.3799749440676269,10225530.15237004,0.0578500399660612,0.3468253968253968,0.6717261904761904,6.752300278752082e-05
fully_optimized,5.0,3x,3.0,13,70517630.75112346,10880768.240403663,12210665.0266578,102106417.35448883,17286785.19800609,119393202.55249608,184179655.7826652,45142.07249575127,345066.3939631952,1229017.160213362,1574083.554176557,110.48593234162252,842444.0406938134,0.0726785714285714,0.0783333333333333,0.0,0.4047564185016625,11940148.999890432,0.0611927204451324,0.3094246031746032,0.6556944444444445,0.0002094107899202
fully_optimized,5.0,3x,3.0,14,71204258.46529782,9855652.837311223,12318704.341556331,103100623.9834401,15658136.431219049,118758760.41466089,185809267.58394864,45541.48715292859,347645.5149937523,1113227.135670673,1460872.6506644257,111.46350599629464,376109.6916049218,0.0754761904761904,0.0804365079365079,0.0,0.3899227684875666,15429023.987899983,0.0591599100981614,0.2926984126984127,0.6768650793650793,9.759638083665426e-05
fully_optimized,5.0,3x,3.0,15,70052556.52602872,9493983.63001065,12135640.786298528,101433010.4004776,15083535.65292837,116516546.05340628,183048027.101128,44864.71252478628,342693.73557719815,1072375.4556907052,1415069.1912679034,109.80708945089796,374469.139601154,0.0824404761904761,0.0871428571428571,0.0,0.4049542221735094,15886769.16516166,0.0612308665282552,0.2919841269841269,0.6511904761904762,9.998022432767325e-05
fully_optimized,5.0,3x,3.0,16,60466144.13427059,8273984.923343279,12712442.423589705,87552308.30968085,13145266.670625072,100697574.98030618,191748218.84164935,46997.11246118857,302876.68087033567,934572.7461021882,1237449.4269725238,115.02617182955476,533094.3225371662,0.0778968253968254,0.0827380952380952,0.0,0.3946272406496275,14638727.418018697,0.0598544925587705,0.2008531746031746,0.5438492063492063,0.0001366497807684
fully_optimized,5.0,3x,3.0,17,71040230.437263,9839915.289252462,12029266.890788952,102863118.637473,15633133.452861097,118496252.09033576,181443535.66545016,44471.45481996327,343639.1432111836,1111449.529880663,1455088.6730918463,108.8445850339378,1352359.2266267657,0.0830952380952381,0.0888690476190476,0.0,0.4202206380149947,16843372.924605735,0.0630779288896416,0.3251785714285714,0.6340476190476191,0.0003223496924683
fully_optimized,5.0,3x,3.0,18,67509521.07120131,8507708.949062956,12346853.111181635,97750807.28712784,13516594.957282674,111267402.24441084,186233849.75772732,45645.55141120768,331237.56750304723,960972.6134660552,1292210.1809691023,111.71820490495654,518184.16420391906,0.0675198412698412,0.0725992063492063,0.0,0.3906254385977504,11776938.815664817,0.0592780476398539,0.2553968253968254,0.5909920634920635,0.0001349918821344
fully_optimized,5.0,3x,3.0,19,74518781.32973242,9465321.043951886,12177242.646049833,107899906.81983516,15037998.062432084,122937904.88226628,183675529.05881897,45018.512024220334,358934.1800368427,1069137.9260104476,1428072.1060472904,110.1835161444275,1114956.7766869045,0.0725198412698412,0.0772619047619047,0.0,0.3918970836242372,16163480.333029872,0.059310354301368,0.3103769841269841,0.6801587301587302,0.0002643611147752
fully_optimized,5.0,3x,3.0,20,65705293.60871548,8198504.830528641,12344521.91240538,95138365.54277448,13025347.91834755,108163713.46112192,186198687.10382852,45636.93311368346,323612.1347040145,926047.0310723232,1249659.1657763375,111.6971114862339,1285602.922657152,0.0770833333333333,0.0828769841269841,0.0,0.3982445066923902,13050669.832820602,0.060745730434123,0.2290674603174603,0.4898214285714286,0.0003353089707806
fully_optimized,5.0,3x,3.0,21,68299401.35626848,9862970.212068552,12345770.13463669,98894519.0821499,15669761.886595896,114564280.96874548,186217514.67304385,45641.54771398134,335150.9992850723,1114053.6562752638,1449204.655560336,111.70840579303255,488795.0964264227,0.0694444444444444,0.0750198412698412,0.0,0.3876856121870915,10937715.601252386,0.0592339511837478,0.2530952380952381,0.5587896825396825,0.0001303140724573
fully_optimized,5.0,3x,3.0,22,63843708.54569588,8250664.737322217,12684958.48201166,92442872.52406664,13108216.800835092,105551089.3249008,191333664.6066127,46895.50603103253,316594.1076365259,931938.6573902508,1248532.7650267766,114.77748849387604,521421.9289264049,0.0784722222222222,0.0835515873015873,0.0,0.4079873166412087,12191471.30495015,0.0615195175851633,0.199781746031746,0.5226587301587302,0.0001381082612295
fully_optimized,5.0,3x,3.0,23,68321455.81283271,9826636.183550129,12327082.395054195,98926452.96198258,15612036.31681098,114538489.27879377,185935638.0155337,45572.46029792492,336431.5336926893,1109949.6129244452,1446381.1466171346,111.5393132557596,629705.2711088664,0.0690079365079365,0.0741666666666666,0.0,0.3839713579518319,9573079.209377404,0.0585324704478696,0.2734523809523809,0.5819642857142857,0.0001634033799924
fully_optimized,5.0,3x,3.0,24,59924294.97063006,7835250.907084056,12708054.403507024,86767734.63276474,12448229.427430354,99215964.06019476,191682032.10844028,46980.89022265693,297458.5222457139,885016.3523955698,1182474.8746412836,114.98646764563622,818123.6177755184,0.0785912698412698,0.0836111111111111,0.0,0.3966534954105628,14329567.392418211,0.0607225247426761,0.1826190476190476,0.4686904761904762,0.0002154109230205
fully_optimized,5.0,3x,3.0,25,70184252.3421539,10194904.750967162,12303323.588749778,101623700.13043368,16197121.807050202,117820821.93748409,185577271.88581496,45484.62546220955,342963.2399185604,1151546.711486112,1494509.9514046726,111.32433611404775,379249.0149585496,0.0747619047619047,0.0795436507936507,0.0,0.3880492212865097,13630797.547982495,0.0592288607687759,0.275297619047619,0.6583730158730159,9.91574092822425e-05
fully_optimized,5.0,3x,3.0,26,73363053.79996608,11353896.392611802,12161902.932264728,106226464.35948189,18038466.012967303,124264930.3724487,183444152.37306505,44961.80205222183,355551.57477436255,1282458.4802742573,1638010.05504862,110.04471759613509,390449.36640685255,0.0616269841269841,0.0662698412698412,0.0,0.3744196159489713,9430489.005835468,0.0571180729324767,0.3002182539682539,0.6433134920634921,0.0001036511283192
fully_optimized,5.0,3x,3.0,27,63095003.0750155,8743643.232130101,12565916.89545818,91358780.04321152,13891434.783121966,105250214.82633562,189538099.9598555,46455.41665682733,312307.4408273479,987622.1363825912,1299929.5772099392,113.70036282962394,906701.0206539666,0.080297619047619,0.0847420634920635,0.0,0.3927567374919288,15697280.054798195,0.0599802732266005,0.211765873015873,0.535218253968254,0.0002294291638169
fully_optimized,5.0,3x,3.0,28,63809893.29356903,8149828.810227302,12701481.97042883,92393909.53126928,12948014.049207818,105341923.58047672,191582896.7657396,46956.59234454402,313106.88496378006,920548.92074413,1233655.80570791,114.92699820684426,922070.9489077902,0.0796428571428571,0.0849404761904761,0.0,0.4125729143374357,14292797.205216944,0.0619861687141822,0.2103571428571428,0.5691269841269841,0.000221003496415
fully_optimized,5.0,3x,3.0,29,67506496.24082996,9014576.587001314,12551746.863484131,97746427.46623597,14321879.27060248,112068306.7368374,189324366.17830333,46403.03092605474,331671.0647348694,1018224.9150700772,1349895.9798049466,113.57214792973534,450515.7972597885,0.083313492063492,0.089345238095238,0.0,0.4104550108901487,15598947.908719812,0.0618339485711034,0.2479365079365079,0.6533730158730159,0.0001162267102485
fully_optimized,5.0,3x,3.0,30,65511418.02517678,9410964.428956876,12451894.478579674,94857642.25362344,14951639.166924976,109809281.42054877,187818241.99582884,46033.88284211491,323253.2755081577,1062998.1745587157,1386251.450066873,112.6686521890368,468739.7151562267,0.0753968253968253,0.0810714285714285,0.0,0.4055058946381908,11857805.76797926,0.0610455038109772,0.2525595238095238,0.6173214285714286,0.0001206939954959
fully_optimized,5.0,3x,3.0,31,82275586.70813136,12419392.68068383,11532302.27637188,119131418.69662572,19731269.77959649,138862688.4762229,173947566.24694282,42634.20741346638,392084.41668152815,1402809.6533946933,1794894.0700762214,104.34789311381957,775004.6163484283,0.0574801587301587,0.0621626984126984,0.0,0.373198451066049,9643022.720208136,0.0570689036528424,0.42125,0.6945238095238095,0.0001920170410183
fully_optimized,5.0,4x,4.0,0,53867321.213911094,5011735.680871489,13212509.615404118,77997503.9298715,7962378.783393129,85959882.71326478,199290986.0091617,48845.8299042063,274398.89112340077,566091.3841885255,840490.2753119263,119.5509368444366,486435.9989062755,0.076765873015873,0.0813095238095238,0.0,0.3817203919121121,15019323.008141348,0.0588444370408814,0.0775,0.2764484126984127,0.0001287430617999
fully_optimized,5.0,4x,4.0,1,53367808.418952994,6004566.016084175,13256279.958240869,77274231.44648586,9539734.753457228,86813966.19994219,199951196.29742575,49007.64615132985,271142.50440480676,678234.7082808238,949377.2126856304,119.94698465400826,522482.2126170042,0.0783531746031746,0.0830753968253968,0.0,0.3913237507293413,15513194.003535211,0.0602001108851334,0.0751785714285714,0.2690079365079365,0.0001401987308465
fully_optimized,5.0,4x,4.0,2,60624260.26377468,5895701.169969958,12969873.47422023,87781253.48747197,9366776.082818354,97148029.57028952,195631181.98815927,47948.81911474492,302394.35524409264,665938.0798569658,968332.4351010585,117.35548883075792,490367.4932711996,0.0718849206349206,0.0772222222222222,0.0,0.3851810786601422,11601816.751115829,0.0589654417267694,0.1346626984126984,0.3442460317460317,0.000129324405755
fully_optimized,5.0,4x,4.0,3,54934651.605221525,5969481.750349449,13016600.501293164,79542951.23474444,9483994.740235427,89026945.9749789,196335989.44485825,48121.56604040643,278453.6876221838,674271.8295861606,952725.5172083444,117.7782896479481,2779153.193709786,0.0790277777777777,0.0839285714285714,0.0,0.3955582025428352,12697639.444551537,0.0605908459788269,0.1051388888888888,0.2401587301587301,0.0006550617709632
fully_optimized,5.0,4x,4.0,4,45382567.70192264,4000642.4055102216,13374374.547797732,65711955.28030548,6356007.62649133,72067962.90679687,201732476.9080155,49444.23453627831,235234.9398019121,451885.2032884504,687120.1430903625,121.01554159199765,684128.2354338276,0.093015873015873,0.0990873015873015,0.0,0.4228703550580421,17533278.71775823,0.0638565131686197,0.0398611111111111,0.2094642857142857,0.0001767318869721
fully_optimized,5.0,4x,4.0,5,60826300.6236804,6746530.777488201,12859454.924928322,88073799.01248883,10718528.858018164,98792327.87050688,193965682.987392,47540.608575341175,302493.9741740972,762041.9729786454,1064535.9471527429,116.3563871160118,554137.4694018997,0.0810714285714285,0.0866865079365079,0.0,0.4079067064174784,13837205.147729697,0.0618751687874943,0.1561309523809523,0.3403769841269841,0.0001468650978974
fully_optimized,5.0,4x,4.0,6,61326227.88248378,7381457.997211421,12973937.679028269,88797671.62123261,11727267.415923186,100524939.0371551,195692484.45128724,47963.84422825667,307324.9525576733,833759.0090633555,1141083.9616210288,117.39226303236424,283622.54555389954,0.0901190476190476,0.0940873015873015,0.0,0.39969430595145,21078557.7441348,0.0609784816453619,0.146984126984127,0.4741071428571428,7.437693687194592e-05
fully_optimized,5.0,4x,4.0,7,56227868.84361755,8234136.965814593,12940011.06498398,81415472.72571272,13081958.357539335,94497431.08325145,195180752.11869684,47838.4196369355,282188.9408717927,930071.7933642784,1212260.734236071,117.0852843726673,280672.2747798686,0.0754365079365079,0.0803968253968254,0.0,0.3867229416437996,13207042.203908756,0.0592644621265089,0.1229365079365079,0.4014880952380952,7.50325031690748e-05
fully_optimized,5.0,4x,4.0,8,56702071.200311214,6242168.254514751,12867477.33551306,82102096.81145294,9917224.53796202,92019321.3494141,194086689.0764788,47570.26693050951,286741.6559585011,705072.6320270473,991814.2879855484,116.42897640669624,672752.4525375386,0.0799007936507936,0.085297619047619,0.0,0.3919721706246836,16306983.228509847,0.0599411599442429,0.1253174603174603,0.2667460317460317,0.0001815110520286
fully_optimized,5.0,4x,4.0,9,59515165.55585336,7113180.379772046,13156598.743351497,86175333.29522356,11301042.222660918,97476375.5178848,198447653.95913455,48639.1308723369,299399.4680130562,803456.2043119591,1102855.6723250153,119.04503771336876,1108214.924184179,0.0819841269841269,0.0864880952380952,0.0,0.3846753876461457,18608013.209315773,0.0594023598107912,0.1057539682539682,0.3252579365079365,0.0002785250952219
fully_optimized,5.0,4x,4.0,10,55158398.12296307,8501086.62846654,13020808.005706592,79866926.31840345,13506073.76694671,93373000.08535165,196399453.36863804,48137.12092368579,278787.8210651334,960224.6014255808,1239012.4224907144,117.8163604693918,377992.80771615246,0.0804365079365079,0.0852579365079365,0.0,0.3891270654679784,14360887.22683683,0.0599198310670134,0.1292063492063492,0.3896825396825397,9.930941290239426e-05
fully_optimized,5.0,4x,4.0,11,56049071.82025933,5540207.004551173,13222965.94560857,81156582.52627864,8801985.88225906,89958568.40853663,199448704.14274463,48884.486309496235,285186.18507603655,625783.89037308,910970.0754491164,119.6455490042978,417327.3404941197,0.0737301587301587,0.0793849206349206,0.0,0.3849159099127744,12058295.548498632,0.0592367053722999,0.0896626984126984,0.3433531746031746,0.0001109027396737
fully_optimized,5.0,4x,4.0,12,55890450.4473735,5476099.546726437,13173105.257776484,80926905.7783702,8700135.366879823,89627041.14524877,198696630.09092507,48700.15443405026,281624.83332971064,618542.7504072746,900167.5837369852,119.1943938403242,335367.73158564867,0.0751388888888889,0.0811507936507936,0.0,0.390606224587184,12580104.269593809,0.0599930992748524,0.0956547619047619,0.3716468253968254,8.851590422738142e-05
fully_optimized,5.0,4x,4.0,13,49941824.25753965,5653191.144660191,13223083.6962905,72313557.57090212,8981489.067851393,81295046.63875337,199450480.23602343,48884.92162647633,256012.9084058025,638545.8060722221,894558.7144780245,119.6466144494524,950739.1228566364,0.0843055555555555,0.0898611111111111,0.0,0.4175729828728695,12965238.145761114,0.0632777016475083,0.0735912698412698,0.3004960317460317,0.0002380635159901
fully_optimized,5.0,4x,4.0,14,50778915.59483842,5069716.9735861635,13297901.507092232,73525628.88611229,8054496.373853309,81580125.25996555,200578995.23579577,49161.518440146014,259711.75518042772,572640.554444085,832352.3096245127,120.3235895006952,505779.8736285301,0.0850992063492063,0.0899007936507936,0.0,0.3997133493104815,17712087.62008431,0.0610370336696112,0.0568055555555555,0.2576388888888888,0.0001320895838186
fully_optimized,5.0,4x,4.0,15,55937363.497015014,6178614.173107144,13037295.681230403,80994833.80395757,9816253.197567962,90811087.00152524,196648145.343722,48198.07483914754,282334.67835542466,697893.9976764413,980228.676031866,117.96554613605116,467202.01958098623,0.0905555555555555,0.0961904761904761,0.0,0.4154014410637131,18127597.074973807,0.0629208910063299,0.1191865079365079,0.297579365079365,0.0001246815026148
fully_optimized,5.0,4x,4.0,16,44525449.30616615,4271021.503839582,13370068.005328411,64470885.668250665,6785571.540691169,71256457.20894243,201667519.14298543,49428.313515437614,233672.360747415,482425.37694786774,716097.7376952828,120.97657464311465,643265.8318824071,0.0869841269841269,0.0921031746031746,0.0,0.4032400537795079,14791382.149068974,0.0616115731226728,0.0345039682539682,0.1732539682539682,0.0001652929495485
fully_optimized,5.0,4x,4.0,17,54322182.558190115,5863345.647671231,13074442.896676833,78656123.08316267,9315371.3518665,87971494.43502925,197208455.641264,48335.40579442745,272488.0506213999,662283.4213572893,934771.4719786892,118.30166580877764,1538707.1727582735,0.0879761904761904,0.0935119047619047,0.0,0.4248573579877321,14634562.218501812,0.0641037984243586,0.12125,0.3240277777777778,0.0003687381649624
fully_optimized,5.0,4x,4.0,18,53215928.3515055,5262078.039665901,13135456.335230574,77054315.81135394,8360109.392742189,85414425.20409642,198128752.29066,48560.96869869118,269885.19996268454,594368.3447935799,864253.5447562644,118.85373456418552,642345.9030529034,0.074563492063492,0.0801587301587301,0.0,0.4008656142918229,13079993.388243644,0.0609221065561101,0.0970436507936507,0.254265873015873,0.000167146886891
fully_optimized,5.0,4x,4.0,19,54335734.912432395,5114647.735451323,13223340.64563005,78675746.2940335,8125879.975818188,86801626.26985183,199454355.9332731,48885.87155227282,272619.04749672196,577715.6259954383,850334.6734921603,119.64893940777796,1230105.5118456353,0.0828571428571428,0.0875396825396825,0.0,0.4008690325167361,19120279.270540856,0.0610367328655384,0.0812896825396825,0.3041865079365079,0.0002948084543528
fully_optimized,5.0,4x,4.0,20,56649593.945689365,6024863.67827186,13006652.866330149,82026112.06260441,9571982.598325225,91598094.66092996,196185944.2196897,48084.79024992394,285125.99242058484,680527.3933734302,965653.3857940153,117.68828032240285,1364979.7827164405,0.080515873015873,0.0861111111111111,0.0,0.4011930266299021,14196786.500873948,0.06142896674245,0.1177182539682539,0.2378769841269841,0.0003565759455306
fully_optimized,5.0,4x,4.0,21,54568413.80472383,6239208.13436455,13153380.531145267,79012655.06185292,9912521.656688789,88925176.71854126,198399112.0316352,48627.23334108706,276024.1734514091,704738.2771009512,980762.4505523604,119.01591831853317,567815.8676762041,0.0789484126984127,0.084781746031746,0.0,0.3961113928737236,12283363.475774616,0.0608141789066759,0.0900396825396825,0.2441865079365079,0.0001516592610533
fully_optimized,5.0,4x,4.0,22,50855836.89912509,5204229.628137066,13285646.336446805,73637007.54014948,8268202.916834339,81905210.45698532,200394144.2791913,49116.21183313512,260522.2580041899,587834.1838879172,848356.4418921071,120.21270086754028,614162.8606326226,0.0847619047619047,0.0897619047619047,0.0,0.4134653981483046,13109005.132580588,0.0625115145834426,0.0619642857142857,0.1859722222222222,0.0001629816527273
fully_optimized,5.0,4x,4.0,23,51383790.99983415,5481773.206371412,13226549.23287962,74401461.77913734,8709149.375210967,83110611.15434806,199502752.68266296,48897.733500652685,263015.41874955705,619183.6081951456,882199.0269447027,119.67797171297973,716778.2334703102,0.0784722222222222,0.0841666666666666,0.0,0.3982771059194288,11164248.124622645,0.0608195655762514,0.0764682539682539,0.2681349206349206,0.0001867466983629
fully_optimized,5.0,4x,4.0,24,48490904.54795611,4964104.378598626,13315825.629893966,70212689.86113127,7886704.706627605,78099394.56775892,200849353.87397572,49227.78281224895,248680.38215648985,560711.2780633639,809391.6602198537,120.4857725934966,922697.656744319,0.0847222222222222,0.0895436507936508,0.0,0.4019760056970209,15863976.880141824,0.0616716884829626,0.0534920634920634,0.1823611111111111,0.0002423632146806
fully_optimized,5.0,4x,4.0,25,52504382.69059789,5650794.54856378,13218744.004582733,76024029.09517384,8977681.483588176,85001710.57876074,199385022.4642152,48868.87805495471,267297.9467543124,638275.1029689567,905573.0497232692,119.6073475558506,491612.4768232341,0.0835515873015873,0.0885912698412698,0.0,0.3953179040510302,15043081.58062567,0.0607003262829779,0.0774801587301587,0.2623015873015873,0.0001291098300651
fully_optimized,5.0,4x,4.0,26,56288117.1698158,6793543.966746436,13126384.581662802,81502709.64326234,10793220.909739636,92295930.55300198,197991918.42896885,48527.43098749237,282985.2944599102,767352.2612853271,1050337.5557452373,118.77165048860938,482711.13507731474,0.0704563492063492,0.0752380952380952,0.0,0.3846744974756966,10846021.14787252,0.058943545648498,0.097797619047619,0.269484126984127,0.0001287264182502
fully_optimized,5.0,4x,4.0,27,51233703.048645824,5606097.058733993,13219100.680366792,74184141.04926194,8906668.491811588,83090809.54107404,199390402.386025,48870.196663241426,261366.06504763072,633226.3802312291,894592.4452788598,119.61057487036892,1061551.506884126,0.083015873015873,0.0879166666666666,0.0,0.3965070485703407,15308308.742928345,0.0607259024386177,0.0750396825396825,0.1949404761904762,0.0002687103899999
fully_optimized,5.0,4x,4.0,28,46017610.61904494,4072928.591879165,13377557.945658669,66631469.399584144,6470852.070278215,73102321.46986277,201780493.71307775,49456.00336104847,236185.6933195407,460050.1564912876,696235.8498108282,121.04434597570018,1172064.5651381044,0.0890277777777777,0.0948809523809523,0.0,0.4201632712531017,14773241.960973976,0.0634874123007374,0.040079365079365,0.1775595238095238,0.0002806053280975
fully_optimized,5.0,4x,4.0,29,47868379.914464414,4471401.818175819,13320919.31136193,69311301.66411215,7103925.114198693,76415226.7783115,200926184.45587635,49246.6138372246,246442.2997377926,505058.9667318778,751501.2664696705,120.53186182326289,577313.7042836507,0.0913888888888889,0.097063492063492,0.0,0.4200285806442415,16925019.76994034,0.0635158305607319,0.0522222222222222,0.1988095238095238,0.0001495809985721
fully_optimized,5.0,4x,4.0,30,47913535.95952434,4878283.418974535,13315502.800031396,69376685.62460348,7750356.935796626,77127042.5604002,200844484.46736744,49226.58933023712,247401.36321115747,551017.5294462099,798418.8926573674,120.48285152750384,565109.9041640959,0.086329365079365,0.0923214285714285,0.0,0.4188385519915278,13790968.059856646,0.0633445955885071,0.0544444444444444,0.2548015873015873,0.0001461431591953
fully_optimized,5.0,4x,4.0,31,65699431.406082414,8314406.701917113,12873679.02964064,95129877.33206488,13209486.640032567,108339363.97209775,194180232.3754902,47593.19420967896,322380.5508019041,939138.5137406453,1261519.0645425494,116.48509128301993,847586.4116857395,0.0720436507936508,0.0770039682539682,0.0,0.3913771942168834,13783233.38855815,0.0597188232366127,0.1692857142857143,0.4528769841269841,0.0002117537475448
fully_optimized,5.0,5x,5.0,0,47483844.897132024,3682754.711637155,13409371.142634915,68754511.92870966,5850964.585443109,74605476.51415303,202260348.30376703,49573.61478033506,246547.2032165575,415978.783616731,662525.9868332886,121.33220177397182,512580.3953943648,0.0771626984126984,0.0822222222222222,0.0,0.3834653239729508,14077148.01883903,0.0592457426805305,0.0197023809523809,0.0760515873015873,0.000135789392755
fully_optimized,5.0,5x,5.0,1,47425584.673019506,4503325.096992897,13414130.70620169,68670153.69524439,7154643.119723027,75824796.81496662,202332139.21584904,49591.21059211986,245247.22521665727,508664.8019642446,753912.0271809018,121.37526780002842,546682.21220037,0.0797222222222222,0.0846626984126984,0.0,0.3935511295713002,15522456.938832352,0.0605790922409856,0.022579365079365,0.0501388888888888,0.0001467954969493
fully_optimized,5.0,5x,5.0,2,53231695.70962575,4356772.707870556,13327696.720881082,77077146.25009145,6921808.48755019,83998954.73764117,201028411.5622386,49271.66950054867,270220.29900968005,492111.2464503243,762331.5454600044,120.59318595327616,510170.78714022046,0.0754365079365079,0.0809722222222222,0.0,0.3896187140349608,12403896.80349595,0.059738497518443,0.04625,0.1500793650793651,0.0001347981636074
fully_optimized,5.0,5x,5.0,3,50670336.296688214,4896607.795251552,13266835.470843129,73368410.85404137,7779469.729083695,81147880.58312403,200110410.4494367,49046.66922780311,260187.58120755895,553087.3256588554,813274.9068664144,120.04249424735696,2794088.212816589,0.0803571428571428,0.0852182539682539,0.0,0.3971761998141881,12772750.770292364,0.0609128097151184,0.0562698412698412,0.1007539682539682,0.0006591770283284
fully_optimized,5.0,5x,5.0,4,42409869.197501466,3361460.864239783,13440640.546902746,61407619.03235763,5340510.029047464,66748129.06140508,202732000.59313813,49689.215831651505,222235.62746840945,379687.6281396712,601923.2556080807,121.6151371650213,703148.2769022073,0.0925198412698412,0.0984523809523809,0.0,0.4231116909148777,17298787.73516827,0.0639575388052695,0.0198214285714285,0.0316666666666666,0.0001817016868972
fully_optimized,5.0,5x,5.0,5,53420628.85949339,5089835.999112644,13285612.679330545,77350713.11339892,8086460.410305825,85437173.523705,200393636.61183,49116.08740486029,270708.23653301265,574913.061961247,845621.2984942596,120.21239632738089,570524.7462868198,0.0861507936507936,0.0921031746031746,0.0,0.4111961918800706,15049876.370188218,0.0625118556914017,0.0654365079365079,0.1658333333333333,0.0001514858992161
fully_optimized,5.0,5x,5.0,6,50739372.06301628,4941214.490728488,13357561.16408184,73468371.59710728,7850338.471626888,81318710.0687344,201478872.11101288,49382.07649779727,261231.69803815143,558125.792887483,819357.4909256345,120.8634088153124,318433.5561490861,0.0948214285714285,0.0997420634920634,0.0,0.4034254495915743,21327472.374128465,0.0617873847531577,0.0447023809523809,0.1493650793650793,8.384916542608736e-05
fully_optimized,5.0,5x,5.0,7,49417359.2765444,6082369.761167446,13258217.936518053,71554155.42328395,9663345.20072883,81217500.62401241,199980427.80703068,49014.81073701733,253176.8174148217,687022.8871780758,940199.7045928976,119.96452009014928,314356.4508315421,0.0758928571428571,0.0811309523809523,0.0,0.3847952860483599,12815485.39913216,0.0591849446344241,0.0486309523809523,0.1394642857142857,8.408326906865455e-05
fully_optimized,5.0,5x,5.0,8,52825206.90292331,5356193.884559542,13161674.949162949,76488568.39651114,8509635.63560098,84998204.0321114,198524220.94684097,48657.89729089239,270373.6397848455,604999.0269169933,875372.6667018388,119.0909688179057,686129.4278947868,0.0819047619047619,0.0869642857142857,0.0,0.3938501491644683,16618451.01139442,0.0602731160756115,0.0766071428571428,0.1293253968253968,0.0001852237487965
fully_optimized,5.0,5x,5.0,9,50934723.82596712,5117570.023558266,13398429.103441954,73751232.32890308,8130522.751555635,81881755.08045849,202095303.97508645,49533.16273899178,261813.12172761204,578045.7076726846,839858.8294002966,121.23319476663173,1146791.564620667,0.0843452380952381,0.0888095238095238,0.0,0.3890493911668829,18104948.57203127,0.0600912128907459,0.0293055555555555,0.0624007936507936,0.0002886349903557
fully_optimized,5.0,5x,5.0,10,46074128.34081528,5571743.540975356,13371622.54661869,66713304.56655587,8852089.452062868,75565394.01861943,201690967.0779788,49434.06055832814,239337.76329121977,629346.0418299129,868683.8051211326,120.99064062096772,408399.48362889,0.0832936507936508,0.0881150793650793,0.0,0.3930418620640301,14610962.872937428,0.060645782817408,0.0331150793650793,0.1191071428571428,0.0001075211290963
fully_optimized,5.0,5x,5.0,11,47648027.58025371,3820245.9771501934,13422292.67344614,68992241.20841824,6069403.3869149005,75061644.595332,202455250.30884033,49621.384879617726,247957.3889139529,431508.8565823056,679466.2454962584,121.449119843203,448239.6305336208,0.0763888888888889,0.0821230158730158,0.0,0.3880605096894181,12067796.822561814,0.0598886407998452,0.0214484126984127,0.0814285714285714,0.0001192271963238
fully_optimized,5.0,5x,5.0,12,46949311.082424216,3687971.7670217673,13407975.421963776,67980530.55421789,5859253.16523883,73839783.71945639,202239295.9407539,49568.45488743969,243041.3318801181,416568.0665103471,659609.3983904652,121.31957285496549,364616.48130770266,0.0766865079365079,0.0823611111111111,0.0,0.3926394048970038,13110378.076138413,0.0604589250322167,0.0229365079365079,0.0728174603174603,9.651324549862488e-05
fully_optimized,5.0,5x,5.0,13,45358902.21850587,4415426.649527492,13391985.530894293,65677688.70468621,7014994.746832492,72692683.45151971,201998112.301149,49509.34125028162,236059.30015346012,498736.3945297446,734795.6946832046,121.17489129839474,974107.3732931638,0.0845833333333333,0.0904761904761904,0.0,0.4188843589761984,12829100.623646991,0.0635015343671003,0.0323611111111111,0.0626190476190476,0.0002443868351724
fully_optimized,5.0,5x,5.0,14,46299762.695064485,4008905.617664097,13416239.487285476,67040013.15416891,6369135.777959372,73409148.9321287,202363947.03084287,49599.00662520659,240100.2823302957,452818.5592161951,692918.8415464908,121.3943487136093,525672.0897396076,0.0857142857142857,0.0905555555555555,0.0,0.4021492513877299,17744986.214403257,0.061372854069951,0.0197023809523809,0.0378968253968253,0.0001375630168169
fully_optimized,5.0,5x,5.0,15,49949638.79375892,4778736.962740295,13321112.608930642,72324872.6744884,7592202.8268106,79917075.50129889,200929100.06117505,49247.328446366424,256336.07227470583,539773.4426090317,796109.5148837375,120.5336108403755,487890.99698178354,0.0947420634920634,0.1007539682539682,0.0,0.4181776645570681,18921096.07893835,0.0635411183255254,0.052063492063492,0.1304166666666666,0.0001302986968179
fully_optimized,5.0,5x,5.0,16,41597150.1776734,3569837.840099679,13439601.530658046,60230837.7572831,5671568.272575147,65902406.02985883,202716328.5839622,49685.37465293191,220874.73606579177,403224.46611533937,624099.2021811311,121.60573581969837,657778.0688268556,0.0870436507936508,0.0921428571428571,0.0,0.4031001958757204,14805352.657761604,0.0616577232517572,0.0126190476190476,0.0352579365079365,0.0001691758349577
fully_optimized,5.0,5x,5.0,17,47136209.8889293,4200618.963892375,13369060.488371208,68251151.77811421,6673719.734038138,74924871.5121524,201652322.2535496,49424.588787634704,241506.5195948167,474473.187561421,715979.7071562377,120.9674583132416,1566398.209345651,0.0905357142857142,0.0967261904761904,0.0,0.4278120618861483,14389635.235446855,0.0646164948201372,0.0467261904761904,0.1061706349206349,0.0003761785787466
fully_optimized,5.0,5x,5.0,18,48599866.70635437,4205769.900509714,13352646.39067235,70370462.25794508,6681903.26785728,77052365.52580266,201404740.09012607,49363.90688483482,249806.1970113012,475055.0021313127,724861.1991426139,120.81893840184983,713662.4766444141,0.0772619047619047,0.0828769841269841,0.0,0.4028872660365649,12919416.36890412,0.0613233791570914,0.0417857142857142,0.1020833333333333,0.0001845540779398
fully_optimized,5.0,5x,5.0,19,47684568.57466043,3779777.0509500904,13385613.695827968,69045150.95574872,6005108.511869426,75050259.46761872,201902002.68003345,49485.784970596425,243946.92050963605,426937.7634704565,670884.6839800926,121.11723693341706,1446555.279385324,0.0826984126984127,0.0877380952380952,0.0,0.3990985710841827,16903999.40003041,0.0611234179259353,0.0312103174603174,0.0511904761904761,0.0003439542261884
fully_optimized,5.0,5x,5.0,20,52117589.5470241,4941776.9952746015,13256134.421748146,75463969.6926242,7851232.148897433,83315201.84152189,199949001.0966653,49007.10811192776,265674.6496131066,558189.3295536997,823863.9791668063,119.9456677941104,1378691.4351965904,0.083313492063492,0.0891468253968253,0.0,0.4040111739698857,15019512.54910677,0.061955197200602,0.0669444444444444,0.111031746031746,0.0003603494790545
fully_optimized,5.0,5x,5.0,21,49588104.241817944,5070835.394118292,13349462.737947913,71801386.59795173,8056273.260840794,79857659.85879244,201356719.44082803,49352.137117850005,254440.62520504984,572766.8835778328,827207.5087828827,120.7901317120621,583450.1295809472,0.0812896825396825,0.0869642857142857,0.0,0.3979249174371414,13174989.25666638,0.0612882230837706,0.0423015873015873,0.1034523809523809,0.0001559519128543
fully_optimized,5.0,5x,5.0,22,47288691.90533435,4288567.109073876,13423658.319755612,68471939.00877154,6813447.064013868,75285386.07278597,202475849.04500267,49626.43358946144,245153.75374060016,484407.20851001824,729560.9622506184,121.46147663994196,628355.8277952428,0.086329365079365,0.091845238095238,0.0,0.413935832506021,13092690.618467478,0.0627041453459811,0.0231547619047619,0.0534722222222222,0.0001668040528923
fully_optimized,5.0,5x,5.0,23,46301595.81052833,4332319.866634756,13385344.735760896,67042667.42446408,6882959.115466875,73925626.53993197,201897945.81887963,49484.79064188226,240765.33658713897,489349.22075225133,730114.5573393903,121.11480329825224,737664.7084705377,0.0814484126984127,0.0869642857142857,0.0,0.3994935587655859,11896460.826360166,0.0611687506025469,0.0286904761904761,0.0691666666666666,0.0001924803295787
fully_optimized,5.0,5x,5.0,24,45164987.322879225,4209998.276085091,13403890.0509762,65396908.49336603,6688621.085817675,72085529.57918371,202177674.2173946,49553.35152387122,234235.8878024762,475532.61051586294,709768.4983183391,121.2826071351148,940703.468986383,0.0844246031746031,0.089563492063492,0.0,0.4001846288906581,15915904.724878462,0.0616113444340145,0.0262301587301587,0.0404960317460317,0.0002472209052164
fully_optimized,5.0,5x,5.0,25,47987366.47979107,4537131.390826221,13372670.301603004,69483588.95977809,7208352.759238015,76691941.71901534,201706770.8979971,49437.934043626745,247680.795358287,512483.3296937561,760164.1250520431,121.00012103715082,510247.9131128355,0.0854563492063492,0.0906547619047619,0.0,0.3966840460969999,15545104.084340893,0.061018763168942,0.0361706349206349,0.0671626984126984,0.0001342083039584
fully_optimized,5.0,5x,5.0,26,50481203.79440236,5432983.622236098,13362351.930671357,73094555.33722997,8631635.081898943,81726190.4191288,201551133.6741244,49399.78766522658,257952.0968452528,613672.6704729992,871624.767318252,120.90675717612304,499627.9770018876,0.0725,0.0773809523809523,0.0,0.3866313904420459,11175110.062162114,0.0594999758596811,0.0369246031746031,0.099265873015873,0.0001333573530788
fully_optimized,5.0,5x,5.0,27,46523911.57760535,4382083.382372934,13404429.724455362,67364570.8443014,6962020.739449318,74326591.58375168,202185814.38629347,49555.346663307224,240962.1528157148,494970.16712694406,735932.3199426589,121.28749027026016,1077295.511983333,0.084265873015873,0.0891666666666666,0.0,0.3988579520250793,15009919.885597255,0.0611107244646673,0.0235912698412698,0.0624007936507936,0.0002729924259661
fully_optimized,5.0,5x,5.0,28,43513802.59873925,3522611.322472108,13422450.207383905,63006065.88029821,5596537.296100044,68602603.17639805,202457626.47315055,49621.96727283102,225398.89059151217,397890.0816951406,623288.9722866528,121.4505452597513,1187583.8169039898,0.0892261904761904,0.0950595238095238,0.0,0.4206588809163361,14576778.64421468,0.0636138520003237,0.0240079365079365,0.0183928571428571,0.0002847556030321
fully_optimized,5.0,5x,5.0,29,44912215.833956055,3811451.28001062,13417599.49738405,65030906.53231809,6055430.840402159,71086337.3727212,202384460.75316888,49604.03449832571,233706.06852396845,430515.46774572704,664221.5362696955,121.40665451213714,594953.130315414,0.0909325396825396,0.09625,0.0,0.4193383795529349,16533367.30969678,0.0635328637158848,0.0260119047619047,0.0396428571428571,0.0001541845901851
fully_optimized,5.0,5x,5.0,30,43699273.15236024,3887831.7029244783,13411875.71127588,63274619.057045616,6176779.989200482,69451399.04624683,202298125.9832904,49582.87401551235,229050.68742475065,439142.87790569226,668193.5653304429,121.3548638976798,587338.0370013546,0.0870436507936508,0.0928174603174603,0.0,0.4191323183431829,13768021.606592895,0.0634769863305615,0.0262698412698412,0.0421230158730158,0.0001520623658129
fully_optimized,5.0,5x,5.0,31,55374556.07825949,5725566.145069344,13293434.2031661,80179913.49853191,9096474.614656154,89276388.11318763,200511612.62415817,49145.00309415642,277403.2477248516,646720.7911015878,924124.0388264394,120.28316793166388,892123.7304158998,0.0779365079365079,0.0828571428571428,0.0,0.395647032453253,14555172.765583264,0.0605111020969463,0.0564087301587301,0.1689682539682539,0.0002233976689381
fully_optimized,5.0,unrestricted,inf,0,46569111.46727152,3521197.4222644996,13418362.795273531,67430018.28984755,5594290.966737921,73024309.25658579,202395973.96250793,49606.85636335979,242467.19473647609,397730.3771982166,640197.5719346927,121.41356107118494,515801.87527531746,0.0768849206349206,0.0820436507936508,0.0,0.3831308263903306,13912017.032536663,0.0592481438245471,0.015595238095238,0.0,0.0001366779397362
fully_optimized,5.0,unrestricted,inf,1,47272847.77554333,4470859.212871062,13415383.638084818,68448997.40804325,7103063.051783197,75552060.4598254,202351037.82312763,49595.84260370775,244572.06031661067,504997.6777478617,749569.7380644723,121.38660472123324,547695.8851964016,0.0798809523809523,0.0847420634920635,0.0,0.3935874009667715,15532928.086619038,0.0605881954049196,0.0219047619047619,0.0,0.0001470749052551
fully_optimized,5.0,unrestricted,inf,2,49955343.82564481,3721571.843378214,13404114.45051585,72333133.30889302,5912635.17740719,78245768.48630087,202181058.94950932,49554.181115075815,255762.75988853205,420363.301324118,676126.06121265,121.28463757263424,517930.6526957717,0.0764484126984127,0.081765873015873,0.0,0.3906583209389608,11841852.968521511,0.0599648140872156,0.0223015873015873,0.0,0.0001369394225445
fully_optimized,5.0,unrestricted,inf,3,48070888.930964015,4144068.775196319,13414411.949293118,69604525.7831941,6583875.805438903,76188401.58863258,202336381.34808812,49592.25033041376,249022.9629789214,468085.6650276098,717108.6280065312,121.37781257585377,2797650.3165665423,0.0812698412698412,0.0862896825396825,0.0,0.3989170209051423,12813965.512007693,0.0611660888926228,0.0201587301587301,0.0,0.0006601931623198
fully_optimized,5.0,unrestricted,inf,4,42189540.57731544,3315509.8843170274,13442449.954284998,61088592.91352463,5267505.558957481,66356098.47248186,202759292.80270267,49695.90509870163,221262.8034996006,374497.3197344265,595760.1232340271,121.63150925132248,706713.7745212212,0.0920238095238095,0.0979365079365079,0.0,0.4230039517698847,16946551.983478766,0.0639460720690792,0.0187896825396825,0.0,0.0001826226318822
fully_optimized,5.0,unrestricted,inf,5,50113746.14500328,4350448.313943587,13398693.545382071,72562492.87696275,6911760.627242202,79474253.50420523,202099292.68703112,49534.14036446841,256323.17903469337,491396.88616872847,747720.0652034217,121.23558752036,577224.6696003117,0.0876388888888888,0.0938095238095238,0.0,0.4124404279692216,14898542.660944624,0.0627560146373271,0.0314682539682539,0.0,0.0001533941247439
fully_optimized,5.0,unrestricted,inf,6,47854734.131974205,4276253.137763533,13429790.429885557,69291543.17326035,6793883.282093888,76085426.45535444,202568342.77326727,49649.10362089884,248435.34224189763,483016.306533576,731451.6487754736,121.51696189839592,324940.45749828976,0.0949404761904761,0.0993849206349206,0.0,0.4030439976489405,21267368.909740508,0.0618230068535358,0.0199007936507936,0.0,8.565668463905077e-05
fully_optimized,5.0,unrestricted,inf,7,46886260.4463124,5359266.253454741,13392166.457191993,67889236.01557969,8514516.851703176,76403752.86728218,202000841.30428436,49510.01012359911,242860.77196906408,605346.0606935868,848206.8326626508,121.17652837635806,321070.60247838934,0.0769047619047619,0.0819246031746031,0.0,0.3836329596540846,12181017.090547774,0.059214959533464,0.0225992063492063,0.0,8.592685367464336e-05
fully_optimized,5.0,unrestricted,inf,8,49032921.63774167,4323738.828358047,13416251.172776133,70997506.68769544,6869326.018778472,77866832.70647317,202364123.2890275,49599.04982574204,254116.70605457167,488379.9653594784,742496.67141405,121.3944544475992,690419.8965456067,0.0840873015873015,0.0888888888888888,0.0,0.3952534478323684,16877311.210581876,0.0605705673982169,0.0198412698412698,0.0,0.0001864796645071
fully_optimized,5.0,unrestricted,inf,9,50704570.074658275,5077842.602965594,13399962.92294917,73417979.85379098,8067405.941135317,81485385.79492645,202118439.35291,49538.83317473285,260788.79448260463,573558.369962641,834347.1644452456,121.24707324728176,1152236.4443230473,0.0841666666666666,0.088531746031746,0.0,0.3892440277279824,17672447.64662617,0.0601019253246883,0.0285714285714285,0.0,0.0002899534687734
fully_optimized,5.0,unrestricted,inf,10,44376156.6237824,5003237.840423178,13408447.959432509,64254716.45250867,7948877.866984391,72203594.31949313,202246423.46313763,49570.2018292004,231901.9988486831,565131.5262534076,797033.5251020908,121.32384852239736,413202.38815268973,0.083829365079365,0.0888095238095238,0.0,0.3932213156659776,14519615.296473645,0.0607219130141089,0.0208333333333333,0.0,0.0001088332213428
fully_optimized,5.0,unrestricted,inf,11,46691546.46432144,3610477.633976748,13429464.49806729,67607298.76246761,5736134.613087319,73343433.3755543,202563426.57828915,49647.898671149305,243729.3424816809,407814.8592713101,651544.201752991,121.5140127649348,454495.01678360975,0.0759126984126984,0.0816666666666666,0.0,0.3878315557900436,11866671.684547417,0.0598728880708348,0.0168650793650793,0.0,0.0001208710095898
fully_optimized,5.0,unrestricted,inf,12,46280736.25568549,3557169.747012919,13418151.371004004,67012463.7095925,5651441.880833305,72663905.59042549,202392784.9429826,49606.07474092711,240142.02507214577,401793.5649650884,641935.5900372341,121.41164803798912,366805.3657719749,0.0767857142857142,0.0826190476190476,0.0,0.3927883330727411,13083545.706678435,0.0605017608033145,0.0196825396825396,0.0,9.711768032805286e-05
fully_optimized,5.0,unrestricted,inf,13,44119596.017707,4122457.167371363,13430748.905060878,63883228.01704053,6549540.433707942,70432768.45074946,202582799.9406319,49652.647044272526,230616.0128408968,465644.56562269427,696260.578463591,121.5256344828272,976418.2211304656,0.0847420634920635,0.0907142857142857,0.0,0.419050584549305,12826802.06158457,0.0635526753167661,0.0208333333333333,0.0,0.0002450372470375
fully_optimized,5.0,unrestricted,inf,14,46123713.89191381,3969504.6462222254,13423922.660220385,66785102.25631485,6306537.612566971,73091639.86888243,202479836.22634497,49627.410839790435,239342.23762168773,448368.0949694407,687710.3325911284,121.4638684754905,526713.1454538931,0.0861309523809523,0.0909126984126984,0.0,0.4025083637141149,17649791.228767104,0.0614196378494202,0.0188095238095238,0.0,0.0001378498440129
fully_optimized,5.0,unrestricted,inf,15,47250722.67335807,4147732.995834454,13419789.243998978,68416961.23646855,6589697.324075298,75006658.56054394,202417489.8123499,49612.12985596811,244547.97287792343,468499.5503290495,713047.523206973,121.42646802727523,495744.2867238448,0.0955555555555555,0.1012103174603174,0.0,0.4185276003267208,18899801.103705388,0.0637061776761082,0.0267063492063492,0.0,0.0001324307370985
fully_optimized,5.0,unrestricted,inf,16,41289699.54989844,3505491.6210753503,13443514.46264826,59785662.81619259,5569338.426115666,65355001.24230915,202775349.32242897,49699.84052020317,219539.2012198615,395956.3573174616,615495.5585373231,121.6411412573363,659574.7130133635,0.0868849206349206,0.0919444444444444,0.0,0.4027804112189897,14716747.537885318,0.0616163141556769,0.0116865079365079,0.0,0.0001696566748065
fully_optimized,5.0,unrestricted,inf,17,45551151.78281705,3832109.017997189,13414746.72645127,65956057.5897532,6088250.754525881,72044308.3442792,202341430.96181583,49593.48798083722,234567.1366013462,432848.8245377969,667415.9611391431,121.38084174472858,1570503.918829778,0.0909126984126984,0.0969841269841269,0.0,0.4282236449589255,14344812.966300322,0.0646875699760183,0.0324603174603174,0.0,0.0003773287880399
fully_optimized,5.0,unrestricted,inf,18,46382855.29056934,3743286.543210895,13414362.347664207,67160327.56554845,5947134.336230756,73107461.90177967,202335633.1815544,49592.066956263334,240115.80640795213,422816.0452971168,662931.851705069,121.37736376473684,718719.5380929272,0.0774603174603174,0.0830952380952381,0.0,0.4024194570682572,12827680.075255122,0.0613576207653194,0.0227380952380952,0.0,0.0001859554433369
fully_optimized,5.0,unrestricted,inf,19,47291815.44722723,3694421.9275071626,13388297.43088898,68476461.75958835,5869500.83675804,74345962.5963471,201942482.81757417,49495.70657293484,242202.11606799503,417296.6325221885,659498.7485901836,121.14152021116834,1456035.3695638955,0.0826388888888888,0.0876388888888888,0.0,0.3984884982729782,16769884.023185674,0.0610843272421677,0.0293650793650793,0.0,0.0003461207102497
fully_optimized,5.0,unrestricted,inf,20,49230720.70090612,4185922.9949606135,13401037.526627678,71283911.00219934,6650371.56113471,77934282.56333393,202134648.14539513,49542.80591798901,253258.6416480235,472813.23142560065,726071.8730736242,121.25679659887692,1383185.1896212003,0.0868849206349206,0.0928571428571428,0.0,0.4058782823691702,16136389.005429788,0.0623713125063147,0.0309325396825396,0.0,0.0003616012868712
fully_optimized,5.0,unrestricted,inf,21,47608899.53278917,4619472.018526058,13408651.612352408,68935585.52242571,7339171.164029538,76274756.68645513,202249495.26345295,49570.95472143455,245850.78545976136,521783.96382086305,767634.7492806244,121.32569123798052,588003.2215452242,0.0820039682539682,0.0876190476190476,0.0,0.3966855470565703,13558337.502088943,0.0613223926163425,0.025079365079365,0.0,0.0001571795635133
fully_optimized,5.0,unrestricted,inf,22,46660034.62254165,4148184.81691221,13431120.432422131,67561671.00620176,6590415.153345003,74152086.1595471,202588403.8763177,49654.02055792101,242399.19189536688,468550.5849477124,710949.7768430794,121.52899617908189,630761.395434104,0.085813492063492,0.0914484126984127,0.0,0.414292106238114,12933335.561678773,0.0627307293156481,0.0198214285714285,0.0,0.0001674518337471
fully_optimized,5.0,unrestricted,inf,23,45351707.56461054,4114452.9555903734,13412685.561883816,65667271.16334864,6536823.768240974,72204094.93159017,202310341.3708952,49585.86798306254,236598.36004429928,464740.464605609,701338.8246499083,121.36219168034228,740104.6346411903,0.0817063492063492,0.0872023809523809,0.0,0.3998580754989035,12061957.852111116,0.061225494254872,0.0199007936507936,0.0,0.0001931452422248
fully_optimized,5.0,unrestricted,inf,24,44953775.524867766,4169447.670392,13407251.855305374,65091083.13071208,6624196.442743083,71715279.57345508,202228382.01773193,49565.779906306845,233318.3993670545,470952.2914471419,704270.6908141964,121.31302579657584,943297.2302165416,0.0845833333333333,0.0896031746031746,0.0,0.4001789138072203,15709680.643724548,0.0616134514677007,0.0252380952380952,0.0,0.0002479056937057
fully_optimized,5.0,unrestricted,inf,25,46826361.996602066,4233041.499351204,13414968.062289003,67802505.70374332,6725230.9319305895,74527736.6356732,202344769.48255548,49594.30624572438,242578.01649934417,478135.4154093187,720713.4319086629,121.38284446090802,512917.0394222961,0.0859325396825396,0.0910119047619047,0.0,0.3965350557846597,15686430.56573955,0.0610662782120706,0.0239285714285714,0.0,0.0001349483397737
fully_optimized,5.0,unrestricted,inf,26,47981806.27508072,4902432.372825694,13402094.886772867,69475538.02873082,7788723.507784592,77264261.53651516,202150596.84493223,49546.71491297359,246939.28557470004,553745.2301037854,800684.5156784854,121.26636392557492,504243.178251881,0.0730753968253968,0.0779761904761904,0.0,0.3871394024476067,11232308.297112929,0.0596527013090384,0.0225396825396825,0.0,0.0001346184209147
fully_optimized,5.0,unrestricted,inf,27,45699485.977644384,4198299.389195826,13413170.105231045,66170838.95781146,6670034.51727365,72840873.47508591,202317649.9840396,49587.65930981363,237296.01594937444,474211.1842686875,711507.200218062,121.36657598073614,1079694.050713492,0.0843452380952381,0.0893055555555555,0.0,0.3987596132930361,14967721.82482153,0.0611293121964791,0.0193849206349206,0.0,0.0002736569675008
fully_optimized,5.0,unrestricted,inf,28,43437976.89344195,3506467.847689018,13423909.205776025,62896273.60524848,5570889.402977156,68467163.00822581,202479633.286134,49627.36109954265,225073.2762973989,396066.62519873114,621139.90149613,121.46374673545182,1188089.0260309747,0.0892460317460317,0.0950992063492063,0.0,0.4208150210760568,14560803.080892742,0.0636278717140128,0.0236111111111111,0.0,0.0002848912998211
fully_optimized,5.0,unrestricted,inf,29,44325230.65934118,3680424.622282592,13435308.570646817,64180977.90338247,5847262.663549888,70028240.5669329,202651575.6900415,49669.50384559841,231164.223349461,415715.5926601445,646879.8160096054,121.56689176916387,596611.9659900214,0.0907341269841269,0.0962103174603174,0.0,0.4187777580407641,16675975.912344432,0.0634970414056334,0.0208333333333333,0.0,0.00015463211177
fully_optimized,5.0,unrestricted,inf,30,43003913.7392254,3721943.495744669,13438517.497511636,62267769.31333404,5913225.638897276,68180994.95223156,202699977.56202233,49681.36704951528,226058.80178068468,420405.28063347505,646464.0824141598,121.59592714731222,588807.7226759548,0.0868055555555555,0.0924801587301587,0.0,0.4187581631957936,13726744.052408531,0.0634789882193407,0.02,0.0,0.0001524586101186
fully_optimized,5.0,unrestricted,inf,31,52988899.290293485,5033465.475794569,13362211.995693112,76725587.74960847,7996901.924492407,84722489.67410058,201549022.96384436,49399.27033427558,267128.31963843317,568545.8331996911,835674.1528381243,120.90549100048489,900147.0956936775,0.0780753968253968,0.0829960317460317,0.0,0.3956134006136861,14366379.698864128,0.0605656254179791,0.0352777777777777,0.0,0.0002255969004556
