workload,data_limit,execution_target,data_target,target_ratio,n_replications,burn_in_blocks,measured_blocks,fast_block_length,daily_block_length,data_limit_hit_ci95,longest_data_limit_run,included_execution,included_execution_p05,included_execution_p95,execution_fill,execution_fill_p05,execution_fill_p95,data_limit_hit_fraction,data_limit_hit_fraction_p05,data_limit_hit_fraction_p95,data_offered_limit_pressure_fraction,data_offered_limit_pressure_fraction_p05,data_offered_limit_pressure_fraction_p95,data_cap_active_fraction,data_cap_active_fraction_p05,data_cap_active_fraction_p95,data_scale_determining_fraction,data_scale_determining_fraction_p05,data_scale_determining_fraction_p95,rationed_data,rationed_data_p05,rationed_data_p95,execution_floor_bounded_fraction,execution_floor_bounded_fraction_p05,execution_floor_bounded_fraction_p95,execution_mean_absolute_target_deviation,execution_mean_absolute_target_deviation_p05,execution_mean_absolute_target_deviation_p95,execution_mean_absolute_target_gap_gas,execution_mean_absolute_target_gap_gas_p05,execution_mean_absolute_target_gap_gas_p95,data_mean_absolute_target_deviation,data_mean_absolute_target_deviation_p05,data_mean_absolute_target_deviation_p95,data_mean_absolute_target_gap_gas,data_mean_absolute_target_gap_gas_p05,data_mean_absolute_target_gap_gas_p95,state_mean_absolute_target_deviation,state_mean_absolute_target_deviation_p05,state_mean_absolute_target_deviation_p95,state_mean_absolute_target_gap_gas,state_mean_absolute_target_gap_gas_p05,state_mean_absolute_target_gap_gas_p95,data_fee_sd,data_fee_sd_p05,data_fee_sd_p95,any_limit_hit_fraction,any_limit_hit_fraction_p05,any_limit_hit_fraction_p95,any_near_limit_fraction,any_near_limit_fraction_p05,any_near_limit_fraction_p95,total_base_fee_burn_eth_per_block,total_base_fee_burn_eth_per_block_p05,total_base_fee_burn_eth_per_block_p95,static_data_offered,static_data_included,bal_execution_data_offered,bal_execution_data_included,bal_state_data_offered,bal_state_data_included,bal_data_included,bal_share_included_data,execution_near_limit_fraction,execution_near_limit_fraction_p05,execution_near_limit_fraction_p95,execution_base_fee_burn_eth_per_block,execution_base_fee_burn_eth_per_block_p05,execution_base_fee_burn_eth_per_block_p95,execution_used,execution_utilisation,execution_limit_hit_fraction,execution_offered_limit_pressure_fraction,execution_cap_active_fraction,execution_scale_determining_fraction,execution_rationed,execution_fee_wei,execution_fee_sd,execution_price_sd,execution_price_p95,execution_price_p99,data_near_limit_fraction,data_near_limit_fraction_p05,data_near_limit_fraction_p95,data_base_fee_burn_eth_per_block,data_base_fee_burn_eth_per_block_p05,data_base_fee_burn_eth_per_block_p95,data_used,data_utilisation,data_rationed,data_floor_bounded_fraction,data_fee_wei,data_price_sd,data_price_p95,data_price_p99,state_near_limit_fraction,state_near_limit_fraction_p05,state_near_limit_fraction_p95,state_base_fee_burn_eth_per_block,state_base_fee_burn_eth_per_block_p05,state_base_fee_burn_eth_per_block_p95,state_used,state_utilisation,state_limit_hit_fraction,state_offered_limit_pressure_fraction,state_cap_active_fraction,state_scale_determining_fraction,state_rationed,state_floor_bounded_fraction,state_fee_wei,state_fee_sd,state_price_sd,state_price_p95,state_price_p99,fast_source_start_block,fast_source_end_block,fast_source_blocks,fast_shock_seed,daily_shock_seed
full_multiscale,90000000.0,150000000.0,22500000.0,0.25,32,7200,50400,3200,8,0.0001528864878791631,2.40625,143551413.97355402,134667841.34435126,147403042.9354832,0.9570094264903599,0.8977856089623418,0.9826869529032212,0.0013640873015873015,0.0007797619047619048,0.0021884920634920634,0.0013690476190476191,0.0007996031746031747,0.0021884920634920634,0.0013640873015873015,0.0007797619047619048,0.0021884920634920634,0.0013640873015873015,0.0007797619047619048,0.0021884920634920634,92710.44571090843,36153.41653583591,163527.69824759767,0.28809275793650796,0.1404543650793651,0.5258531746031745,0.31813509878913926,0.30182153175314785,0.3358729853156698,47720264.81837107,45273229.762972444,50380947.797350734,0.3681972566315672,0.35317873805232564,0.38348590266550775,8284438.2742102705,7946521.606177349,8628432.809973964,0.44814808622624813,0.4252929011527822,0.4712041439083134,33611106.46696864,31896967.586458657,35340310.793123476,0.029413806583360298,0.028422169133610474,0.030546875042651904,0.02123201884920635,0.011287698412698412,0.028311507936507937,0.025725446428571427,0.0139375,0.03472321428571429,0.0002465590030798748,0.00010778898632506473,0.0005004054806139215,14986051.825298373,14913551.824414985,7048954.533281219,7028986.681690225,556070.2000200605,555827.6067835351,7584814.28847376,0.3371273385105335,0.02423735119047619,0.012529761904761905,0.03283531746031746,3.231623461347604e-08,2.4919413278102634e-09,7.754972651089093e-08,143551413.97355402,0.9570094264903601,0.019867931547619046,0.019897693452380953,0.019897693452380953,0.019867931547619046,515931.5272641066,218.08446986607143,0.06697904095651938,0.03227313930968431,0.069375,0.10375000000000001,0.0014992559523809524,0.0009136904761904761,0.0022728174603174603,7.201353461135623e-07,2.2005669868323357e-07,2.083749106002973e-06,22498366.11288874,0.999927382795055,92710.44571090843,0.0,32286.983350694445,0.029413806583360298,0.06,0.10187500000000001,0.0,0.0,0.0,0.0002458065514991478,0.00010713948771859696,0.0004999978790329386,74997292.47281852,0.9999638996375804,0.0,0.0,0.0,0.0,31802.104894194938,0.0,3470583.825138269,0.15016142560354379,0.15012450354417212,0.27687500000000004,0.5359375000000001,24788193,25218797,430605,20260814,20260815
full_multiscale,90000000.0,150000000.0,29970000.0,0.333,32,7200,50400,3200,8,0.0003005834498819398,3.6875,149143070.9849671,146494190.4636777,150062534.4102816,0.9942871398997808,0.9766279364245181,1.000416896068544,0.007034350198412698,0.00581547619047619,0.008470238095238095,0.007073412698412699,0.005837301587301587,0.008500992063492063,0.007034350198412698,0.00581547619047619,0.008470238095238095,0.007034350198412698,0.00581547619047619,0.008470238095238095,271489.9979544251,166680.5883659293,424504.1017899062,0.03140500992063493,0.0,0.12203571428571422,0.3169839311402361,0.3007748422004702,0.3343826321882865,47547589.67103549,45116226.33007039,50157394.82824274,0.37754934625583764,0.3629295997440992,0.3929214796115732,11315153.90728746,10877000.104330696,11775856.743958838,0.4481055676039356,0.4251739232960489,0.4711085497299249,33607917.5702952,31888044.24720356,35333141.22974416,0.03963856833315771,0.038413451761008216,0.041038944737519185,0.031156994047619048,0.025632936507936507,0.03717460317460317,0.03701016865079365,0.030195436507936508,0.043823412698412695,0.0002445171496739823,0.00010707596059097178,0.0004972550945176268,22342601.017543443,22105337.946209222,7339828.599962033,7306569.761818288,556809.4254113819,555841.3369349227,7862411.098753211,0.26236241790989234,0.02947730654761905,0.023287698412698413,0.03582242063492063,1.0006337350441646e-07,3.24514269805515e-08,2.39707803055125e-07,149143070.9849671,0.9942871398997808,0.02412264384920635,0.024581473214285714,0.024581473214285714,0.02412264384920635,809176.0589036326,674.3772805059524,0.0517928289756196,0.04461219552346686,0.099375,0.12,0.007718253968253968,0.006463293650793651,0.009325396825396825,2.092632057895148e-07,5.58582102950553e-08,6.659026115187495e-07,29967749.04496248,0.9999248930584745,271489.9979544251,0.0,7066.477163938493,0.03963856833315771,0.08,0.14468750000000002,0.0,0.0,0.0,0.00024420782309468836,0.00010685628890788794,0.0004970770511486404,74997332.42925367,0.999964432390049,0.0,0.0,0.0,0.0,131140.43851965532,0.0,3448296.9815029763,0.15017613150283085,0.15016824842086238,0.27687500000000004,0.5365625,24788193,25218797,430605,20260814,20260815
full_multiscale,90000000.0,150000000.0,36000000.0,0.4,32,7200,50400,3200,8,0.0005902351047984435,5.46875,149648020.8165947,148532539.32236168,150092498.16649535,0.9976534721106314,0.9902169288157444,1.0006166544433024,0.019031498015873016,0.01695734126984127,0.021706349206349205,0.01917720734126984,0.017038690476190475,0.02185218253968254,0.019031498015873016,0.01695734126984127,0.021706349206349205,0.019031498015873016,0.01695734126984127,0.021706349206349205,625505.8296051484,455952.8154270425,877826.2568866762,0.013171502976190477,0.0,0.051365079365079364,0.3152167843831821,0.2991438855280882,0.3320947763020729,47282517.65747727,44871582.82921303,49814216.44531128,0.37976412444746616,0.3650907423644034,0.395388652070615,13671508.480108768,13143266.725118544,14233991.474542052,0.4478992527657989,0.424708394481765,0.47092846323310283,33592443.95743492,31853129.586132277,35319634.742482856,0.04699432075028857,0.04554958816473602,0.04849249995888469,0.04197854662698412,0.036378968253968254,0.04847619047619048,0.04824404761904762,0.04187400793650794,0.055267857142857146,0.00024218865885228193,0.00010623310355145635,0.0004930032013440221,28675598.708277132,28107884.743702594,7389056.143722389,7333804.308012077,558444.0581455465,555904.0288252395,7889708.336837316,0.21917321858672947,0.0283203125,0.02315873015873016,0.0342093253968254,1.1210552217191723e-07,4.288867959715949e-08,2.6082017193019815e-07,149648020.8165947,0.9976534721106313,0.02294704861111111,0.02583953373015873,0.02583953373015873,0.02294704861111111,1305265.87623154,755.310193452381,0.04965215933682799,0.04712127985233375,0.10375000000000001,0.12,0.02072854662698413,0.018555555555555554,0.023379960317460317,9.621989127889453e-08,2.3926306576953888e-08,3.1984980831179726e-07,35997593.08053993,0.9999331411261091,625505.8296051484,0.0,2711.383325892857,0.04699432075028852,0.1003125,0.15,0.0,0.0,0.0,0.00024198033343883116,0.00010610737589652917,0.0004928744395163619,74997319.60964864,0.9999642614619819,0.0,0.0,0.0,0.0,352436.6400757228,0.0,3417355.9037258187,0.15013393047273876,0.1501309685007517,0.27656250000000004,0.536875,24788193,25218797,430605,20260814,20260815
full_multiscale,90000000.0,150000000.0,45000000.0,0.5,32,7200,50400,3200,8,0.0012990861768176975,8.71875,149908973.37083483,149570394.3369808,150076621.96581894,0.9993931558055656,0.9971359622465386,1.0005108131054596,0.058262028769841274,0.05257440476190476,0.06490277777777777,0.05863095238095238,0.05285416666666667,0.06533928571428571,0.058262028769841274,0.05257440476190476,0.06490277777777777,0.058262028769841274,0.05257440476190476,0.06490277777777777,1868942.0128672752,1545830.4822578721,2307989.0750676375,0.004575272817460317,0.0,0.022922619047619046,0.31059178610363314,0.2955927109632348,0.32708583232097777,46588767.915545076,44338906.64448553,49062874.84814685,0.37164952751015407,0.357643605744282,0.387155538448492,16724228.737956945,16093962.258492645,17421999.230182055,0.44691301928675536,0.42315642205556975,0.4700075547384104,33518476.446506776,31736731.654167674,35250566.605380565,0.056442794456439765,0.05426189429571543,0.05880134459095285,0.07781994047619047,0.07015674603174604,0.08621329365079365,0.08533544146825398,0.07686309523809524,0.09438988095238095,0.00023603701661844865,0.00010348001616278284,0.00048318466456368403,38806948.22337874,37085389.23068569,7495067.851512319,7355967.992820841,564483.5324619933,556200.3709792193,7912168.36380006,0.17583550723138938,0.024037078373015875,0.018841269841269843,0.03039484126984127,1.065714690289633e-07,4.5253779984900115e-08,2.399733840014563e-07,149908973.37083483,0.9993931558055655,0.019557911706349206,0.029862971230158727,0.029862971230158727,0.019557911706349206,3217152.5184042873,717.6268074156746,0.048059152950943526,0.047484931203716475,0.10375000000000001,0.12,0.06293030753968254,0.057152777777777775,0.07001884920634921,3.669539592747731e-08,8.399282400699793e-09,1.297723651940683e-07,44997557.5944857,0.9999457243219044,1868942.0128672752,1.736111111111111e-05,829.6736476934524,0.05644279445643967,0.12,0.13,0.0,0.0,0.0,0.00023589374975349224,0.00010340591082324887,0.0004830880545036217,74997259.68948637,0.9999634625264849,0.0,0.0,0.0,0.0,1171287.183176989,0.0,3332257.6986625744,0.14996572250429024,0.14996482686738682,0.275,0.5362500000000001,24788193,25218797,430605,20260814,20260815
full_multiscale,90000000.0,150000000.0,52470000.0,0.583,32,7200,50400,3200,8,0.0021587286773848448,11.40625,149975581.3093568,149829269.68745482,150056901.51220647,0.9998372087290452,0.9988617979163655,1.0003793434147097,0.1164608134920635,0.10717956349206349,0.12480853174603175,0.11691158234126983,0.1076329365079365,0.12537301587301586,0.1164608134920635,0.10717956349206349,0.12480853174603175,0.1164608134920635,0.10717956349206349,0.12480853174603175,4082889.1979898624,3511310.271013354,4771488.377259199,0.0015507192460317459,0.0,0.008876984126984124,0.3035438353716051,0.2902197429954386,0.318486651004727,45531575.30574077,43532961.44931571,47772997.650709145,0.3533438363675183,0.34090584859548245,0.3679059945339501,18539951.094205122,17887329.875806425,19304027.533197645,0.44467595098437357,0.420274093441561,0.46795437222003466,33350696.323827922,31520557.008117132,35096577.91650263,0.06526102210240314,0.059590809986676256,0.0727877940498864,0.13109188988095236,0.12035714285714286,0.1418154761904762,0.1396236359126984,0.12857242063492064,0.1511279761904762,0.00022561284624595036,9.872365993577276e-05,0.0004654425667949015,48307515.604334325,44537074.97899596,7666458.319920314,7372901.001399536,575598.276169157,556707.0220385287,7929608.023438064,0.151136065206756,0.017823040674603174,0.013892857142857143,0.021527777777777778,8.970984540400948e-08,3.971285144034088e-08,1.9883741100809523e-07,149975581.3093568,0.9998372087290454,0.01463107638888889,0.03734933035714286,0.03734933035714286,0.01463107638888889,6685133.17071619,603.5321236359127,0.046590345674992394,0.04649668133768556,0.1003125,0.12,0.12392857142857142,0.11405158730158729,0.13277281746031747,1.7160059994440002e-08,3.881275190783147e-09,6.329946668748065e-08,52466683.002434015,0.9999367829699641,4082889.1979898624,0.0006963045634920635,333.2656646825397,0.06526102210240305,0.1171875,0.16375,0.0,0.0,0.0,0.00022550597634055192,9.867118767140537e-05,0.0004653683586763628,74997141.63276306,0.9999618884368408,0.0,0.0,0.0,0.0,2678926.2317851875,0.0,3186619.9685298856,0.14960651271994413,0.14960613785395394,0.2728125,0.5340625,24788193,25218797,430605,20260814,20260815
full_multiscale,90000000.0,150000000.0,60030000.0,0.667,32,7200,50400,3200,8,0.003610621899589061,15.40625,149985361.5594001,149881787.2715253,150049446.14474586,0.9999024103960006,0.9992119151435019,1.0003296409649725,0.2006547619047619,0.18687003968253968,0.21755753968253969,0.20114087301587302,0.18732242063492063,0.2179623015873016,0.2006547619047619,0.18687003968253968,0.21755753968253969,0.2006547619047619,0.18687003968253968,0.21755753968253969,8265096.550879068,7234633.259744629,9343664.458101785,0.0011346726190476191,0.0,0.00814781746031746,0.2911689437321675,0.2798003387370436,0.30255309851053425,43675341.559825175,41970050.810557075,45382964.77657998,0.3230557523409424,0.31221512112411487,0.33588872168982,19393036.813026663,18742273.721080273,20163399.963040322,0.43992005240243703,0.41511227684083896,0.46316050598996134,32994003.930182785,31133420.76306286,34737037.94924714,0.08137885268945938,0.06720730011784527,0.09450635240253,0.21087239583333334,0.19593055555555555,0.2296845238095238,0.22174169146825395,0.20651785714285714,0.24107738095238093,0.0002080191044232682,9.062022963720102e-05,0.0004339621567991852,59696167.195701785,52060294.274633475,7985889.914162929,7395797.287738866,596727.858775791,557596.8553891556,7953394.143128022,0.13252633445496004,0.01226438492063492,0.009249007936507935,0.015809523809523808,6.57694004666725e-08,2.9270340504927844e-08,1.4272628001474365e-07,149985361.5594001,0.9999024103960007,0.010217633928571428,0.05016679067460317,0.05016679067460317,0.010217633928571428,13300967.779090546,441.91607514880957,0.04498473173352714,0.04471744339688667,0.09625,0.120625,0.2110187251984127,0.19724801587301588,0.22831845238095239,6.433497346296412e-09,1.8012233432376216e-09,2.2187539933866628e-08,60013688.417761594,0.9997282761579476,8265096.550879068,0.004578373015873016,109.07616629464286,0.08137885268945934,0.14968750000000003,0.2740625,0.0,0.0,0.0,0.00020794690152545523,9.058465792207266e-05,0.0004339125646794118,74997137.22775745,0.9999618297034327,0.0,0.0,0.0,0.0,5547461.957850773,0.0,2939715.26094618,0.14896441719277742,0.14896426340969093,0.2678125,0.531875,24788193,25218797,430605,20260814,20260815
full_multiscale,90000000.0,150000000.0,67500000.0,0.75,32,7200,50400,3200,8,0.0039450089230176795,19.4375,149963347.10969603,149769654.84895596,150044125.6015045,0.9997556473979735,0.9984643656597064,1.0002941706766968,0.31057229662698416,0.2930367063492063,0.32923214285714286,0.31123201884920637,0.2936736111111111,0.3299623015873016,0.31057229662698416,0.2930367063492063,0.32923214285714286,0.31057229662698416,0.2930367063492063,0.32923214285714286,15673093.249869812,13435711.413159443,18589910.71189597,0.00382874503968254,0.0,0.018641865079365078,0.27752939214131256,0.26691843974515095,0.2885207186545102,41629408.8211969,40037765.96177262,43278107.79817683,0.2805239213552041,0.2728747222958557,0.2886037553431763,18935364.691472426,18419043.754966844,19480753.485660233,0.4338236106132005,0.4093679901548918,0.45710684415481306,32536770.795989975,30702599.261616856,34283013.31161087,0.11039523624629201,0.0833655494759339,0.13437140371413972,0.3189626736111111,0.2994107142857143,0.34071031746031744,0.3332688492063492,0.3135456349206349,0.35436210317460315,0.00018425213249413463,7.92519588405884e-05,0.00039369913949903267,73909072.49072951,59417387.26018657,8530346.572966985,7423002.235430316,632788.6409242975,558724.9591341834,7981727.194564501,0.11842480808739848,0.00986235119047619,0.006380952380952381,0.014663690476190476,4.2122994120039674e-08,1.916260933371997e-08,8.776980259452625e-08,149963347.10969603,0.9997556473979735,0.008390376984126985,0.07075830853174603,0.07075830853174603,0.008390376984126985,24593874.70315077,282.7454476686508,0.04557896390895372,0.043992011073020976,0.09281249999999999,0.1221875,0.3246843998015873,0.30699107142857146,0.34247222222222223,1.8087507321585536e-09,7.847047535138309e-10,4.090057123365009e-09,67399114.45475104,0.9985053993296451,15673093.249869812,0.025243055555555553,27.099319816468252,0.11039523624629201,0.2234375,0.5378125,0.0,0.0,0.0,0.00018420820074928245,7.922938202103833e-05,0.00039366856052574053,74997383.45470598,0.9999651127294131,0.0,0.0,0.0,0.0,10435943.404135143,0.0,2606371.778549727,0.14886407352325012,0.14886401526098925,0.2640625,0.530625,24788193,25218797,430605,20260814,20260815
full_multiscale,90000000.0,150000000.0,77000000.0,0.8555555555555555,32,7200,50400,3200,8,0.005987639174547953,34.65625,149688450.0901357,148954805.05707696,150007157.3794333,0.9979230006009047,0.9930320337138464,1.0000477158628887,0.5103317212301588,0.48458333333333337,0.5407748015873016,0.5112344990079365,0.4851865079365079,0.5417380952380952,0.5103317212301588,0.48458333333333337,0.5407748015873016,0.5103317212301588,0.48458333333333337,0.5407748015873016,33045580.017883863,27866430.09998463,38765965.137938224,0.01343812003968254,0.000742063492063492,0.03414781746031746,0.2664906605202869,0.25375817781038656,0.27842971767129115,39973599.078043,38063726.67155798,41764457.65069375,0.20715698370764574,0.20150590316677075,0.21242143145578307,15951087.745492732,15515954.543844428,16356450.222100295,0.4262200791602758,0.3998534899801291,0.4496866727901846,31966505.937020667,29989011.748509694,33726500.45926366,0.134211715412615,0.10899369163339288,0.15394451438291476,0.5169264632936508,0.4898174603174603,0.5479117063492064,0.5343539186507937,0.508266865079365,0.5646755952380953,0.00014703358356650773,5.7957268600826064e-05,0.0003442523359711646,98576607.19477998,68009750.56215538,9773833.604550526,7449660.594790768,714739.3353939845,560188.9598945655,8009849.554685334,0.10536558390697064,0.007912326388888889,0.004849206349206349,0.011876984126984125,1.6016251897159857e-08,6.842461400959239e-09,3.141966713323206e-08,149688450.0901357,0.9979230006009047,0.006594742063492064,0.12451140873015873,0.12451140873015873,0.006594742063492064,50516356.02789892,107.39709697420635,0.053118131015157534,0.051375743629610185,0.1003125,0.165,0.5276915922619048,0.5027738095238096,0.5576230158730159,4.745400353433559e-10,1.9860484010549145e-10,9.980935204829984e-10,76019600.1168406,0.9872675339849428,33045580.017883863,0.12272569444444445,6.2193129960317455,0.134211715412615,0.3025,0.7000000000000001,0.0,0.0,0.0,0.00014701709277457523,5.7948665002265394e-05,0.00034424116760093727,74997295.35531107,0.9999639380708142,0.0,0.0,0.0,0.0,21524986.00691292,0.0,2085503.257471478,0.14998739895279156,0.1499873800594046,0.2584375,0.5340625,24788193,25218797,430605,20260814,20260815
full_multiscale,90000000.0,150000000.0,80000000.0,0.8888888888888888,32,7200,50400,3200,8,0.008924287664547446,40.625,149406609.08196738,148249947.66002136,149969823.0924272,0.996044060546449,0.9883329844001425,0.9997988206161812,0.5814136904761905,0.5463422619047619,0.6198829365079365,0.5823108878968254,0.5470902777777777,0.6206577380952382,0.5814136904761905,0.5463422619047619,0.6198829365079365,0.5814136904761905,0.5463422619047619,0.6198829365079365,41283298.77897646,33911480.91403163,48872902.689214505,0.021371527777777777,0.004200396825396825,0.04677083333333334,0.2660605619698132,0.25215834750996985,0.27834795751773195,39909084.29547191,37823752.12649547,41752193.62765954,0.17979568993123868,0.17153066579588516,0.18779473933284896,14383655.194499092,13722453.263670838,15023579.146627814,0.42453483224624766,0.3984150299764323,0.44788695339415635,31840112.418468546,29881127.248232752,33591521.504561655,0.12120448711401932,0.10163914288346282,0.13585128895716714,0.5873890128968253,0.5510267857142858,0.625547619047619,0.6040593998015873,0.5687688492063492,0.6416815476190476,0.00013360838759092505,4.974414840579831e-05,0.00033098919872651784,108329410.51161149,70170404.19133905,10378231.50843881,7447440.783693132,754040.4122218731,560538.6782633585,8007979.461956491,0.10243214412656791,0.0072811259920634915,0.0047390873015873015,0.010274801587301588,9.759626723587738e-09,4.286199240375111e-09,1.8886167229820392e-08,149406609.08196738,0.9960440605464492,0.005975322420634921,0.15489459325396826,0.15489459325396826,0.005975322420634921,63196998.27785654,65.43462921626984,0.058694012035970224,0.05711943428550565,0.10843749999999999,0.2046875,0.5980524553571429,0.563078373015873,0.6359017857142858,2.9485105317164445e-10,1.342148749494137e-10,6.195616106837107e-10,78178383.65329556,0.9772297956661945,41283298.77897646,0.17785404265873014,3.7294475446428574,0.12120448711401932,0.22562500000000002,0.681875,0.0,0.0,0.0,0.0001335983331131483,4.9737796117008934e-05,0.00033098173696596123,74997249.09809332,0.9999633213079109,0.0,0.0,0.0,0.0,26827627.822944574,0.0,1898263.738968874,0.15050193594078523,0.15050192243117833,0.2575,0.5346875,24788193,25218797,430605,20260814,20260815
full_multiscale,90000000.0,175000000.0,22500000.0,0.25,32,7200,50400,3200,8,0.0001551321742046256,2.40625,147370113.87628716,137519556.70668593,154810405.34481323,0.8421149364359267,0.7858260383239195,0.884630887684647,0.0013175843253968255,0.0007817460317460317,0.0021468253968253965,0.0013188244047619047,0.0007906746031746033,0.0021468253968253965,0.0013175843253968255,0.0007817460317460317,0.0021468253968253965,0.0013175843253968255,0.0007817460317460317,0.0021468253968253965,77683.90677991512,22175.301229184406,145827.10187770144,0.695758308531746,0.614531746031746,0.7807013888888888,0.3257515454947901,0.3072643512363143,0.346246109138759,57006520.4615882,53771261.466354944,60593069.099282645,0.36735786197216513,0.35213127357906865,0.3829543030322524,8265551.894373704,7922953.655529092,8616471.818225728,0.4481452476588855,0.4252900644394796,0.47120292687536913,33610893.574416384,31896754.83296116,35340219.5156525,0.02931184749552801,0.028247067413520448,0.030505081239684997,0.006681547619047619,0.0022678571428571426,0.012671626984126983,0.008519345238095239,0.002732142857142857,0.01573313492063492,0.00024654825435387653,0.00010778856587203463,0.0005004099912363041,14803780.87312223,14733214.029204823,7216264.719999727,7209384.248102941,556063.9143068383,555827.323341115,7765211.571444055,0.34514466519915493,0.007084573412698413,0.0013353174603174603,0.014432539682539679,4.970745767922653e-10,1.40579210950454e-10,2.009171471029277e-09,147370113.87628716,0.8421149364359266,0.005363963293650794,0.005372643849206349,0.005372643849206349,0.005363963293650794,173934.80574283213,3.0337047371031742,0.03501955920707668,0.02932844033227882,0.06,0.10093750000000001,0.001441592261904762,0.0009027777777777777,0.0022351190476190474,7.354300822513757e-07,2.2739678449388307e-07,2.0978517197867565e-06,22498425.60064893,0.9999300266955079,77683.90677991512,0.0,32971.53456039187,0.02931184749552801,0.06,0.10093750000000001,0.0,0.0,0.0,0.00024581232719704836,0.00010713960871298992,0.0005000101634502702,74997292.40078093,0.9999638986770791,0.0,0.0,0.0,0.0,30978.623095185718,0.0,3470664.0863392856,0.1501596676560171,0.15012208946525613,0.27687500000000004,0.5359375000000001,24788193,25218797,430605,20260814,20260815
full_multiscale,90000000.0,175000000.0,29970000.0,0.333,32,7200,50400,3200,8,0.000298948134132635,3.59375,169338646.4639055,159825141.54979047,173143837.77543566,0.9676494083651744,0.9132865231416599,0.9893933587167753,0.006206597222222222,0.00501984126984127,0.00766765873015873,0.006225818452380952,0.005030753968253968,0.0077073412698412695,0.006206597222222222,0.00501984126984127,0.00766765873015873,0.006206597222222222,0.00501984126984127,0.00766765873015873,245109.0377082558,148427.75801193155,389588.1197503606,0.22509424603174602,0.09988888888888889,0.4449365079365078,0.3181266686955623,0.30169055619920165,0.3361187710156504,55672167.02172346,52795847.334860675,58820784.927739404,0.3721235481324318,0.35688335045940256,0.3879441354586361,11152542.737528974,10695794.013268206,11626685.739695316,0.4481062329112927,0.425187824081226,0.47112445790954655,33607967.46834707,31889086.806092124,35334334.34321619,0.038967732245104955,0.03771096669468537,0.04036761698828094,0.027530381944444446,0.018342261904761906,0.034786706349206345,0.03268725198412698,0.02191170634920635,0.041416666666666664,0.00024463336094431666,0.0001070886766433832,0.0004976059916677876,21329529.782336924,21119297.409235097,8327061.562656002,8293039.769513909,556692.7995193237,555837.9280549894,8848877.697568897,0.2952758273078777,0.025967261904761903,0.01512202380952381,0.034453373015873014,1.5468290843995212e-08,1.745236325734685e-09,3.761440066018697e-08,169338646.4639055,0.9676494083651743,0.02132378472222222,0.021628224206349207,0.021628224206349207,0.02132378472222222,833208.733312025,89.46059089781745,0.06960481114789938,0.040876148111971766,0.08875,0.125,0.00683531746031746,0.00551984126984127,0.008276785714285714,2.2726217037993204e-07,6.583816021503618e-08,6.833087636173767e-07,29968175.106804006,0.9999391093361363,245109.0377082558,0.0,7672.123604910715,0.038967732245104955,0.08,0.13937500000000003,0.0,0.0,0.0,0.00024439063048309275,0.00010688456278598145,0.0004974788882734811,74997330.59724724,0.9999644079632966,0.0,0.0,0.0,0.0,115427.40054228836,0.0,3450828.4357496276,0.15017665122621637,0.15016813830270112,0.27687500000000004,0.5362500000000001,24788193,25218797,430605,20260814,20260815
full_multiscale,90000000.0,175000000.0,36000000.0,0.4,32,7200,50400,3200,8,0.0005597611932108798,5.21875,173360607.48680347,168946863.5042905,174978670.89444476,0.9906320427817342,0.9654106485959457,0.9998781193968271,0.01730964781746032,0.015156746031746032,0.01972718253968254,0.017472718253968254,0.015340277777777777,0.019914682539682538,0.01730964781746032,0.015156746031746032,0.01972718253968254,0.01730964781746032,0.015156746031746032,0.01972718253968254,567507.6301942344,412372.2840765126,803137.5627526096,0.05530505952380953,0.0058244047619047615,0.18661111111111106,0.3166300628445565,0.30061010668932203,0.33428945731925014,55410260.9977974,52606768.67063136,58500655.03086892,0.3744944618656113,0.35978617297980825,0.38998633612746,13481800.627162019,12952302.227272987,14039508.100588636,0.4478951120497254,0.424749501692069,0.47092362022869944,33592133.40372941,31856212.62690547,35319271.51715273,0.046287054971870814,0.04486078045019059,0.04778282037786732,0.04009610615079365,0.033303571428571425,0.047054563492063495,0.04618613591269842,0.038382936507936505,0.05381944444444445,0.00024244925646237366,0.00010630716745625836,0.0004935668167524906,27452554.385312114,26947512.906007998,8554604.8717921,8494434.931942008,558183.703542206,555887.4925021734,9050322.424444184,0.2514129625118906,0.027956349206349207,0.021376984126984126,0.03455456349206349,2.8730418999543798e-08,8.250328640122546e-09,6.969531653353701e-08,173360607.48680347,0.9906320427817341,0.022786458333333332,0.025198412698412696,0.025198412698412696,0.022786458333333332,1420847.9284948693,165.9782037450397,0.05883109401314303,0.04707841236665414,0.1015625,0.12406249999999999,0.018984374999999998,0.016822420634920635,0.02144642857142857,1.0432179811248617e-07,2.7706939207100437e-08,3.327408280048501e-07,35997835.33045222,0.9999398702903394,567507.6301942344,0.0,2938.7004327876984,0.04628705497187077,0.0990625,0.15,0.0,0.0,0.0,0.00024231620424526162,0.0001062073592050245,0.0004934953352209516,74997321.81991202,0.9999642909321602,0.0,0.0,0.0,0.0,317112.23856107274,0.0,3422011.890115327,0.15013296249166047,0.15012976255385457,0.27687500000000004,0.536875,24788193,25218797,430605,20260814,20260815
full_multiscale,90000000.0,175000000.0,45000000.0,0.5,32,7200,50400,3200,8,0.0012530332133745025,8.5,174435573.24074113,173015683.25819966,175083603.70534214,0.9967747042328066,0.9886610471897123,1.000477735459098,0.05556485615079365,0.04992361111111111,0.06207837301587302,0.055948040674603176,0.05022123015873016,0.06249702380952381,0.05556485615079365,0.04992361111111111,0.06207837301587302,0.05556485615079365,0.04992361111111111,0.06207837301587302,1740341.8550972755,1434490.3272353618,2156557.281114044,0.017923487103174603,0.0,0.06931051587301586,0.3114606975261648,0.29665131532031214,0.3283383730866777,54505622.06707884,51913980.18105511,57459215.290168725,0.3679981908909739,0.3540052728415406,0.38335900447166343,16559918.590093812,15930237.27786943,17251155.201224748,0.44685850431731544,0.4231555232947827,0.46994246225076464,33514387.823798653,31736664.247108683,35245684.6688075,0.05564968034296669,0.05363807071561704,0.05747998002868185,0.07489149305555555,0.06765972222222222,0.08344543650793651,0.08248945932539682,0.07442956349206349,0.09187996031746032,0.00023650189116746333,0.0001036733705532821,0.0004839715233075675,37463105.39887479,35883607.45018317,8710931.225221418,8557863.393935729,563935.8061282382,556159.731008274,9114023.124944001,0.20254451197663412,0.02389198908730159,0.01895138888888889,0.03052678571428571,3.262980538540886e-08,1.2395920938249776e-08,7.48780842842916e-08,174435573.24074113,0.9967747042328065,0.019326636904761905,0.029272693452380955,0.029272693452380955,0.019326636904761905,3537304.9926350918,188.35783110119047,0.05249887264177519,0.049445386960060095,0.10593750000000002,0.124375,0.06024119543650794,0.05444246031746031,0.06714880952380953,3.9302241945212587e-08,9.516782181412716e-09,1.3425596976947896e-07,44997630.57512717,0.9999473461139371,1740341.8550972755,4.340277777777778e-06,888.2821459573414,0.055649680342966606,0.12,0.128125,0.0,0.0,0.0,0.00023642995912013273,0.0001036284525550139,0.0004839297560620729,74997262.53251573,0.9999635004335431,0.0,0.0,0.0,0.0,1096959.922710545,0.0,3339693.9570176094,0.1499382128375413,0.14993725534307523,0.275,0.5365625,24788193,25218797,430605,20260814,20260815
full_multiscale,90000000.0,175000000.0,52470000.0,0.583,32,7200,50400,3200,8,0.002119927767060651,11.25,174707864.64884716,173737733.63823926,175060856.3458521,0.9983306551362697,0.9927870493613671,1.0003477505477265,0.11395337301587302,0.10478075396825397,0.12229464285714285,0.11452008928571429,0.105375,0.12302777777777778,0.11395337301587302,0.10478075396825397,0.12229464285714285,0.11395337301587302,0.10478075396825397,0.12229464285714285,3881189.2368808207,3336946.6674493905,4535484.36565547,0.011292162698412697,0.0,0.040777777777777774,0.30410679758452813,0.2908154637558005,0.3193537160979646,53218689.57729236,50892706.15726491,55886900.31714379,0.3508164872733426,0.3383527253509929,0.36521893165213243,18407341.087233678,17753367.49916795,19163037.343788717,0.4445286891767759,0.42016688304966743,0.46778541130658663,33339651.68825816,31512516.228725098,35083905.84799363,0.06382926398332149,0.05894313618291344,0.069618733994014,0.12838355654761907,0.11750396825396826,0.13889484126984128,0.13679935515873015,0.1257450396825397,0.14765376984126985,0.0002262925741767372,9.902306192931827e-05,0.00046670300111044106,46858155.60975028,43323855.264176205,8915443.760079455,8586703.219118323,574788.3735948072,556640.0232491795,9143343.242367502,0.17426779974210263,0.017618427579365076,0.013673611111111112,0.021517857142857144,2.8500992238758083e-08,1.2021727293672666e-08,6.246565385257356e-08,174707864.64884716,0.9983306551362695,0.014430183531746032,0.03657862103174603,0.03657862103174603,0.014430183531746032,7475449.814916434,164.3658159722222,0.051248382857840294,0.04951689332511479,0.10375000000000001,0.1278125,0.12132564484126984,0.11158234126984126,0.12996527777777778,1.8447643746018282e-08,4.35004599811916e-09,6.58343280428755e-08,52467198.506543785,0.9999466077100017,3881189.2368808207,0.0004966517857142858,358.1207719494048,0.0638292639833214,0.11624999999999999,0.15250000000000002,0.0,0.0,0.0,0.00022624562554075242,9.89964744795275e-05,0.0004666739685579087,74997144.27451041,0.9999619236601388,0.0,0.0,0.0,0.0,2568737.003068501,0.0,3196861.452589906,0.14954342278085328,0.14954302178721685,0.2728125,0.534375,24788193,25218797,430605,20260814,20260815
full_multiscale,90000000.0,175000000.0,60030000.0,0.667,32,7200,50400,3200,8,0.0035652574074248444,15.40625,174813233.14166063,174219502.2043225,175056449.40931773,0.9989327608094895,0.9955400125961285,1.0003225680532442,0.19812748015873016,0.1848263888888889,0.2145297619047619,0.19871527777777778,0.1853392857142857,0.2150109126984127,0.19812748015873016,0.1848263888888889,0.2145297619047619,0.19812748015873016,0.1848263888888889,0.2145297619047619,7968498.719517289,6987892.011485312,8991203.4712786,0.008113219246031745,0.0,0.03178075396825397,0.2914265808574682,0.28009097110792724,0.30294950539357246,50999651.650056854,49015919.94388736,53016163.44387521,0.3213704522636387,0.31054514562674823,0.3340793367144848,19291868.2493861,18642025.091973573,20054782.582970843,0.43964613326432567,0.41485412433343627,0.462901459146889,32973459.994824454,31114059.325007677,34717609.43601681,0.07839724643703513,0.06604915676059064,0.08898798580253416,0.20804253472222223,0.1933234126984127,0.22606051587301587,0.21915984623015872,0.20417857142857143,0.2380218253968254,0.00020882541157422275,9.098089151801288e-05,0.00043568047072609615,58104636.44108481,50842283.67715356,9285573.689905807,8617524.582431475,595598.3006059742,557501.4524942164,9175026.034925692,0.15287299745591731,0.011937003968253968,0.008800595238095238,0.015334325396825397,2.123636519657621e-08,9.460662836567803e-09,4.5307831150826134e-08,174813233.14166063,0.9989327608094893,0.009915054563492063,0.04924851190476191,0.04924851190476191,0.009915054563492063,15043251.534683563,122.31096788194444,0.05090364548223551,0.04929610528567611,0.10187500000000001,0.13593750000000002,0.2087934027777778,0.19520535714285714,0.22581349206349205,7.129095021754782e-09,2.0026290952516047e-09,2.398680114735011e-08,60017309.71207927,0.9997886009008707,7968498.719517289,0.003511284722222222,120.83958209325397,0.07839724643703508,0.14500000000000002,0.250625,0.0,0.0,0.0,0.00020879704611400442,9.096489501941877e-05,0.000435662080689787,74997130.71099153,0.9999617428132204,0.0,0.0,0.0,0.0,5393605.65701136,0.0,2951452.590417287,0.14883775251895326,0.14883758632733768,0.2678125,0.531875,24788193,25218797,430605,20260814,20260815
full_multiscale,90000000.0,175000000.0,67500000.0,0.75,32,7200,50400,3200,8,0.003925295924857898,19.25,174741662.33731246,174001363.37968367,175034978.85692722,0.9985237847846427,0.9942935050267638,1.0001998791824411,0.30867869543650794,0.29127579365079365,0.3270049603174603,0.30941220238095235,0.29191666666666666,0.3278740079365079,0.30867869543650794,0.29127579365079365,0.3270049603174603,0.30867869543650794,0.29127579365079365,0.3270049603174603,15270514.974812813,13120903.676132122,18050201.022740845,0.010904017857142857,0.0,0.03472718253968254,0.27703425979336593,0.26653212843370705,0.28797486530884775,48480995.46383914,46643122.475898705,50395601.4290482,0.27942205511225215,0.2716695147657186,0.28752499812911325,18860988.720073238,18337692.24668251,19407937.37371121,0.43335976789502717,0.4090905807646707,0.4565659764281116,32501982.59212696,30681793.557350174,34242448.23210819,0.10610298396807438,0.08061196345615283,0.1290801851192362,0.31655009920634924,0.2973363095238095,0.33741468253968254,0.3309368799603174,0.31199801587301584,0.35125099206349203,0.00018487069064859388,7.965003834722974e-05,0.00039484554273626815,72154720.9242933,58215952.75285585,9905462.10464767,8646498.883368816,631391.4728704724,558607.8907739499,9205106.774142768,0.13653162437259833,0.00925657242063492,0.0061418650793650794,0.013172619047619048,1.37840371136145e-08,6.228541668511424e-09,2.8748805828374074e-08,174741662.33731246,0.9985237847846427,0.00787140376984127,0.06910714285714285,0.06910714285714285,0.00787140376984127,27949863.818793446,79.3086507936508,0.05532908721351414,0.052685598537254755,0.1084375,0.17125,0.322898685515873,0.30574801587301587,0.3404960317460317,2.0053964527030098e-09,8.706979946576903e-10,4.490120053644519e-09,67421059.52699864,0.9988305115110909,15270514.974812813,0.020695684523809522,30.04224206349206,0.10610298396807438,0.2146875,0.5065625,0.0,0.0,0.0,0.00018485490121502755,7.964066393529863e-05,0.0003948346382446815,74997398.71223289,0.9999653161631051,0.0,0.0,0.0,0.0,10245276.627687348,0.0,2615231.0768241566,0.14865759576383852,0.1486575328598856,0.2640625,0.5303125,24788193,25218797,430605,20260814,20260815
full_multiscale,90000000.0,175000000.0,77000000.0,0.8555555555555555,32,7200,50400,3200,8,0.005564304170863509,34.96875,174048942.5676636,172635974.7805756,174869569.64086774,0.9945653861009349,0.986491284460432,0.9992546836621014,0.512001488095238,0.4877142857142857,0.5407718253968253,0.5129210069444444,0.4883948412698413,0.5417152777777777,0.512001488095238,0.4877142857142857,0.5407718253968253,0.512001488095238,0.4877142857142857,0.5407718253968253,32737013.250383407,27717478.842072703,38357397.148906186,0.03797929067460317,0.009456349206349206,0.06603571428571428,0.2638937217279795,0.251072680192496,0.27528444590120876,46181401.30239643,43937719.03368629,48174778.0327119,0.20605942393165352,0.20094764483917887,0.21092628446880013,15866575.642741214,15472968.65261977,16241323.904102404,0.42533693318895766,0.39894711978393377,0.448829294213764,31900269.989171814,29921033.983794983,33662197.0660323,0.13208031481230542,0.1068822293741173,0.1512801108866724,0.5176085069444445,0.4921130952380952,0.5465267857142857,0.535087425595238,0.510720238095238,0.563421626984127,0.00014683610036384204,5.812040544130875e-05,0.0003423010103919396,96866124.08055791,66943127.19725702,11318638.845080825,8658732.711383965,714184.1552358344,560073.921850156,9218806.63323412,0.1210421816986927,0.006750372023809525,0.004267857142857143,0.009897817460317461,5.270099125290139e-09,2.213802262231072e-09,1.036356934539649e-08,174048942.5676636,0.9945653861009349,0.005607018849206349,0.1204563492063492,0.1204563492063492,0.005607018849206349,57775817.08909083,30.29635354662698,0.07499696701315839,0.07185797108553703,0.1378125,0.3140625,0.5294878472222222,0.5061259920634921,0.5576378968253969,5.191388001089418e-10,2.1607260635700953e-10,1.0958762659170111e-09,76161933.83049113,0.989116023772612,32737013.250383407,0.11045696924603174,6.800392485119048,0.13208031481230542,0.30437499999999995,0.7000000000000001,0.0,0.0,0.0,0.00014683031112591667,5.8116940553933935e-05,0.0003422971639681762,74997300.1648126,0.9999640021975013,0.0,0.0,0.0,0.0,21448939.30148833,0.0,2082502.814800967,0.1496767074039393,0.14967668732260997,0.258125,0.53125,24788193,25218797,430605,20260814,20260815
full_multiscale,90000000.0,175000000.0,80000000.0,0.8888888888888888,32,7200,50400,3200,8,0.008299644841960899,40.65625,173417838.93426836,171589444.17770573,174638650.5932317,0.9909590796243906,0.9805111095868898,0.9979351462470384,0.5857242063492063,0.5516765873015873,0.6214940476190477,0.5866059027777778,0.5525813492063492,0.622546626984127,0.5857242063492063,0.5516765873015873,0.6214940476190477,0.5857242063492063,0.5516765873015873,0.6214940476190477,41244945.058133855,34145210.656568415,48668468.79062182,0.061684647817460324,0.023439484126984128,0.1134751984126984,0.26256055496615716,0.24869663682106363,0.2742796930077267,45948097.11907752,43521911.443686,47998946.27635235,0.17824692496945957,0.17075912347755276,0.18543529083339863,14259753.997556742,13660729.878204184,14834823.26667187,0.4235229434629552,0.3971888653090517,0.4469178517756185,31764220.75972165,29789164.89817882,33518838.883171756,0.1225446984143212,0.10295979390962938,0.13452238721128992,0.5907651289682541,0.5560744047619047,0.6270952380952381,0.6075601438492064,0.5746478174603175,0.6420724206349206,0.00013301391720426073,4.953949462106078e-05,0.000328861664555463,106882718.41858712,69195498.62625593,12004100.918119919,8640850.61424354,754912.314291026,560437.3523647418,9201287.966608282,0.11736817752994223,0.006111111111111111,0.003893849206349207,0.008466269841269842,3.1891428562959546e-09,1.375512402125071e-09,6.224829001497726e-09,173417838.93426836,0.9909590796243906,0.005040922619047619,0.14966765873015875,0.14966765873015875,0.005040922619047619,72438491.78149626,18.336582341269843,0.08527176345305129,0.0821174588763866,0.16218749999999998,0.38187499999999996,0.6025279017857144,0.570172619047619,0.6371170634920634,3.199395733824577e-10,1.43374282064666e-10,6.767270978613506e-10,78396786.5928641,0.9799598324108012,41244945.058133855,0.16426277281746032,4.042213541666667,0.1225446984143212,0.24875000000000003,0.681875,0.0,0.0,0.0,0.00013301040812183104,4.953720785897106e-05,0.0003288591481997774,74997219.13495734,0.9999629217994312,0.0,0.0,0.0,0.0,26944811.954188157,0.0,1889632.4391753473,0.15020513283547834,0.15020511864509867,0.25625,0.5325,24788193,25218797,430605,20260814,20260815
full_multiscale,90000000.0,200000000.0,22500000.0,0.25,32,7200,50400,3200,8,0.00015469808752068253,2.40625,147531850.72586173,137530272.46027437,155517600.05180693,0.7376592536293085,0.6876513623013718,0.7775880002590346,0.0013169642857142857,0.0007906746031746033,0.0021468253968253965,0.0013175843253968253,0.0007906746031746033,0.0021468253968253965,0.0013169642857142857,0.0007906746031746033,0.0021468253968253965,0.0013169642857142857,0.0007906746031746033,0.0021468253968253965,73796.51248643262,17937.843569300017,142747.51715985272,0.8209499007936507,0.7820228174603174,0.871470238095238,0.35503105290481324,0.3316228181931373,0.3815774922559198,71006210.58096237,66324563.638627335,76315498.45118284,0.3674373136522928,0.35220418385608926,0.38303240828247703,8267339.557176575,7924594.136762079,8618229.186355768,0.44814524261022115,0.42529017416238113,0.4712031718542305,33610893.19576655,31896763.062178772,35340237.88906724,0.029318412400134844,0.028258833527714525,0.030511251064709585,0.001963665674603175,0.0011190476190476191,0.004064484126984126,0.002416914682539683,0.0014186507936507938,0.004816468253968252,0.0002465485041270206,0.00010778859604980641,0.0005004101033808796,14797609.308641762,14727086.550039817,7218550.194860015,7215512.88982747,556063.7640805007,555827.3152285651,7771340.205056035,0.34541705025200664,0.0009796626984126984,0.00011904761904761905,0.003597222222222221,1.4860111044258442e-10,1.377224116831541e-10,1.5891672094517056e-10,147531850.72586173,0.7376592536293086,0.0006467013888888889,0.0006491815476190476,0.0006491815476190476,0.0006467013888888889,65209.661611489915,1.0054997519841269,0.010097284961584591,0.029221643616316288,0.06,0.10093750000000001,0.0014403521825396824,0.0009027777777777777,0.0022440476190476186,7.358825553382832e-07,2.276225019817887e-07,2.0988018319775104e-06,22498426.755095914,0.9999300780042628,73796.51248643262,0.0,32991.86460565476,0.029318412400134844,0.06,0.10093750000000001,0.0,0.0,0.0,0.00024581247297057187,0.00010713960863020204,0.0005000100754364471,74997292.40054885,0.9999638986739846,0.0,0.0,0.0,0.0,30959.076106088276,0.0,3470666.1520715524,0.15015964193474746,0.15012204080722036,0.27687500000000004,0.5359375000000001,24788193,25218797,430605,20260814,20260815
full_multiscale,90000000.0,200000000.0,29970000.0,0.333,32,7200,50400,3200,8,0.00030262494800603043,3.4375,176278437.09089652,164626662.27135935,184600378.0006878,0.8813921854544825,0.8231333113567968,0.923001890003439,0.0059244791666666664,0.004643849206349206,0.0072271825396825395,0.005938120039682539,0.004643849206349206,0.007262896825396825,0.0059244791666666664,0.004643849206349206,0.0072271825396825395,0.0059244791666666664,0.004643849206349206,0.0072271825396825395,223196.06735682825,127562.7468315699,361860.43957303057,0.6092113095238096,0.46710218253968255,0.736719246031746,0.32106764965371937,0.3036879478739046,0.33860876296985076,64213529.93074401,60737589.574780665,67721752.5939708,0.37073458984564367,0.3549985858525267,0.38638526540183965,11110915.657673948,10639307.61800023,11579966.40409319,0.4481083361946383,0.42519214619845,0.471131506566321,33608125.21459782,31889410.964883827,35334862.99247416,0.038783067369106,0.03747418840753301,0.040244499525903685,0.015625620039682542,0.008389880952380952,0.022474206349206348,0.018818824404761906,0.010113095238095239,0.02708333333333333,0.0002446785841363098,0.00010709161312129952,0.0004977224850661578,20987669.94572845,20786717.136447787,8647158.565758187,8625730.469111502,556652.3405953336,555837.1791658469,9181567.64827735,0.3063761477919885,0.012347470238095237,0.0033432539682539683,0.02058333333333333,7.95086594487196e-10,1.7957078943948697e-10,2.7367285674528135e-09,176278437.09089652,0.8813921854544826,0.009701140873015872,0.00982328869047619,0.00982328869047619,0.009701140873015872,512968.25083572126,4.136756572420635,0.05081647307233612,0.03865521317102532,0.080625,0.1353125,0.0065228174603174606,0.00510515873015873,0.007883928571428571,2.334526141034602e-07,6.896137937546485e-08,6.873965437410903e-07,29968284.784725077,0.999942768926429,223196.06735682825,0.0,7880.561379588294,0.038783067369105986,0.08,0.1378125,0.0,0.0,0.0,0.0002444443364356119,0.00010688791344593548,0.0004976004986184815,74997331.28032246,0.9999644170709662,0.0,0.0,0.0,0.0,109980.54456741929,0.0,3451583.5713758683,0.15017779925784164,0.15016909716282473,0.27687500000000004,0.5362500000000001,24788193,25218797,430605,20260814,20260815
full_multiscale,90000000.0,200000000.0,36000000.0,0.4,32,7200,50400,3200,8,0.0005469600192773903,5.15625,191350384.54661185,179866534.12231588,196409939.82217875,0.9567519227330591,0.8993326706115794,0.9820496991108938,0.016107390873015874,0.013782738095238096,0.018657738095238095,0.016264260912698413,0.01390376984126984,0.018819444444444444,0.016107390873015874,0.013782738095238096,0.018657738095238095,0.016107390873015874,0.013782738095238096,0.018657738095238095,521571.21052596706,377608.73073227995,747845.039422303,0.30176463293650796,0.1529097222222222,0.5269494047619047,0.31734868411641787,0.30113676463853783,0.3345526730711841,63469736.82328364,60227352.92770759,66910534.614237085,0.3709310177372416,0.35548158306325334,0.3867818286233606,13353516.6385407,12797336.990277061,13924145.830441084,0.44789276425954994,0.42476996895063557,0.47092513546181786,33591957.31946625,31857747.671297494,35319385.159636416,0.04579273622019919,0.0442982882608216,0.0473136736513143,0.035043402777777774,0.026546626984126985,0.042458333333333334,0.040382564484126984,0.030276785714285714,0.04923015873015873,0.0002426582174145181,0.00010634202499046901,0.0004940463886528123,26531641.529311173,26070754.90031547,9430125.826722391,9371558.067770924,557993.9839811714,555877.1614023813,9927435.229173303,0.27577595410945416,0.023366815476190475,0.012259920634920634,0.03143055555555555,4.82567491716686e-09,6.024223801699287e-10,1.0417587505123972e-08,191350384.54661185,0.9567519227330592,0.018936011904761907,0.020713045634920636,0.020713045634920636,0.018936011904761907,1380129.8200366823,24.45298983134921,0.07617476190755179,0.04661894250937583,0.10093750000000001,0.139375,0.017663070436507937,0.015267857142857142,0.020262896825396826,1.1051580891084537e-07,3.120330342865935e-08,3.374179050146485e-07,35998190.129488744,0.9999497258191318,521571.21052596706,0.0,3112.4916139632937,0.04579273622019915,0.0978125,0.15,0.0,0.0,0.0,0.00024254287593069006,0.00010624545111375956,0.0004939882955425978,74997324.06159905,0.9999643208213206,0.0,0.0,0.0,0.0,291397.2849950463,0.0,3425157.9763020836,0.1501321462309682,0.15012877775953398,0.27687500000000004,0.5371874999999999,24788193,25218797,430605,20260814,20260815
full_multiscale,90000000.0,200000000.0,45000000.0,0.5,32,7200,50400,3200,8,0.0012053707323827815,8.34375,197827624.5831433,192682568.72378892,199848238.86779404,0.9891381229157163,0.9634128436189445,0.9992411943389702,0.053083457341269846,0.04757638888888889,0.05948710317460317,0.053536086309523806,0.04794444444444444,0.06000992063492063,0.053083457341269846,0.04757638888888889,0.05948710317460317,0.053083457341269846,0.04757638888888889,0.05948710317460317,1622056.9375947062,1329555.6506559,2021167.6083445174,0.07094494047619047,0.013344246031746032,0.2054603174603174,0.3126400821324764,0.29770565446112324,0.33029117641811506,62528016.42649541,59541130.892224446,66058235.28362301,0.36471088599445023,0.3506709956092471,0.3799642796892457,16411989.869750239,15780194.802416101,17098392.586016066,0.44681341977296113,0.423154132223943,0.46988788185794717,33511006.482972085,31736559.916795768,35241591.13934615,0.05496892691304667,0.053163295022863676,0.0565831028716534,0.07188182043650794,0.06430555555555555,0.08054662698412698,0.07919270833333333,0.07061011904761905,0.08881249999999999,0.00023696304578133646,0.00010383610446345145,0.00048474576187608053,36189663.292913705,34738613.45467426,9866836.614548855,9703132.272727154,563425.6618897973,556122.904356257,10259255.177083412,0.22799424703957746,0.023295510912698415,0.016743055555555556,0.03017162698412698,9.983325356206205e-09,2.9790525559827616e-09,2.3738137356117802e-08,197827624.5831433,0.9891381229157165,0.018798363095238094,0.028193204365079362,0.028193204365079362,0.018798363095238094,3779503.8494544425,50.451158854166664,0.06965467357478317,0.05433709587785138,0.1128125,0.1571875,0.05755332341269841,0.05164384920634921,0.06423412698412698,4.179299062831825e-08,1.0665757200743491e-08,1.381886611976744e-07,44997868.63175769,0.9999526362612821,1622056.9375947062,0.0,944.2760689484127,0.054968926913046584,0.12,0.1265625,0.0,0.0,0.0,0.00023691126946535194,0.00010379797550519493,0.00048471936379970986,74997271.5810077,0.9999636210801027,0.0,0.0,0.0,0.0,1027721.1497986963,0.0,3346368.6629947918,0.1499149501478875,0.14991393622400767,0.2753125,0.5365625,24788193,25218797,430605,20260814,20260815
full_multiscale,90000000.0,200000000.0,52470000.0,0.583,32,7200,50400,3200,8,0.0020363655791638168,10.96875,198867440.26591516,196226048.5574381,200012979.3719735,0.9943372013295757,0.9811302427871905,1.0000648968598675,0.1113640873015873,0.10251587301587302,0.11969642857142856,0.11202876984126983,0.10316170634920635,0.1204642857142857,0.1113640873015873,0.10251587301587302,0.11969642857142856,0.1113640873015873,0.10251587301587302,0.11969642857142856,3688032.525086703,3168193.345983478,4303826.976845589,0.037792658730158725,0.004320436507936508,0.11158531746031741,0.30491768065991665,0.29157552511046964,0.320803271641273,60983536.13198325,58315105.02209359,64160654.3282547,0.3484847975529385,0.3359788776586111,0.3627892454315915,18284997.3276041,17628811.71074862,19035551.707797196,0.4443845719970039,0.42008810418378506,0.4676184271860616,33328842.89977533,31506607.813784156,35071382.038955145,0.06253968586481051,0.0583786412990094,0.068280815215955,0.125320560515873,0.1148422619047619,0.13519940476190476,0.13384176587301588,0.12284623015873017,0.1442202380952381,0.00022698730448642156,9.92887170646956e-05,0.0004678613199829278,45450777.123211086,42139437.789464325,10130778.73132521,9771521.188892059,574011.3123078786,556575.663401118,10328096.852293178,0.19684738234438257,0.017220982142857142,0.012753968253968254,0.02170535714285714,9.891120135190233e-09,3.693743579363146e-09,2.2120326348327947e-08,198867440.26591516,0.9943372013295758,0.013956473214285715,0.03545944940476191,0.03545944940476191,0.013956473214285715,8156921.851865625,49.92594370039682,0.06589473703338872,0.05750523662056564,0.11687499999999999,0.179375,0.1189236111111111,0.10944345238095239,0.1274434523809524,1.9545340713211532e-08,4.8138506868106065e-09,6.777749035190656e-08,52467534.64175733,0.9999530139462042,3688032.525086703,0.000349702380952381,379.2947532242063,0.0625396858648104,0.11562499999999999,0.14625,0.0,0.0,0.0,0.00022695786802557315,9.9268995221749e-05,0.00046784553093231763,74997154.81060274,0.9999620641413699,0.0,0.0,0.0,0.0,2462996.941404092,0.0,3206739.9640711807,0.1494800621545195,0.14947963927704616,0.2728125,0.5340625,24788193,25218797,430605,20260814,20260815
full_multiscale,90000000.0,200000000.0,60030000.0,0.667,32,7200,50400,3200,8,0.003543904117897922,15.34375,199191689.34055728,197677483.61266428,200014271.5050144,0.9959584467027864,0.9883874180633214,1.000071357525072,0.19581845238095238,0.18293849206349205,0.21223015873015874,0.19648499503968253,0.18355654761904763,0.21284722222222222,0.19581845238095238,0.18293849206349205,0.21223015873015874,0.19581845238095238,0.18293849206349205,0.21223015873015874,7686607.824334126,6741853.342936792,8653894.290325357,0.02958209325396825,0.0023998015873015876,0.07262698412698411,0.29182178464906494,0.28054639294380446,0.30348309694363546,58364356.92981295,56109278.58876085,60696619.388726875,0.3198120047350875,0.30904014683263414,0.33246888372950206,19198314.644247085,18551680.014362834,19958107.09028225,0.439382596011275,0.4145952877984078,0.46262973761207926,32953694.700845577,31094646.584880788,34697230.32090601,0.0756682283615717,0.06479039604349332,0.08825245373248096,0.20520771329365078,0.19090575396825396,0.22259722222222222,0.21648189484126984,0.20223015873015873,0.23460813492063493,0.0002095629999439216,9.130772298422687e-05,0.00043694262855090865,56557186.347151086,49646398.78035633,10554816.82927842,9816128.22638629,594540.165435397,557408.5107882177,10373536.737174507,0.17283485308218247,0.011404389880952381,0.008268849206349205,0.014501984126984127,7.727722554200799e-09,3.285038340908604e-09,1.6694455306907155e-08,199191689.34055728,0.9959584467027864,0.009389260912698413,0.047985491071428577,0.047985491071428577,0.009389260912698413,16616988.487315778,38.952454117063496,0.0686324488273907,0.06198628191782457,0.125625,0.2234375,0.20664620535714284,0.19326785714285713,0.22358829365079363,7.650420366095542e-09,2.201370458013099e-09,2.5103471362170355e-08,60019935.5175307,0.9998323424542845,7686607.824334126,0.002697172619047619,129.6355636160714,0.07566822836157167,0.13968750000000002,0.2365625,0.0,0.0,0.0,0.0002095476218010013,9.1297225901455e-05,0.0004369335501035184,74997126.70875087,0.9999616894500116,0.0,0.0,0.0,0.0,5249363.9157410655,0.0,2961809.497207961,0.14871552629181983,0.14871535051326507,0.26749999999999996,0.5315624999999999,24788193,25218797,430605,20260814,20260815
full_multiscale,90000000.0,200000000.0,67500000.0,0.75,32,7200,50400,3200,8,0.003885105157639329,19.21875,199051794.2669289,197476791.8021828,199965989.97206584,0.9952589713346445,0.9873839590109139,0.9998299498603291,0.30683655753968253,0.29011309523809525,0.32484722222222223,0.30765873015873013,0.2906845238095238,0.32577678571428575,0.30683655753968253,0.29011309523809525,0.32484722222222223,0.30683655753968253,0.29011309523809525,0.32484722222222223,14886492.987766331,12823043.957302257,17566212.772884656,0.03949342757936508,0.008004960317460317,0.0855565476190476,0.27648821965453807,0.2659546585949553,0.28689539655814833,55297643.930907674,53190931.718991466,57379079.311629646,0.2784239544212428,0.2706938479407699,0.2865671444438546,18793616.92343016,18271834.735998634,19343282.249956172,0.4328829859624653,0.40867100281623425,0.4560144704825872,32466223.947184842,30650325.211217675,34201085.28619313,0.10189642743216577,0.07771051873061208,0.12211465373894023,0.31409412202380954,0.2954970238095238,0.3339454365079365,0.3285007440476191,0.3094335317460317,0.34830059523809526,0.00018545287274150516,8.004140514203745e-05,0.00039543924264973286,70449044.58928204,57032508.10551098,11244065.631596413,9845697.46983815,630082.1922888305,558493.8500518666,10404191.319890015,0.15428085016822646,0.008560887896825397,0.005685515873015873,0.011706349206349206,5.132011665335434e-09,2.2549258350316268e-09,1.0788522048218914e-08,199051794.2669289,0.9952589713346446,0.0072575644841269835,0.06702008928571429,0.06702008928571429,0.0072575644841269835,31028779.61170599,25.84383742559524,0.07920830014008565,0.07272776023339654,0.141875,0.3109375,0.32112351190476196,0.3037876984126984,0.3388125,2.197041582091386e-09,9.561666898866648e-10,4.871691149146515e-09,67436699.42540093,0.9990622137096433,14886492.987766331,0.016887400793650795,32.90939608134921,0.10189642743216575,0.20093750000000002,0.46656250000000005,0.0,0.0,0.0,0.00018544554368825776,8.003586694305e-05,0.00039543425592593903,74997390.79618433,0.9999652106157911,0.0,0.0,0.0,0.0,10066631.089884773,0.0,2623271.6260838294,0.14843957290621232,0.14843950598437716,0.2634375,0.5296875000000001,24788193,25218797,430605,20260814,20260815
full_multiscale,90000000.0,200000000.0,77000000.0,0.8555555555555555,32,7200,50400,3200,8,0.005210809326249283,35.0,197092073.93591076,194765810.5234771,199113875.60928214,0.985460369679554,0.9738290526173855,0.9955693780464107,0.5132545882936508,0.4903829365079365,0.5398035714285715,0.5141648065476191,0.49111011904761903,0.5407519841269841,0.5132545882936508,0.4903829365079365,0.5398035714285715,0.5132545882936508,0.4903829365079365,0.5398035714285715,32433060.99579353,27573707.968871403,38025738.06952407,0.1193483382936508,0.05683035714285714,0.1917410714285714,0.2605475076118706,0.2476468923130338,0.2719382141708089,52109501.52237405,49529378.46260642,54387642.83416156,0.20517835028892661,0.2004608501341762,0.20993393339374794,15798732.972251093,15435485.46033453,16164912.871323092,0.4245660318898886,0.39818077340813857,0.4481524415015116,31842452.391741656,29863558.00561042,33611433.11261335,0.1301283836925496,0.10434662730368553,0.15035754018854652,0.5179761904761904,0.4941299603174603,0.5446775793650793,0.5356795634920635,0.5131021825396825,0.5623730158730158,0.00014668296850584153,5.819279952763264e-05,0.0003410271392666665,95248588.08406612,65916513.213502765,12747165.826199993,9799851.001857717,713644.828615342,559973.5277273364,10359824.529585052,0.13581963733600805,0.005718625992063492,0.0037093253968253966,0.008064484126984127,1.9981326714476853e-09,8.246691182701666e-10,3.94051410227596e-09,197092073.93591076,0.9854603696795539,0.004721602182539682,0.11344804067460318,0.11344804067460318,0.004721602182539682,63900802.41500278,10.065392485119048,0.10287673069156536,0.09690880815220779,0.19062500000000002,0.534375,0.531053447420635,0.5094107142857143,0.557640873015873,5.653177364754818e-10,2.3484380442748863e-10,1.201018253384465e-09,76276337.74308786,0.9906017888712709,32433060.99579353,0.09985863095238096,7.402469618055556,0.1301283836925496,0.2915625,0.681875,0.0,0.0,0.0,0.0001466804050554336,5.8190841738320555e-05,0.00034102548529405116,74997289.38317674,0.9999638584423566,0.0,0.0,0.0,0.0,21375326.645637825,0.0,2080143.426326885,0.149403694219454,0.1494036730249452,0.2571875,0.53125,24788193,25218797,430605,20260814,20260815
full_multiscale,90000000.0,200000000.0,80000000.0,0.8888888888888888,32,7200,50400,3200,8,0.0077182640050324726,39.28125,195294917.85715765,191391170.45125264,198208117.64873996,0.9764745892857882,0.9569558522562632,0.9910405882436998,0.5893235367063492,0.5577132936507937,0.6228561507936508,0.5901407490079366,0.5582817460317461,0.6237757936507936,0.5893235367063492,0.5577132936507937,0.6228561507936508,0.5893235367063492,0.5577132936507937,0.6228561507936508,41149647.98427385,34258721.67837742,48511122.37510637,0.1863076636904762,0.09902777777777777,0.27695436507936505,0.25775813717476187,0.24391575446913846,0.26984816396901423,51551627.43495231,48783150.89382762,53969632.79380272,0.17702209291553556,0.1701909724210856,0.18367358838645764,14161767.433242835,13615277.79368692,14693887.07091657,0.4225909000356439,0.396043086598521,0.44596035686284496,31694317.502673328,29703231.49488909,33447026.764713507,0.12282025134240265,0.10286658118235274,0.13526540066370027,0.593390376984127,0.5613015873015873,0.6269910714285714,0.6103323412698411,0.579640873015873,0.6426736111111111,0.00013252829033532336,4.929544541744831e-05,0.00032700364041227245,105534519.4222398,68286323.93261805,13430901.552306786,9724690.156435382,755592.5817279276,560351.4829471805,10285041.639382562,0.13090063491333412,0.0049801587301587305,0.0031289682539682537,0.006836309523809524,1.2145635759418335e-09,5.312487512608651e-10,2.3721320206612755e-09,195294917.85715765,0.9764745892857882,0.004066840277777777,0.1381218998015873,0.1381218998015873,0.004066840277777777,79656759.13416448,6.131973586309524,0.10913219195575075,0.10362893587801925,0.204375,0.6153125,0.6063002232142858,0.5758640873015873,0.6385525793650794,3.454564095827516e-10,1.5287157734135886e-10,7.38349570191503e-10,78571365.57200055,0.9821420696500068,41149647.98427385,0.1524361359126984,4.360811631944444,0.12282025134240265,0.25249999999999995,0.6909375,0.0,0.0,0.0,0.00013252673031533783,4.9294340465376736e-05,0.0003270025674194988,74997167.94990909,0.9999622393321212,0.0,0.0,0.0,0.0,27036752.207107894,0.0,1882532.1290835813,0.1499435769588191,0.14994356216841254,0.25593750000000004,0.5325,24788193,25218797,430605,20260814,20260815
full_multiscale,90000000.0,225000000.0,22500000.0,0.25,32,7200,50400,3200,8,0.00015477798437880206,2.40625,147541056.0861651,137532024.9763039,155545480.89927325,0.6557380270496227,0.6112534443391284,0.6913132484412144,0.0013175843253968253,0.0007906746031746033,0.0021468253968253965,0.0013175843253968253,0.0007906746031746033,0.0021468253968253965,0.0013175843253968253,0.0007906746031746033,0.0021468253968253965,0.0013175843253968253,0.0007906746031746033,0.0021468253968253965,73394.38409968192,17735.48706541496,142520.43639664206,0.8839298115079366,0.8588045634920635,0.9221666666666667,0.39466511173327345,0.36768896120818145,0.42492757231558703,88799650.13998654,82730016.27184035,95608703.77100761,0.3674488732539297,0.3522056418412227,0.38304012814296945,8267599.6482134,7924626.941427577,8618402.88321682,0.44814528286846256,0.4252901786686779,0.47120322705809325,33610896.21513468,31896763.400150992,35340242.02935687,0.029319557123869144,0.028260106404737584,0.030512132130661347,0.0013492063492063493,0.0007906746031746033,0.0022410714285714286,0.0014942956349206348,0.0009027777777777777,0.0023313492063492063,0.00024654852035627274,0.00010778860358056608,0.0005004100414113396,14797294.82119306,14726773.494612947,7218462.556738939,7215825.929465879,556063.743172856,555827.312926353,7771653.242392233,0.34543096427313735,5.456349206349207e-05,0.0,0.0002867063492063492,1.4770469345281827e-10,1.3760608734910806e-10,1.560841597223586e-10,147541056.0861651,0.6557380270496227,3.1622023809523814e-05,3.2242063492063495e-05,3.2242063492063495e-05,3.1622023809523814e-05,54149.186616154504,1.000750248015873,0.0025362302593087732,0.029221452943138437,0.06,0.10093750000000001,0.0014403521825396824,0.0009027777777777777,0.0022440476190476186,7.359065502659245e-07,2.2762483257971276e-07,2.098840418589128e-06,22498426.737005234,0.9999300772002326,73394.38409968192,0.0,32992.944835069444,0.02931955712386914,0.06,0.10093750000000001,0.0,0.0,0.0,0.00024581246610131335,0.00010713960867648583,0.0005000100007328621,74997292.40052266,0.9999638986736356,0.0,0.0,0.0,0.0,30956.481589094128,0.0,3470666.090980903,0.15015965521501023,0.15012205301859388,0.27687500000000004,0.5359375000000001,24788193,25218797,430605,20260814,20260815
full_multiscale,90000000.0,225000000.0,29970000.0,0.333,32,7200,50400,3200,8,0.0003051587862091263,3.4375,176979695.7056937,164668028.65191138,186550290.76221076,0.7865764253586387,0.7318579051196061,0.8291124033876033,0.005913938492063493,0.004624007936507937,0.007225198412698413,0.005916418650793651,0.004624007936507937,0.007234126984126984,0.005913938492063493,0.004624007936507937,0.007225198412698413,0.005913938492063493,0.004624007936507937,0.007225198412698413,214715.6727173294,118351.52612352227,353609.813551923,0.7733029513888889,0.7181210317460318,0.835407738095238,0.33883922378567244,0.3175858290496982,0.36232765879845147,76238825.35177636,71456811.53618214,81523723.22965214,0.37076686043749046,0.35509817478504546,0.3864898546381586,11111882.807311602,10642292.298307842,11583100.943505617,0.4481095508835796,0.42519413730606376,0.47113262737525574,33608216.316268474,31889560.29795469,35334947.0531443,0.0387857632645226,0.03748162983908578,0.040253545324685815,0.008075396825396826,0.006306547619047619,0.012249007936507935,0.009409102182539684,0.007139880952380952,0.014128968253968251,0.0002446849055975193,0.00010709184597942332,0.0004977268899616642,20956127.339236803,20755930.234220088,8670227.360053197,8656520.135144243,556648.508435793,555837.1656441318,9212357.300788375,0.3074035274797284,0.002930927579365079,0.0003978174603174603,0.008005952380952381,1.9217249181124016e-10,1.6510045016193587e-10,2.0545062629195907e-10,176979695.7056937,0.7865764253586386,0.0021614583333333334,0.002195560515873016,0.002195560515873016,0.0021614583333333334,300039.5246991026,1.0690172371031745,0.018502741746785095,0.03823581198292398,0.08,0.135625,0.006493055555555555,0.005083333333333334,0.007840277777777778,2.3390250947762437e-07,6.916790496660774e-08,6.882418008225086e-07,29968287.53500846,0.9999428606943096,214715.6727173294,0.0,7895.744270213294,0.038785763264522585,0.08,0.1378125,0.0,0.0,0.0,0.0002444508109155498,0.0001068881326414476,0.0004976048465065407,74997331.2836405,0.9999644171152067,0.0,0.0,0.0,0.0,109463.74672067686,0.0,3451676.2471800596,0.15017819928048348,0.15016948304304878,0.27687500000000004,0.5362500000000001,24788193,25218797,430605,20260814,20260815
full_multiscale,90000000.0,225000000.0,36000000.0,0.4,32,7200,50400,3200,8,0.0005663611691829987,5.125,197272685.86584917,183990760.00892264,206596777.7505183,0.8767674927371074,0.8177367111507673,0.9182079011134145,0.015767609126984126,0.013550595238095238,0.018250992063492063,0.015829613095238095,0.013581349206349206,0.018316468253968255,0.015767609126984126,0.013550595238095238,0.018250992063492063,0.015767609126984126,0.013550595238095238,0.018250992063492063,494591.9122836847,349497.9839948156,713328.3183145806,0.6244091021825398,0.4964990079365079,0.743985119047619,0.3210606874712649,0.30382713020383983,0.3386395197347777,72238654.68103449,68361104.2958641,76193891.94032466,0.3700897561944263,0.3543592400401045,0.3857832954382676,13323231.22299936,12756932.641443755,13888198.635777652,0.4478965600264929,0.4247813810080053,0.4709306821151666,33592242.00198695,31858603.575600594,35319801.15863744,0.04566713195286383,0.0441168314230073,0.04724373545793336,0.024639136904761907,0.018933531746031747,0.03107440476190476,0.028364955357142858,0.021200396825396824,0.03591964285714286,0.00024272512616643093,0.00010634590565723829,0.0004941945182722597,26235163.95605719,25788039.116731927,9699756.86778681,9654348.70697887,557933.7525920952,555874.8404416128,10210223.547420483,0.28363100860386714,0.0113671875,0.002884920634920635,0.01933035714285714,4.746571570540862e-10,1.937779891922485e-10,1.2893648062268679e-09,197272685.86584917,0.8767674927371074,0.008871527777777777,0.009698660714285715,0.009698660714285715,0.008871527777777777,1043054.8080358696,2.250897197420635,0.05090536862796695,0.04482798591960999,0.094375,0.1403125,0.01730592757936508,0.014666666666666666,0.01975595238095238,1.1246311110269577e-07,3.2165420819858203e-08,3.3880772140065997e-07,35998262.66415245,0.9999517406709014,494591.9122836847,0.0,3167.173996155754,0.0456671319528638,0.096875,0.15,0.0,0.0,0.0,0.0002426121883981712,0.00010624945930035669,0.0004941378150827297,74997325.30327848,0.9999643373770464,0.0,0.0,0.0,0.0,283224.91369950655,0.0,3426121.794967758,0.1501329825904175,0.1501295657146278,0.27656250000000004,0.5371874999999999,24788193,25218797,430605,20260814,20260815
full_multiscale,90000000.0,225000000.0,45000000.0,0.5,32,7200,50400,3200,8,0.001218117660797733,8.25,215925798.22074318,204030419.64086962,221271451.33118993,0.959670214314414,0.9068018650705317,0.9834286725830664,0.05122395833333333,0.045399801587301586,0.057532738095238095,0.051661706349206346,0.04577380952380952,0.05800892857142857,0.05122395833333333,0.045399801587301586,0.057532738095238095,0.05122395833333333,0.045399801587301586,0.057532738095238095,1529461.2680301233,1239701.4062534256,1913537.0089887846,0.3006826636904762,0.15709226190476192,0.5176587301587301,0.31311450333497964,0.2978312906627202,0.33024043788330254,70450763.2503705,67012040.39911274,74304098.52374294,0.3624458956974497,0.34790428624225794,0.3779080547465841,16310065.30638524,15655692.880901573,17005862.463596333,0.4467808470174245,0.423141791052142,0.46985095376055236,33508563.526306853,31735634.328910697,35238821.532041855,0.0545203130028454,0.05290687160076263,0.0561988217141734,0.06704923115079364,0.0577906746031746,0.07613095238095238,0.07400607638888888,0.06382638888888889,0.08388492063492063,0.0002373144356271047,0.00010390120239871009,0.0004853397518803234,35213365.101246275,33856117.87414557,10751189.110274734,10585922.722444303,563044.8092293767,556097.156130371,11142019.878574675,0.24761068868680272,0.01974392361111111,0.010183531746031746,0.02752281746031746,2.3818535123095513e-09,4.549279637256968e-10,5.3574316171964206e-09,215925798.22074318,0.9596702143144141,0.015825272817460316,0.02361235119047619,0.02361235119047619,0.015825272817460316,3807848.3866383806,10.742062251984127,0.08507335529586059,0.056273464793882136,0.11406249999999998,0.1703125,0.05573102678571429,0.04966666666666667,0.06212996031746032,4.372342277314897e-08,1.1719153995944405e-08,1.3979990497880188e-07,44998137.75272027,0.9999586167271171,1529461.2680301233,0.0,987.6752281746031,0.054520313002845315,0.12,0.12625,0.0,0.0,0.0,0.00023726833035081924,0.00010386418039754635,0.0004853176792422345,74997277.85362831,0.9999637047150441,0.0,0.0,0.0,0.0,976037.2062851728,0.0,3351339.375434028,0.14990090876723505,0.1498998542908885,0.275625,0.5365625,24788193,25218797,430605,20260814,20260815
full_multiscale,90000000.0,225000000.0,52470000.0,0.583,32,7200,50400,3200,8,0.0020025385401689637,10.96875,220904393.3932095,213638436.1024314,224131335.97089884,0.98179730396982,0.9495041604552505,0.9961392709817726,0.10895275297619048,0.10037896825396826,0.1173968253968254,0.10973214285714286,0.10123313492063493,0.11825992063492063,0.10895275297619048,0.10037896825396826,0.1173968253968254,0.10895275297619048,0.10037896825396826,0.1173968253968254,3517775.5543903327,3009898.66400621,4105792.7882296317,0.14875372023809524,0.05558234126984127,0.3165148809523809,0.30560397549134855,0.2921216645723892,0.3222677655550608,68760894.4855535,65727374.528787695,72510247.24988829,0.3465247307527423,0.33385674846633584,0.3607954023746768,18182152.62259774,17517463.592029832,18930934.762600627,0.4442531562521539,0.41998622212906145,0.46747145115691546,33318986.71891161,31498966.65967954,35060358.83676871,0.06159835643914362,0.05802172374869583,0.0666888594728886,0.12189484126984126,0.11127579365079365,0.13208333333333333,0.13059337797619047,0.11935317460317461,0.14121726190476191,0.0002275598497066397,9.948760701914379e-05,0.0004689203841927692,44180019.09437324,41060782.18676756,11232250.02463622,10850521.247931682,573329.2496480483,556519.3795679475,11407040.627499629,0.21741021478782982,0.01611545138888889,0.010015873015873016,0.02144642857142857,3.2727905272170645e-09,9.80110930524716e-10,7.490114438618425e-09,220904393.3932095,0.9817973039698199,0.012942088293650794,0.03301835317460317,0.03301835317460317,0.012942088293650794,8653620.314730074,14.705846974206349,0.09316412225095044,0.06739047992242045,0.13093749999999998,0.2575,0.11674293154761904,0.10781448412698413,0.1253234126984127,2.0547770277346095e-08,5.2902954371728304e-09,6.925740355244359e-08,52467822.81426716,0.9999585060847562,3517775.5543903327,0.0002746775793650794,398.6282917906746,0.06159835643914349,0.11437499999999999,0.1415625,0.0,0.0,0.0,0.00022753602914583513,9.946960027876012e-05,0.0004689088363553976,74997164.85614556,0.9999621980819408,0.0,0.0,0.0,0.0,2370194.453230147,0.0,3214775.8568855408,0.14942703566693433,0.14942659364162247,0.2728125,0.5331250000000001,24788193,25218797,430605,20260814,20260815
full_multiscale,90000000.0,225000000.0,60030000.0,0.667,32,7200,50400,3200,8,0.003495693323237778,14.6875,222206729.64646152,217905435.13398707,224547937.81113544,0.9875854650953846,0.968468600595498,0.9979908347161576,0.19361979166666665,0.18087003968253967,0.20944345238095238,0.19430493551587302,0.18156746031746032,0.21014980158730157,0.19361979166666665,0.18087003968253967,0.20944345238095238,0.19361979166666665,0.18087003968253967,0.20944345238095238,7431553.741326427,6515257.78163117,8354215.423145243,0.10771949404761905,0.03428472222222222,0.22367162698412693,0.2920701611080353,0.2804703635612629,0.3039331511221478,65715786.249308065,63105831.80128451,68384959.00248323,0.3184349827405074,0.30769182104581244,0.3310191373404917,19115652.01391239,18470740.01737974,19871078.814549886,0.4391329817228466,0.4143759357524164,0.46238040822332116,32934973.629213527,31078195.181431025,34678530.61674942,0.07331632348080491,0.06364584634358049,0.0849578959932331,0.2022358630952381,0.18821031746031747,0.21877182539682538,0.21351996527777778,0.1993075396825397,0.23080753968253967,0.00021024917735458542,9.157461766671191e-05,0.0004381793740068655,55114512.25696037,48518043.76375831,11745078.141237078,10946259.138153236,593589.0761226633,557322.8310821512,11503581.969235387,0.19165728733188753,0.010519593253968253,0.006851190476190476,0.013663690476190475,2.9012021597305413e-09,1.1077800098230126e-09,6.381020602658872e-09,222206729.64646152,0.9875854650953845,0.008616071428571428,0.04563988095238095,0.04563988095238095,0.008616071428571428,17947158.10223938,13.013242807539683,0.09775319087415388,0.07838833002784301,0.156875,0.353125,0.2045107886904762,0.1913888888888889,0.22097123015873016,8.128133729115563e-09,2.3966274186633054e-09,2.6024526178152387e-08,60021625.73299366,0.9998604986339108,7431553.741326427,0.002240203373015873,137.68925347222222,0.07331632348080488,0.1359375,0.2221875,0.0,0.0,0.0,0.00021023814801869654,9.156569750161714e-05,0.0004381733934425239,74997150.91971919,0.9999620122629225,0.0,0.0,0.0,0.0,5119614.99786892,0.0,2971337.4730431545,0.14860928182796115,0.1486090976341832,0.26749999999999996,0.53125,24788193,25218797,430605,20260814,20260815
full_multiscale,90000000.0,225000000.0,67500000.0,0.75,32,7200,50400,3200,8,0.003889137988353838,19.3125,221743933.8294562,218074162.46520367,224302862.35103032,0.9855285947975831,0.9692184998453497,0.9969016104490237,0.3050558035714286,0.2885595238095238,0.32324007936507937,0.30588045634920635,0.2891875,0.324125,0.3050558035714286,0.2885595238095238,0.32324007936507937,0.3050558035714286,0.2885595238095238,0.32324007936507937,14543191.319861628,12515577.448922638,17183091.853654467,0.1308841765873016,0.04415277777777778,0.23679464285714286,0.2754957620977222,0.2644078596775764,0.2859125368603767,61986546.47198765,59491768.42745555,64330320.79358531,0.27755743711365033,0.26983342440727986,0.28564088504890317,18735127.005167753,18213756.147488143,19280759.740797132,0.4324658427085263,0.4082836512559521,0.45555478097947977,32434938.203139547,30621273.844196152,34166608.57346123,0.09820098882470304,0.0756331409764652,0.11746189367346427,0.31149181547619054,0.2933462301587302,0.33109325396825395,0.32601004464285716,0.30753174603174604,0.3448720238095238,0.0001860833396000611,8.029294319832565e-05,0.0003963479904722286,68882809.87656087,55924354.48109459,12477507.791179597,10963311.522455798,628933.5232025877,558393.8675309676,11521705.389986767,0.17082844293661834,0.007610367063492063,0.004706349206349206,0.010447420634920634,2.045439615091761e-09,8.436159975719327e-10,4.3382364697260646e-09,221743933.8294562,0.9855285947975831,0.0064360119047619044,0.0629061259920635,0.0629061259920635,0.0064360119047619044,33558540.277977325,9.171012524801586,0.10510576305971357,0.08993283478528563,0.1825,0.45781250000000007,0.3194983878968254,0.30264583333333334,0.3365803571428571,2.384846638046352e-09,1.033613480927643e-09,5.244133731435458e-09,67446059.87108141,0.9992008869789839,14543191.319861628,0.014319196428571428,35.718213665674604,0.09820098882470304,0.19062500000000002,0.4246875,0.0,0.0,0.0,0.00018607890931380796,8.028858720150561e-05,0.00039634502676093216,74997388.86314827,0.9999651848419769,0.0,0.0,0.0,0.0,9909947.58065808,0.0,2632010.267142237,0.14826530334318608,0.1482652328417047,0.2628125,0.5284374999999999,24788193,25218797,430605,20260814,20260815
full_multiscale,90000000.0,225000000.0,77000000.0,0.8555555555555555,32,7200,50400,3200,8,0.004954972919121743,34.875,216200256.190529,210257325.03808963,221013407.49196005,0.9608900275134622,0.9344770001692873,0.982281811075378,0.5139291914682539,0.4923402777777778,0.5397242063492064,0.5146682787698412,0.4927748015873016,0.5404176587301588,0.5139291914682539,0.4923402777777778,0.5397242063492064,0.5139291914682539,0.4923402777777778,0.5397242063492064,32140900.208143413,27405340.61257074,37766987.61598234,0.2873679315476191,0.16763492063492064,0.41357638888888887,0.2563982025231687,0.2442792241237421,0.26786952533299346,57689595.56771302,54962825.42784156,60270643.19992363,0.20459048294402937,0.20020450109252022,0.20944814656715563,15753467.186693948,15415746.584127018,16127507.285675475,0.4239348257868659,0.39734012588187007,0.4476089839430728,31795111.934014983,29800509.44114068,33570673.795730546,0.12742105375094692,0.10408719484723362,0.14911519674220491,0.5176128472222222,0.4951448412698413,0.5435446428571428,0.5353428819444445,0.5140505952380952,0.5609742063492064,0.00014678425490868895,5.8179264214979844e-05,0.00034067274829080343,93894103.56604849,65042554.24213925,13878274.195103403,10742208.605591701,713183.9513143145,559898.6565917472,11302107.26218345,0.14804057074172128,0.004477306547619048,0.002757936507936508,0.006409722222222222,8.504527974290518e-10,3.8031509416935506e-10,1.6529160109140949e-09,216200256.190529,0.9608900275134622,0.0036836557539682542,0.09941158234126984,0.09941158234126984,0.0036836557539682542,67828185.57299326,3.8416902281746035,0.1085174691625241,0.09876720606148867,0.15718749999999998,0.61,0.5317175099206349,0.5111259920634921,0.557110119047619,6.098490505354118e-10,2.52599812115708e-10,1.291563936560964e-09,76344661.50432275,0.99148911044575,32140900.208143413,0.09294704861111111,7.983452380952381,0.12742105375094692,0.28374999999999995,0.681875,0.0,0.0,0.0,0.00014678279460684097,5.817776852556706e-05,0.0003406718308961484,74997271.08129488,0.9999636144172651,0.0,0.0,0.0,0.0,21312862.60590759,0.0,2081431.5772755458,0.14919771755904243,0.14919769548273507,0.256875,0.5309375000000001,24788193,25218797,430605,20260814,20260815
full_multiscale,90000000.0,225000000.0,80000000.0,0.8888888888888888,32,7200,50400,3200,8,0.007297341765551661,39.28125,211619962.7344904,204908797.71618074,218184509.17930576,0.9405331677088463,0.9107057676274699,0.9697089296858034,0.5912574404761906,0.5627261904761904,0.6236190476190476,0.5918824404761904,0.563218253968254,0.6243253968253969,0.5912574404761906,0.5627261904761904,0.6236190476190476,0.5912574404761906,0.5627261904761904,0.6236190476190476,40992818.634885974,34254540.74713923,48330052.88050535,0.3904123263888889,0.2660892857142857,0.524608134920635,0.25298534655519184,0.24165959477848822,0.26508842604820493,56921702.97491822,54373408.82515991,59644895.86084624,0.17633068843476965,0.16992003429355673,0.18289406727366375,14106455.074781578,13593602.74348449,14631525.38189311,0.42190389058004063,0.3950899129600409,0.4454398559520961,31642791.793503135,29631743.472003173,33407989.19640762,0.12239206131805093,0.10153326728174548,0.13484831308732315,0.5942150297619048,0.5656200396825397,0.62675,0.6112382192460317,0.5839781746031746,0.6426498015873016,0.000132377980800368,4.922165129889027e-05,0.0003259266859935248,104495041.17492332,67582001.25658046,14412464.70822807,10528405.460450083,756019.8892393943,560300.420474177,11088705.880924258,0.14095088609719555,0.00361297123015873,0.002046626984126984,0.005320436507936508,5.461973287247692e-10,2.838765362982925e-10,1.028293123995302e-09,211619962.7344904,0.9405331677088462,0.0029575892857142856,0.11542844742063492,0.11542844742063492,0.0029575892857142856,83288404.98246874,2.4998133680555554,0.09801944377762437,0.09105853727187746,0.100625,0.610625,0.6083097718253968,0.5807579365079365,0.6396755952380953,3.6871350503994255e-10,1.6118178372260315e-10,7.803774787164505e-10,78670707.13750485,0.9833838392188106,40992818.634885974,0.1449237351190476,4.651764012896825,0.12239206131805093,0.25625,0.6909375,0.0,0.0,0.0,0.0001323770658895342,4.922069023034375e-05,0.00032592607656355756,74997153.39481209,0.9999620452641612,0.0,0.0,0.0,0.0,27095010.832142554,0.0,1880163.601221478,0.14974750679452797,0.14974749153274158,0.255625,0.5321875,24788193,25218797,430605,20260814,20260815
full_multiscale,90000000.0,250000000.0,22500000.0,0.25,32,7200,50400,3200,8,0.00015477798437880206,2.40625,147541508.25500232,137532030.5789075,155546148.8352062,0.5901660330200093,0.55012812231563,0.6221845953408248,0.0013175843253968253,0.0007906746031746033,0.0021468253968253965,0.0013175843253968253,0.0007906746031746033,0.0021468253968253965,0.0013175843253968253,0.0007906746031746033,0.0021468253968253965,0.0013175843253968253,0.0007906746031746033,0.0021468253968253965,73366.18095037199,17733.62146765284,142451.08363615707,0.9241964285714286,0.9032599206349207,0.9546686507936508,0.43631807091076324,0.41010921520179666,0.4677310055942337,109079517.72769073,102527303.80044946,116932751.39855747,0.3674496842347659,0.35220564513339186,0.38304034094775463,8267617.895282214,7924627.015501392,8618407.67132448,0.448145285637738,0.4252901789828734,0.4712032267555347,33610896.42283034,31896763.423715692,35340242.006665014,0.02931968608381859,0.028260164913216465,0.030512044606219885,0.0013194444444444443,0.0007906746031746033,0.0021468253968253965,0.001443452380952381,0.0009027777777777777,0.0022440476190476186,0.0002465485231391679,0.00010778860356845766,0.0005004100413917447,14797272.237090133,14726751.171939816,7218456.942774119,7215848.254652327,556063.7403154513,555827.3126371934,7771675.567289521,0.3454319565260292,3.1001984126984127e-06,0.0,0.0,1.475866539321577e-10,1.3755778750413743e-10,1.5554614883520622e-10,147541508.25500232,0.5901660330200093,1.8601190476190476e-06,1.8601190476190476e-06,1.8601190476190476e-06,1.8601190476190476e-06,53582.528410435734,1.0001866319444443,0.0016407464376765254,0.02922146480296143,0.06,0.10093750000000001,0.0014403521825396824,0.0009027777777777777,0.0022440476190476186,7.359089519290053e-07,2.2762483677024318e-07,2.0988406814022684e-06,22498426.739229396,0.9999300772990842,73366.18095037199,0.0,32993.05297185019,0.029319686083818585,0.06,0.10093750000000001,0.0,0.0,0.0,0.00024581246660058503,0.00010713960867649997,0.0005000100007135968,74997292.40035002,0.9999638986713336,0.0,0.0,0.0,0.0,30956.10920382459,0.0,3470666.099247272,0.15015965651818708,0.15012205427303896,0.27687500000000004,0.5359375000000001,24788193,25218797,430605,20260814,20260815
full_multiscale,90000000.0,250000000.0,29970000.0,0.333,32,7200,50400,3200,8,0.000304548676813633,3.4375,177036592.41652086,164672119.80422428,186842887.31984755,0.7081463696660835,0.6586884792168971,0.7473715492793902,0.005911458333333333,0.004624007936507937,0.007214285714285714,0.005912078373015873,0.004624007936507937,0.007214285714285714,0.005911458333333333,0.004624007936507937,0.007214285714285714,0.005911458333333333,0.004624007936507937,0.007214285714285714,212965.85551276914,116785.12894285329,352624.1032462343,0.8455003720238095,0.8136398809523809,0.892515873015873,0.3681065476014529,0.34179895764889545,0.3969090783176476,92026636.90036319,85449739.4122241,99227269.57941265,0.37079924534867165,0.3551151326431455,0.3865133101521354,11112853.383099696,10642800.525315093,11583803.905259488,0.4481097414136375,0.4251942086596292,0.47113285756457024,33608230.606022805,31889565.6494722,35334964.31734271,0.038789388253736234,0.03748529410119086,0.040255962100999444,0.006205357142857143,0.005070436507936508,0.0077390873015873015,0.006934523809523809,0.005662698412698413,0.008781746031746031,0.0002446853036392532,0.00010709187086258251,0.0004977268235707529,20954030.043702994,20753882.603693787,8670575.330438107,8658567.914631035,556648.1675683684,555837.1678718787,9214405.082502915,0.30747185755117534,0.0004439484126984127,3.968253968253968e-05,0.0019831349206349195,1.775560313819783e-10,1.648262142169818e-10,1.9000107884334538e-10,177036592.41652086,0.7081463696660835,0.00029389880952380954,0.00029885912698412705,0.00029885912698412705,0.00029389880952380954,251911.65005463164,1.0021273561507935,0.004967174226512997,0.038205231383265974,0.08,0.135625,0.006491195436507936,0.005083333333333334,0.007840277777777778,2.339330583280836e-07,6.917289137839162e-08,6.882922616993587e-07,29968287.6861967,0.9999428657389623,212965.85551276914,0.0,7896.779420882936,0.03878938825373622,0.08,0.1378125,0.0,0.0,0.0,0.0002444511930248937,0.00010688815409338128,0.0004976047649734695,74997331.28351535,0.999964417113538,0.0,0.0,0.0,0.0,109418.17008841695,0.0,3451681.883674355,0.15017831072969584,0.1501695932125584,0.27687500000000004,0.5362500000000001,24788193,25218797,430605,20260814,20260815
full_multiscale,90000000.0,250000000.0,36000000.0,0.4,32,7200,50400,3200,8,0.0005755745207812112,5.125,198059191.56238484,184041346.4042129,208688126.04986802,0.7922367662495393,0.7361653856168515,0.834752504199472,0.015739087301587303,0.013552579365079366,0.0181765873015873,0.015749627976190474,0.013552579365079366,0.018198412698412696,0.015739087301587303,0.013552579365079366,0.0181765873015873,0.015739087301587303,0.013552579365079366,0.0181765873015873,485234.9200662364,336701.2045944123,703098.2998933,0.7671577380952381,0.7111954365079365,0.8310843253968253,0.3369291430966965,0.3157222741432414,0.360020291959047,84232285.77417406,78930568.5358104,90005072.98976243,0.37011145736475237,0.35443660192356685,0.3857457136090685,13324012.46513109,12759717.669248395,13886845.689926513,0.4479004458629101,0.4247867044633845,0.47093417560903206,33592533.43971819,31859002.834753938,35320063.170677364,0.04566859205889477,0.04412523282098485,0.047253563678662874,0.01808655753968254,0.01533531746031746,0.021780753968253963,0.02042472718253968,0.01726984126984127,0.024948412698412695,0.00024273403148634666,0.00010634648843560297,0.0004942064357367798,26198854.227730818,25753162.286823712,9726721.3258098,9689229.85528732,557926.3638996531,555874.8552630048,10245104.710550327,0.28459994230549146,0.0032056051587301586,0.00043551587301587306,0.00835515873015873,2.1004515171179627e-10,1.846003727556079e-10,2.351840084675925e-10,198059191.56238484,0.7922367662495394,0.002347470238095238,0.0025775049603174605,0.0025775049603174605,0.002347470238095238,825185.2700130895,1.0490656001984127,0.019445347272614905,0.044025496823017554,0.09156249999999999,0.14,0.017300967261904762,0.014642857142857143,0.01977777777777778,1.1265347795958925e-07,3.2250787317166766e-08,3.391413144548696e-07,35998266.99737401,0.999951861038167,485234.9200662364,0.0,3172.5310844494047,0.045668592058894744,0.096875,0.15,0.0,0.0,0.0,0.00024262116796323533,0.00010625003854374583,0.0004941497214233023,74997325.39728732,0.9999643386304976,0.0,0.0,0.0,0.0,282226.23962478875,0.0,3426249.8976351684,0.15013411056882753,0.15013068887541597,0.27656250000000004,0.5371874999999999,24788193,25218797,430605,20260814,20260815
full_multiscale,90000000.0,250000000.0,45000000.0,0.5,32,7200,50400,3200,8,0.0012464701282426673,8.25,223394655.52956042,208703467.5755197,233081010.22049007,0.8935786221182418,0.8348138703020789,0.9323240408819603,0.05056361607142858,0.04437301587301587,0.05651190476190476,0.05082217261904762,0.044536706349206354,0.05681150793650794,0.05056361607142858,0.04437301587301587,0.05651190476190476,0.05056361607142858,0.04437301587301587,0.05651190476190476,1482656.373595153,1192919.5842491782,1859619.0196271345,0.5854544890873016,0.45399007936507935,0.7217103174603174,0.3154502486702867,0.2982480156795488,0.33128834542529445,78862562.16757166,74562003.91988766,82822086.35632347,0.36173709160551887,0.3469682054614751,0.37715035075458825,16278169.122248381,15613569.24576631,16971765.78395653,0.4467704375299036,0.42314018723979857,0.46984317830181616,33507782.8147427,31735514.04298486,35238238.3726364,0.05436184594963611,0.05271414957757271,0.05593537886176529,0.059603794642857144,0.05250099206349206,0.06716071428571428,0.06584883432539683,0.05760218253968254,0.07445238095238095,0.00023746044638401972,0.00010389787248696295,0.0004855583264643135,34819708.12120928,33497617.56165822,11098269.451424105,10944522.27895041,562906.9677287344,556088.3261583294,11500610.60510874,0.2555791877512727,0.011530257936507936,0.0034771825396825396,0.018896825396825394,4.58677101560179e-10,2.2110545219570332e-10,1.0223810959261341e-09,223394655.52956042,0.8935786221182417,0.00904017857142857,0.01332155257936508,0.01332155257936508,0.00904017857142857,3513234.5277248863,1.9554569692460317,0.06210182491055176,0.05191149995187726,0.1103125,0.136875,0.055091145833333334,0.048815476190476194,0.06148412698412698,4.452736190802803e-08,1.2122446886039954e-08,1.4028197701933888e-07,44998228.16676703,0.9999606259281563,1482656.373595153,0.0,1005.7598933531746,0.05436184594963605,0.12,0.12562500000000001,0.0,0.0,0.0,0.0002374154603450101,0.00010386093396400563,0.0004855369663262137,74997279.25469543,0.9999637233959391,0.0,0.0,0.0,0.0,957309.4592932784,0.0,3353403.5821000747,0.14989822974002207,0.1498971602992369,0.2753125,0.5362500000000001,24788193,25218797,430605,20260814,20260815
full_multiscale,90000000.0,250000000.0,52470000.0,0.583,32,7200,50400,3200,8,0.0020168910040844128,10.90625,235563732.9115203,222584618.90851212,242848403.25636286,0.9422549316460813,0.8903384756340484,0.9713936130254514,0.10757688492063491,0.09904464285714286,0.11648313492063492,0.1082421875,0.09980456349206349,0.11702579365079364,0.10757688492063491,0.09904464285714286,0.11648313492063492,0.10757688492063491,0.09904464285714286,0.11648313492063492,3401770.0965373134,2889682.345016288,3967846.8979857513,0.40690600198412696,0.25945734126984127,0.6038402777777777,0.30536104273491077,0.29179785509549555,0.3207676942594426,76340260.68372783,72949463.77387406,80191923.56486045,0.3454039484137539,0.33234566047954606,0.35978868108476303,18123345.173271015,17438176.80536308,18878112.096519172,0.4441492427801885,0.41991447204485627,0.46735756539098344,33311193.208514236,31493585.403364297,35051817.40432429,0.061070108934761315,0.057934685709204355,0.06591778998573425,0.1175359623015873,0.1074970238095238,0.12742757936507937,0.1261501736111111,0.11543253968253968,0.1365218253968254,0.00022792697817085962,9.953341885332346e-05,0.000469494110050779,43346948.666472554,40347694.445424765,11949955.744010761,11563872.598469311,572916.5733859639,556483.8434378955,12120356.441907208,0.23100451106777398,0.012550223214285713,0.005481150793650794,0.018320436507936508,9.113510948464956e-10,2.9372646202892595e-10,1.7161654106587674e-09,235563732.9115203,0.9422549316460812,0.009959077380952381,0.025379464285714283,0.025379464285714283,0.009959077380952381,8726628.186532434,3.7372371031746026,0.0869674222465314,0.061392545290511316,0.11125,0.2265625,0.1154513888888889,0.10684226190476191,0.12438591269841269,2.123984694562694e-08,5.641148818346929e-09,6.978358156377482e-08,52468050.88733196,0.9999628528174569,3401770.0965373134,0.00024305555555555558,411.97592757936513,0.0610701089347612,0.1121875,0.139375,0.0,0.0,0.0,0.0002279048269728191,9.951568084153158e-05,0.00046948379695608243,74997167.90736713,0.999962238764895,0.0,0.0,0.0,0.0,2313985.420935229,0.0,3219912.619480407,0.14939364017432982,0.14939318649768019,0.2728125,0.5337500000000001,24788193,25218797,430605,20260814,20260815
full_multiscale,90000000.0,250000000.0,60030000.0,0.667,32,7200,50400,3200,8,0.0035219717130743787,14.4375,240266372.32787558,230769317.0252706,245776438.03757986,0.9610654893115024,0.9230772681010825,0.9831057521503195,0.1922203621031746,0.17960714285714285,0.20818253968253966,0.19280319940476193,0.18010119047619047,0.20877281746031745,0.1922203621031746,0.17960714285714285,0.20818253968253966,0.1922203621031746,0.17960714285714285,0.20818253968253966,7237237.656153076,6320920.985977596,8137888.182286064,0.31392671130952376,0.1726577380952381,0.4997787698412698,0.291266374450321,0.2800161490109377,0.3037940506646806,72816593.61258015,70004037.25273456,75948512.66617006,0.31747202415670966,0.30674106421853237,0.3300676133780533,19057845.61012702,18413666.085038345,19813958.831084605,0.43891497201086666,0.4141823773864961,0.46217084093393257,32918622.900814995,31063678.303987592,34662813.07004447,0.0719902524971279,0.06283237205127049,0.08284347229999005,0.199343998015873,0.185593253968254,0.21573809523809526,0.21043836805555555,0.19697222222222222,0.22717857142857142,0.00021074227803936885,9.168218019755396e-05,0.0004391526694612416,54003439.83578053,47635233.72865562,12663180.775526734,11829815.759066934,592926.8979350594,557260.3653667187,12387076.124433653,0.2063745323156054,0.00869109623015873,0.00477281746031746,0.01186904761904762,1.036156763694694e-09,3.9732443819649843e-10,2.191681873127062e-09,240266372.32787558,0.9610654893115024,0.007123635912698413,0.03897197420634921,0.03897197420634921,0.007123635912698413,18686843.99676257,4.217645709325398,0.10215332786423743,0.07457756066435924,0.140625,0.3521875,0.20293340773809526,0.19013988095238096,0.21933829365079363,8.512414657704237e-09,2.570321859069681e-09,2.6564332185087074e-08,60022309.85308931,0.9998718949373532,7237237.656153076,0.002058531746031746,144.1640091765873,0.07199025249712786,0.13375,0.21,0.0,0.0,0.0,0.0002107327294679475,9.167363821453188e-05,0.0004391477381287076,74997151.27473998,0.9999620169965331,0.0,0.0,0.0,0.0,5029327.338542888,0.0,2978183.698309152,0.14853126070444955,0.14853107024319334,0.2671875,0.5306249999999999,24788193,25218797,430605,20260814,20260815
full_multiscale,90000000.0,250000000.0,67500000.0,0.75,32,7200,50400,3200,8,0.003894410073191451,19.28125,239593827.25015125,231297658.98255682,245865953.41877955,0.9583753090006049,0.9251906359302273,0.9834638136751181,0.3037624007936508,0.287265873015873,0.32163194444444443,0.30444010416666667,0.2877579365079365,0.3224563492063492,0.3037624007936508,0.287265873015873,0.32163194444444443,0.3037624007936508,0.287265873015873,0.32163194444444443,14282174.337583208,12272386.274411883,16910204.34848055,0.31991195436507935,0.18117162698412698,0.47566170634920635,0.2736305522935138,0.2637905931970043,0.28414857778406344,68407638.07337844,65947648.299251534,71037144.44601604,0.27694089270183697,0.26923135705764123,0.2850492826815233,18693510.257370375,18173116.601387557,19240826.58099895,0.43215326495695006,0.4079624117563584,0.4552265595010539,32411494.8717713,30597180.881727234,34141991.96257905,0.09523888364538909,0.07312235668258185,0.11300392160852707,0.3090749007936508,0.2911170634920635,0.32816964285714284,0.32358258928571426,0.30503968253968256,0.34189583333333334,0.00018651982481688922,8.045029838794553e-05,0.0003968022079022585,67681934.22720441,55051950.42969105,13421408.197180284,11839043.106509801,628151.4430026333,558325.9936031916,12397369.100112993,0.18380273050249124,0.006317584325396825,0.003419642857142857,0.00913392857142857,8.403463660381308e-10,3.6968445537679483e-10,1.7186904094165287e-09,239593827.25015125,0.958375309000605,0.0053124999999999995,0.05414806547619047,0.05414806547619047,0.0053124999999999995,34986688.03132571,3.4268260168650793,0.10577886782983711,0.08455035446999153,0.1484375,0.47187499999999993,0.31818204365079367,0.3010724206349206,0.3352936507936508,2.5506965528759817e-09,1.1016505312138835e-09,5.529175495362292e-09,67449319.52980399,0.9992491782193184,14282174.337583208,0.013192584325396824,38.19810143849206,0.09523888364538907,0.183125,0.38937499999999997,0.0,0.0,0.0,0.00018651643377397032,8.044626820152896e-05,0.00039679996366344644,74997391.25049867,0.9999652166733156,0.0,0.0,0.0,0.0,9803480.457082585,0.0,2638029.673106399,0.14815106325816624,0.1481509899799206,0.2628125,0.528125,24788193,25218797,430605,20260814,20260815
full_multiscale,90000000.0,250000000.0,77000000.0,0.8555555555555555,32,7200,50400,3200,8,0.0049055923252115646,34.78125,228443020.31774527,219063136.6563941,237305429.07781446,0.9137720812709812,0.8762525466255764,0.9492217163112578,0.5139050099206349,0.4924136904761905,0.5391626984126984,0.514443824404762,0.492781746031746,0.5397063492063492,0.5139050099206349,0.4924136904761905,0.5391626984126984,0.5139050099206349,0.4924136904761905,0.5391626984126984,31928300.700449437,27260811.874293618,37559686.40020383,0.49001364087301585,0.34999900793650796,0.616702380952381,0.255050429997536,0.24585668195864313,0.2675060488118874,63762607.49938415,61464170.48966139,66876512.20297143,0.20432910530826914,0.20005734832053054,0.20930639110012966,15733341.108740352,15404415.820683615,16116592.114714518,0.4235426033630417,0.3967805882968823,0.4473271604122808,31765695.252228156,29758544.122265838,33549537.03092092,0.12558568895380684,0.10451679345092808,0.14682857632567206,0.516585441468254,0.49445634920634923,0.5419117063492064,0.5343625992063492,0.5132232142857143,0.5592549603174604,0.00014686219276780328,5.812069923942281e-05,0.0003402720378578797,93040299.42978397,64467736.14782035,14543823.637114074,11341219.446155047,713000.9150231306,559867.687496354,11901087.133651402,0.15583698454783954,0.0032428075396825394,0.001753968253968254,0.004881944444444445,4.296405668985606e-10,2.5512774360012473e-10,7.690981159280636e-10,228443020.31774527,0.9137720812709811,0.0026804315476190474,0.07840277777777778,0.07840277777777778,0.0026804315476190474,69105101.61488874,1.8126481894841269,0.08245863079700635,0.07234137117998729,0.0615625,0.440625,0.5317125496031747,0.5112529761904762,0.5564623015873016,6.461838263746314e-10,2.6546899541022134e-10,1.3774261887308078e-09,76368823.28147164,0.991802899759372,31928300.700449437,0.09011284722222222,8.458004712301587,0.12558568895380684,0.28031249999999996,0.681875,0.0,0.0,0.0,0.00014686111694340998,5.8119323666681744e-05,0.00034027136955956823,74997250.87551475,0.9999633450068632,0.0,0.0,0.0,0.0,21288519.207295083,0.0,2082317.1742689735,0.14909475247854792,0.1490947297876598,0.2565625,0.5303125,24788193,25218797,430605,20260814,20260815
full_multiscale,90000000.0,250000000.0,80000000.0,0.8888888888888888,32,7200,50400,3200,8,0.0071444703394548765,39.28125,220704497.04192978,209880060.22160375,230675228.49662796,0.8828179881677192,0.839520240886415,0.9227009139865118,0.5919140625,0.5640416666666667,0.6232718253968255,0.5923530505952381,0.5643263888888889,0.6237549603174602,0.5919140625,0.5640416666666667,0.6232718253968255,0.5919140625,0.5640416666666667,0.6232718253968255,40859743.847902104,34194400.78644479,48198515.46136525,0.585226314484127,0.466844246031746,0.7017688492063492,0.25524110353254337,0.2438007354595726,0.2684766487688224,63810275.88313569,60950183.86489288,67119162.19220598,0.176093101535711,0.1697950108035474,0.18275151196274592,14087448.122856896,13583600.864283752,14620120.95701972,0.421526401060829,0.3944697054396361,0.4451706164921469,31614480.07956215,29585227.907972746,33387796.236910935,0.12166190376322772,0.1014689639190105,0.13455362022911896,0.593929191468254,0.5658928571428572,0.6253105158730159,0.6109480406746033,0.5840724206349206,0.6415823412698413,0.0001322718691268582,4.908566012208472e-05,0.00032534028349757906,103921147.96543595,67173992.08559173,14886523.132850202,10970047.27680201,756400.4165869585,560288.3045771017,11530335.581379116,0.14650192591909975,0.002425595238095238,0.001253968253968254,0.0035902777777777777,3.186779164812828e-10,2.2437896414731557e-10,5.193859622379315e-10,220704497.04192978,0.8828179881677192,0.002015128968253968,0.08686755952380953,0.08686755952380953,0.002015128968253968,83810431.3575753,1.395918898809524,0.0652362464464476,0.05881912833739042,0.050625,0.3040625,0.6089905753968254,0.5821775793650794,0.6396021825396825,3.863271123466412e-10,1.6612019491492254e-10,8.015068923421322e-10,78704327.66697086,0.9838040958371358,40859743.847902104,0.14208581349206348,4.872665550595238,0.12166190376322772,0.25375000000000003,0.6909375,0.0,0.0,0.0,0.00013227116412182938,4.908475771556163e-05,0.00032533981436880206,74997184.0452883,0.9999624539371773,0.0,0.0,0.0,0.0,27146962.106663257,0.0,1878482.9080530752,0.14965679366186557,0.14965677812927283,0.255625,0.5315625,24788193,25218797,430605,20260814,20260815
full_multiscale,90000000.0,275000000.0,22500000.0,0.25,32,7200,50400,3200,8,0.00015477798437880206,2.40625,147541525.3198545,137532033.44764996,155546148.70436227,0.5365146375267438,0.5001164852641817,0.5656223589249537,0.0013175843253968253,0.0007906746031746033,0.0021468253968253965,0.0013175843253968253,0.0007906746031746033,0.0021468253968253965,0.0013175843253968253,0.0007906746031746033,0.0021468253968253965,0.0013175843253968253,0.0007906746031746033,0.0021468253968253965,73365.46949740182,17733.636574869128,142451.06239459026,0.9522643849206349,0.9335595238095238,0.9757480158730159,0.47647964736606035,0.45168510426143343,0.5076838041461457,131031903.02566642,124213403.6718941,139613046.1401902,0.3674497127910683,0.35220564584110864,0.383040352156306,8267618.537799016,7924627.0314250095,8618407.923516896,0.4481452854638291,0.4252901788659952,0.4712032265476851,33610896.40978716,31896763.414949775,35340241.991076246,0.02931970305502147,0.028260144831401053,0.03051208725604023,0.0013175843253968253,0.0007906746031746033,0.0021468253968253965,0.0014403521825396824,0.0009027777777777777,0.0022440476190476186,0.0002465485231125034,0.0001077886035629989,0.0005004100414097175,14797271.35873251,14726750.295200013,7218457.108598318,7215849.130432065,556063.7404519357,555827.3126532884,7771676.443085354,0.3454319954675037,0.0,0.0,0.0,1.4755322241505737e-10,1.3753203344764995e-10,1.5554614870436228e-10,147541525.3198545,0.5365146375267437,0.0,0.0,0.0,0.0,53568.69110513723,1.0000440228174603,0.0006023217599289619,0.02922143419314814,0.06,0.10093750000000001,0.0014403521825396824,0.0009027777777777777,0.0022440476190476186,7.359090157075029e-07,2.2762483530264428e-07,2.0988406868786037e-06,22498426.73828543,0.9999300772571302,73365.46949740182,0.0,32993.05586185516,0.02931970305502147,0.06,0.10093750000000001,0.0,0.0,0.0,0.00024581246654357345,0.00010713960867661739,0.0005000100007311703,74997292.40059963,0.9999638986746617,0.0,0.0,0.0,0.0,30956.127269354485,0.0,3470666.0984344,0.1501596562064632,0.1501220539579579,0.27687500000000004,0.5359375000000001,24788193,25218797,430605,20260814,20260815
full_multiscale,90000000.0,275000000.0,29970000.0,0.333,32,7200,50400,3200,8,0.00030417073105488545,3.4375,177041499.08850008,164673094.28855184,186858347.84805334,0.6437872694127276,0.5988112519583703,0.6794849012656485,0.005912078373015873,0.004624007936507937,0.007214285714285714,0.005912078373015873,0.004624007936507937,0.007214285714285714,0.005912078373015873,0.004624007936507937,0.007214285714285714,0.005912078373015873,0.004624007936507937,0.007214285714285714,212750.8905312568,116705.75018177922,352606.8417531122,0.8916821676587301,0.8666924603174603,0.9295912698412698,0.402005729926155,0.37471048296531245,0.43323979730852125,110551575.72969249,103045382.81546028,119140944.2598438,0.37080391755083786,0.35511511736499884,0.38651665402958063,11112993.40899862,10642800.067429015,11583904.121266512,0.44810980996605904,0.42519422035393295,0.4711328840499472,33608235.747454405,31889566.526544925,35334966.30374595,0.03878989190071179,0.03748474641719495,0.040257020679215404,0.005931919642857143,0.004668650793650793,0.007279761904761905,0.006526537698412698,0.005149801587301587,0.007916666666666667,0.0002446853541418757,0.00010709187250868399,0.0004977268022034328,20953843.906669833,20753699.628493074,8670546.536205348,8658750.883649088,556648.1291909871,555837.1693927485,9214588.053041836,0.3074779630709246,3.5342261904761904e-05,0.0,0.00016567460317460313,1.7718779698126066e-10,1.647481655292491e-10,1.8730843574527443e-10,177041499.08850008,0.6437872694127276,1.984126984126984e-05,2.0461309523809523e-05,2.0461309523809523e-05,1.984126984126984e-05,246370.50547808042,1.0005450148809523,0.0022079035000715785,0.03820444688144052,0.08,0.135625,0.006491195436507936,0.005083333333333334,0.007840277777777778,2.3393606956948383e-07,6.917301977245021e-08,6.882965473176517e-07,29968287.68153491,0.9999428655834137,212750.8905312568,0.0,7896.881499255953,0.038789891900711776,0.08,0.1378125,0.0,0.0,0.0,0.0002444512408845092,0.00010688815473168409,0.0004976047427900127,74997331.28352568,0.9999644171136757,0.0,0.0,0.0,0.0,109413.27953143514,0.0,3451682.581700769,0.15017833234765998,0.1501696147521686,0.27687500000000004,0.5362500000000001,24788193,25218797,430605,20260814,20260815
full_multiscale,90000000.0,275000000.0,36000000.0,0.4,32,7200,50400,3200,8,0.0005750637098476558,5.125,198144457.6109076,184046648.345852,209124548.86901376,0.7205253004033003,0.6692605394394617,0.7604529049782318,0.01573970734126984,0.013552579365079366,0.0181765873015873,0.0157421875,0.013552579365079366,0.0181765873015873,0.01573970734126984,0.013552579365079366,0.0181765873015873,0.01573970734126984,0.013552579365079366,0.0181765873015873,482983.1105123164,334640.5087537697,701710.7447917593,0.8358141121031746,0.8023125,0.8858154761904762,0.36233152247302536,0.3369827374872912,0.3906748739829659,99641168.6800819,92670252.80900519,107435590.34531486,0.3701426353044776,0.3544577287679095,0.3857874377121514,13325134.87096119,12760478.235644707,13888347.75763746,0.4479012957105782,0.424787978475703,0.47093479481141637,33592597.178293295,31859098.38567786,35320109.61085626,0.045672294840006296,0.04412688521705509,0.04725636540112985,0.016183035714285716,0.014132936507936508,0.01864484126984127,0.01796999007936508,0.01570734126984127,0.020856150793650795,0.00024273454187557114,0.0001063465895705552,0.0004942075355055381,26195529.109020293,25749942.838725522,9727795.770887956,9692449.656729182,557925.6151169454,555874.8890581748,10248324.545787357,0.2846893834172801,0.0006808035714285715,7.936507936507937e-05,0.0027132936507936497,1.9882941327701753e-10,1.842482031210632e-10,2.1275938317887766e-10,198144457.6109076,0.7205253004033004,0.00044332837301587307,0.0004774305555555556,0.0004774305555555556,0.00044332837301587307,764615.1926166437,1.0025520833333332,0.005235919074311878,0.04394890840488405,0.09125,0.14,0.01730530753968254,0.01465376984126984,0.01975595238095238,1.1267029333624488e-07,3.2253939968979145e-08,3.3917596268168117e-07,35998267.38451285,0.9999518717920236,482983.1105123164,0.0,3173.006031125992,0.04567229484000626,0.096875,0.15,0.0,0.0,0.0,0.00024262167275282162,0.00010625013813029185,0.0004941508139528097,74997325.39711751,0.9999643386282334,0.0,0.0,0.0,0.0,282124.16221245856,0.0,3426258.252020709,0.15013440050284182,0.15013097823165017,0.27656250000000004,0.5371874999999999,24788193,25218797,430605,20260814,20260815
full_multiscale,90000000.0,275000000.0,45000000.0,0.5,32,7200,50400,3200,8,0.0012567498335544845,8.25,224917361.27986836,208842396.8514924,236186069.08191726,0.8178813137449759,0.7594268976417906,0.8588584330251536,0.050521453373015876,0.04421428571428571,0.056500992063492066,0.050622519841269836,0.04427182539682539,0.05656944444444444,0.050521453373015876,0.04421428571428571,0.056500992063492066,0.050521453373015876,0.04421428571428571,0.056500992063492066,1466885.0086768544,1176352.2397405198,1843990.1955974961,0.7363975694444445,0.6753581349206349,0.8100198412698413,0.32679319517856176,0.30660409295213226,0.3477923632573647,89868128.67410448,84316125.56183761,95642899.89577447,0.36170824759251863,0.34699636306756065,0.37702434901874554,16276871.141663337,15614836.338040166,16966095.705843605,0.4467738797958726,0.423142336635176,0.4698538011640907,33508040.984690428,31735675.24763803,35239035.08730721,0.05435592747830906,0.052709681397086865,0.05594337968317477,0.05381944444444445,0.04761507936507937,0.05976884920634921,0.05924913194444445,0.05291468253968254,0.0659702380952381,0.00023746676473578545,0.00010387721224640647,0.0004855390445031632,34744854.44930811,33427988.812244013,11157374.553730495,11014157.827603783,562889.885345831,556087.2398597883,11570245.067463571,0.2571266485345616,0.0044673859126984124,0.0007093253968253969,0.009439484126984124,2.425936075158921e-10,2.0992303776896478e-10,2.9276198405947484e-10,224917361.27986836,0.8178813137449759,0.0032979910714285715,0.004751984126984127,0.004751984126984127,0.0032979910714285715,3227164.257839292,1.0656473214285715,0.02603980667804094,0.04889460934656317,0.10687500000000001,0.12,0.05507440476190476,0.04885119047619048,0.061617063492063494,4.465337276614115e-08,1.2186820197687538e-08,1.4043786718683236e-07,44998233.8797076,0.9999607528823911,1466885.0086768544,0.0,1008.5980648561507,0.054355927478308974,0.12,0.1253125,0.0,0.0,0.0,0.00023742186876941177,0.00010384027626867492,0.00048551770955820167,74997279.12872349,0.9999637217163132,0.0,0.0,0.0,0.0,955018.0254680743,0.0,3353506.509894593,0.14989990725347585,0.14989883535276013,0.2753125,0.5359375,24788193,25218797,430605,20260814,20260815
full_multiscale,90000000.0,275000000.0,52470000.0,0.583,32,7200,50400,3200,8,0.0020157936770884947,10.90625,241041105.52490515,224641836.42655975,251877899.9147096,0.8765131109996551,0.81687940518749,0.9159196360534895,0.10729786706349206,0.09882242063492064,0.1163452380952381,0.1076388888888889,0.09924107142857143,0.1166329365079365,0.10729786706349206,0.09882242063492064,0.1163452380952381,0.10729786706349206,0.09882242063492064,0.1163452380952381,3351674.321864987,2834841.04922783,3924220.273607892,0.6322259424603175,0.544890873015873,0.7421359126984126,0.3090649966473939,0.29299605502177134,0.32489104999369245,84992874.0780333,80573915.13098732,89345038.7482661,0.34511779434665496,0.33197211581171193,0.3594733326868096,18108330.669370327,17418576.916641854,18861565.76607846,0.44410026076112274,0.41986051064336455,0.46731108293906015,33307519.55708423,31489538.29825233,35048331.2204298,0.060923091159166165,0.05792207125625914,0.06551995292874363,0.11278831845238095,0.10384027777777778,0.12196130952380953,0.12115141369047619,0.11183531746031747,0.13047718253968255,0.00022805050464671264,9.952099544857262e-05,0.00046951301800146313,43047104.09819147,40086645.88099027,12199844.210187316,11824961.918924894,572805.3545358987,556471.5411345181,12381433.460059412,0.23598030679908072,0.0071273561507936515,0.0020952380952380953,0.01246031746031746,3.253657781274633e-10,2.310798567606208e-10,5.200091227672526e-10,241041105.52490515,0.8765131109996551,0.0054904513888888885,0.014015997023809524,0.014015997023809524,0.0054904513888888885,8423718.191655643,1.3118322172619048,0.05381273553370969,0.051988739556696834,0.0978125,0.1434375,0.11508866567460317,0.10629662698412698,0.12410019841269841,2.1494643213762165e-08,5.75759420466501e-09,6.994735563836256e-08,52468079.34104973,0.9999633951029108,3351674.321864987,0.00023623511904761904,416.89230220734123,0.06092309115916604,0.1121875,0.13843750000000002,0.0,0.0,0.0,0.00022802868463772072,9.950328679006156e-05,0.0004695029013719938,74997165.0311383,0.9999622004151774,0.0,0.0,0.0,0.0,2298808.9508895436,0.0,3221653.6878838046,0.1493846792707098,0.14938422161798315,0.2728125,0.5337500000000001,24788193,25218797,430605,20260814,20260815
full_multiscale,90000000.0,275000000.0,60030000.0,0.667,32,7200,50400,3200,8,0.003523389747066159,14.4375,249461155.313178,234297470.4152813,259873777.32815206,0.9071314738661018,0.8519908015101137,0.944995553920553,0.19160590277777778,0.17883035714285714,0.2077609126984127,0.19202566964285714,0.17931944444444445,0.2080982142857143,0.19160590277777778,0.17883035714285714,0.2077609126984127,0.19160590277777778,0.17883035714285714,0.2077609126984127,7135850.735004005,6214214.550103133,8035856.625864266,0.5444537450396825,0.4280753968253968,0.6842361111111112,0.29175414760479973,0.27864880891601007,0.3048630916686446,80232390.59131956,76628422.45190193,83837350.2088773,0.3170897665533823,0.30643195801493883,0.32974826236542304,19034898.686199356,18395110.43963653,19794788.18979653,0.43878751298328433,0.41410434205837726,0.46205002341656626,32909063.473746374,31057825.654378623,34653751.75624229,0.07142128844195425,0.06260855710743246,0.08268816655136034,0.19653273809523808,0.18297619047619046,0.21246626984126984,0.2075644841269841,0.19425793650793652,0.2239861111111111,0.0002109462214973616,9.166927470782916e-05,0.0004394640134807486,53457213.385799184,47190821.92661039,13108350.87222668,12274341.370070495,592683.9840480316,557234.2103889713,12831575.580459464,0.2137797907680724,0.006012524801587302,0.0025357142857142857,0.008918650793650793,4.0383423956434016e-10,2.5105860409458914e-10,5.964645408459826e-10,249461155.313178,0.9071314738661018,0.004926835317460318,0.026756572420634922,0.026756572420634922,0.004926835317460318,18635139.14378869,1.569330357142857,0.07307034708672035,0.05762464455810611,0.09187499999999998,0.238125,0.20236793154761903,0.18942162698412698,0.21900099206349205,8.727338814774307e-09,2.653967227346836e-09,2.6730276385020428e-08,60022397.507069886,0.9998733551069446,7135850.735004005,0.0020182291666666664,147.7845845734127,0.07142128844195422,0.1325,0.2078125,0.0,0.0,0.0,0.00021093709032430727,9.16607919919959e-05,0.00043945933768082466,74997149.34313914,0.9999619912418553,0.0,0.0,0.0,0.0,4996267.429818876,0.0,2981018.553423239,0.14849927409294883,0.148499080736873,0.2671875,0.5306249999999999,24788193,25218797,430605,20260814,20260815
full_multiscale,90000000.0,275000000.0,67500000.0,0.75,32,7200,50400,3200,8,0.0039056868530746506,19.25,249447952.48299015,235699536.1895762,260676181.21179482,0.9070834635745096,0.8570892225075498,0.9479133862247084,0.30326636904761906,0.2867123015873016,0.3213065476190476,0.30373573908730156,0.2870813492063492,0.32187599206349204,0.30326636904761906,0.2867123015873016,0.3213065476190476,0.30326636904761906,0.2867123015873016,0.3213065476190476,14141835.271516686,12135013.90253375,16781560.923211873,0.5307942708333334,0.3829166666666667,0.6617579365079365,0.27362425898558074,0.2629845860716292,0.28533148062465,75246671.22103448,72320761.16969725,78466157.17177866,0.27668167123988097,0.2689713750086047,0.2848703191537603,18676012.808688335,18155567.81307761,19228746.542874873,0.43194873329054484,0.4077559811186019,0.45502404417183234,32396154.996790886,30581698.583895296,34126803.31288776,0.09429441650779563,0.07237323100808962,0.11152221506097615,0.30712425595238096,0.28938690476190476,0.32571726190476186,0.32163132440476194,0.30332242063492065,0.33958432539682537,0.00018668803229402806,8.040771955195977e-05,0.00039706391252406403,67051795.1624682,54574269.374640815,13912133.858521927,12317414.343512353,627890.7037137212,558300.7350338586,12875715.078546211,0.19089278052365558,0.004621775793650794,0.0020248015873015873,0.0072658730158730155,3.9797278774010446e-10,2.5385356744268127e-10,6.352671085571544e-10,249447952.48299015,0.9070834635745096,0.0038578869047619048,0.03969618055555555,0.03969618055555555,0.0038578869047619048,35146766.11072172,1.546965525793651,0.07494251343783123,0.05971834318268779,0.07843750000000001,0.3003125,0.317734375,0.3006964285714286,0.33513988095238095,2.660043943772265e-09,1.138038488136804e-09,5.658150366339184e-09,67449984.45318717,0.9992590289361062,14141835.271516686,0.012898685515873014,39.83337053571429,0.09429441650779563,0.1821875,0.3709375,0.0,0.0,0.0,0.00018668497427729657,8.04037560228638e-05,0.000397061881626521,74997389.71248122,0.9999651961664162,0.0,0.0,0.0,0.0,9768322.188065376,0.0,2640339.607296627,0.14809701058400998,0.14809693579949196,0.2628125,0.5278125,24788193,25218797,430605,20260814,20260815
full_multiscale,90000000.0,275000000.0,77000000.0,0.8555555555555555,32,7200,50400,3200,8,0.004858481200137931,34.75,234322309.94029433,221493717.14254668,247044801.76562732,0.8520811270556157,0.8054316987001697,0.8983447336931903,0.5138027033730158,0.4922222222222222,0.5386696428571428,0.5141480654761904,0.49237896825396826,0.5390138888888889,0.5138027033730158,0.4922222222222222,0.5386696428571428,0.5138027033730158,0.4922222222222222,0.5386696428571428,31820285.163689364,27155752.44259928,37445146.34435009,0.6615370783730159,0.541326388888889,0.7607797619047619,0.2631562411440215,0.24891189694140706,0.2804184930991153,72367966.31460607,68450771.6588871,77115085.60225761,0.2042624077795021,0.19996945968353821,0.2092981185675556,15728205.399025295,15397648.395635173,16115955.129706185,0.4233499577493538,0.39658075916986946,0.4471430210958649,31751246.831201598,29743556.93774056,33535726.582190204,0.12493201846586682,0.10377932483452748,0.14559166813347385,0.5156529017857143,0.49358928571428573,0.5405714285714286,0.5334281994047619,0.5126617063492064,0.5582529761904762,0.00014678062383722995,5.802398766157294e-05,0.00033995743902068363,92663282.18096319,64190258.74035527,14817656.282915285,11623664.884137396,713138.0284316312,559867.7041280834,12183532.588265479,0.1595250461750974,0.002201140873015873,0.0010625,0.003441468253968254,2.8636613795291977e-10,2.2666756610131237e-10,4.1327199998752216e-10,234322309.94029433,0.8520811270556158,0.0018501984126984127,0.05563368055555556,0.05563368055555556,0.0018501984126984127,68771293.07899523,1.1914112103174603,0.048772375635550966,0.042933701091990496,0.050625,0.1396875,0.5316083829365079,0.5113125,0.5562738095238096,6.691878714556913e-10,2.7108953032725454e-10,1.4303900652762717e-09,76373791.32862079,0.991867419852218,31820285.163689364,0.08934895833333334,8.758456721230159,0.12493201846586682,0.2759375,0.6637500000000001,0.0,0.0,0.0,0.00014677966828322052,5.802263641997223e-05,0.00033995684419321174,74997246.42857137,0.9999632857142849,0.0,0.0,0.0,0.0,21307803.21956277,0.0,2081135.885715526,0.14906004788029198,0.14906002490187303,0.2565625,0.530625,24788193,25218797,430605,20260814,20260815
full_multiscale,90000000.0,275000000.0,80000000.0,0.8888888888888888,32,7200,50400,3200,8,0.007086686420579774,39.28125,224726209.89534786,211559481.6062874,237972605.09892747,0.817186217801265,0.7693072058410451,0.8653549276324635,0.5920845734126985,0.564421626984127,0.623328373015873,0.5923449900793651,0.5645585317460318,0.6235932539682539,0.5920845734126985,0.564421626984127,0.623328373015873,0.5920845734126985,0.564421626984127,0.623328373015873,40793182.749227256,34145584.28864565,48126023.12879366,0.733337673611111,0.6405704365079365,0.8213621031746031,0.27039574439307146,0.25073995354478895,0.29137200054228674,74358829.70809457,68953487.22481719,80127300.14912845,0.1760433179985587,0.16975560816865262,0.18274013730772443,14083465.439884705,13580448.653492194,14619210.984618025,0.4213740339916926,0.3942650778308,0.4450618742123054,31603052.549376935,29569880.837309867,33379640.565923005,0.12103072411037454,0.10074382980216134,0.13413608693731138,0.5933854166666668,0.5655922619047619,0.6246319444444445,0.6104334077380952,0.5835416666666666,0.6407380952380952,0.00013213703878666447,4.8952760450023123e-05,0.0003249642681344727,103698650.10413495,66990590.66202244,15049000.434222886,11160383.806039328,756803.3136102011,560296.6346788337,11720680.440718161,0.1489072692704878,0.0015538194444444445,0.0007867063492063492,0.002419642857142857,2.4864115861650204e-10,2.1334624494437708e-10,3.2263591973839545e-10,224726209.89534786,0.817186217801265,0.0013008432539682539,0.06008370535714286,0.06008370535714286,0.0013008432539682539,83065848.91299722,1.087921626984127,0.03393417419787275,0.031500751790646375,0.05,0.0734375,0.609163566468254,0.582421626984127,0.6394394841269841,3.9655829610910184e-10,1.6796334098582354e-10,8.117444046452308e-10,78711271.10274056,0.9838908887842569,40793182.749227256,0.1414112103174603,5.001105530753968,0.12103072411037454,0.24875,0.6909375,0.0,0.0,0.0,0.00013213639358720974,4.8951869229812165e-05,0.0003249638341403511,74997167.48801333,0.9999622331735111,0.0,0.0,0.0,0.0,27202108.828904778,0.0,1876588.441778894,0.14962929540941958,0.149629279762646,0.25593750000000004,0.5309375000000001,24788193,25218797,430605,20260814,20260815
full_multiscale,90000000.0,300000000.0,22500000.0,0.25,32,7200,50400,3200,8,0.00015477798437880206,2.40625,147541527.14479566,137532033.55289444,155546148.85661575,0.4918050904826522,0.4584401118429815,0.5184871628553859,0.0013175843253968253,0.0007906746031746033,0.0021468253968253965,0.0013175843253968253,0.0007906746031746033,0.0021468253968253965,0.0013175843253968253,0.0007906746031746033,0.0021468253968253965,0.0013175843253968253,0.0007906746031746033,0.0021468253968253965,73365.47024428524,17733.63657465233,142451.0623980876,0.9725384424603174,0.9576845238095238,0.988905753968254,0.5139353172330152,0.4906801803137694,0.5440441545958102,154180595.1699041,147204054.09413153,163213246.37874338,0.3674497132678066,0.35220564322691533,0.38304035183348895,8267618.54852563,7924626.972605662,8618407.916253503,0.4481452854543698,0.4252901788640042,0.4712032264780851,33610896.40907772,31896763.414800465,35340241.98585629,0.029319692711439915,0.028260142544871605,0.030512078995425178,0.0013175843253968253,0.0007906746031746033,0.0021468253968253965,0.0014403521825396824,0.0009027777777777777,0.0022440476190476186,0.0002465485231031339,0.0001077886035371035,0.0005004100413849835,14797271.264363956,14726750.200028146,7218457.204690654,7215849.22657568,556063.7404468422,555827.3126533434,7771676.539229024,0.34543199972593375,0.0,0.0,0.0,1.4754280683569304e-10,1.3753203355289447e-10,1.5554614885661578e-10,147541527.14479566,0.4918050904826522,0.0,0.0,0.0,0.0,53568.689651830515,1.0000043402777778,0.00013645052542613092,0.029221413599325778,0.06,0.10093750000000001,0.0014403521825396824,0.0009027777777777777,0.0022440476190476186,7.359090225437966e-07,2.2762483479089053e-07,2.0988406778199755e-06,22498426.739257228,0.9999300773003212,73365.47024428524,0.0,32993.05613157242,0.029319692711439915,0.06,0.10093750000000001,0.0,0.0,0.0,0.0002458124665377832,0.00010713960865121521,0.000500010000706908,74997292.40052013,0.9999638986736017,0.0,0.0,0.0,0.0,30956.12632372549,0.0,3470666.098265129,0.15015965625622207,0.1501220540085274,0.27687500000000004,0.5359375000000001,24788193,25218797,430605,20260814,20260815
full_multiscale,90000000.0,300000000.0,29970000.0,0.333,32,7200,50400,3200,8,0.00030417073105488545,3.4375,177041888.0418135,164673115.9541073,186859074.47161844,0.590139626806045,0.5489103865136911,0.6228635815720615,0.005912078373015873,0.004624007936507937,0.007214285714285714,0.005912078373015873,0.004624007936507937,0.007214285714285714,0.005912078373015873,0.004624007936507937,0.007214285714285714,0.005912078373015873,0.004624007936507937,0.007214285714285714,212731.14657105273,116705.66990519768,352606.789242148,0.9240488591269842,0.9030505952380952,0.9550029761904761,0.4366545737817303,0.4100108053624037,0.4687443110642485,130996372.13451892,123003241.60872129,140623293.3192738,0.37080438467030097,0.3551151162497527,0.38651673135786585,11113007.40856893,10642800.03400509,11583906.438795237,0.44810981575363235,0.42519421970355803,0.47113288360578526,33608236.18152241,31889566.47776686,35334966.27043384,0.038790006277300185,0.037484821905184124,0.04025728451556726,0.005913938492063492,0.004624007936507937,0.007214285714285714,0.006494295634920634,0.005083333333333334,0.007840277777777778,0.00024468535535610226,0.00010709187248694118,0.0004977268027781536,20953823.860083293,20753679.675213065,8670546.839687036,8658770.836947236,556648.1281752955,555837.1692142726,9214608.00616151,0.30747862888036903,3.1001984126984127e-06,0.0,0.0,1.7709142981590952e-10,1.6470371210106344e-10,1.8685907447161843e-10,177041888.0418135,0.5901396268060449,1.8601190476190476e-06,1.8601190476190476e-06,1.8601190476190476e-06,1.8601190476190476e-06,245982.01483932586,1.0001717509920636,0.0015897487278065561,0.03820434616071719,0.08,0.135625,0.006491195436507936,0.005083333333333334,0.007840277777777778,2.3393654668861286e-07,6.917302159178248e-08,6.882965498246061e-07,29968287.681374572,0.9999428655780638,212731.14657105273,0.0,7896.897696552579,0.038790006277300185,0.08,0.1378125,0.0,0.0,0.0,0.00024445124171798387,0.00010688815472432103,0.0004976047433609637,74997331.28354126,0.9999644171138835,0.0,0.0,0.0,0.0,109413.1874316094,0.0,3451682.5935677085,0.15017833304742811,0.15016961544810897,0.27687500000000004,0.5362500000000001,24788193,25218797,430605,20260814,20260815
full_multiscale,90000000.0,300000000.0,36000000.0,0.4,32,7200,50400,3200,8,0.0005745083710572996,5.125,198153961.2786178,184048249.44684854,209158089.68875778,0.6605132042620594,0.6134941648228285,0.6971936322958592,0.0157421875,0.013552579365079366,0.0181765873015873,0.0157421875,0.013552579365079366,0.0181765873015873,0.0157421875,0.013552579365079366,0.0181765873015873,0.0157421875,0.013552579365079366,0.0181765873015873,482607.0164436192,334469.07203990483,701575.659101488,0.8808091517857142,0.854110119047619,0.9220803571428571,0.39216473821049236,0.36490180932920335,0.4231513457392213,117649421.4631477,109470542.79876074,126945403.72176804,0.37014942719519595,0.3544584567660186,0.3857930884991699,13325379.379027046,12760504.443576649,13888551.185970131,0.44790149756737185,0.424788506396938,0.4709348342484693,33592612.31755284,31859137.97977048,35320112.5686352,0.04567330599888021,0.04412749274770644,0.04725735365826743,0.015783730158730157,0.013552579365079366,0.018327380952380953,0.017387772817460317,0.01467559523809524,0.02011706349206349,0.00024273457772895548,0.00010634663013369155,0.0004942078199652765,26195171.80783038,25749593.08466944,9727777.07093993,9692799.396120174,557925.5220534948,555874.903590579,10248674.299710752,0.28469909927269715,8.494543650793651e-05,0.0,0.00041964285714285704,1.9837660227362026e-10,1.841584483369736e-10,2.1019905070113847e-10,198153961.2786178,0.6605132042620593,4.154265873015873e-05,4.5882936507936506e-05,4.5882936507936506e-05,4.154265873015873e-05,754602.3960923536,1.000766369047619,0.0025621128845820847,0.04394560409952579,0.09125,0.14,0.017304067460317457,0.01465376984126984,0.01975595238095238,1.1267236061299454e-07,3.225405564266511e-08,3.3917895480754116e-07,35998267.38438016,0.9999518717883378,482607.0164436192,0.0,3173.064539310516,0.045673305998880184,0.096875,0.15,0.0,0.0,0.0,0.0002426217069917402,0.00010625017805714139,0.0004941510976591074,74997325.39721917,0.9999643386295889,0.0,0.0,0.0,0.0,282111.8838076979,0.0,3426258.934247272,0.1501344495655868,0.15013102725058888,0.27656250000000004,0.5371874999999999,24788193,25218797,430605,20260814,20260815
full_multiscale,90000000.0,300000000.0,45000000.0,0.5,32,7200,50400,3200,8,0.0012600057956662363,8.25,225141325.9672678,208857645.19505635,237073204.37280786,0.7504710865575593,0.6961921506501879,0.7902440145760261,0.050558035714285715,0.04421428571428571,0.05651190476190476,0.050597098214285714,0.04423412698412699,0.05654067460317461,0.050558035714285715,0.04421428571428571,0.05651190476190476,0.050558035714285715,0.04421428571428571,0.05651190476190476,1462635.242924618,1171978.123188245,1840935.859010303,0.8098257688492063,0.7665704365079365,0.8672490079365079,0.34688100027507685,0.32407072085045024,0.3729440639774926,104064300.08252311,97221216.25513552,111883219.19324765,0.36173920670503135,0.34703238746383813,0.37706495545984114,16278264.301726418,15616457.435872674,16967922.99569289,0.44677784627112316,0.42314561668918144,0.4698584403588229,33508338.470334228,31735921.251688473,35239383.02691199,0.05435966499059565,0.052694139145018526,0.05593767960050023,0.05149739583333333,0.04503968253968254,0.05721825396825397,0.056382068452380946,0.050097222222222224,0.06243948412698413,0.00023745904622710095,0.00010387607401122036,0.0004855139683096237,34735378.95713618,33418873.789578967,11162602.490951978,11023274.029406395,562888.9212881742,556087.3074663264,11579361.336872721,0.25732923312065475,0.001359747023809524,0.00017361111111111112,0.004206349206349206,2.26763492810809e-10,2.0914271589451015e-10,2.4206911691771223e-10,225141325.9672678,0.7504710865575593,0.000939360119047619,0.001310763888888889,0.001310763888888889,0.000939360119047619,3116885.691382028,1.0055772569444446,0.010721659088696784,0.04845451606518397,0.10625000000000001,0.12,0.055124627976190485,0.048921626984126984,0.06161507936507936,4.466793265786821e-08,1.219183039970345e-08,1.404656381288814e-07,44998235.1264517,0.9999607805878156,1462635.242924618,0.0,1008.9267677331349,0.05435966499059557,0.12,0.1253125,0.0,0.0,0.0,0.00023741415153095025,0.00010383913758397281,0.00048549262978049687,74997279.35555291,0.9999637247407055,0.0,0.0,0.0,0.0,954897.1702382566,0.0,3353407.715416666,0.14990112148217966,0.14990004925188277,0.2753125,0.5359375,24788193,25218797,430605,20260814,20260815
full_multiscale,90000000.0,300000000.0,52470000.0,0.583,32,7200,50400,3200,8,0.002006616658153103,10.90625,242202918.79607946,224776566.39163044,253522747.82271662,0.8073430626535982,0.7492552213054348,0.8450758260757221,0.10733258928571428,0.09899801587301588,0.11626488095238095,0.1074547371031746,0.09910714285714285,0.11640674603174603,0.10733258928571428,0.09899801587301588,0.11626488095238095,0.10733258928571428,0.09899801587301588,0.11626488095238095,3337312.277806083,2820177.8871471393,3914259.7269566637,0.7479780505952381,0.6951835317460318,0.8193710317460318,0.32137714825258146,0.30070729200195756,0.3414727655053606,96413144.47577451,90212187.6005871,102441829.65160769,0.3451262776129199,0.33201888237535987,0.35943497385775725,18108775.786351226,17421030.75823629,18859553.078318056,0.44409755784137583,0.4198386070925277,0.4673198303442047,33307316.838103235,31487895.53193969,35048987.2758158,0.06091323951116856,0.05792422522330069,0.06571464242813707,0.10939608134920635,0.10061011904761905,0.11782638888888888,0.11759486607142856,0.10844543650793652,0.1262361111111111,0.0002280348562540672,9.949886725662069e-05,0.0004693864634982791,42990824.04695185,40034495.87449107,12241769.977333322,11877122.108599752,572806.7544672574,556470.5178555315,12433592.626455287,0.2369743777921512,0.0029210069444444444,0.0005267857142857143,0.006276785714285712,2.505757721813961e-10,2.2561949239294185e-10,2.753037115119552e-10,242202918.79607946,0.8073430626535982,0.0020634920634920633,0.0054904513888888885,0.0054904513888888885,0.0020634920634920633,8138061.856599409,1.0285472470238095,0.02103619692841385,0.0478967711800133,0.09625,0.11249999999999999,0.11514136904761904,0.10647023809523809,0.12418948412698412,2.1536365944022464e-08,5.775383605747185e-09,6.999292114310057e-08,52468088.50094638,0.9999635696768893,3337312.277806083,0.00023747519841269842,417.69785342261906,0.060913239511168435,0.1115625,0.13843750000000002,0.0,0.0,0.0,0.000228013069312351,9.948116033838614e-05,0.00046937635818958463,74997165.59938705,0.9999622079918273,0.0,0.0,0.0,0.0,2299059.3308130642,0.0,3221466.3265941218,0.14938760668880008,0.14938714836186695,0.2728125,0.5340625,24788193,25218797,430605,20260814,20260815
full_multiscale,90000000.0,300000000.0,60030000.0,0.667,32,7200,50400,3200,8,0.0035354209717126973,14.4375,252250377.59867004,234769652.08063814,264159247.3621,0.8408345919955668,0.7825655069354605,0.8805308245403334,0.1915860615079365,0.17877182539682537,0.20762301587301588,0.1917689732142857,0.17896329365079364,0.20780059523809524,0.1915860615079365,0.17877182539682537,0.20762301587301588,0.1915860615079365,0.17877182539682537,0.20762301587301588,7102086.901365399,6148007.076557328,8008749.528268224,0.6965978422619048,0.6348561507936508,0.7832876984126984,0.2993521509104852,0.28246298228816796,0.3159196421379046,89805645.27314556,84738894.68645045,94775892.64137152,0.31704561120604485,0.30641375195763987,0.32970755234286037,19032248.04069867,18394017.530016772,19792344.367142,0.4387452951301599,0.41406098632317023,0.46202713576425314,32905897.134761974,31054573.97423782,34652035.182319015,0.07128221272403179,0.06261710365057432,0.0824870429362846,0.19408730158730159,0.18121726190476192,0.2098015873015873,0.20522383432539681,0.19198115079365077,0.22137003968253968,0.0002109248463404751,9.164397337520246e-05,0.0004389239785649085,53307918.55860807,47060682.10526852,13223895.37325439,12404503.909484003,592691.9720955446,557232.9878400917,12961736.897324093,0.21594825921234903,0.00326264880952381,0.0010753968253968255,0.0057470238095238095,2.7291815824416537e-10,2.3683183755469206e-10,3.35457530123629e-10,252250377.59867004,0.8408345919955668,0.0025012400793650797,0.014145585317460317,0.014145585317460317,0.0025012400793650797,18224511.330852274,1.070118427579365,0.033424340442624205,0.044880811543814444,0.08125,0.12312499999999998,0.2023753720238095,0.18951686507936508,0.21883035714285715,8.787059551136228e-09,2.6764097002896246e-09,2.6777764341131105e-08,60022419.0025927,0.9998737131866183,7102086.901365399,0.0020163690476190477,148.79089223710318,0.07128221272403175,0.1328125,0.2071875,0.0,0.0,0.0,0.00021091578636276572,9.163549791250097e-05,0.0004389193350025353,74997148.10980028,0.9999619747973371,0.0,0.0,0.0,0.0,4997564.158649805,0.0,2980755.55875062,0.14849896466891185,0.14849877053400293,0.2671875,0.5306249999999999,24788193,25218797,430605,20260814,20260815
full_multiscale,90000000.0,300000000.0,67500000.0,0.75,32,7200,50400,3200,8,0.003919862321132031,19.28125,253031742.25769848,236623814.51099387,267143173.38647002,0.8434391408589949,0.7887460483699795,0.8904772446215667,0.303188244047619,0.28668948412698414,0.3212480158730159,0.303444320436508,0.2868561507936508,0.32155357142857144,0.303188244047619,0.28668948412698414,0.3212480158730159,0.303188244047619,0.28668948412698414,0.3212480158730159,14090769.554108392,12079504.443045093,16734133.577907251,0.6866927083333333,0.5955317460317461,0.7797113095238095,0.28145083867420867,0.265457825138288,0.29681343227778095,84435251.60226269,79637347.5414859,89044029.68333443,0.276638560390216,0.2689615390608435,0.2848645651155299,18673102.826335963,18154903.88660353,19228358.14529429,0.43187096444855283,0.40766878857190525,0.4549744790017032,32390322.33364151,30575159.14289303,34123085.92512798,0.09395215476813236,0.0724106962963871,0.11054139506822845,0.3055673363095238,0.288078373015873,0.3238878968253968,0.32012462797619046,0.30216170634920636,0.3376329365079365,0.00018666540827793558,8.036941016180429e-05,0.00039697953758407117,66848658.38785043,54405499.5975405,14064269.7633372,12486293.568424307,627937.0681636143,558302.4992779748,13044596.067702282,0.19339625747075398,0.0029017857142857144,0.0011101190476190477,0.004833333333333334,2.780017068450478e-10,2.3979404022567686e-10,3.419094909281874e-10,253031742.25769848,0.843439140858995,0.002379092261904762,0.024229910714285714,0.024229910714285714,0.002379092261904762,34662236.30108249,1.084517609126984,0.03636743990876785,0.03974602113221418,0.065625,0.12093749999999999,0.31762896825396825,0.30070138888888887,0.33505357142857145,2.7045695234563475e-09,1.149392952316281e-09,5.693983759619321e-09,67450095.66524272,0.9992606765221144,14090769.554108392,0.01287078373015873,40.49939670138889,0.09395215476813235,0.1821875,0.3709375,0.0,0.0,0.0,0.0001866624257067053,8.036545625220246e-05,0.0003969775479133082,74997387.33786598,0.9999651645048797,0.0,0.0,0.0,0.0,9775035.749279113,0.0,2640043.0012140376,0.14809338055734209,0.14809330524418568,0.2621875,0.5278125,24788193,25218797,430605,20260814,20260815
full_multiscale,90000000.0,300000000.0,77000000.0,0.8555555555555555,32,7200,50400,3200,8,0.004876943444273818,34.75,236584956.4571633,222351918.43732256,251492644.9969464,0.7886165215238777,0.7411730614577418,0.838308816656488,0.5137543402777778,0.4919513888888889,0.5386478174603174,0.5139527529761905,0.49203075396825396,0.538858134920635,0.5137543402777778,0.4919513888888889,0.5386478174603174,0.5137543402777778,0.4919513888888889,0.5386478174603174,31783766.609589454,27129188.781922426,37387951.33240317,0.7826959325396826,0.7019861111111111,0.8578918650793651,0.28326358004456087,0.26008816817391706,0.30669082374519685,84979074.0133684,78026450.45217608,92007247.12355955,0.20425654982139427,0.1999543290302727,0.2093075206902987,15727754.336251022,15396483.33533378,16116679.093157485,0.4232820294097721,0.39649308095067903,0.4470987787373958,31746152.205732904,29736981.071300812,33532408.40530461,0.12471102287084229,0.10354985320526797,0.14539611025025667,0.5149534970238095,0.49288988095238095,0.5399216269841269,0.5328087797619048,0.5122549603174603,0.5573888888888889,0.0001466368094996238,5.795740084263539e-05,0.0003397772707228272,92550869.77114499,64086875.466353655,14894105.59399753,11727847.031743621,713392.2228298577,559878.4802856988,12287725.51202932,0.16088759030645847,0.0014558531746031746,0.0006676587301587301,0.002375,2.469712261070972e-10,2.2284676868677643e-10,2.8699330221856316e-10,236584956.4571633,0.7886165215238777,0.0011991567460317462,0.03567212301587301,0.03567212301587301,0.0011991567460317462,68048745.37594432,1.035091765873016,0.024359440984111552,0.02674294691813378,0.05,0.07125000000000001,0.5316052827380953,0.5113829365079365,0.5561359126984127,6.79133852009152e-10,2.726324743651304e-10,1.447991429327708e-09,76374600.97838286,0.991877934784193,31783766.609589454,0.0892330109126984,8.888370535714285,0.12471102287084228,0.2759375,0.6728125,0.0,0.0,0.0,0.0001466358833945457,5.795605286445222e-05,0.0003397766928192594,74997247.0836079,0.9999632944481053,0.0,0.0,0.0,0.0,21342745.94060374,0.0,2079181.9489025297,0.14905609612777623,0.1490560730318063,0.2565625,0.53,24788193,25218797,430605,20260814,20260815
full_multiscale,90000000.0,300000000.0,80000000.0,0.8888888888888888,32,7200,50400,3200,8,0.007080763310370626,39.28125,226395139.89145142,212294771.73120537,240647149.52527392,0.7546504663048381,0.7076492391040179,0.8021571650842464,0.5921168154761904,0.5645109126984127,0.623249007936508,0.5922600446428571,0.5645684523809524,0.6233859126984127,0.5921168154761904,0.5645109126984127,0.623249007936508,0.5921168154761904,0.5645109126984127,0.623249007936508,40768970.323139176,34139800.573294625,48102232.53486473,0.8352238343253968,0.7709910714285715,0.8998472222222221,0.2975677276835419,0.26902181437003364,0.32502617818213986,89270318.3050625,80706544.31100965,97507853.45464301,0.17604311637049558,0.1697631200207079,0.1827328892849559,14083449.309639636,13581049.60165658,14618631.142796343,0.42133844702014117,0.39425711892143966,0.44505050107048083,31600383.526510645,29569283.919107854,33378787.580286127,0.12098769788082916,0.1006764934194258,0.13455935184704543,0.5929439484126984,0.5652013888888888,0.6241230158730159,0.6100421626984127,0.5831378968253969,0.6402609126984127,0.00013191267711149112,4.888529645438952e-05,0.0003247745743523347,103633045.4207439,66916774.84429066,15091263.1688564,11235391.444476089,757137.1200950519,560309.0977893161,11795700.542265404,0.14985808138210435,0.0010131448412698412,0.0004563492063492064,0.0016388888888888887,2.3081493496388443e-10,2.123325498027967e-10,2.524411470033565e-10,226395139.89145142,0.754650466304838,0.0008271329365079365,0.038538566468253974,0.038538566468253974,0.0008271329365079365,82245179.69964853,1.0149274553571428,0.0155792030636327,0.019670497805394323,0.05,0.0571875,0.6092131696428571,0.5824345238095239,0.6394444444444445,4.007541354985583e-10,1.6865150569063413e-10,8.192291522982439e-10,78712475.38655606,0.9839059423319507,40768970.323139176,0.14125558035714286,5.0537785218253966,0.12098769788082916,0.2496875,0.6909375,0.0,0.0,0.0,0.00013191204554242067,4.888440596536793e-05,0.0003247741468770736,74997167.37420936,0.9999622316561247,0.0,0.0,0.0,0.0,27247790.957437158,0.0,1873490.7000502232,0.1496370819468153,0.14963706626078094,0.255625,0.53125,24788193,25218797,430605,20260814,20260815
full_multiscale,60000000.0,150000000.0,15000000.0,0.25,32,7200,50400,3200,8,0.0001400130600878318,2.375,113077634.68486741,105767991.2803128,118877859.66050549,0.7538508978991161,0.705119941868752,0.7925190644033699,0.0010534474206349207,0.000566468253968254,0.001827380952380952,0.0010534474206349207,0.000566468253968254,0.001827380952380952,0.0010534474206349207,0.000566468253968254,0.001827380952380952,0.0010534474206349207,0.000566468253968254,0.001827380952380952,40089.09106607866,8073.568935836947,78063.38762331643,0.8071868799603175,0.7658353174603175,0.8581557539682539,0.34829475130194065,0.3268963325570518,0.3724436558232031,52244212.69529098,49034449.88355779,55866548.3734802,0.3569038821854813,0.3424266657456997,0.37192760185829843,5353558.232782222,5136399.986185535,5578914.027874451,0.448113305852218,0.42526500656661137,0.47119013366409124,33608497.93891634,31894875.492495645,35339260.024807006,0.028278278487089945,0.02724976673406244,0.02940902961773795,0.001977306547619047,0.0010049603174603174,0.00411111111111111,0.002447296626984127,0.0012142857142857142,0.005120039682539681,0.00024985811250597805,0.00011059950213184155,0.0005023038403650171,8950791.807130773,8912974.241955329,5532381.549353236,5530305.883691438,556022.0109204559,555826.1506916189,6086132.034383057,0.405766311822468,0.0013312251984126985,0.0001498015873015873,0.004524801587301586,1.1450180794069296e-10,1.0593748161496122e-10,1.2202443242799006e-10,113077634.68486741,0.7538508978991161,0.0009238591269841271,0.0009250992063492065,0.0009250992063492065,0.0009238591269841271,46105.13879473143,1.009750744047619,0.011153181924685365,0.028267923408535654,0.06,0.094375,0.0011160714285714285,0.0006478174603174603,0.0018958333333333331,4.089712008046385e-06,1.3344497870913177e-06,1.1070767133897436e-05,14999106.276338406,0.9999404184225604,40089.09106607866,0.0,274829.15170882933,0.028278278487089952,0.06,0.094375,0.0,0.0,0.0,0.00024576828599612375,0.00010702683087823132,0.0004999979413817883,74997301.16372836,0.999964015516378,0.0,0.0,0.0,0.0,25453.964598414623,0.0,3470043.19796565,0.15014703340197244,0.14984306759682667,0.27625,0.5346875,24788193,25218797,430605,20260814,20260815
full_multiscale,60000000.0,150000000.0,19980000.0,0.333,32,7200,50400,3200,8,0.0002790198415472473,3.375,136034108.66887116,127286179.5715912,141857441.98436388,0.9068940577924743,0.8485745304772746,0.9457162798957592,0.004800347222222222,0.003701388888888889,0.006096230158730159,0.004815228174603174,0.003701388888888889,0.006096230158730159,0.004800347222222222,0.003701388888888889,0.006096230158730159,0.004800347222222222,0.003701388888888889,0.006096230158730159,126177.9362142145,69342.56431518396,207924.16529368891,0.530577876984127,0.3422470238095238,0.6967450396825396,0.3189322219462989,0.30165918644346457,0.3348608931087733,47839833.29194485,45248877.96651946,50229133.96631566,0.36125815963901997,0.3460495659343773,0.3764823023354678,7217938.029587634,6914070.327368865,7522116.400662664,0.4481021599467544,0.4252118538215383,0.4711170433443588,33607661.99600655,31890889.036615256,35333778.25082726,0.03764986600836775,0.03638095960762885,0.03905480027064839,0.017834201388888887,0.008771825396825396,0.025107142857142856,0.021372767857142858,0.010826388888888889,0.030258928571428572,0.0002459570091467243,0.00010799265044516941,0.0004988560184576929,12873481.65679155,12765687.540622812,6675180.480808677,6657456.641548179,556492.003179685,555832.0223947027,7213288.663942883,0.36104395891389396,0.016161334325396827,0.005486111111111112,0.025133928571428567,6.892482255192578e-09,1.8132420726115054e-10,2.9261072262061617e-08,136034108.66887116,0.9068940577924745,0.013033854166666668,0.013137400793650795,0.013137400793650795,0.013033854166666668,438574.20655931963,46.61941902281746,0.058034386677716286,0.037898304764461946,0.0796875,0.1275,0.005255456349206349,0.004046626984126984,0.006563492063492064,1.2237054921581938e-06,3.805148153266229e-07,3.4463569147673965e-06,19978976.204565685,0.9999487589872715,126177.9362142145,0.0,61909.840453869045,0.03764986600836775,0.0796875,0.1296875,0.0,0.0,0.0,0.00024472641117231084,0.00010692804853994026,0.0004981923809329031,74997327.57130025,0.9999643676173368,0.0,0.0,0.0,0.0,88413.15832023256,0.0,3455460.375642361,0.15016723036565804,0.15009973034005597,0.27687500000000004,0.5362500000000001,24788193,25218797,430605,20260814,20260815
full_multiscale,60000000.0,150000000.0,24000000.0,0.4,32,7200,50400,3200,8,0.0005126109773370614,4.875,146335905.78261608,138737739.3167454,149096646.8238368,0.9755727052174406,0.9249182621116361,0.9939776454922453,0.013898189484126985,0.011785714285714285,0.016256944444444445,0.014074900793650794,0.011938492063492064,0.016574404761904762,0.013898189484126985,0.011785714285714285,0.016256944444444445,0.013898189484126985,0.011785714285714285,0.016256944444444445,302524.4830188038,215208.98185736555,440365.1361059915,0.16661768353174605,0.05475297619047619,0.39271031746031737,0.3179564133457147,0.30199606041751054,0.3361880377268898,47693462.00185726,45299409.06262679,50428205.659033805,0.36327581261799335,0.3485112598495224,0.3781442814533778,8718619.502831843,8364270.236388619,9075462.754881015,0.44787334658460054,0.42480400401214535,0.4708857144483563,33590500.99384497,31860300.300910994,35316428.58362643,0.04474068697056388,0.04333151412236525,0.04624634597653331,0.03596106150793651,0.027517857142857143,0.04434126984126984,0.041648685515873016,0.03201190476190476,0.05082440476190476,0.00024359582639914797,0.00010689016644026642,0.0004951492798175553,16531875.42883104,16275127.247841716,7211805.214763945,7167851.858092003,557681.065787867,555858.1204303352,7723709.978522337,0.3218368417465415,0.026846478174603172,0.01697718253968254,0.03514285714285714,5.176436669509139e-08,6.260086105406333e-09,1.2815121692122534e-07,146335905.78261608,0.9755727052174406,0.02206287202380952,0.02355902777777778,0.02355902777777778,0.02206287202380952,1041337.6317338569,349.1195386904762,0.0654204499670107,0.04492804169346736,0.0965625,0.1303125,0.01535094246031746,0.013045634920634921,0.017798611111111112,5.5303960685136e-07,1.6088573853003082e-07,1.6440415744222702e-06,23998837.226364058,0.9999515510985024,302524.4830188038,0.0,23343.34427579365,0.04474068697056389,0.0921875,0.15,0.0,0.0,0.0,0.00024299102242560154,0.0001063972074894165,0.0004948313886209712,74997327.11881347,0.9999643615841796,0.0,0.0,0.0,0.0,249015.1830239271,0.0,3431326.7664087303,0.15011177984716362,0.15008668154142796,0.27625,0.5371874999999999,24788193,25218797,430605,20260814,20260815
full_multiscale,60000000.0,150000000.0,30000000.0,0.5,32,7200,50400,3200,8,0.001170848267112012,8.3125,149156692.02604657,146572776.02840337,150061907.42545033,0.9943779468403106,0.9771518401893559,1.000412716169669,0.04974640376984127,0.04429166666666667,0.055951388888888884,0.050300719246031744,0.044756944444444446,0.05658730158730159,0.04974640376984127,0.04429166666666667,0.055951388888888884,0.04974640376984127,0.04429166666666667,0.055951388888888884,981867.4039831471,801986.7937160137,1230652.4491282604,0.030402405753968253,0.0,0.12150496031746025,0.31283501838136557,0.2979488606382447,0.3301726227210918,46925252.75720476,44692329.09573661,49525893.408163056,0.3599156387625015,0.34623053613328425,0.3743731457723624,10797469.162875023,10386916.083998507,11231194.373170732,0.44670722288830894,0.4231067247702206,0.469744652231974,33503041.716623154,31733004.357766483,35230848.91739755,0.0535487993474173,0.05200093304681056,0.05516899961145701,0.06919704861111112,0.06233829365079365,0.0778640873015873,0.07657924107142858,0.06869246031746032,0.08589781746031745,0.00023783455542036375,0.00010429103069888016,0.0004859218334395575,22986715.490099397,22127479.71869551,7430891.325930234,7314990.239202932,562801.7037025769,556071.1578506089,7871061.397053542,0.26238147270839385,0.02410280257936508,0.018350198412698412,0.030990079365079366,8.978045026223769e-08,2.9586594813486785e-08,2.1074305530789532e-07,149156692.02604657,0.9943779468403104,0.01945064484126984,0.028504464285714286,0.028504464285714286,0.01945064484126984,2668942.585472554,604.7434343998016,0.05131400494582135,0.0480243268250855,0.10343750000000002,0.12,0.05420820932539683,0.048558531746031745,0.06067559523809524,1.989304106301048e-07,5.105630871954263e-08,6.496712565202131e-07,29998541.11574913,0.999951370524971,981867.4039831471,0.0,6736.639837549603,0.0535487993474173,0.12,0.12,0.0,0.0,0.0,0.00023754584455947143,0.00010409312749058148,0.00048576274900189327,74997271.80904657,0.9999636241206209,0.0,0.0,0.0,0.0,943012.7839504236,0.0,3355092.3874869794,0.1498451292610659,0.1498379544785259,0.2753125,0.5365625,24788193,25218797,430605,20260814,20260815
full_multiscale,60000000.0,150000000.0,34980000.0,0.583,32,7200,50400,3200,8,0.0019834534234130377,11.03125,149570346.27614963,148387295.6868,150097112.4136729,0.9971356418409976,0.989248637912,1.0006474160911527,0.10786272321428572,0.09942757936507937,0.11634126984126984,0.10867125496031746,0.10026388888888889,0.11709226190476191,0.10786272321428572,0.09942757936507937,0.11634126984126984,0.10786272321428572,0.09942757936507937,0.11634126984126984,2299414.6187498365,1977540.2440732436,2686854.373757381,0.015345982142857142,0.0,0.06179067460317459,0.30503164976795427,0.2917086105329583,0.32094885735003265,45754747.46519313,43756291.57994326,48142328.602505624,0.3452776248978918,0.33298899820320693,0.35899474476465776,12077811.318929132,11647955.15714895,12557636.171868639,0.44410131238081574,0.41985072500085896,0.4673025219820609,33307598.428561155,31488804.37506472,35047689.148654684,0.058164106292204185,0.05658631398072667,0.0598726301132748,0.12220610119047619,0.11211309523809523,0.13210416666666666,0.13079923115079367,0.12032738095238095,0.1409920634920635,0.00022801899431486983,9.979189309139876e-05,0.000469697159496783,29099071.085412133,27074420.184249796,7605682.448287356,7347515.058176812,573088.6946810541,556492.3672040775,7904007.425380891,0.2259680599022886,0.01760106646825397,0.01339186507936508,0.022276785714285714,8.500505489841206e-08,3.310416232359945e-08,1.8834738219587951e-07,149570346.27614963,0.9971356418409976,0.014343377976190475,0.035298859126984126,0.035298859126984126,0.014343377976190475,5845084.018740041,571.9886080109127,0.04798886157252194,0.0472600826186728,0.1,0.12,0.11553633432539681,0.10666170634920635,0.12374900793650793,9.153565991869122e-08,2.237976321864773e-08,3.1540886705097763e-07,34978427.60963077,0.9999550488745218,2299414.6187498365,0.0,2662.626148313492,0.05816410629220413,0.10562500000000001,0.1271875,0.0,0.0,0.0,0.00022784245360005272,9.968427537583742e-05,0.0004695937739268161,74997156.04385348,0.999962080584713,0.0,0.0,0.0,0.0,2337454.1720944615,0.0,3218864.1195039684,0.14932391616013796,0.14932098944955963,0.2728125,0.5328125,24788193,25218797,430605,20260814,20260815
full_multiscale,60000000.0,150000000.0,40020000.0,0.667,32,7200,50400,3200,8,0.003387926709414799,14.40625,149734818.69883317,148816731.71032804,150067987.0200168,0.9982321246588879,0.9921115447355202,1.0004532468001122,0.19255704365079362,0.18008333333333332,0.20775396825396825,0.1933345734126984,0.1808998015873016,0.20858630952380952,0.19255704365079362,0.18008333333333332,0.20775396825396825,0.19255704365079362,0.18008333333333332,0.20775396825396825,4885353.28498613,4299437.823501622,5496313.0889045205,0.010855654761904763,0.0,0.04095238095238095,0.2918201227445335,0.2804352400298363,0.3033330872299129,43773018.41167992,42065286.00447542,45499963.08448713,0.317703572040838,0.30703592865623636,0.3300310413776475,12714496.953074146,12287577.864822352,13207842.275933431,0.4388510073493776,0.414111692607753,0.46211194760426855,32913825.551203337,31058376.94558145,34658396.07032032,0.06045588351013189,0.05858874417486565,0.062462859709049384,0.2020765128968254,0.18802579365079364,0.2185922619047619,0.2133327132936508,0.19910416666666667,0.23035515873015874,0.00021069323777291754,9.184003748895827e-05,0.00043954025331006816,36395308.636788666,32084690.08713226,7915243.400613494,7376470.976053802,593250.5772015762,557288.2664315362,7933759.242485339,0.1982525404004991,0.0114453125,0.008465277777777778,0.014729166666666666,6.509942652509148e-08,2.8415109513996813e-08,1.3956407229905558e-07,149734818.69883317,0.9982321246588878,0.009519469246031746,0.047762896825396826,0.047762896825396826,0.009519469246031746,12091422.196552087,437.4337537202381,0.04581739285470495,0.04529155864937588,0.0965625,0.12031249999999999,0.20347408234126985,0.19052579365079364,0.2190982142857143,3.643894851117919e-08,1.0017435469433626e-08,1.2143004710569397e-07,40018449.329617664,0.9999612526141345,4885353.28498613,4.96031746031746e-06,925.9067125496031,0.060455883510131814,0.111875,0.14250000000000002,0.0,0.0,0.0,0.00021059169939788123,9.177937086133688e-05,0.0004394771637696677,74997121.7037954,0.9999616227172721,0.0,0.0,0.0,0.0,5073656.2934652325,0.0,2976057.0234312997,0.14842900823161165,0.14842779892656627,0.26749999999999996,0.5293749999999999,24788193,25218797,430605,20260814,20260815
full_multiscale,60000000.0,150000000.0,45000000.0,0.75,32,7200,50400,3200,8,0.0038730932607099274,19.59375,149760191.11068803,148910482.46027088,150051243.38010135,0.9984012740712536,0.9927365497351393,1.0003416225340092,0.3049169146825397,0.28958730158730156,0.3224097222222222,0.30587921626984127,0.29042559523809525,0.32345734126984127,0.3049169146825397,0.28958730158730156,0.3224097222222222,0.3049169146825397,0.28958730158730156,0.3224097222222222,9594208.96393677,8322173.022431007,11147483.024370747,0.009214409722222223,0.0,0.034748015873015875,0.2762048521064426,0.2660678852475333,0.2871411020684341,41430727.815966405,39910182.78713041,43071165.31026538,0.2769735861705313,0.268901023283868,0.2851514522834078,12463811.377671495,12100546.047771998,12831815.352750799,0.43193152553628295,0.40761960594362784,0.4550140016355022,32394864.4152212,30571470.44577206,34126050.1226626,0.06211659078459397,0.058369715775733355,0.06769430612259428,0.3123015873015873,0.29522718253968255,0.3322678571428571,0.32666666666666666,0.3095634920634921,0.34560714285714284,0.00018563718472214562,8.05963452392333e-05,0.0003958151479532235,45524176.032267794,37035473.31541358,8440263.158034869,7404916.359452372,628505.1353743257,558345.6868742716,7963262.046326644,0.17696635210547132,0.008640873015873015,0.005652777777777777,0.012419642857142857,4.271847489380527e-08,1.9157078562998546e-08,8.937063491412294e-08,149760191.11068803,0.9984012740712536,0.007384672619047619,0.06728236607142857,0.06728236607142857,0.007384672619047619,22930030.60167766,286.72701140873016,0.04556009784738802,0.04345965670892292,0.0925,0.121875,0.3192199900793651,0.3037609126984127,0.33563789682539685,1.014080438827583e-08,4.3015180526606525e-09,2.3255499178511677e-08,44998735.36174026,0.9999718969275614,9594208.96393677,0.00020585317460317462,227.81317956349207,0.062116590784593896,0.1259375,0.16875,0.0,0.0,0.0,0.00018558432544286355,8.056251768389713e-05,0.00039577887362284107,74997328.47522943,0.9999643796697257,0.0,0.0,0.0,0.0,9851170.335567987,0.0,2624605.205230655,0.1479464440529478,0.14794598896584527,0.26156250000000003,0.52625,24788193,25218797,430605,20260814,20260815
full_multiscale,60000000.0,150000000.0,51333333.33333333,0.8555555555555555,32,7200,50400,3200,8,0.003489067613663831,36.0,149484484.53442764,148455069.51588896,149980145.00360927,0.9965632302295176,0.9897004634392598,0.9998676333573951,0.5292249503968254,0.5126726190476191,0.543640873015873,0.5303118799603175,0.5134454365079365,0.5450228174603174,0.5292249503968254,0.5126726190476191,0.543640873015873,0.5292249503968254,0.5126726190476191,0.543640873015873,22170908.90883633,19409718.977899004,26237590.211189274,0.020197172619047618,0.002177579365079365,0.04708035714285713,0.25975316994099307,0.24800347450645527,0.2714573239356373,38962975.49114903,37200521.17596805,40718598.59034589,0.20151933676193465,0.19795849317991016,0.2049180697898118,10344659.287118763,10161869.316574054,10519127.582550393,0.4220882380416211,0.3950826185273111,0.44532800662412353,31656617.853121564,29631196.38954831,33399600.4968092,0.07601715661806116,0.06040064834980327,0.08911242996017822,0.5342069692460318,0.5162599206349205,0.5503214285714286,0.5520777529761904,0.5358501984126984,0.5669930555555556,0.0001378945763921164,5.837973378144812e-05,0.0003115497894256583,62967229.63198588,43328866.50581609,9808250.550985303,7434902.174787673,719057.2073969248,559859.8009281182,7994761.975715792,0.15577156588982405,0.006047867063492063,0.003898809523809524,0.009039682539682539,1.6028608309498055e-08,6.455677744133989e-09,3.232451159511161e-08,149484484.53442764,0.9965632302295176,0.004982018849206349,0.12571118551587301,0.12571118551587301,0.004982018849206349,51419708.39833982,107.45933345734127,0.05598305085005792,0.05070962054331993,0.1003125,0.17375000000000002,0.5471906001984128,0.5322579365079365,0.5603531746031746,2.496815338363686e-09,1.0022310716538182e-09,5.357463940325806e-09,51323628.48153186,0.999810944445426,22170908.90883633,0.00396453373015873,48.958886408730166,0.07601715661806113,0.161875,0.28875,0.0,0.0,0.0,0.0001378760509684685,5.836763727465761e-05,0.00031153663855025695,74997146.385634,0.9999619518084534,0.0,0.0,0.0,0.0,22106362.62099522,0.0,1954907.7957558283,0.14862215989357686,0.14862202042072106,0.25531250000000005,0.5271875,24788193,25218797,430605,20260814,20260815
full_multiscale,60000000.0,150000000.0,53333333.33333333,0.8888888888888888,32,7200,50400,3200,8,0.0030326845927977075,42.65625,148973170.52089363,147524636.52648246,149825060.2946147,0.9931544701392908,0.9834975768432164,0.9988337352974315,0.6278788442460317,0.6134751984126985,0.6400208333333333,0.6289112103174603,0.6141031746031747,0.6411220238095238,0.6278788442460317,0.6134751984126985,0.6400208333333333,0.6278788442460317,0.6134751984126985,0.6400208333333333,30045119.97647243,26447525.145374034,35405116.03731203,0.04203497023809524,0.012615079365079366,0.07802480158730157,0.2577437509194682,0.24454038939510975,0.2702767245577357,38661562.637920156,36681058.409266755,40541508.6836605,0.16912848046962473,0.16709897022887618,0.1718392815036337,9020185.625050154,8911945.078876821,9164761.680197526,0.4190214880222063,0.39139663840256467,0.44204038031930193,31426611.601665482,29354747.880192373,33153028.52394782,0.08594924528714619,0.06550603675900574,0.1017432415947018,0.6322829861111111,0.6163541666666666,0.6454454365079365,0.6489397321428572,0.6341190476190476,0.6612638888888889,0.00011745351642568976,4.8288459741064096e-05,0.00027220629326150724,71890583.65083349,45315778.631216325,10682025.92244919,7427251.070424661,775898.0636862953,560357.9588555964,7987609.0292802565,0.14985180829697833,0.005385664682539683,0.0036081349206349205,0.007401785714285714,9.040784889184614e-09,3.5937617754472135e-09,1.8940608099834507e-08,148973170.52089363,0.9931544701392909,0.004404141865079365,0.1704358878968254,0.1704358878968254,0.004404141865079365,69894820.26061538,60.5962673611111,0.06747855167223131,0.06121014786915288,0.1121875,0.2528125,0.6445845734126985,0.6312003968253967,0.6558958333333333,1.4850296273794763e-09,5.97275108143013e-10,3.2065624220617363e-09,53303387.66049661,0.9994385186343114,30045119.97647243,0.011138392857142857,27.996295262896822,0.08594924528714618,0.18,0.37031250000000004,0.0,0.0,0.0,0.00011744299061117319,4.8281290269617825e-05,0.00027219868703787166,74996996.36841592,0.999959951578879,0.0,0.0,0.0,0.0,29789641.416678052,0.0,1668494.7967671133,0.14928924452502218,0.14928915141306898,0.25406249999999997,0.5271875,24788193,25218797,430605,20260814,20260815
full_multiscale,60000000.0,175000000.0,15000000.0,0.25,32,7200,50400,3200,8,0.0001400130600878318,2.375,113087585.440573,105769699.71926299,118905413.8220877,0.6462147739461315,0.6043982841100742,0.6794595075547869,0.0010534474206349207,0.000566468253968254,0.001827380952380952,0.0010534474206349207,0.000566468253968254,0.001827380952380952,0.0010534474206349207,0.000566468253968254,0.001827380952380952,0.0010534474206349207,0.000566468253968254,0.001827380952380952,39649.00330738437,7841.091379818241,77738.57835166609,0.890711185515873,0.867422619047619,0.9264186507936508,0.39978325865737097,0.37386405987278415,0.42888858300663774,69962070.26503986,65426210.477737166,75055502.02616113,0.3569227864546492,0.3424381713165001,0.3719405600066104,5353841.796819741,5136572.569747556,5579108.400099142,0.44811336566973425,0.4252650136690337,0.47119020659856276,33608502.42523009,31894876.02517739,35339265.49489242,0.028280310476943973,0.02725214190504985,0.02941051061315062,0.0010732886904761905,0.0005773809523809524,0.001903769841269841,0.0011483134920634921,0.0006567460317460317,0.00202281746031746,0.00024985838406631406,0.00011059956827585145,0.0005023040132746741,8950475.861404711,8912660.518789519,5532257.400990229,5530619.570437666,556021.9753853861,555826.1452457565,6086445.715683422,0.4057872262878399,3.224206349206349e-05,0.0,0.0001478174603174603,1.1317628568988033e-10,1.0581242133934938e-10,1.1906040180896914e-10,113087585.440573,0.6462147739461315,1.984126984126984e-05,1.984126984126984e-05,1.984126984126984e-05,1.984126984126984e-05,33521.070211922095,1.0005220734126985,0.002318345353585774,0.02826977220398462,0.06,0.094375,0.0011160714285714285,0.0006478174603174603,0.0018958333333333331,4.08997728078879e-06,1.3345586980721435e-06,1.1071173424682997e-05,14999106.234472953,0.9999404156315301,39649.00330738437,0.0,274847.0611886161,0.02828031047694398,0.06,0.094375,0.0,0.0,0.0,0.00024576829360923956,0.00010702682903671509,0.000499997940563615,74997301.16372597,0.9999640155163463,0.0,0.0,0.0,0.0,25449.517266305767,0.0,3470043.310742188,0.15014705582957044,0.1498430721645636,0.27625,0.5346875,24788193,25218797,430605,20260814,20260815
full_multiscale,60000000.0,175000000.0,19980000.0,0.333,32,7200,50400,3200,8,0.0002818503934290718,3.375,136829103.4886762,127699254.99156074,144029884.6665667,0.7818805913638639,0.7297100285232043,0.8230279123803811,0.004768725198412698,0.003643849206349206,0.005973214285714286,0.0047699652777777775,0.003643849206349206,0.005973214285714286,0.004768725198412698,0.003643849206349206,0.005973214285714286,0.004768725198412698,0.003643849206349206,0.005973214285714286,116261.70345009788,58394.51202729797,197414.7666313909,0.7794791666666667,0.7290178571428572,0.8378859126984126,0.33967335365569007,0.3186807447989191,0.3626229037264368,59442836.88974576,55769130.33981062,63459008.15212641,0.36133462528808563,0.34621726743233594,0.3766599199832875,7219465.813255936,6917421.003298045,7525665.201265994,0.44810384961680483,0.4252157672439342,0.4711184159580003,33607788.7212604,31891182.543294948,35333881.19685003,0.03765875613030248,0.03639465455467435,0.03907327305867478,0.006649305555555556,0.005023809523809524,0.01042956349206349,0.007828000992063492,0.005689484126984127,0.012099206349206346,0.0002459628857295502,0.00010799304512675557,0.0004988598250184508,12838013.973514047,12730884.29849522,6700742.869920861,6692265.393863716,556486.5112823491,555831.9589082217,7248097.352771938,0.3627861259040814,0.0026066468253968253,0.00034722222222222224,0.007325396825396824,1.6816422172879714e-10,1.2797859726712515e-10,1.5231852430737207e-10,136829103.4886762,0.7818805913638639,0.0018805803571428571,0.0019035218253968254,0.0019035218253968254,0.0018805803571428571,185659.59830381966,1.1829092261904763,0.016415826171604316,0.037595118341744116,0.079375,0.12937500000000002,0.00523313492063492,0.004024801587301587,0.006498015873015873,1.2285959478066847e-06,3.816268269761042e-07,3.4549303669947936e-06,19978981.651267126,0.9999490315949513,116261.70345009788,0.0,62157.26115451389,0.037658756130302465,0.0796875,0.12937500000000002,0.0,0.0,0.0,0.0002447341216175218,0.00010692825652971643,0.0004981953101251172,74997327.5745964,0.9999643676612854,0.0,0.0,0.0,0.0,87674.79910713565,0.0,3455571.842284846,0.15016806463300333,0.15010032745898572,0.27687500000000004,0.5362500000000001,24788193,25218797,430605,20260814,20260815
full_multiscale,60000000.0,175000000.0,24000000.0,0.4,32,7200,50400,3200,8,0.0005513712517097868,4.875,153688958.072272,143628099.8229023,161009483.05057046,0.8782226175558399,0.8207319989880131,0.9200541888604025,0.013280009920634921,0.011095238095238096,0.015598214285714286,0.013330853174603174,0.01115873015873016,0.015648809523809523,0.013280009920634921,0.011095238095238096,0.015598214285714286,0.013280009920634921,0.011095238095238096,0.015598214285714286,273932.91311387625,187586.72822882762,402884.3049206774,0.6185360863095238,0.4832043650793651,0.7407956349206349,0.32087191483228705,0.30361080879176894,0.3384604969220326,56152585.09565027,53131891.538559355,59230586.96135567,0.36166012462893254,0.34638175872625254,0.3764267776765452,8679842.99109439,8313162.209430042,9034242.66423708,0.4478771325719828,0.42482089127478556,0.47088969719466833,33590784.942898594,31861566.84560865,35316727.28959997,0.044519964938717876,0.04301401129540845,0.046083782084559106,0.022397073412698414,0.0165109126984127,0.02877480158730159,0.026116691468253968,0.018697420634920636,0.0338125,0.00024369092921455748,0.0001068962059832968,0.0004954901664635516,16163816.67882538,15922470.84201907,7551492.441390491,7520628.431249837,557577.8990648589,555854.8328979511,8076483.264147788,0.33653480182590234,0.011678447420634919,0.003093253968253968,0.019847222222222217,1.2242965285010907e-09,1.5376225070681176e-10,5.521643412601486e-09,153688958.072272,0.87822261755584,0.009117063492063492,0.009734002976190476,0.009734002976190476,0.009117063492063492,710346.8364859351,7.204295634920635,0.04846714639177947,0.04440068785015211,0.091875,0.14625,0.014673859126984127,0.012444444444444444,0.01701388888888889,5.744271204767099e-07,1.7252785875974076e-07,1.6578895550896527e-06,23998954.10616688,0.9999564210902867,273932.91311387625,0.0,24243.65234188988,0.04451996493871789,0.09156249999999999,0.15,0.0,0.0,0.0,0.0002431152777975523,0.00010640475094933868,0.0004951901665943428,74997329.05754964,0.9999643874339952,0.0,0.0,0.0,0.0,235036.58499698975,0.0,3433047.162100075,0.15011233447475114,0.1500864429601678,0.27656250000000004,0.5371874999999999,24788193,25218797,430605,20260814,20260815
full_multiscale,60000000.0,175000000.0,30000000.0,0.5,32,7200,50400,3200,8,0.0011300154236645547,8.0625,169539834.9003555,160124910.03251868,173233458.594874,0.9687990565734599,0.9149994859001068,0.9899054776849943,0.04646949404761905,0.040829365079365076,0.052020833333333336,0.04707093253968254,0.04122321428571429,0.052677579365079365,0.04646949404761905,0.040829365079365076,0.052020833333333336,0.04646949404761905,0.040829365079365076,0.052020833333333336,887456.1788765495,714793.5706705473,1123801.126159119,0.21937996031746032,0.09571031746031747,0.435251984126984,0.3143916348844985,0.2991275297854737,0.33198466606858174,55018536.10478719,52347317.71245736,58097316.56200183,0.3560670947664719,0.34191519286219646,0.37076356780158026,10682012.842994133,10257455.785865864,11122907.034047397,0.4466765271180445,0.4231158615673058,0.46970847019883466,33500739.533853345,31733689.617547803,35228135.26491253,0.05301454585961293,0.05140151596747711,0.05467311356342136,0.06379340277777779,0.05485218253968254,0.07255654761904762,0.0708314732142857,0.060820436507936504,0.08041269841269841,0.00023839813339405548,0.0001044122459440167,0.00048692321057498204,21894087.495370686,21132433.1181681,8430036.794779737,8310388.8729113415,562182.0091889901,556028.1293834175,8866417.00229476,0.2955585619679064,0.02154203869047619,0.012307539682539684,0.02957936507936508,1.3933614075286304e-08,1.6477966032980737e-09,3.2704154836817646e-08,169539834.9003555,0.9687990565734599,0.01732390873015873,0.025053943452380954,0.025053943452380954,0.01732390873015873,2750016.518135043,80.5407527281746,0.07070539172001078,0.05101854231994592,0.1090625,0.12,0.05089471726190476,0.044913690476190475,0.056947420634920635,2.1623434989437624e-07,6.042215821744854e-08,6.667748834130603e-07,29998850.12046285,0.999961670682095,887456.1788765495,0.0,7319.9455536954365,0.053014545859612926,0.12,0.12,0.0,0.0,0.0,0.0002381679654300858,0.00010422812229320297,0.00048680906124210795,74997285.84628573,0.9999638112838097,0.0,0.0,0.0,0.0,858905.3294982039,0.0,3363732.345721106,0.149827784643274,0.14982004984027988,0.2753125,0.535625,24788193,25218797,430605,20260814,20260815
full_multiscale,60000000.0,175000000.0,34980000.0,0.583,32,7200,50400,3200,8,0.001914261028632911,10.8125,172998119.31485665,167806001.18491235,174886652.81813782,0.988560681799181,0.9588914353423562,0.9993523018179303,0.10411210317460318,0.0959672619047619,0.1125813492063492,0.10509486607142857,0.09700496031746032,0.11348511904761904,0.10411210317460318,0.0959672619047619,0.1125813492063492,0.10411210317460318,0.0959672619047619,0.1125813492063492,2125898.3735973677,1820798.4585945809,2486116.178047433,0.07015500992063492,0.013560515873015874,0.23098015873015865,0.3066923835926139,0.2932511305163166,0.3236009952856794,53671167.12870743,51318947.84035563,56630174.17499414,0.34215118737605,0.3297592363211978,0.3557983240675097,11968448.534415083,11534978.08651626,12445825.37588241,0.44391635471487473,0.4197375891650836,0.4670821530007419,33293726.603615686,31480319.187381584,35031161.47505613,0.057689417415922054,0.05610214765210296,0.05940857362060466,0.11767609126984127,0.1076765873015873,0.1276279761904762,0.12631324404761904,0.11571924603174603,0.13648710317460316,0.00022896750844061562,0.00010011080791487716,0.00047137632290550205,27756612.47027664,25927336.52378358,8775892.560800632,8494880.258749707,572014.1045430743,556403.9794896755,9051284.238239381,0.2587661846308862,0.01691034226190476,0.011457341269841268,0.022171626984126985,2.075556182025106e-08,5.78093418395881e-09,4.7990132865222315e-08,172998119.31485665,0.9885606817991809,0.013563988095238094,0.033558407738095236,0.033558407738095236,0.013563988095238094,6344975.648910098,119.75877108134921,0.06078431131654216,0.05114017978732017,0.10250000000000001,0.12406249999999999,0.11182539682539683,0.1033343253968254,0.12035515873015873,9.971833242607497e-08,2.6143980213315245e-08,3.2830358005922016e-07,34978620.76202294,0.9999605706696095,2125898.3735973677,0.0,2899.2861514136903,0.057689417415922,0.10375000000000001,0.1253125,0.0,0.0,0.0,0.00022884703454636928,0.00010002201769259594,0.0004713154861189906,74997170.33597812,0.9999622711463749,0.0,0.0,0.0,0.0,2191326.704902512,0.0,3232785.642103795,0.14924404430172677,0.14924088135036367,0.2725,0.5325,24788193,25218797,430605,20260814,20260815
full_multiscale,60000000.0,175000000.0,40020000.0,0.667,32,7200,50400,3200,8,0.0033811896893586966,14.40625,173866768.0641264,170925966.64307645,175017448.25788113,0.9935243889378651,0.9767198093890083,1.0000997043307494,0.18931113591269844,0.17681944444444445,0.20413293650793649,0.1901891121031746,0.1775952380952381,0.2050486111111111,0.18931113591269844,0.17681944444444445,0.20413293650793649,0.18931113591269844,0.17681944444444445,0.20413293650793649,4622782.625115615,4063529.491575548,5190884.838066244,0.03720362103174603,0.004404761904761904,0.13115972222222216,0.29284645816894805,0.28123992984506957,0.30480228060702114,51248130.17956585,49216987.72288733,53340399.10622829,0.31555801315504906,0.30487274647855117,0.32779870471999567,12628631.68646489,12201007.314071441,13118504.162894165,0.43846469682567435,0.4137890108092461,0.461690352088287,32884852.26192554,31034175.81069323,34626776.40662131,0.05988412613239816,0.05825646688761037,0.061745691532019115,0.19810267857142858,0.18408134920634922,0.21357242063492063,0.20917100694444446,0.19514186507936507,0.22496428571428573,0.0002118417699344398,9.227647476733098e-05,0.00044163648341707826,34888847.355498165,30900241.78536691,9160760.057271745,8561182.071364857,591750.7081842392,557151.6391067379,9118333.710471597,0.22785253091829324,0.010686383928571429,0.007313492063492064,0.01375595238095238,1.852130343395363e-08,6.879588615129717e-09,4.084177669283944e-08,173866768.0641264,0.9935243889378652,0.008791542658730158,0.04609809027777778,0.04609809027777778,0.008791542658730158,13425916.013049152,106.6913845486111,0.055344919784416455,0.04971642256956155,0.10250000000000001,0.1328125,0.20004960317460319,0.18736805555555555,0.21531349206349207,4.011485864006081e-08,1.1516371096524233e-08,1.2848371612755184e-07,40018575.49583845,0.9999644051933645,4622782.625115615,0.0,1018.8330828373016,0.059884126132398095,0.110625,0.14218750000000002,0.0,0.0,0.0,0.00021178313377236577,9.223240122840291e-05,0.000441604196154015,74997128.63051912,0.9999617150735883,0.0,0.0,0.0,0.0,4869143.070005075,0.0,2992500.925705605,0.14825641287156716,0.14825510462360225,0.26749999999999996,0.52875,24788193,25218797,430605,20260814,20260815
full_multiscale,60000000.0,175000000.0,45000000.0,0.75,32,7200,50400,3200,8,0.003854230655528095,19.4375,174067831.7546342,171972883.39917627,174990301.4837922,0.9946733243121954,0.9827021908524359,0.9999445799073838,0.3019122023809524,0.2867371031746032,0.31912301587301584,0.3029197668650794,0.2875972222222222,0.3202251984126984,0.3019122023809524,0.2867371031746032,0.31912301587301584,0.3019122023809524,0.2867371031746032,0.31912301587301584,9218058.81172033,8001053.628337833,10702616.31814028,0.03033234126984127,0.0033303571428571427,0.09231845238095235,0.27596862129634986,0.26564775485335057,0.286673912934938,48294508.726861164,46488357.09933595,50167934.76361385,0.2756243692501588,0.2675824549415545,0.2838279332735043,12403096.616254758,12041210.472367918,12772256.997305127,0.4312725157457949,0.4069442408140735,0.45426012957948547,32345438.68093457,30520818.06105556,34069509.718461245,0.061066692098577124,0.05792141900943127,0.06578659423054069,0.3084964037698413,0.2918829365079365,0.3273769841269841,0.3230877976190476,0.30624900793650794,0.34139484126984126,0.00018677850232226936,8.106658630854833e-05,0.0003979550220597955,43826209.85953705,35838747.349190116,9764247.502479741,8602000.852854913,626521.3289069316,558171.6771583611,9160172.530013274,0.2035642756449077,0.007824280753968254,0.005128968253968254,0.010686507936507935,1.2941111474647249e-08,5.169626299086657e-09,2.7598044846449597e-08,174067831.7546342,0.9946733243121955,0.006584201388888889,0.06481522817460317,0.06481522817460317,0.006584201388888889,25707242.57071858,74.4590873015873,0.057579120332645756,0.050354467244899365,0.10500000000000001,0.1559375,0.3164707341269841,0.30108730158730157,0.3330853174603175,1.1587363414209909e-08,4.909279671228395e-09,2.611450387350529e-08,44998919.87920335,0.99997599731563,9218058.81172033,0.00010850694444444444,260.272253844246,0.06106669209857704,0.1234375,0.1646875,0.0,0.0,0.0,0.0001867539738473805,8.104489936885583e-05,0.0003979386289238282,74997316.51046962,0.9999642201395949,0.0,0.0,0.0,0.0,9580472.20170134,0.0,2640645.658886409,0.147648746677044,0.14764824896521705,0.26093750000000004,0.5253125000000001,24788193,25218797,430605,20260814,20260815
full_multiscale,60000000.0,175000000.0,51333333.33333333,0.8555555555555555,32,7200,50400,3200,8,0.0034565406707973154,35.65625,173284270.64177352,171038128.55750856,174732762.17298955,0.9901958322387058,0.9773607346143346,0.9984729267027973,0.5271205357142857,0.5111180555555556,0.5414355158730159,0.528125,0.5118551587301587,0.5425882936507936,0.5271205357142857,0.5111180555555556,0.5414355158730159,0.5271205357142857,0.5111180555555556,0.5414355158730159,21585767.3977126,18933003.71528078,25534875.4016468,0.06678509424603175,0.02011111111111111,0.13833531746031746,0.25623034961418006,0.24441605666171218,0.26755546871990077,44840311.18248153,42772809.915799744,46822207.02598269,0.20098754890994044,0.1973757640548302,0.20442674018870763,10317360.8440496,10131955.88815331,10493905.996360293,0.42106282106549575,0.39415757193409756,0.44429347332503144,31579711.57991217,29561817.895057306,33322010.49937748,0.07227124474083345,0.058315750329699934,0.08555958277760671,0.5312090773809524,0.5142430555555556,0.5469017857142857,0.5491691468253969,0.532921626984127,0.5635446428571429,0.00013901286429897125,5.889411304711194e-05,0.0003142522367499998,60922520.22938955,42154517.6746186,11273355.822495654,8612145.103933632,716206.1885577661,559652.0641781474,9171797.168111779,0.17869580538199947,0.005013640873015873,0.003304563492063492,0.007361111111111111,5.029967215371822e-09,1.9315919905307103e-09,1.0266013050969931e-08,173284270.64177352,0.9901958322387059,0.004088541666666667,0.11827752976190475,0.11827752976190475,0.004088541666666667,57586345.09686728,28.913708457341272,0.07674405639175923,0.0651496666915787,0.1253125,0.2815625,0.5451816716269842,0.5300287698412698,0.5582490079365079,2.856835408433803e-09,1.157876905909137e-09,6.041827979101427e-09,51326314.84273043,0.9998632761570865,21585767.3977126,0.0029743303571428577,56.01557663690477,0.0722712447408334,0.15531250000000002,0.26,0.0,0.0,0.0,0.00013900497749634743,5.888687966688721e-05,0.0003142466956727025,74997153.21684214,0.9999620428912286,0.0,0.0,0.0,0.0,21717541.86310249,0.0,1970317.6446732392,0.14813611192664655,0.14813595954932826,0.2546875,0.5246875,24788193,25218797,430605,20260814,20260815
full_multiscale,60000000.0,175000000.0,53333333.33333333,0.8888888888888888,32,7200,50400,3200,8,0.003033287651700368,41.25,171774359.4528976,168939303.14023432,174061784.81459665,0.9815677683022719,0.9653674465156247,0.9946387703691238,0.6265246775793651,0.6121269841269841,0.6388799603174603,0.6274088541666667,0.6126646825396825,0.639735119047619,0.6265246775793651,0.6121269841269841,0.6388799603174603,0.6265246775793651,0.6121269841269841,0.6388799603174603,29396189.268807113,25836958.733969476,34667587.06983477,0.12694258432539685,0.0605188492063492,0.2032013888888889,0.2522753270868205,0.23929703117071402,0.26395361215351787,44148182.24019348,41876980.4548751,46191882.12686502,0.1687859386379633,0.16678448843121818,0.17147377588998491,9001916.727361511,8895172.716334924,9145268.047469547,0.41787682731207043,0.39025815185191987,0.4410285943289401,31340762.048405297,29269361.388893865,33077144.574670665,0.08215074765752745,0.06310185070294283,0.09682259954345038,0.629977058531746,0.6144007936507937,0.6426746031746031,0.6467956349206349,0.6326011904761906,0.6580257936507936,0.00011817872578666363,4.8693882104069675e-05,0.00027338999831613497,69768643.43439704,44193829.73062912,12164484.60747227,8555898.826016463,772949.0439589412,560159.2603755584,9116058.08639202,0.17100126186124487,0.004229910714285715,0.0027093253968253966,0.006138888888888889,2.8562152882273203e-09,1.053464780200674e-09,6.062693458139049e-09,171774359.4528976,0.981567768302272,0.0034523809523809524,0.15621961805555556,0.15621961805555556,0.0034523809523809524,77358573.83971694,16.425980282738095,0.08679428608095492,0.07403520303111227,0.1390625,0.36343749999999997,0.6434300595238096,0.6301498015873016,0.6541597222222222,1.692039351134789e-09,6.865086633093937e-10,3.6375745516775435e-09,53309887.81702118,0.9995603965691473,29396189.268807113,0.008856646825396827,31.89743055555556,0.08215074765752745,0.1721875,0.3415625,0.0,0.0,0.0,0.00011817417753202426,4.868950148260156e-05,0.0002733867581410845,74997017.30819991,0.9999602307759988,0.0,0.0,0.0,0.0,29388335.08027126,0.0,1678241.1656684028,0.14874014643014563,0.14874004518605488,0.25375000000000003,0.525,24788193,25218797,430605,20260814,20260815
full_multiscale,60000000.0,200000000.0,15000000.0,0.25,32,7200,50400,3200,8,0.0001400130600878318,2.375,113087740.05748822,105769700.20354317,118905560.30560173,0.565438700287441,0.5288485010177159,0.5945278015280087,0.0010534474206349207,0.000566468253968254,0.001827380952380952,0.0010534474206349207,0.000566468253968254,0.001827380952380952,0.0010534474206349207,0.000566468253968254,0.001827380952380952,0.0010534474206349207,0.000566468253968254,0.001827380952380952,39637.93718506008,7840.705412884646,77709.27093655002,0.9379470486111112,0.9179751984126984,0.964296626984127,0.4539019443508199,0.4294603725920765,0.48395976170926225,90780388.870164,85892074.51841451,96791952.34185246,0.35692325798784846,0.34243824262662603,0.37194065937616233,5353848.869817732,5136573.639399445,5579109.890642428,0.448113366664562,0.42526501337108275,0.47119020650342236,33608502.49984218,31894876.002831127,35339265.487756886,0.028280390474852327,0.027252143885931564,0.02941052208026984,0.0010534474206349207,0.000566468253968254,0.001827380952380952,0.0011160714285714285,0.0006478174603174603,0.0018958333333333331,0.0002498583935836386,0.00011059956827885476,0.0005023040132909471,8950467.973465405,8912652.730509363,5532254.224146914,5530627.358895423,556021.9740850735,555826.1451075436,6086453.504002968,0.40578774553901664,0.0,0.0,0.0,1.1310570401083797e-10,1.0576970020354317e-10,1.1890556030560172e-10,113087740.05748822,0.5654387002874411,0.0,0.0,0.0,0.0,33302.96723335277,1.0000923859126982,0.0011639801016807708,0.02826984277585763,0.06,0.094375,0.0011160714285714285,0.0006478174603174603,0.0018958333333333331,4.089986696333008e-06,1.3345587315077584e-06,1.1071173721580715e-05,14999106.23451234,0.999940415634156,39637.93718506008,0.0,274847.6973071677,0.02828039047485234,0.06,0.094375,0.0,0.0,0.0,0.0002457682937816016,0.00010702682904863316,0.0004999979405804259,74997301.16364262,0.9999640155152348,0.0,0.0,0.0,0.0,25449.348345826817,0.0,3470043.3134486605,0.15014705637222484,0.14984307245872086,0.27625,0.5346875,24788193,25218797,430605,20260814,20260815
full_multiscale,60000000.0,200000000.0,19980000.0,0.333,32,7200,50400,3200,8,0.0002821214760614258,3.375,136860412.56915033,127702457.88232566,144149770.9134854,0.6843020628457517,0.6385122894116283,0.720748854567427,0.0047693452380952375,0.003643849206349206,0.005973214285714286,0.0047693452380952375,0.003643849206349206,0.005973214285714286,0.0047693452380952375,0.003643849206349206,0.005973214285714286,0.0047693452380952375,0.003643849206349206,0.005973214285714286,115068.53390281326,57441.41345307132,196740.56340434775,0.863954613095238,0.8362876984126983,0.9059027777777777,0.37925056991141604,0.35279885109329145,0.40807467795192365,75850113.9822831,70559770.21865825,81614935.5903839,0.3613708274769377,0.3462314475599557,0.37668398912120127,7220189.132989192,6917704.3222479,7526146.102641516,0.4481041539281596,0.42521593636157184,0.4711187084991434,33607811.544611976,31891195.227117818,35333903.13743594,0.03766343323149697,0.03639602727395893,0.03907667605876917,0.004877232142857143,0.003777777777777778,0.006286706349206349,0.005421626984126984,0.004246031746031746,0.006884920634920634,0.00024596320936017284,0.00010799308709098649,0.00049885993496757,12836968.171248063,12729856.9643878,6700595.816285762,6693292.779548766,556486.2502631679,555831.9599576101,7249124.739506376,0.36283754832677095,0.0001878720238095238,0.0,0.0007857142857142854,1.3707094880789524e-10,1.2780266562355394e-10,1.451540487762944e-10,136860412.56915033,0.6843020628457517,0.00010788690476190476,0.00011222718253968254,0.00011222718253968254,0.00010788690476190476,151765.28281454055,1.001077628968254,0.003062315612879977,0.03759398489105866,0.079375,0.12937500000000002,0.005233754960317459,0.004024801587301587,0.006498015873015873,1.2287524073066658e-06,3.8164821413707054e-07,3.455150923860665e-06,19978981.703894183,0.9999490342289381,115068.53390281326,0.0,62165.218123759914,0.037663433231496964,0.0796875,0.12937500000000002,0.0,0.0,0.0,0.0002447343198819173,0.00010692827174126128,0.0004981953241404396,74997327.57477684,0.9999643676636912,0.0,0.0,0.0,0.0,87640.36305137796,0.0,3455574.894920015,0.15016819652840552,0.15010045024253882,0.27687500000000004,0.5362500000000001,24788193,25218797,430605,20260814,20260815
full_multiscale,60000000.0,200000000.0,24000000.0,0.4,32,7200,50400,3200,8,0.000552172519762433,4.875,154159728.23950326,143658465.0606153,162439877.95839342,0.7707986411975163,0.7182923253030765,0.8121993897919672,0.013260168650793651,0.011129960317460318,0.015618055555555555,0.01326450892857143,0.011129960317460318,0.015618055555555555,0.013260168650793651,0.011129960317460318,0.015618055555555555,0.013260168650793651,0.011129960317460318,0.015618055555555555,266111.46048848523,177124.09504682204,394564.72703972494,0.7907601686507937,0.7427579365079364,0.8474226190476191,0.34311100034334574,0.32164659545180707,0.36749245380381007,68622200.06866914,64329319.09036175,73498490.76076147,0.3617575817499377,0.3465314555767356,0.37657575021724005,8682181.96199853,8316754.933841672,9037818.005213765,0.44788068353334676,0.4248239521480178,0.4708930977033417,33591051.265000835,31861796.41110098,35316982.32775028,0.04453471407710593,0.043034274731853527,0.046104902454941754,0.014777405753968255,0.012470238095238095,0.018198412698412696,0.016755952380952382,0.014197420634920634,0.020751984126984122,0.00024369084620351974,0.00010689653642987817,0.0004954954509415728,16143404.930156093,15902651.425888773,7564092.140915817,7540451.715799584,557572.5191914908,555854.9880865583,8096306.703886142,0.3373607579172886,0.0021341765873015874,0.00029861111111111115,0.006361111111111111,1.6311757311631459e-10,1.4391145006728305e-10,1.683856151035446e-10,154159728.23950326,0.7707986411975163,0.0015172371031746032,0.0016214037698412697,0.0016214037698412697,0.0015172371031746032,510511.8581357461,1.045836433531746,0.013891646096026354,0.044314392184203466,0.0909375,0.148125,0.014656498015873015,0.01246626984126984,0.01700297619047619,5.753717814361195e-07,1.7299398297477571e-07,1.6597663867700902e-06,23998958.129774936,0.9999565887406223,266111.46048848523,0.0,24283.562296006945,0.04453471407710593,0.09156249999999999,0.15,0.0,0.0,0.0,0.00024311531130451048,0.00010640503262000692,0.0004951951873879339,74997329.19028477,0.9999643892037969,0.0,0.0,0.0,0.0,234308.55829706852,0.0,3433047.6922668647,0.15011363700628233,0.15008770679178585,0.27656250000000004,0.5371874999999999,24788193,25218797,430605,20260814,20260815
full_multiscale,60000000.0,200000000.0,30000000.0,0.5,32,7200,50400,3200,8,0.0011919825583624952,7.53125,176700740.6977103,165079745.85772163,184975975.52863255,0.8835037034885516,0.8253987292886081,0.9248798776431627,0.04559709821428571,0.03975,0.051220238095238096,0.04587797619047619,0.039906746031746036,0.051333333333333335,0.04559709821428571,0.03975,0.051220238095238096,0.04559709821428571,0.03975,0.051220238095238096,843904.3980505862,669916.7800042438,1071926.8479157498,0.6058754960317461,0.4635039682539683,0.7355019841269841,0.3171411467395766,0.29993085294228483,0.33422153724508785,63428229.347915515,59986170.588458166,66844307.44901831,0.355114213119445,0.3406551013387858,0.36969308108370463,10653426.393583331,10219653.040163605,11090792.432511115,0.44666742792988573,0.42311799843693726,0.46969594450336916,33500057.09474138,31733849.88277013,35227195.837752454,0.05288099071273471,0.051209906319753966,0.05454398479005802,0.05392361111111112,0.047017857142857146,0.0607906746031746,0.05998945932539683,0.052453373015873016,0.06736507936507936,0.00023857131415403222,0.00010440585446608521,0.00048725266664660237,21520616.73187684,20789302.724340603,8760222.996046375,8653618.759588575,562001.8525713445,556015.6985147805,9209634.458103355,0.3069986913900749,0.010640500992063491,0.0028968253968253968,0.01823115079365079,7.249410167342013e-10,1.794542569254018e-10,2.4755326795270102e-09,176700740.6977103,0.8835037034885516,0.008326512896825396,0.011828497023809524,0.011828497023809524,0.008326512896825396,2416529.808648583,3.7778131200396823,0.05059387543726597,0.05212650277809186,0.11624999999999999,0.12,0.050062624007936506,0.04375793650793651,0.05594146825396826,2.221327255076596e-07,6.355070290157487e-08,6.705070896510592e-07,29998937.182444017,0.9999645727481339,843904.3980505862,0.0,7518.910517113096,0.05288099071273469,0.119375,0.12,0.0,0.0,0.0,0.00023834845648750783,0.00010422213122001372,0.0004871429212538218,74997286.68472439,0.9999638224629919,0.0,0.0,0.0,0.0,834449.6195533806,0.0,3366268.3286204115,0.14982677363426727,0.1498188682624928,0.275,0.535625,24788193,25218797,430605,20260814,20260815
full_multiscale,60000000.0,200000000.0,34980000.0,0.583,32,7200,50400,3200,8,0.00191876775060153,10.59375,189367577.89014703,177509722.37424338,194995133.43982375,0.9468378894507352,0.8875486118712168,0.9749756671991187,0.10170262896825397,0.09341071428571429,0.11062599206349207,0.10265376984126984,0.09459027777777777,0.11159424603174603,0.10170262896825397,0.09341071428571429,0.11062599206349207,0.10170262896825397,0.09341071428571429,0.11062599206349207,2005686.52858376,1699565.754512447,2348029.9539728044,0.35982080853174603,0.20673809523809522,0.5756240079365078,0.3070401396708743,0.29334756022810154,0.3227604721632927,61408027.934174836,58669512.04562023,64552094.43265805,0.3403076809842995,0.327408088157742,0.3541543818916044,11903962.680831624,11452734.923758533,12388320.278569175,0.4437509237847997,0.41962935254835376,0.46688299922866366,33281319.283859953,31472201.44112651,35016224.94214958,0.05740466135806209,0.055743914427491895,0.05917470646031314,0.1122718253968254,0.1026875,0.12165277777777778,0.12091331845238096,0.11054265873015873,0.13103075396825398,0.0002295637927864758,0.00010017457129052245,0.00047245953203556496,26833837.223615773,25130506.682267107,9579373.741630401,9292012.295369579,571340.0363621493,556345.4953878759,9848357.790757455,0.28155167239212225,0.013306671626984127,0.005780753968253969,0.019575396825396826,2.835805432396269e-09,4.1356918674288474e-10,6.503812759002257e-09,189367577.89014703,0.9468378894507351,0.010569196428571428,0.02589781746031746,0.02589781746031746,0.010569196428571428,6463846.792906724,14.37644779265873,0.07427939554012027,0.055505395273449484,0.10250000000000001,0.1290625,0.10958085317460317,0.10101289682539683,0.11852281746031747,1.0544627174484849e-07,2.9257165526045085e-08,3.323200786315716e-07,34978864.47302466,0.9999675378223173,2005686.52858376,0.0,3064.945081845238,0.05740466135806205,0.10218750000000001,0.12406249999999999,0.0,0.0,0.0,0.00022945551070929852,0.0001000877235953192,0.00047240788157585365,74997175.93808813,0.9999623458411752,0.0,0.0,0.0,0.0,2099597.901390706,0.0,3241228.964025918,0.14918885093496848,0.14918553716972266,0.2725,0.5331250000000001,24788193,25218797,430605,20260814,20260815
full_multiscale,60000000.0,200000000.0,40020000.0,0.667,32,7200,50400,3200,8,0.003407158855028188,14.28125,194961449.52281255,185946739.3234834,198496775.15295753,0.9748072476140628,0.929733696617417,0.9924838757647878,0.18653955853174603,0.17387797619047618,0.20170833333333332,0.1874386160714286,0.17492261904761905,0.20249801587301589,0.18653955853174603,0.17387797619047618,0.20170833333333332,0.18653955853174603,0.17387797619047618,0.20170833333333332,4405759.940156452,3857067.1562527204,4944242.078987734,0.18610553075396824,0.07946626984126984,0.38096527777777767,0.29341524344517667,0.2818095173791158,0.30590069052500674,58683048.6890351,56361903.475823015,61180138.10500131,0.3138969350236216,0.3031696456877398,0.3261940966493136,12562155.339645168,12132849.220423268,13054287.747905422,0.4380954120134172,0.4134783407732587,0.46129606098213677,32857155.901006356,31010875.557994634,34597204.57366002,0.0594997680236105,0.05799313755677472,0.0613214336754981,0.1941046626984127,0.1800922619047619,0.20901587301587302,0.2053608630952381,0.19151587301587303,0.22087996031746032,0.00021276091591609637,9.248019096768627e-05,0.0004433681457086154,33595748.916944176,29867674.301548142,10238252.99966121,9594087.449694209,590556.4590590717,557036.6842656126,10151124.133959822,0.2536588935901911,0.00923797123015873,0.005368055555555556,0.01249404761904762,4.308828730253103e-09,1.0118172798098928e-09,9.492161465410761e-09,194961449.52281255,0.9748072476140627,0.007565104166666666,0.04162202380952381,0.04162202380952381,0.007565104166666666,14383580.954566587,21.747669270833335,0.08016559666745084,0.056616377725773576,0.11249999999999999,0.1625,0.19757068452380955,0.184984126984127,0.21275297619047617,4.328364756357874e-08,1.3075320086908537e-08,1.326466953319826e-07,40018798.43550798,0.9999699758997497,4405759.940156452,0.0,1098.8919580853176,0.05949976802361044,0.11,0.14125000000000001,0.0,0.0,0.0,0.00021271332343980256,9.243905571084809e-05,0.0004433437675494165,74997149.83483046,0.9999619977977395,0.0,0.0,0.0,0.0,4706242.292377707,0.0,3005355.843578249,0.1481162102500902,0.14811482091205255,0.266875,0.5275000000000001,24788193,25218797,430605,20260814,20260815
full_multiscale,60000000.0,200000000.0,45000000.0,0.75,32,7200,50400,3200,8,0.0039059038755454526,18.71875,196522067.66878513,190245394.72112048,199291027.93313327,0.9826103383439255,0.9512269736056025,0.9964551396656663,0.29946180555555557,0.28403472222222226,0.31688392857142855,0.3003993055555556,0.28471726190476193,0.31796626984126986,0.29946180555555557,0.28403472222222226,0.31688392857142855,0.29946180555555557,0.28403472222222226,0.31688392857142855,8894125.794312108,7697758.200571315,10356984.47683887,0.12916294642857143,0.048787698412698415,0.2792738095238094,0.27543690830948947,0.2649822965968153,0.28582051233245376,55087381.66189782,52996459.319363326,57164102.466491014,0.2744760249446364,0.26642247908021177,0.28269178503807685,12351421.12250631,11989011.558607502,12721130.326711066,0.43066300136515845,0.40636712286195203,0.45360060149549725,32299725.10238692,30477534.214645974,34020045.11216221,0.060144892635872624,0.05758198608872077,0.06421164576140681,0.3051140873015873,0.28829166666666667,0.32369841269841265,0.3197092013888889,0.3033075396825397,0.33751686507936507,0.0001877767862053286,8.134801939637068e-05,0.00039981569115029035,42295830.267552406,34735610.57881272,10972562.810500173,9705497.9248837,624859.1073894276,558017.887433463,10263515.812317163,0.22808255705026934,0.006745411706349206,0.003920634920634921,0.00939781746031746,3.7083153625665746e-09,1.1804505216708286e-09,8.079243704004974e-09,196522067.66878513,0.9826103383439256,0.005652281746031746,0.060397445436507935,0.060397445436507935,0.005652281746031746,27967517.00778582,18.687942088293653,0.08420590682046514,0.06037439933176686,0.123125,0.2215625,0.3140562996031746,0.2990535714285714,0.33066468253968256,1.2996026022863993e-08,5.542005640865146e-09,2.8554142456530517e-08,44999126.3911299,0.9999805864695535,8894125.794312108,7.564484126984126e-05,291.87101314484124,0.060144892635872534,0.121875,0.163125,0.0,0.0,0.0,0.00018776008186394317,8.132898293408587e-05,0.00039980477274197037,74997334.4525243,0.9999644593669907,0.0,0.0,0.0,0.0,9353713.546206461,0.0,2654474.2924100943,0.14739695679620501,0.14739642142899756,0.260625,0.525,24788193,25218797,430605,20260814,20260815
full_multiscale,60000000.0,200000000.0,51333333.33333333,0.8555555555555555,32,7200,50400,3200,8,0.003461775728041673,35.1875,194257181.1412052,188850498.74150887,198034349.16777635,0.9712859057060259,0.9442524937075443,0.9901717458388817,0.5252827380952381,0.509249007936508,0.5399375,0.5261111111111112,0.5097757936507936,0.5409315476190476,0.5252827380952381,0.509249007936508,0.5399375,0.5252827380952381,0.509249007936508,0.5399375,21111941.34067387,18456013.410023227,25046961.07971598,0.20646515376984126,0.1014107142857143,0.32656646825396823,0.25186902977945297,0.24144148465254872,0.2618678246521737,50373805.95589044,48288296.93050928,52373564.93043423,0.20055581075312112,0.1969676846704042,0.2040857746481135,10295198.28533281,10111007.81308588,10476403.098609768,0.42018421051914423,0.39333454038431426,0.44345491529276143,31513815.78893585,29500090.52882351,33259118.646957543,0.06980348298535155,0.05712083434656115,0.08356304714683954,0.5285057043650794,0.5115496031746032,0.5441547619047619,0.5467664930555556,0.5306428571428571,0.561048611111111,0.00013976654785056143,5.9144713507820184e-05,0.00031564506005747086,59207390.93704579,41122358.897107854,12518087.448700232,9645797.827856354,714115.9759284654,559496.2960362802,10205294.123892633,0.19882643221027818,0.003945932539682539,0.002399801587301587,0.0056617063492063495,1.6195204256068165e-09,5.780291754463004e-10,3.4306841650249732e-09,194257181.1412052,0.9712859057060259,0.00322296626984127,0.10573164682539682,0.10573164682539682,0.00322296626984127,61999617.75853496,8.172227802579364,0.0933913804915846,0.07055009613481246,0.13718750000000002,0.34625,0.5435528273809525,0.5283660714285715,0.5569136904761904,3.2161715139130155e-09,1.324917438889915e-09,6.8512779788879285e-09,51327653.021000504,0.9998893445649449,21111941.34067387,0.002525421626984127,63.05830977182539,0.06980348298535151,0.15125,0.2434375,0.0,0.0,0.0,0.0001397617121586219,5.913863283535518e-05,0.00031564170619069796,74997186.85267717,0.9999624913690289,0.0,0.0,0.0,0.0,21433486.70350326,0.0,1980579.9454941717,0.14777242086459697,0.14777225727764115,0.25406249999999997,0.5221875,24788193,25218797,430605,20260814,20260815
full_multiscale,60000000.0,200000000.0,53333333.33333333,0.8888888888888888,32,7200,50400,3200,8,0.0030603324853993425,41.0625,190332221.7015869,184423427.22828594,195506971.99184492,0.9516611085079346,0.9221171361414296,0.9775348599592246,0.6254501488095239,0.6112628968253968,0.6378541666666666,0.6261365327380952,0.6116894841269841,0.6385119047619048,0.6254501488095239,0.6112628968253968,0.6378541666666666,0.6254501488095239,0.6112628968253968,0.6378541666666666,28906105.862890244,25340183.13742159,34090869.2937872,0.30826946924603177,0.18772916666666667,0.43704662698412694,0.24692074621256277,0.2370854784442392,0.25786886931080044,49384149.24251263,47417095.68884835,51573773.86215972,0.16855787874485306,0.16656828960360742,0.1712585868071014,8989753.533062272,8883642.112195697,9133791.296382455,0.41695754289659215,0.3893502386366031,0.44022163834318223,31271815.717244394,29201267.89774515,33016622.87573845,0.0793608013544542,0.06184789555496796,0.09200548690226368,0.627983630952381,0.6131081349206349,0.6406359126984127,0.6448573908730159,0.6314414682539682,0.6561170634920634,0.00011861632998974169,4.8800955456477296e-05,0.00027459391285370485,68154127.39385276,43282804.857618876,13293517.850610495,9469874.805522637,771169.7929607527,560029.5113923484,10029904.316914985,0.1881334577104181,0.003107638888888889,0.0018055555555555555,0.004393849206349206,9.522407952137897e-10,3.7763608552207317e-10,2.0651905515062042e-09,190332221.7015869,0.9516611085079345,0.002533482142857143,0.1327126736111111,0.1327126736111111,0.002533482142857143,81778360.08150081,4.834133184523809,0.09219966556505195,0.07125409841796396,0.115625,0.3884375,0.6423704117063492,0.629641865079365,0.6529156746031746,1.891003453240282e-09,7.746005283078218e-10,3.910240210803091e-09,53312709.174533874,0.9996132970225102,28906105.862890244,0.00796750992063492,35.646740451388894,0.0793608013544542,0.1671875,0.32968749999999997,0.0,0.0,0.0,0.00011861348674549322,4.879722741663141e-05,0.00027459192096931077,74997016.36335981,0.9999602181781307,0.0,0.0,0.0,0.0,29147580.100588657,0.0,1684013.80875,0.1483628023980262,0.14836269454801174,0.2534375,0.5246875,24788193,25218797,430605,20260814,20260815
full_multiscale,60000000.0,225000000.0,15000000.0,0.25,32,7200,50400,3200,8,0.0001400130600878318,2.375,113087740.34556127,105769700.2080584,118905560.30961744,0.5026121793136057,0.47008755648025957,0.5284691569316331,0.0010534474206349207,0.000566468253968254,0.001827380952380952,0.0010534474206349207,0.000566468253968254,0.001827380952380952,0.0010534474206349207,0.000566468253968254,0.001827380952380952,0.0010534474206349207,0.000566468253968254,0.001827380952380952,39637.936450656794,7840.705412884646,77709.26792137043,0.9681907242063492,0.9523244047619047,0.9860218253968254,0.5043806487475808,0.48193825240849353,0.5335627710422396,113485645.96820568,108436106.79191092,120051623.4845041,0.35692325856145035,0.3424382428984373,0.3719406604484813,5353848.878421761,5136573.64347662,5579109.906727212,0.44811336668770474,0.4252650133789885,0.47119020647541116,33608502.501577884,31894876.003424034,35339265.485656045,0.028280390213859186,0.027252145554142036,0.029410522612630153,0.0010534474206349207,0.000566468253968254,0.001827380952380952,0.0011160714285714285,0.0006478174603174603,0.0018958333333333331,0.00024985839669981253,0.00011059956827127405,0.0005023040132680434,8950467.957784176,8912652.71546726,5532254.239145343,5530627.373977525,556021.9740785593,555826.145112638,6086453.519090162,0.40578774654366967,0.0,0.0,0.0,1.130888273244059e-10,1.057697002080584e-10,1.1890556030961745e-10,113087740.34556127,0.5026121793136056,0.0,0.0,0.0,0.0,33302.965703257054,1.0000049603174603,0.00013645052542613092,0.028269839485505953,0.06,0.094375,0.0011160714285714285,0.0006478174603174603,0.0018958333333333331,4.089986707664841e-06,1.3345587418739924e-06,1.1071173710293103e-05,14999106.234557431,0.9999404156371621,39637.936450656794,0.0,274847.69807601685,0.028280390213859197,0.06,0.094375,0.0,0.0,0.0,0.0002457682969033204,0.00010702682904043704,0.0004999979405572256,74997301.16358136,0.999964015514418,0.0,0.0,0.0,0.0,25449.34693830052,0.0,3470043.3598226686,0.1501470561115621,0.14984307219933451,0.27625,0.5346875,24788193,25218797,430605,20260814,20260815
full_multiscale,60000000.0,225000000.0,19980000.0,0.333,32,7200,50400,3200,8,0.0002821214760614258,3.375,136861549.46892434,127702539.36726408,144152398.57262444,0.6082735531952195,0.5675668416322848,0.6406773269894419,0.0047693452380952375,0.003643849206349206,0.005973214285714286,0.0047693452380952375,0.003643849206349206,0.005973214285714286,0.0047693452380952375,0.003643849206349206,0.005973214285714286,0.0047693452380952375,0.003643849206349206,0.005973214285714286,115009.48451745858,57433.40915844252,196665.69172367122,0.9138907490079364,0.8926061507936508,0.9458204365079365,0.4240290180880784,0.39793935899086613,0.45487578142614543,95406529.06981775,89536355.77294546,102347050.82088327,0.3613727585496009,0.34623144532776917,0.37668483070293274,7220227.715821004,6917704.27764882,7526162.91744451,0.448104198758018,0.4252159369861683,0.47111871136953976,33607814.906851366,31891195.273962557,35333903.35271558,0.03766373379516836,0.03639601468874818,0.03907746232765215,0.004772445436507936,0.003643849206349206,0.005973214285714286,0.005238715277777778,0.004024801587301587,0.006498015873015873,0.0002459632201461129,0.00010799308774716195,0.0004988599342621287,12836923.952045538,12729812.218676627,6700580.99106839,6693337.52537062,556486.2445423943,555831.9590916149,7249169.484462234,0.36283978794191146,4.96031746031746e-06,0.0,1.7857142857142828e-05,1.3690899953727536e-10,1.277342039018854e-10,1.4415239857262445e-10,136861549.46892434,0.6082735531952193,3.1001984126984127e-06,3.1001984126984127e-06,3.1001984126984127e-06,3.1001984126984127e-06,150323.51417878235,1.0002170138888888,0.0016729165924110772,0.03759420651177735,0.079375,0.12937500000000002,0.005233754960317459,0.004024801587301587,0.006498015873015873,1.2287612408961492e-06,3.81648302039031e-07,3.4551581087702444e-06,19978981.703138866,0.9999490341911345,115009.48451745858,0.0,62165.6674125744,0.03766373379516835,0.0796875,0.12937500000000002,0.0,0.0,0.0,0.0002447343219962172,0.00010692827170426657,0.0004981953227759465,74997327.57470734,0.9999643676627646,0.0,0.0,0.0,0.0,87639.88418728733,0.0,3455574.9378298614,0.15016820570704198,0.15010045919635695,0.27687500000000004,0.5362500000000001,24788193,25218797,430605,20260814,20260815
full_multiscale,60000000.0,225000000.0,24000000.0,0.4,32,7200,50400,3200,8,0.0005524241869151516,4.875,154188416.64464188,143661380.53411177,162546407.28027356,0.6852818517539638,0.6384950245960522,0.7224284768012158,0.013260788690476191,0.011129960317460318,0.015618055555555555,0.01326202876984127,0.011129960317460318,0.015618055555555555,0.013260788690476191,0.011129960317460318,0.015618055555555555,0.013260788690476191,0.011129960317460318,0.015618055555555555,265002.4992640654,176312.86009352913,393983.64786204,0.8633649553571429,0.8350119047619048,0.9064196428571428,0.37874820516925356,0.352090880123314,0.40818226378491884,85218346.16308206,79220448.02774596,91841009.35160683,0.3617857444248738,0.34654241250501194,0.3765941107617072,8682857.866196983,8317017.900120291,9038258.658280937,0.44788121631446876,0.4248243989087427,0.4708933999480412,33591091.22358502,31861829.91815525,35317004.99610289,0.04453907428649147,0.043035952547365655,0.04610805833352815,0.01338045634920635,0.01122123015873016,0.01597222222222222,0.014865451388888888,0.01263392857142857,0.01749404761904762,0.00024369090500551776,0.00010689665199276205,0.0004954962762982354,16142429.174703212,15901696.099993976,7563959.351823817,7541407.084840041,557572.1784872069,555855.0209161519,8097262.1057561925,0.3374005669886155,0.00021143353174603178,0.0,0.0008898809523809519,1.544184718366323e-10,1.4377141611462232e-10,1.637485695349564e-10,154188416.64464188,0.6852818517539639,0.00011966765873015874,0.00012834821428571428,0.00012834821428571428,0.00011966765873015874,479391.24178242416,1.0010528273809522,0.0030548286650104155,0.04431412630791022,0.0909375,0.1484375,0.014658978174603175,0.01246626984126984,0.01699404761904762,5.754211231904936e-07,1.730005455562833e-07,1.6598376604043619e-06,23998958.20575019,0.9999565919062579,265002.4992640654,0.0,24285.656664186507,0.04453907428649147,0.09156249999999999,0.15,0.0,0.0,0.0,0.00024311532946385544,0.00010640513787933505,0.0004951959833301968,74997329.19016585,0.9999643892022113,0.0,0.0,0.0,0.0,234262.37532522832,0.0,3433048.852485119,0.15011380302613803,0.15008787042641977,0.27656250000000004,0.5371874999999999,24788193,25218797,430605,20260814,20260815
full_multiscale,60000000.0,225000000.0,30000000.0,0.5,32,7200,50400,3200,8,0.0012012012521126086,7.53125,177452451.06812266,165132183.0836948,186967847.75491804,0.7886775603027674,0.73392081370531,0.8309682122440801,0.04566530257936508,0.03976190476190476,0.051270833333333335,0.04573970734126984,0.03979265873015873,0.05129761904761905,0.04566530257936508,0.03976190476190476,0.051270833333333335,0.04566530257936508,0.03976190476190476,0.051270833333333335,833478.1856760175,658405.7682630642,1060716.9058620816,0.7713795882936507,0.7162470238095238,0.8344503968253968,0.33473666666903823,0.3138018697501972,0.3585434887412009,75315750.00053364,70605420.69379444,80672284.96677022,0.3551743535335108,0.34079627328450274,0.36971199390990683,10655230.6060053,10223888.198535126,11091359.817297198,0.44667536084683207,0.4231197576528563,0.4697118248479119,33500652.06351248,31733981.823964015,35228386.86359351,0.052890581051368526,0.051232081022868955,0.054559882753761606,0.04770399305555555,0.041694444444444444,0.052717261904761906,0.052770337301587304,0.04647718253968254,0.058765873015873014,0.0002385562003278857,0.00010438573321959405,0.00048721520842394584,21486212.51448691,20756444.378259026,8784210.726040728,8686482.159872543,561996.7116453538,556015.2283653973,9242497.388237942,0.30809411412505316,0.0027721974206349207,0.0004166666666666667,0.00702281746031746,1.8981536352461293e-10,1.65467909113139e-10,2.0390841847351536e-10,177452451.06812266,0.7886775603027674,0.002038690476190476,0.0027790178571428575,0.0027790178571428575,0.002038690476190476,2171955.2859204616,1.0561848958333333,0.01753856560125702,0.0520041157396495,0.11687499999999999,0.12,0.05016059027777778,0.04387996031746032,0.056086309523809524,2.2254583190444294e-07,6.378892114063182e-08,6.712574582894094e-07,29998941.766496934,0.9999647255498978,833478.1856760175,0.0,7532.880033482143,0.05289058105136851,0.1196875,0.12,0.0,0.0,0.0,0.00023833346468061768,0.00010420199710179943,0.0004871053949955432,74997286.7717898,0.999963823623864,0.0,0.0,0.0,0.0,833781.8714474906,0.0,3366076.212989831,0.14983029467929299,0.1498223758110913,0.2753125,0.535625,24788193,25218797,430605,20260814,20260815
full_multiscale,60000000.0,225000000.0,34980000.0,0.583,32,7200,50400,3200,8,0.001925525796190769,10.59375,193817876.23600346,180639784.12956622,203295292.84795505,0.8614127832711265,0.8028434850202942,0.9035346348798002,0.1014484126984127,0.09323611111111112,0.11045138888888889,0.10185205853174603,0.09365376984126984,0.11088194444444445,0.1014484126984127,0.09323611111111112,0.11045138888888889,0.1014484126984127,0.09323611111111112,0.11045138888888889,1965456.9308342873,1658525.2304716138,2310959.635835628,0.6589347718253968,0.568063492063492,0.7601388888888888,0.3120904992712271,0.29530730459516613,0.3312837058381719,70220362.3360261,66444143.53391209,74538833.81358884,0.3400330275675901,0.3271695621392665,0.3537467239209319,11894355.304315105,11444391.283632224,12374060.402755002,0.44368815165999503,0.41953785505583496,0.4668301765246033,33276611.37449967,31465339.1291877,35012263.23934528,0.057359603991098206,0.05569371455373571,0.059111133218640234,0.1062375992063492,0.09744146825396825,0.11435416666666666,0.11463231646825398,0.10562599206349206,0.12338194444444445,0.00022962439630791926,0.00010013624410018751,0.00047215816261584004,26596601.855529007,24919974.626660593,9776511.77994791,9502595.390866889,571244.8834308612,556331.5705460064,10058926.961412895,0.2875712645260027,0.006251240079365079,0.0016746031746031746,0.010962301587301585,3.18682460088802e-10,1.8400052794133204e-10,6.771947903538693e-10,193817876.23600346,0.8614127832711265,0.004789186507936508,0.011473214285714286,0.011473214285714286,0.004789186507936508,6099498.28490924,1.5628062996031746,0.042455389947218994,0.05542943888250744,0.1,0.121875,0.1092937748015873,0.10068849206349206,0.11849900793650793,1.0673786156365063e-07,2.997767010949134e-08,3.3340560794371013e-07,34978901.588073455,0.9999685988585894,1965456.9308342873,0.0,3102.3253912450396,0.05735960399109816,0.1015625,0.12375,0.0,0.0,0.0,0.0002295173397638955,0.00010004947896811798,0.0004721070509291849,74997173.58954403,0.9999623145272537,0.0,0.0,0.0,0.0,2086648.5981844543,0.0,3242126.0038826885,0.1491813885254683,0.1491780398368724,0.2725,0.5331250000000001,24788193,25218797,430605,20260814,20260815
full_multiscale,60000000.0,225000000.0,40020000.0,0.667,32,7200,50400,3200,8,0.003435305108251403,13.84375,205618561.52664676,192549314.02523682,213973972.43948123,0.9138602734517635,0.8557747290010524,0.950995433064361,0.1857093253968254,0.17231150793650793,0.2006329365079365,0.1862921626984127,0.17300595238095237,0.20123809523809524,0.1857093253968254,0.17231150793650793,0.2006329365079365,0.1857093253968254,0.17231150793650793,0.2006329365079365,4295318.556121411,3735274.2166906605,4841379.208334144,0.5098896329365079,0.3498373015873016,0.6756488095238095,0.29294916382941716,0.28029821584735515,0.3072109778886005,65913561.86161883,63067098.565654494,69122470.02493486,0.3132599532739886,0.30255887750977256,0.32558429947768097,12536663.33002485,12108406.277940989,13029883.665096812,0.43784451299512606,0.4132606320008174,0.46104179397579015,32838338.47463447,30994547.400061253,34578134.54818461,0.059345493362073606,0.05779192882695694,0.061081392628221085,0.19066840277777777,0.17694146825396825,0.2049454365079365,0.20188368055555556,0.18813789682539683,0.2164047619047619,0.00021304152696688974,9.246240371167997e-05,0.00044341323375587043,32965595.135886338,29352232.505456645,10758494.519323312,10109696.60889731,590143.8119155028,556985.7966498005,10666682.40554711,0.2665410201468046,0.0061650545634920634,0.0029275793650793648,0.009281746031746032,6.113970934212437e-10,2.2330679410086333e-10,1.3301981403018924e-09,205618561.52664676,0.9138602734517633,0.004959077380952382,0.027687872023809526,0.027687872023809526,0.004959077380952382,14415116.89376364,2.8221912202380954,0.06546136335383673,0.05644777643830924,0.1078125,0.148125,0.19666294642857143,0.18374305555555556,0.21152083333333332,4.484396078144367e-08,1.3852423773187366e-08,1.3363841569131072e-07,40018914.91100375,0.9999728863319278,4295318.556121411,0.0,1138.310504092262,0.059345493362073544,0.11,0.1409375,0.0,0.0,0.0,0.00021299607160901485,9.242152968423666e-05,0.00044339013553547677,74997152.3934161,0.9999620319122148,0.0,0.0,0.0,0.0,4650062.501712156,0.0,3009275.2411315725,0.14805143865269815,0.14805001322803954,0.26593750000000005,0.528125,24788193,25218797,430605,20260814,20260815
full_multiscale,60000000.0,225000000.0,45000000.0,0.75,32,7200,50400,3200,8,0.003931495598861453,18.65625,211320641.22832972,199477343.78432083,218188739.31496873,0.9392028499036876,0.8865659723747593,0.96972773028875,0.2981597222222222,0.282609126984127,0.3159801587301587,0.2988696676587302,0.2830873015873016,0.31660912698412697,0.2981597222222222,0.282609126984127,0.3159801587301587,0.2981597222222222,0.282609126984127,0.3159801587301587,8693087.145536441,7482129.087601136,10166824.734694589,0.40626054067460315,0.2561636904761905,0.5856091269841269,0.27297490476622344,0.26262860119750087,0.28434233758045013,61419353.572400205,59091435.269438244,63977025.95560121,0.27385220162926605,0.26577349605380657,0.2821383156072365,12323349.073314648,11959807.322419321,12696224.20232317,0.4302051417323571,0.4059234877771851,0.4531404708911174,32265385.62992675,30444261.58328907,33985535.31683352,0.05967757884954794,0.05745607123898768,0.06341244766580284,0.30243055555555554,0.28575,0.3204722222222222,0.3169959077380952,0.3005644841269841,0.33423511904761904,0.00018817116102534982,8.13511240921295e-05,0.00040031252568317147,41328537.39608374,34013814.91796602,11739736.362403503,10427506.308560433,624070.658493142,557936.0449174673,10985442.353477899,0.24412497049032744,0.005099826388888889,0.0025684523809523813,0.007283730158730159,7.959829818690905e-10,2.805817043527259e-10,1.5250326398657745e-09,211320641.22832972,0.9392028499036876,0.004270833333333333,0.04788256448412699,0.04788256448412699,0.004270833333333333,28858889.27892325,3.621114831349206,0.07801658806486167,0.0570548995359978,0.11374999999999999,0.19687500000000002,0.31271329365079364,0.29727777777777775,0.329515873015873,1.3961592585067251e-08,5.990480699076951e-09,2.9472195700788305e-08,44999257.27144387,0.9999834949209749,8693087.145536441,5.828373015873016e-05,313.5292094494048,0.059677578849547844,0.12156249999999999,0.1621875,0.0,0.0,0.0,0.0001881564034497829,8.13324715719947e-05,0.00040030291577727194,74997337.45008248,0.9999644993344331,0.0,0.0,0.0,0.0,9246642.423635658,0.0,2659885.571366567,0.14725249183799138,0.14725193359533018,0.26031250000000006,0.5246875,24788193,25218797,430605,20260814,20260815
full_multiscale,60000000.0,225000000.0,51333333.33333333,0.8555555555555555,32,7200,50400,3200,8,0.0034676715821533007,34.71875,207819414.16775462,198053335.00228563,216033642.15790522,0.9236418407455761,0.8802370444546028,0.960149520701801,0.5242689732142858,0.508468253968254,0.5389335317460318,0.5248914930555555,0.5087827380952381,0.5396557539682539,0.5242689732142858,0.508468253968254,0.5389335317460318,0.5242689732142858,0.508468253968254,0.5389335317460318,20832407.693336807,18116959.08418863,24787185.172980618,0.45664930555555555,0.3119940476190476,0.6006617063492062,0.2484290471230616,0.23897205865378013,0.2599353630376216,55896535.60268873,53768713.19710048,58485456.683464624,0.20033108908534825,0.19675718201847892,0.2039327185394225,10283662.57305375,10100202.01028713,10468546.218363564,0.4195737831672783,0.3926232211226138,0.4429520673148305,31468033.73754581,29446741.58419598,33221405.048612054,0.06866209061253513,0.0567439164926031,0.08264093300768365,0.5266418650793652,0.5102053571428572,0.5418789682539683,0.5449200148809523,0.5291785714285714,0.5592926587301587,0.00013998343284600295,5.911180952648469e-05,0.0003159909490774323,58183854.847370565,40459939.290124334,13263236.37447688,10308700.490726503,713383.3349207955,559427.0825806698,10868127.573307171,0.2117384939164761,0.002834201388888889,0.0014017857142857144,0.004158730158730158,5.060907455458046e-10,2.386928308790766e-10,1.0286993443436068e-09,207819414.16775462,0.9236418407455761,0.002372891865079365,0.0836780753968254,0.0836780753968254,0.002372891865079365,63598992.724182606,2.336019965277778,0.07563827697479122,0.054931114318055106,0.09531250000000001,0.2575,0.5426271081349205,0.5274355158730158,0.556390873015873,3.48170205642005e-09,1.4405466250822378e-09,7.3577185091849615e-09,51328066.86343146,0.9998974064304831,20832407.693336807,0.002387152777777778,68.26201450892856,0.06866209061253507,0.14968750000000003,0.2396875,0.0,0.0,0.0,0.00013997944505320098,5.910594249536962e-05,0.00031598820440390055,74997195.8609409,0.9999626114792121,0.0,0.0,0.0,0.0,21334924.625282727,0.0,1983469.045562996,0.14757751289615312,0.1475773424339969,0.25406249999999997,0.5221875,24788193,25218797,430605,20260814,20260815
full_multiscale,60000000.0,225000000.0,53333333.33333333,0.8888888888888888,32,7200,50400,3200,8,0.003073826005016366,40.5,201151502.44006863,191143860.57585648,210685972.82684705,0.894006677511416,0.8495282692260289,0.9363821014526534,0.6248635912698413,0.6104325396825397,0.6371617063492063,0.6253360615079365,0.6107619047619047,0.6377509920634921,0.6248635912698413,0.6104325396825397,0.6371617063492063,0.6248635912698413,0.6104325396825397,0.6371617063492063,28643862.47973308,25015408.8828578,33841920.10985892,0.5497786458333334,0.40308134920634925,0.676048611111111,0.2470171078272014,0.23520293771481418,0.26076876930772364,55578849.261120304,52920660.985832855,58672973.094237484,0.16846586049678275,0.16641538581929513,0.17121474382171487,8984845.893165182,8875487.243699025,9131453.00382839,0.41637424355712804,0.3886041871354153,0.4397372731214512,31228068.266784668,29145314.03515624,32980295.48410862,0.07836495292565614,0.059647233965626746,0.09014810343145636,0.6265463789682539,0.6117728174603174,0.6392906746031746,0.643600570436508,0.6304087301587302,0.6550168650793651,0.00011867443263243531,4.872586589961534e-05,0.0002748570348365674,67314640.45966111,42756828.58409371,13871766.86995783,9996662.843461094,770935.0125651925,559988.4348963111,10556651.278357405,0.19801092154542502,0.0020510912698412697,0.0010198412698412698,0.0029394841269841272,3.528941867748031e-10,2.106723640217608e-10,6.718005386824193e-10,201151502.44006863,0.8940066775114162,0.0016827876984126984,0.10024553571428571,0.10024553571428571,0.0016827876984126984,82693629.02357069,1.6798350694444444,0.06410565614143196,0.04831875525861934,0.07062500000000001,0.2184375,0.6420039682539682,0.6290525793650794,0.6529533730158731,2.0288682469572563e-09,8.243624262907953e-10,4.181603522699542e-09,53313479.86245104,0.9996277474209571,28643862.47973308,0.0077703373015873016,38.24453373015873,0.07836495292565614,0.16562500000000002,0.3246875,0.0,0.0,0.0,0.00011867205087000158,4.872225464863232e-05,0.00027485538290579747,74997035.12174393,0.9999604682899191,0.0,0.0,0.0,0.0,29116959.48725401,0.0,1684644.836217758,0.14818862440197705,0.14818851287766366,0.2534375,0.5246875,24788193,25218797,430605,20260814,20260815
full_multiscale,60000000.0,250000000.0,15000000.0,0.25,32,7200,50400,3200,8,0.0001400130600878318,2.375,113087740.36302176,105769700.20476767,118905560.3087155,0.452350961452087,0.4230788008190707,0.475622241234862,0.0010534474206349207,0.000566468253968254,0.001827380952380952,0.0010534474206349207,0.000566468253968254,0.001827380952380952,0.0010534474206349207,0.000566468253968254,0.001827380952380952,0.0010534474206349207,0.000566468253968254,0.001827380952380952,39637.936339690816,7840.705406433143,77709.2676460672,0.9872433035714285,0.9760257936507937,0.9967113095238096,0.5496650539619146,0.5287976251495294,0.5772223344554418,137416263.49047893,132199406.28738119,144305583.6138622,0.35692325882663256,0.34243824225180103,0.371940660488192,5353848.882399493,5136573.6337770745,5579109.907322873,0.44811336675209534,0.42526501379388804,0.4711902065622898,33608502.50640718,31894876.03454147,35339265.49217194,0.028280390731627227,0.02725214469167359,0.029410521710711218,0.0010534474206349207,0.000566468253968254,0.001827380952380952,0.0011160714285714285,0.0006478174603174603,0.0018958333333333331,0.0002498583967024382,0.00011059956825980393,0.0005023040132921124,8950467.956846386,8912652.714636868,5532254.23993688,5530627.374772153,556021.9740794918,555826.1451140479,6086453.5198862,0.4057877465976714,0.0,0.0,0.0,1.1308774036302175e-10,1.0576970020476768e-10,1.189055603087155e-10,113087740.36302176,0.45235096145208703,0.0,0.0,0.0,0.0,33302.96563741197,1.0,0.0,0.028269839933510142,0.06,0.094375,0.0011160714285714285,0.0006478174603174603,0.0018958333333333331,4.089986709198062e-06,1.3345587422976249e-06,1.1071173711153702e-05,14999106.234523077,0.9999404156348718,39637.936339690816,0.0,274847.6981938244,0.02828039073162724,0.06,0.094375,0.0,0.0,0.0,0.0002457682969054997,0.00010702682902992327,0.0004999979405810363,74997301.16374013,0.999964015516535,0.0,0.0,0.0,0.0,25449.346872122773,0.0,3470043.359971478,0.15014705634024755,0.14984307243365375,0.27625,0.5346875,24788193,25218797,430605,20260814,20260815
full_multiscale,60000000.0,250000000.0,19980000.0,0.333,32,7200,50400,3200,8,0.0002821214760614258,3.375,136861573.71478337,127702540.96224992,144152398.5289078,0.5474462948591334,0.5108101638489997,0.5766095941156312,0.0047693452380952375,0.003643849206349206,0.005973214285714286,0.0047693452380952375,0.003643849206349206,0.005973214285714286,0.0047693452380952375,0.003643849206349206,0.005973214285714286,0.0047693452380952375,0.003643849206349206,0.005973214285714286,115008.00538090222,57433.35908490293,196665.69480233008,0.9467838541666667,0.9278462301587301,0.9715218253968254,0.4679084140796703,0.443229336853979,0.4988749320041834,116977103.51991777,110807334.21349481,124718733.00104551,0.3613728148346466,0.3462314486215652,0.3766848293154065,7220228.840396218,6917704.343458856,7526162.889721733,0.44810419871560936,0.4252159367269537,0.4711187110560875,33607814.90367071,31891195.254521437,35333903.32920666,0.03766374635529891,0.03639601939018101,0.03907746818038873,0.0047693452380952375,0.003643849206349206,0.005973214285714286,0.005233754960317459,0.004024801587301587,0.006498015873015873,0.0002459632203412992,0.00010799308774857958,0.0004988599340596716,12836922.708199326,12729810.98220265,6700580.756224569,6693338.762170784,556486.2444215555,555831.959091115,7249170.721261899,0.3628398498410369,0.0,0.0,0.0,1.3687236923505503e-10,1.2770254096224993e-10,1.441523985289078e-10,136861573.71478337,0.5474462948591334,0.0,0.0,0.0,0.0,150294.62856019818,1.000044642857143,0.0006456908190359204,0.03759420099320485,0.079375,0.12937500000000002,0.005233754960317459,0.004024801587301587,0.006498015873015873,1.2287614474988402e-06,3.816483023805808e-07,3.4551581108006107e-06,19978981.703464553,0.9999490342074351,115008.00538090222,0.0,62165.677934647814,0.037663746355298906,0.0796875,0.12937500000000002,0.0,0.0,0.0,0.00024473432202143115,0.00010692827171191973,0.0004981953225754863,74997327.57478335,0.999964367663778,0.0,0.0,0.0,0.0,87639.87047299251,0.0,3455574.9381436007,0.15016820505862452,0.15010045854951926,0.27687500000000004,0.5362500000000001,24788193,25218797,430605,20260814,20260815
full_multiscale,60000000.0,250000000.0,24000000.0,0.4,32,7200,50400,3200,8,0.0005525766410024392,4.875,154189896.83383465,143661471.0466464,162550347.41995794,0.6167595873353386,0.5746458841865857,0.6502013896798318,0.01326202876984127,0.011129960317460318,0.015618055555555555,0.01326202876984127,0.011129960317460318,0.015618055555555555,0.01326202876984127,0.011129960317460318,0.015618055555555555,0.01326202876984127,0.011129960317460318,0.015618055555555555,264929.79841678403,176285.4511223727,393903.1525679375,0.9090166170634921,0.8871547619047618,0.9428124999999999,0.4184879843901932,0.39197180487936484,0.44987242683305784,104621996.0975481,97992951.21984085,112468106.70826317,0.3617877114463533,0.34654238206638593,0.37659491000811174,8682905.074712489,8317017.16959326,9038277.840194643,0.44788129295197343,0.42482443690188876,0.4708934033860557,33591096.97139787,31861832.767641265,35317005.25395395,0.044539428679647955,0.043035790365652755,0.04610884119672278,0.013265128968253968,0.011129960317460318,0.015618055555555555,0.014665178571428572,0.01246626984126984,0.01699404761904762,0.0002436909351517225,0.00010689665451370447,0.0004954962720972804,16142372.182925196,15901639.678759258,7563943.673558487,7541463.506248815,557572.1487603469,555855.0218191693,8097318.528067986,0.3374029180051846,6.820436507936508e-06,0.0,3.7698412698412666e-05,1.5424950248451295e-10,1.4370025459014064e-10,1.625686313132163e-10,154189896.83383465,0.6167595873353386,3.1001984126984127e-06,3.7202380952380952e-06,3.7202380952380952e-06,3.1001984126984127e-06,477583.70056957577,1.0002455357142859,0.001942889903379298,0.04431424958431041,0.0909375,0.148125,0.014658358134920633,0.01246626984126984,0.01699404761904762,5.754251540480543e-07,1.7300060473661262e-07,1.659841531438782e-06,23998958.206827275,0.9999565919511365,264929.79841678403,0.0,24285.82774925595,0.044539428679647955,0.09156249999999999,0.15,0.0,0.0,0.0,0.00024311535574817193,0.00010640514026742882,0.0004951959788521443,74997329.19039935,0.9999643892053246,0.0,0.0,0.0,0.0,234258.59748912117,0.0,3433049.2544822665,0.15011381876099916,0.15008788608163254,0.27656250000000004,0.5371874999999999,24788193,25218797,430605,20260814,20260815
full_multiscale,60000000.0,250000000.0,30000000.0,0.5,32,7200,50400,3200,8,0.0011996524276540166,7.53125,177518010.19998062,165136887.22136766,187273634.17687497,0.7100720407999226,0.6605475488854707,0.7490945367074999,0.04571056547619048,0.03979265873015873,0.051288690476190474,0.04572110615079365,0.03979265873015873,0.051288690476190474,0.04571056547619048,0.03979265873015873,0.051288690476190474,0.04571056547619048,0.03979265873015873,0.051288690476190474,831502.4509331149,656783.787102039,1059243.080778568,0.8449330357142857,0.8135545634920635,0.8934861111111111,0.36414558241001294,0.33852589906334246,0.39342446184039304,91036395.60250321,84631474.76583588,98356115.46009965,0.35520928774652627,0.34082590343890407,0.3697493174096846,10656278.632395769,10224777.103167193,11092479.522290552,0.44667897577406657,0.4231233750103205,0.46971481840210655,33500923.18305506,31734253.12577396,35228611.380158,0.052896333954086286,0.05123492091772592,0.05456351704422318,0.04600260416666667,0.040091269841269844,0.051351190476190474,0.050652281746031744,0.04430654761904762,0.05633035714285714,0.00023855045142280438,0.00010438224147867845,0.0004871935939009747,21483968.70912144,20754143.548961505,8784478.959214713,8688783.621311314,561997.2917549822,556015.3388851914,9244798.960196504,0.3081708282675055,0.0004774305555555556,4.166666666666667e-05,0.0019494047619047611,1.7791443536757602e-10,1.652716874443134e-10,1.9008716857873496e-10,177518010.19998062,0.7100720407999225,0.00029203869047619054,0.00040550595238095233,0.00040550595238095233,0.00029203869047619054,2113450.814694125,1.0016226438492064,0.0034776699426860005,0.051987179648290235,0.1171875,0.12,0.05021453373015873,0.043974206349206346,0.05608829365079365,2.2257416200808556e-07,6.379534925573415e-08,6.71298491278898e-07,29998942.509157993,0.9999647503052664,831502.4509331149,0.0,7533.842956969246,0.05289633395408628,0.1196875,0.12,0.0,0.0,0.0,0.00023832769934636092,0.00010419850330332497,0.00048708376511144027,74997286.80382377,0.9999638240509836,0.0,0.0,0.0,0.0,833865.2867643222,0.0,3366003.2580543156,0.14983167609350362,0.14982375597977066,0.275,0.535625,24788193,25218797,430605,20260814,20260815
full_multiscale,60000000.0,250000000.0,34980000.0,0.583,32,7200,50400,3200,8,0.0019388397677877012,10.59375,194350726.00567874,180687627.0614113,204832650.30288312,0.777402904022715,0.7227505082456452,0.8193306012115326,0.10160590277777778,0.09340674603174604,0.11070039682539683,0.10171750992063491,0.0934890873015873,0.11082242063492063,0.10160590277777778,0.09340674603174604,0.11070039682539683,0.10160590277777778,0.09340674603174604,0.11070039682539683,1957309.467133393,1649672.6674936123,2303715.5813563303,0.7817615327380952,0.7291775793650793,0.8446289682539683,0.33074231556432027,0.30955558125919586,0.3564207138598735,82685578.89108008,77388895.31479864,89105178.46496795,0.3400844759218586,0.327245597752103,0.3537979007670916,11896154.967747416,11447051.009369278,12375850.568833623,0.4436947454305799,0.419517140718015,0.4668537502423335,33277105.90729353,31463785.553851146,35014031.268174745,0.05736583740896584,0.05570492329718119,0.05911192552315167,0.10289744543650793,0.09450297619047619,0.11152281746031746,0.11095548115079365,0.1022063492063492,0.11951785714285715,0.0002295825752439449,0.00010011263100528738,0.0004720217476875951,26573826.43307069,24897496.905341968,9791128.143560745,9525076.944811871,571260.2962121837,556331.5555563853,10081408.500368256,0.2882139501918916,0.0018408978174603175,0.00031944444444444446,0.004561507936507936,1.9865931153257903e-10,1.8091622908559608e-10,2.1260791111722304e-10,194350726.00567874,0.777402904022715,0.0012915426587301587,0.003061135912698413,0.003061135912698413,0.0012915426587301587,5876069.8372299615,1.017677951388889,0.013868523101569831,0.055070815775133564,0.1,0.12031249999999999,0.10943390376984126,0.10097123015873016,0.11851984126984128,1.0683684400900957e-07,3.003413309761682e-08,3.335737860575262e-07,34978905.40571023,0.9999687079962901,1957309.467133393,0.0,3105.195739707341,0.0573658374089658,0.10093750000000001,0.12375,0.0,0.0,0.0,0.00022947553974062433,0.00010002586391253558,0.0004719706196792163,74997174.2128705,0.9999623228382732,0.0,0.0,0.0,0.0,2088818.4351938358,0.0,3241582.908062376,0.14918826551595388,0.14918491366079267,0.2725,0.5334375,24788193,25218797,430605,20260814,20260815
full_multiscale,60000000.0,250000000.0,40020000.0,0.667,32,7200,50400,3200,8,0.003443379163238016,13.71875,207907627.31332386,193520322.2116264,218419396.81874081,0.8316305092532955,0.7740812888465056,0.8736775872749634,0.18577256944444442,0.17221924603174604,0.20062599206349205,0.1859889632936508,0.17246130952380953,0.20088789682539682,0.18577256944444442,0.17221924603174604,0.20062599206349205,0.18577256944444442,0.17221924603174604,0.20062599206349205,4268564.6917374795,3677545.142464993,4822105.24518431,0.7087506200396825,0.6402847222222222,0.7931894841269841,0.30191893159996785,0.28478541261164503,0.32326869625488586,75479732.89999199,71196353.1529112,80817174.06372109,0.3132339076042754,0.30252245174730974,0.3255086102441563,12535620.982322952,12106948.518927146,13026854.581971172,0.43778644659964966,0.4131481728545353,0.46103069864977364,32833983.494973738,30986112.96408997,34577302.39873362,0.05932900134221954,0.05777500000319377,0.0610302827930707,0.18785900297619046,0.17468353174603174,0.20224999999999999,0.19909598214285712,0.1858392857142857,0.21367460317460316,0.00021293371781244962,9.242121816789396e-05,0.00044260588109298833,32848572.52609617,29246875.828174494,10848718.805087477,10215069.031769339,590202.1769129323,556983.9564152488,10772052.988184588,0.26917394609975537,0.002734375,0.001007936507936508,0.004790674603174602,2.2694382373608857e-10,1.945606669998959e-10,2.697557929280247e-10,207907627.31332386,0.8316305092532954,0.002086433531746032,0.012248263888888888,0.012248263888888888,0.002086433531746032,13987747.0647339,1.0773263888888889,0.026935890803594313,0.054427186984532236,0.1015625,0.13406250000000003,0.19674231150793653,0.18355257936507938,0.21161210317460316,4.5068357986713585e-08,1.3974772744339157e-08,1.3387651636653243e-07,40018928.81635911,0.9999732337920817,4268564.6917374795,0.0,1143.9810360863094,0.05932900134221947,0.11,0.140625,0.0,0.0,0.0,0.00021288842251063913,9.238035654925425e-05,0.00044258282470588454,74997150.30792733,0.9999620041056977,0.0,0.0,0.0,0.0,4658301.301211748,0.0,3007821.424519469,0.14805511075503663,0.14805367940643804,0.26656250000000004,0.528125,24788193,25218797,430605,20260814,20260815
full_multiscale,60000000.0,250000000.0,45000000.0,0.75,32,7200,50400,3200,8,0.003949573069226022,18.625,216073645.64425248,201821588.42962644,226644577.2881712,0.8642945825770101,0.8072863537185057,0.9065783091526848,0.2979402281746032,0.28219146825396824,0.31570535714285713,0.29830233134920636,0.28245337301587303,0.3160376984126984,0.2979402281746032,0.28219146825396824,0.31570535714285713,0.2979402281746032,0.28219146825396824,0.31570535714285713,8630025.024299353,7390759.621322816,10109434.510841308,0.647560763888889,0.5680059523809524,0.7526478174603175,0.276457914118322,0.26330836398262747,0.29501641292382974,69114478.5295805,65827090.99565644,73754103.23095742,0.2737519332988012,0.26566332624883376,0.28204344685271165,12318836.998443756,11954849.681195641,12691955.108369553,0.43001930450630005,0.4057045098883834,0.4529812079092934,32251447.83797259,30427838.241628826,33973590.59319724,0.05958181628313778,0.057439719848953116,0.06323553503179523,0.30047619047619045,0.2838839285714286,0.31822123015873016,0.31514446924603173,0.29907837301587303,0.33209424603174603,0.0001880692436211481,8.12835247294272e-05,0.00039952358926487565,41053798.76106508,33788769.51352358,11951368.949068304,10652589.307215657,624145.8172812703,557929.6823760446,11210518.989591703,0.24912658316398945,0.003069816468253968,0.0014166666666666666,0.004696428571428572,2.666723778001724e-10,2.0538879970501013e-10,4.210259103587308e-10,216073645.64425248,0.8642945825770099,0.0025359623015873013,0.028643353174603176,0.028643353174603176,0.0025359623015873013,28434792.71083183,1.2046304563492063,0.03791727123052957,0.050252879084541464,0.10218750000000001,0.1453125,0.31253410218253963,0.29728670634920634,0.32948015873015873,1.4229865455140924e-08,6.11559648443448e-09,2.980279855683967e-08,44999288.50311522,0.999984188958116,8630025.024299353,5.332341269841269e-05,319.54804563492064,0.05958181628313769,0.12125,0.1621875,0.0,0.0,0.0,0.00018805474708331513,8.126490391852625e-05,0.0003995141133210625,74997330.41255444,0.9999644055007259,0.0,0.0,0.0,0.0,9257462.824339129,0.0,2658486.097059152,0.1472296375889726,0.14722907282835584,0.260625,0.5237499999999999,24788193,25218797,430605,20260814,20260815
full_multiscale,60000000.0,250000000.0,51333333.33333333,0.8555555555555555,32,7200,50400,3200,8,0.0034880604869125097,34.71875,212895512.78306666,200171093.52606004,224006411.87984,0.8515820511322666,0.8006843741042402,0.89602564751936,0.5240891617063492,0.5080089285714285,0.5389761904761905,0.5244456845238095,0.508342261904762,0.5393720238095238,0.5240891617063492,0.5080089285714285,0.5389761904761905,0.5240891617063492,0.5080089285714285,0.5389761904761905,20740402.72449588,17969884.83673609,24697293.063550275,0.6768229166666666,0.5890039682539683,0.7752797619047619,0.25577189183270527,0.23985610753762776,0.2738111033072182,63942972.958176225,59964026.88440697,68452775.8268039,0.20029373402771627,0.1967245719159379,0.20393662161722426,10281745.013428628,10098528.025023382,10468746.576357398,0.4192956471101038,0.39223174581243814,0.44271827350943865,31447173.533257835,29417380.93593278,33203870.513208073,0.0683250480635455,0.056521978947433,0.08219387254683902,0.5256107390873016,0.5093333333333333,0.540811507936508,0.5439515128968254,0.5283839285714286,0.5582490079365079,0.00013981338103041487,5.897160317567013e-05,0.0003155324170201257,57869633.65344656,40218847.98757135,13485133.38118735,10549842.493065845,713758.4618611408,559432.2913620628,11109274.78442791,0.2164364131097405,0.0018210565476190477,0.0009166666666666666,0.0028382936507936507,2.482030920115075e-10,2.0263644251424608e-10,3.477648422509701e-10,212895512.78306666,0.8515820511322666,0.001521577380952381,0.05721230158730159,0.05721230158730159,0.001521577380952381,63022437.49491423,1.1426618303571427,0.03616181321226759,0.03881024017384808,0.076875,0.1390625,0.5424962797619048,0.5271230158730159,0.5565515873015873,3.5793252068931595e-09,1.4742561089415772e-09,7.481280355707699e-09,51328122.77199921,0.9998984955584262,20740402.72449588,0.002364831349206349,70.1752418154762,0.06832504806354545,0.14875,0.23781249999999998,0.0,0.0,0.0,0.00013980955350211596,5.896575954747222e-05,0.00031552977831915614,74997193.561432,0.9999625808190934,0.0,0.0,0.0,0.0,21386742.66587189,0.0,1981073.6141300844,0.14752930914206414,0.14752913628908362,0.25406249999999997,0.5221875,24788193,25218797,430605,20260814,20260815
full_multiscale,60000000.0,250000000.0,53333333.33333333,0.8888888888888888,32,7200,50400,3200,8,0.0030876055534892494,40.59375,205133533.59747452,192848892.9933113,216731444.03741014,0.820534134389898,0.7713955719732452,0.8669257761496406,0.6248883928571429,0.6105099206349206,0.6371805555555556,0.6251122271825397,0.610718253968254,0.6375000000000001,0.6248883928571429,0.6105099206349206,0.6371805555555556,0.6248883928571429,0.6105099206349206,0.6371805555555556,28566249.541111678,24901810.977637842,33772375.543741435,0.7363988095238094,0.649079365079365,0.8245545634920635,0.2620269691435533,0.24123768361551393,0.2811157654556836,65506742.285888255,60309420.903878175,70278941.36392142,0.16845357400876382,0.1663628608513661,0.17122183555423645,8984190.613804176,8872685.912076162,9131831.229562921,0.416130892370261,0.38824375302214637,0.4395580594031384,31209816.927769534,29118281.476660796,32966854.455235343,0.07800065444596442,0.05926818480979033,0.08976407123836838,0.6258965773809524,0.6114404761904761,0.6384801587301587,0.6429241071428572,0.6298095238095238,0.6542162698412698,0.00011838336854523365,4.862195046801388e-05,0.0002732928373213202,67085650.359498076,42569710.14110256,14022544.720307324,10183857.499575594,771627.0300856638,560004.9281012181,10743862.427676812,0.20152208734119723,0.0012270585317460318,0.0006081349206349206,0.0017748015873015872,2.231717008407644e-10,1.940716374317118e-10,2.7090990212613347e-10,205133533.59747452,0.8205341343898981,0.0010081845238095238,0.06819444444444445,0.06819444444444445,0.0010081845238095238,81757225.67010377,1.072898685515873,0.02851281404558544,0.03203016637457957,0.060625,0.11437499999999999,0.6419562251984128,0.6290912698412698,0.6530029761904762,2.074973716023066e-09,8.400937593122271e-10,4.237050426810006e-09,53313572.56877943,0.9996294856646144,28566249.541111678,0.007740575396825397,39.113294270833336,0.0780006544459644,0.16375,0.3221875,0.0,0.0,0.0,0.00011838107039981679,4.861835129175883e-05,0.0002732912442116003,74997024.81723669,0.9999603308964892,0.0,0.0,0.0,0.0,29211750.6441033,0.0,1680529.1986321923,0.14814718982617817,0.14814707702805238,0.2534375,0.5240625,24788193,25218797,430605,20260814,20260815
full_multiscale,60000000.0,275000000.0,15000000.0,0.25,32,7200,50400,3200,8,0.0001400130600878318,2.375,113087740.36218223,105769700.20855331,118905560.30498758,0.41122814677157177,0.3846170916674666,0.4323838556545003,0.0010534474206349207,0.000566468253968254,0.001827380952380952,0.0010534474206349207,0.000566468253968254,0.001827380952380952,0.0010534474206349207,0.000566468253968254,0.001827380952380952,0.0010534474206349207,0.000566468253968254,0.001827380952380952,39637.93695067964,7840.705412884645,77709.26764605995,0.9962227182539682,0.990610119047619,0.9994077380952381,0.5892407017381771,0.5688948630220159,0.6154323828500706,162041192.97799873,156446087.33105457,169243905.28376845,0.35692325858240975,0.34243824273585644,0.3719406594165404,5353848.878736149,5136573.641037903,5579109.89124809,0.4481133667673702,0.42526501364632824,0.4711902065892492,33608502.507552795,31894876.023474477,35339265.494193904,0.028280391135908325,0.027252145804059803,0.0294105164788354,0.0010534474206349207,0.000566468253968254,0.001827380952380952,0.0011160714285714285,0.0006478174603174603,0.0018958333333333331,0.00024985839358484304,0.00011059956827598336,0.0005023040132717888,8950467.957505744,8912652.714776713,5532254.239851969,5530627.374607717,556021.9740907801,555826.1451133853,6086453.519721102,0.4057877465873474,0.0,0.0,0.0,1.1308774036218223e-10,1.0576970020855331e-10,1.1890556030498757e-10,113087740.36218223,0.41122814677157177,0.0,0.0,0.0,0.0,33302.967098500805,1.0,0.0,0.028269840336089706,0.06,0.094375,0.0011160714285714285,0.0006478174603174603,0.0018958333333333331,4.089986710089118e-06,1.3345587419176243e-06,1.1071173721587213e-05,14999106.234497823,0.9999404156331881,39637.93695067964,0.0,274847.69823102676,0.028280391135908335,0.06,0.094375,0.0,0.0,0.0,0.00024576829378701354,0.00010702682904525693,0.0004999979405608997,74997301.16379905,0.9999640155173206,0.0,0.0,0.0,0.0,25449.3483321581,0.0,3470043.3136514137,0.1501470565444663,0.1498430726237448,0.27625,0.5346875,24788193,25218797,430605,20260814,20260815
full_multiscale,60000000.0,275000000.0,19980000.0,0.333,32,7200,50400,3200,8,0.0002821214760614258,3.375,136861574.25544178,127702541.11382122,144152398.4811223,0.4976784518379701,0.46437287677753175,0.5241905399313538,0.0047693452380952375,0.003643849206349206,0.005973214285714286,0.0047693452380952375,0.003643849206349206,0.005973214285714286,0.0047693452380952375,0.003643849206349206,0.005973214285714286,0.0047693452380952375,0.003643849206349206,0.005973214285714286,115008.007234724,57433.40719920134,196665.69479216152,0.9699888392857143,0.9548035714285714,0.9871398809523809,0.508837533177769,0.4857862813921303,0.5388011254689077,139930321.62388647,133591227.38283485,148170309.50394836,0.3613728159494652,0.34623144874103823,0.37668483184245055,7220228.862670293,6917704.345845927,7526162.940212073,0.44810419874125895,0.42521593686429376,0.4711187109209846,33607814.90559444,31891195.26482196,35333903.319073915,0.03766375276564614,0.03639603325737103,0.039077461911839216,0.0047693452380952375,0.003643849206349206,0.005973214285714286,0.005233754960317459,0.004024801587301587,0.006498015873015873,0.0002459632202886573,0.00010799308774875324,0.0004988599340633335,12836922.68093951,12729810.953597289,6700580.785308098,6693338.790819628,556486.2444881801,555831.9590841467,7249170.749903774,0.362839851273974,0.0,0.0,0.0,1.3686273146334195e-10,1.2770254111382124e-10,1.4415239848112228e-10,136861574.25544178,0.4976784518379701,0.0,0.0,0.0,0.0,150294.6350296585,1.0000043402777778,0.00013645052542613092,0.037594200881269045,0.079375,0.12937500000000002,0.005233754960317459,0.004024801587301587,0.006498015873015873,1.2287614547760483e-06,3.816483015439519e-07,3.4551581113248165e-06,19978981.70350106,0.9999490342092623,115008.007234724,0.0,62165.67831473215,0.03766375276564614,0.0796875,0.12937500000000002,0.0,0.0,0.0,0.00024473432197114975,0.00010692827171344668,0.000498195322578297,74997327.57473692,0.999964367663159,0.0,0.0,0.0,0.0,87639.87801544911,0.0,3455574.9374330356,0.15016820554344135,0.1501004590346825,0.27687500000000004,0.5362500000000001,24788193,25218797,430605,20260814,20260815
full_multiscale,60000000.0,275000000.0,24000000.0,0.4,32,7200,50400,3200,8,0.0005525766410024392,4.875,154189945.47373384,143661476.17751604,162550351.90988138,0.5606907108135776,0.5224053679182402,0.5910921887632051,0.01326202876984127,0.011129960317460318,0.015618055555555555,0.01326202876984127,0.011129960317460318,0.015618055555555555,0.01326202876984127,0.011129960317460318,0.015618055555555555,0.01326202876984127,0.011129960317460318,0.015618055555555555,264927.076929632,176285.45114456088,393903.21770347346,0.9401506696428572,0.9208611111111111,0.9669107142857143,0.4578245631155481,0.4324144249858991,0.4895056024835984,125901754.85677572,118913966.8711231,134614040.68298885,0.3617877964488226,0.346542407083924,0.37659491033458936,8682907.11477175,8317017.770014176,9038277.848030109,0.4478812952105278,0.4248244384163574,0.4708934030832355,33591097.14078945,31861832.88122641,35317005.23124246,0.04453942828011922,0.04303579157232018,0.0461088195666707,0.01326202876984127,0.011129960317460318,0.015618055555555555,0.014658358134920633,0.01246626984126984,0.01699404761904762,0.0002436909366327398,0.00010689665476590369,0.0004954962720830799,16142369.674085919,15901637.202652035,7563943.4615822,7541465.982184347,557572.1479698294,555855.0218719312,8097321.004056278,0.337403021177514,0.0,0.0,0.0,1.542067133978867e-10,1.4366147617751606e-10,1.625503519098814e-10,154189945.47373384,0.5606907108135776,0.0,0.0,0.0,0.0,477530.8608357617,1.0000626240079367,0.0011247126526562313,0.0443142022879977,0.0909375,0.148125,0.014658358134920633,0.01246626984126984,0.01699404761904762,5.754253132740636e-07,1.7300060512028228e-07,1.6598415404362085e-06,23998958.20670835,0.9999565919461813,264927.076929632,0.0,24285.83451078869,0.044539428280119225,0.09156249999999999,0.15,0.0,0.0,0.0,0.00024311535711275237,0.00010640514052987118,0.0004951959788373543,74997329.19004153,0.9999643892005537,0.0,0.0,0.0,0.0,234258.49959703727,0.0,3433049.2732056053,0.1501138184739311,0.15008788579335874,0.27656250000000004,0.5371874999999999,24788193,25218797,430605,20260814,20260815
full_multiscale,60000000.0,275000000.0,30000000.0,0.5,32,7200,50400,3200,8,0.0012002413874683524,7.53125,177524006.5710001,165137490.124509,187292852.58513898,0.6455418420763639,0.6004999640891237,0.6810649184914145,0.04571924603174603,0.03979265873015873,0.051279761904761904,0.04571924603174603,0.03979265873015873,0.051279761904761904,0.04571924603174603,0.03979265873015873,0.051279761904761904,0.04571924603174603,0.03979265873015873,0.051279761904761904,831297.2841259853,656577.2301554916,1059225.9106957582,0.8924863591269842,0.8673075396825397,0.9313839285714286,0.39841743689352394,0.3715558962385837,0.4302550097296043,109564795.14571911,102177871.46560955,118320127.67564031,0.35521353886687457,0.34082700168506325,0.36975363494224395,10656406.166006213,10224810.05055195,11092609.048267314,0.446679624367693,0.4231238433069978,0.4697149048529128,33500971.827577025,31734288.248024836,35228617.86396856,0.0528970669093833,0.05123518538183116,0.05456413803546742,0.04572668650793651,0.039803571428571424,0.051279761904761904,0.05025049603174603,0.04399603174603175,0.05610813492063492,0.00023854911731808473,0.00010438109113606175,0.0004871928529040786,21483795.716697324,20753940.832075305,8784446.604844684,8688986.331643356,561997.4708068701,556015.3445042227,9245001.676147578,0.30817758571367876,3.1001984126984125e-05,0.0,0.00020734126984126982,1.7763331019787527e-10,1.651957160052545e-10,1.8765198630343085e-10,177524006.5710001,0.645541842076364,7.4404761904761905e-06,2.3561507936507935e-05,2.3561507936507935e-05,7.4404761904761905e-06,2106732.392061862,1.0004092261904762,0.0021598500793405537,0.05198745487266016,0.1171875,0.12,0.05022383432539683,0.043985119047619044,0.05610813492063492,2.2257647257233557e-07,6.379551550219444e-08,6.713029214727704e-07,29998942.508222885,0.9999647502740961,831297.2841259853,0.0,7533.921667906747,0.0528970669093833,0.1196875,0.12,0.0,0.0,0.0,0.0002383263632122022,0.00010419735297540599,0.00048708302302258804,74997286.80351233,0.9999638240468312,0.0,0.0,0.0,0.0,833889.6230359853,0.0,3365987.0406076387,0.14983190840977148,0.14982398822279355,0.275,0.535625,24788193,25218797,430605,20260814,20260815
full_multiscale,60000000.0,275000000.0,34980000.0,0.583,32,7200,50400,3200,8,0.0019481675563000956,10.59375,194417974.32618248,180692151.51399612,205131548.84914964,0.706974452095209,0.657062369141804,0.7459329049059987,0.10166976686507936,0.09347123015873016,0.11080257936507937,0.10169084821428573,0.09348015873015873,0.11080257936507937,0.10166976686507936,0.09347123015873016,0.11080257936507937,0.10166976686507936,0.09347123015873016,0.11080257936507937,1955750.2723576815,1648354.7709214548,2302474.5241460125,0.8487766617063492,0.8161537698412699,0.8997480158730159,0.3588538399928468,0.3326179696066,0.38951773585489535,98684805.99803261,91469941.64181545,107117377.36009412,0.3401063690180054,0.32726545952738273,0.35382397403723653,11896920.788250629,11447745.774268528,12376762.611823311,0.44370180607552656,0.4195238002309909,0.46686365173554273,33277635.455664538,31464285.017324325,35014773.88016542,0.05736935105967662,0.05570406706920079,0.05911861550937835,0.10189484126984127,0.09359027777777777,0.11088392857142858,0.10978732638888888,0.10117658730158731,0.11874206349206348,0.0002295664741182263,0.00010010880635183278,0.0004720029278369414,26571969.44572225,24895195.758116648,9791422.078734934,9527378.492920812,571264.841129468,556331.8421915155,10083710.335112326,0.28827975089433333,0.0003583829365079365,1.984126984126984e-05,0.0012172619047619044,1.9475793473685856e-10,1.807863560337688e-10,2.079028782027856e-10,194417974.32618248,0.706974452095209,0.00022507440476190479,0.0005828373015873016,0.0005828373015873016,0.00022507440476190479,5815789.742445964,1.0012624007936508,0.0029927199976858268,0.05503778214597171,0.1,0.12,0.10950272817460316,0.10103571428571428,0.11855952380952381,1.0684493170493278e-07,3.00361747634493e-08,3.3358350453392166e-07,34978906.093228966,0.9999687276509138,1955750.2723576815,0.0,3105.431245659722,0.057369351059676575,0.10093750000000001,0.12375,0.0,0.0,0.0,0.00022945943442858664,0.00010002203886341818,0.0004719517960785397,74997174.30362843,0.999962324048379,0.0,0.0,0.0,0.0,2089460.526383553,0.0,3241376.278421999,0.1491919048526429,0.1491885526382276,0.2725,0.53375,24788193,25218797,430605,20260814,20260815
full_multiscale,60000000.0,275000000.0,40020000.0,0.667,32,7200,50400,3200,8,0.0034410584133997128,13.8125,208241676.2767611,193563099.07402372,219401390.99564663,0.7572424591882222,0.7038658148146317,0.7978232399841696,0.18588355654761904,0.1723779761904762,0.20076785714285714,0.18593812003968252,0.17239583333333333,0.20085218253968254,0.18588355654761904,0.1723779761904762,0.20076785714285714,0.18588355654761904,0.1723779761904762,0.20076785714285714,4263760.836962737,3668878.8030713405,4817882.0970292445,0.8049435763888888,0.7587559523809524,0.8692400793650793,0.32364649127324374,0.3004488372547278,0.35265503543875104,89002785.100142,82623430.24504974,96980134.74565607,0.3132655810883717,0.30254282874703753,0.3255427682713924,12536888.555156456,12107764.00645626,13028221.586221155,0.4378008645648239,0.41314013399366323,0.4610653538944911,32835064.84236181,30985510.04952469,34579901.54208728,0.05933027976982595,0.0577656321560008,0.061023446345125,0.18646515376984127,0.17306448412698414,0.20109027777777777,0.19753968253968254,0.18450992063492064,0.21238392857142857,0.0002128526337273761,9.240089229888271e-05,0.00044218924008739387,32838442.14471221,29233964.10539806,10853997.62643871,10227979.568800375,590252.5350877334,556987.7950774655,10784967.36387784,0.26949663491534953,0.000806671626984127,0.00017857142857142857,0.002060515873015873,2.0915936394396598e-10,1.9365594546931042e-10,2.2427571620892978e-10,208241676.2767611,0.7572424591882222,0.0005815972222222223,0.003937872023809524,0.003937872023809524,0.0005815972222222223,13764448.998870322,1.0034170386904762,0.008266105299047945,0.054019755197116076,0.1003125,0.13187500000000002,0.19683407738095238,0.1836388888888889,0.21178373015873017,4.5086123206506606e-08,1.3982727877255937e-08,1.3389820882603803e-07,40018931.469275914,0.9999733000818569,4263760.836962737,0.0,1144.4305729166667,0.05933027976982589,0.11,0.1409375,0.0,0.0,0.0,0.00021280733844480565,9.236003009916223e-05,0.0004421661823835945,74997151.13316527,0.9999620151088703,0.0,0.0,0.0,0.0,4665352.571977346,0.0,3006737.2457031254,0.14806757437456,0.1480661423320246,0.266875,0.5284375,24788193,25218797,430605,20260814,20260815
full_multiscale,60000000.0,275000000.0,45000000.0,0.75,32,7200,50400,3200,8,0.003958278254776007,18.625,217028662.5262768,202016070.7528655,227989978.315338,0.7891951364591884,0.7346038936467836,0.829054466601229,0.29805493551587303,0.28232738095238097,0.3157579365079365,0.298180183531746,0.2824077380952381,0.31586111111111115,0.29805493551587303,0.28232738095238097,0.3157579365079365,0.29805493551587303,0.28232738095238097,0.3157579365079365,8617865.34788455,7374910.593533166,10099111.474819204,0.7749262152777778,0.7204375000000001,0.8526964285714286,0.2944430034247335,0.2733575978238537,0.32175544554622176,80971825.94180162,75173339.40155953,88482747.52521041,0.27377756715277235,0.265676865282085,0.28206656367880445,12319990.521872446,11955458.937691977,12692995.365543699,0.4300046158999893,0.40564991549936646,0.4529943536064078,32250346.192499235,30423743.66245252,33974576.52048027,0.059577207391815844,0.05745417611489813,0.06321513114147526,0.29915488591269845,0.2830049603174603,0.31674007936507936,0.3138572668650794,0.29812996031746036,0.3306646825396825,0.00018788489703819238,8.123086688503647e-05,0.0003987750426443621,41018526.235413834,33748233.0827942,11974309.23266374,10693120.582042154,624323.9105641474,557940.3659207604,11251060.947962914,0.250027499104159,0.0014428323412698414,0.0004365079365079365,0.002589285714285714,2.195397900487449e-10,2.0217627066411969e-10,2.372533669865747e-10,217028662.5262768,0.7891951364591884,0.001099950396825397,0.013382316468253969,0.013382316468253969,0.001099950396825397,27946094.516110405,1.009296875,0.013377999242667827,0.04834826761114756,0.0978125,0.1375,0.31264384920634924,0.29737103174603174,0.3296279761904762,1.4263367104705847e-08,6.128308002813353e-09,2.989599934857124e-08,44999294.03075707,0.9999843117946016,8617865.34788455,5.332341269841269e-05,320.3001128472222,0.059577207391815754,0.12125,0.1621875,0.0,0.0,0.0,0.00018787041413129764,8.121224668156932e-05,0.0003987655714954214,74997329.22816075,0.9999643897088101,0.0,0.0,0.0,0.0,9282191.365222462,0.0,2655975.967609127,0.147248951664085,0.14724838585951724,0.260625,0.5246875,24788193,25218797,430605,20260814,20260815
full_multiscale,60000000.0,275000000.0,51333333.33333333,0.8555555555555555,32,7200,50400,3200,8,0.003507094561888724,34.71875,214366663.3630655,200715551.53677213,225692479.3859798,0.7795151395020564,0.7298747328609896,0.8206999250399266,0.524156746031746,0.5079335317460317,0.5391984126984127,0.5243154761904762,0.5081259920634921,0.5393611111111111,0.524156746031746,0.5079335317460317,0.5391984126984127,0.524156746031746,0.5079335317460317,0.5391984126984127,20720827.437156986,17946419.99977178,24673785.4388431,0.8095610119047619,0.7591835317460318,0.8851041666666666,0.2801942208516461,0.2548870561760371,0.30691650347477595,77053410.73420258,70093940.44840993,84402038.45556307,0.20030226269845028,0.19672731012359806,0.2039583596655056,10282182.818526313,10098668.586349912,10469862.462835817,0.41923124762670866,0.3921131492459368,0.44270704919462733,31442343.572003134,29408486.193445567,33203028.689597428,0.06832607486993507,0.056529793648350285,0.08265833991209788,0.5250434027777777,0.5087916666666666,0.5402470238095238,0.5434033978174604,0.528,0.5576130952380952,0.0001395330301925762,5.886581175973945e-05,0.00031429954796823403,57818511.183494434,40154655.92646043,13516201.593830494,10614026.911308479,714251.945740575,559454.4481396304,11173481.35944811,0.21768725596273764,0.001081969246031746,0.0004890873015873016,0.0016498015873015871,2.1761106932107065e-10,2.0082009101965442e-10,2.337508450054074e-10,214366663.3630655,0.7795151395020564,0.000886656746031746,0.03482700892857143,0.03482700892857143,0.000886656746031746,62177111.16016546,1.0119531250000002,0.013760087350839728,0.0340821877232937,0.07468750000000002,0.12281249999999999,0.5425520833333333,0.5272579365079365,0.5565873015873016,3.5944822377343013e-09,1.4792743639338292e-09,7.501579329728069e-09,51328137.285908535,0.9998987782969196,20720827.437156986,0.002364831349206349,70.47233816964285,0.06832607486993503,0.1484375,0.23781249999999998,0.0,0.0,0.0,0.00013952921809926917,5.8859969531152986e-05,0.00031429691851157473,74997191.3093569,0.9999625507914253,0.0,0.0,0.0,0.0,21454498.228279136,0.0,1977225.6276407489,0.14754256186615322,0.1475423883611764,0.25406249999999997,0.521875,24788193,25218797,430605,20260814,20260815
full_multiscale,60000000.0,275000000.0,53333333.33333333,0.8888888888888888,32,7200,50400,3200,8,0.003092665059934402,40.59375,206521181.80826667,193593425.0211061,218643263.28784677,0.7509861156664243,0.7039760909858404,0.7950664119558065,0.6249355158730159,0.6105823412698413,0.637250992063492,0.6250285218253968,0.6106805555555556,0.6374246031746031,0.6249355158730159,0.6105823412698413,0.637250992063492,0.6249355158730159,0.6105823412698413,0.637250992063492,28549433.998965826,24881647.911154706,33762346.603216074,0.8518687996031746,0.8017003968253968,0.9129732142857142,0.29331050861876407,0.2632279042492074,0.3209669017067359,80660389.87016009,72387673.6685315,88265897.96935204,0.16845908740464519,0.16634616180493483,0.17122627066859783,8984484.661584504,8871795.29626642,9132067.768995551,0.41607505888235713,0.38815742696757594,0.43955229068855195,31205629.41617673,29111807.022567965,32966421.801641103,0.07798716115385937,0.05938246647089452,0.08986113968949688,0.6255605158730159,0.6112053571428571,0.6380029761904762,0.6425768849206349,0.6294513888888889,0.653890873015873,0.0001180539866371104,4.8506288238478075e-05,0.0002717568662839972,67047025.46397275,42509536.1278389,14043733.266735345,10244026.916949004,772267.3596718605,560029.0466262097,10804055.963575216,0.2026510602596435,0.0007372271825396826,0.00034821428571428574,0.001179563492063492,2.080865368815305e-10,1.9361153213170395e-10,2.2182541786151128e-10,206521181.80826667,0.7509861156664243,0.000625,0.04327318948412698,0.04327318948412698,0.000625,80794649.3553623,1.0057762896825395,0.010404808072451492,0.02782424676153981,0.0596875,0.10718749999999999,0.6419500248015874,0.6289702380952381,0.6531517857142857,2.08203800674142e-09,8.423378984895187e-10,4.247238932588694e-09,53313592.091414094,0.9996298517140143,28549433.998965826,0.007727554563492063,39.24642981150794,0.07798716115385936,0.1640625,0.3221875,0.0,0.0,0.0,0.00011805169651256679,4.850268919630718e-05,0.0002717552790166389,74997023.86019567,0.9999603181359422,0.0,0.0,0.0,0.0,29299363.417454146,0.0,1675992.0172495039,0.14815949876520543,0.14815938556792835,0.2534375,0.5240625000000001,24788193,25218797,430605,20260814,20260815
full_multiscale,60000000.0,300000000.0,15000000.0,0.25,32,7200,50400,3200,8,0.0001400130600878318,2.375,113087740.3643743,105769700.21459663,118905560.29960708,0.3769591345479143,0.3525656673819888,0.3963518676653569,0.0010534474206349207,0.000566468253968254,0.001827380952380952,0.0010534474206349207,0.000566468253968254,0.001827380952380952,0.0010534474206349207,0.000566468253968254,0.001827380952380952,0.0010534474206349207,0.000566468253968254,0.001827380952380952,39637.93627852946,7840.705412884646,77709.26764689082,0.9990829613095238,0.9966626984126984,0.999889880952381,0.6231244185693243,0.6038742759900347,0.6474484162091504,186937325.57079718,181162282.7970095,194234524.86274454,0.3569232586062139,0.34243824296241876,0.3719406606252637,5353848.879093213,5136573.644436335,5579109.909378949,0.44811336679422764,0.4252650137219768,0.47119020690302604,33608502.5095671,31894876.029148143,35339265.51772713,0.028280389971117356,0.027252142134916894,0.029410526444661488,0.0010534474206349207,0.000566468253968254,0.001827380952380952,0.0011160714285714285,0.0006478174603174603,0.0018958333333333331,0.0002498583967003178,0.00011059956827317589,0.0005023040132734982,8950467.956680635,8912652.714524914,5532254.240062016,5530627.374903662,556021.9740765893,555826.1451121349,6086453.520015797,0.40578774660583433,0.0,0.0,0.0,1.1308774036437431e-10,1.0576970021459664e-10,1.189055602996071e-10,113087740.3643743,0.3769591345479143,0.0,0.0,0.0,0.0,33302.96552158,1.0,0.0,0.028269839174190736,0.06,0.094375,0.0011160714285714285,0.0006478174603174603,0.0018958333333333331,4.089986708652219e-06,1.334558742396399e-06,1.1071173710238539e-05,14999106.23454072,0.999940415636048,39637.93627852946,0.0,274847.6981218998,0.028280389971117367,0.06,0.094375,0.0,0.0,0.0,0.0002457682969039252,0.00010702682904272,0.0004999979405619633,74997301.1634906,0.9999640155132079,0.0,0.0,0.0,0.0,25449.3467536262,0.0,3470043.3599950396,0.15014705669497785,0.14984307277068115,0.27625,0.5346875,24788193,25218797,430605,20260814,20260815
full_multiscale,60000000.0,300000000.0,19980000.0,0.333,32,7200,50400,3200,8,0.0002821214760614258,3.375,136861574.4391781,127702541.12374386,144152398.53562242,0.4562052481305937,0.4256751370791462,0.4805079951187414,0.0047693452380952375,0.003643849206349206,0.005973214285714286,0.0047693452380952375,0.003643849206349206,0.005973214285714286,0.0047693452380952375,0.003643849206349206,0.005973214285714286,0.0047693452380952375,0.003643849206349206,0.005973214285714286,115008.0056425117,57433.4091604526,196665.69481293412,0.9855815972222223,0.9736349206349206,0.9960347222222222,0.5461708824303908,0.5245918254554744,0.5746985598044759,163851264.72911713,157377547.63664028,172409567.9413424,0.3613728146515669,0.3462314465612098,0.37668483022452176,7220228.836738283,6917704.30229296,7526162.907885863,0.44810419869731366,0.4252159366798294,0.4711187112314965,33607814.90229853,31891195.250987124,35333903.34236234,0.03766374220719805,0.03639600905833382,0.039077462158955294,0.0047693452380952375,0.003643849206349206,0.005973214285714286,0.005233754960317459,0.004024801587301587,0.006498015873015873,0.00024596322032454043,0.00010799308776306081,0.0004988599340585854,12836922.669872498,12729810.943774763,6700580.794392643,6693338.8002339145,556486.244482468,555831.9590964146,7249170.759330329,0.3628398517529889,0.0,0.0,0.0,1.368615744391781e-10,1.2770254112374386e-10,1.4415239853562244e-10,136861574.4391781,0.4562052481305937,0.0,0.0,0.0,0.0,150294.62960507488,1.0,0.0,0.03759418968525262,0.079375,0.12937500000000002,0.005233754960317459,0.004024801587301587,0.006498015873015873,1.2287614555206483e-06,3.8164830279288215e-07,3.455158110251741e-06,19978981.7031051,0.9999490341894445,115008.0056425117,0.0,62165.67835069445,0.037663742207198043,0.0796875,0.12937500000000002,0.0,0.0,0.0,0.00024473432200744537,0.00010692827172628389,0.0004981953225740866,74997327.57463518,0.9999643676618024,0.0,0.0,0.0,0.0,87639.87639513015,0.0,3455574.9379656496,0.15016820561288854,0.15010045909951786,0.27687500000000004,0.5362500000000001,24788193,25218797,430605,20260814,20260815
full_multiscale,60000000.0,300000000.0,24000000.0,0.4,32,7200,50400,3200,8,0.0005525766410024392,4.875,154189948.0562924,143661476.4020521,162550352.41160232,0.5139664935209747,0.4788715880068404,0.5418345080386744,0.01326202876984127,0.011129960317460318,0.015618055555555555,0.01326202876984127,0.011129960317460318,0.015618055555555555,0.01326202876984127,0.011129960317460318,0.015618055555555555,0.01326202876984127,0.011129960317460318,0.015618055555555555,264927.0584894996,176285.44697419315,393903.15862937534,0.9628503224206348,0.9461934523809523,0.9827668650793651,0.4950185299059924,0.47098301271477655,0.5260046651384558,148505558.97179806,141294903.81443208,157801399.54153538,0.3617878013102077,0.3465423960306258,0.37659491224171016,8682907.231444994,8317017.504735017,9038277.893801017,0.44788129473383154,0.4248244367830885,0.470893403281141,33591097.10503723,31861832.758731253,35317005.24608538,0.04453942440887512,0.043035746198106115,0.04610879707824668,0.01326202876984127,0.011129960317460318,0.015618055555555555,0.014658358134920633,0.01246626984126984,0.01699404761904762,0.0002436909366130862,0.00010689665476539072,0.000495496272074641,16142369.523255706,15901637.068779137,7563943.59311647,7541466.115159498,557572.1479000938,555855.0218441339,8097321.137003631,0.33740302673023975,0.0,0.0,0.0,1.5419222522792015e-10,1.4366147640205212e-10,1.6255035241160233e-10,154189948.0562924,0.5139664935209747,0.0,0.0,0.0,0.0,477530.8139268458,1.000008060515873,0.0003294207090767001,0.044314181027393804,0.0909375,0.148125,0.014658358134920633,0.01246626984126984,0.01699404761904762,5.754253234545142e-07,1.7300060213255498e-07,1.6598415352253937e-06,23998958.2057828,0.9999565919076167,264927.0584894996,0.0,24285.83492001488,0.04453942440887512,0.09156249999999999,0.15,0.0,0.0,0.0,0.00024311535709740651,0.00010640514052950189,0.0004951959788277527,74997329.19028176,0.9999643892037569,0.0,0.0,0.0,0.0,234258.48843238276,0.0,3433049.2729737097,0.1501138188947617,0.15008788621077696,0.27656250000000004,0.5371874999999999,24788193,25218797,430605,20260814,20260815
full_multiscale,60000000.0,300000000.0,30000000.0,0.5,32,7200,50400,3200,8,0.0012002413874683524,7.53125,177524262.0452401,165137496.32845998,187293834.7934331,0.5917475401508003,0.5504583210948666,0.624312782644777,0.04571924603174603,0.03979265873015873,0.051279761904761904,0.04571924603174603,0.03979265873015873,0.051279761904761904,0.04571924603174603,0.03979265873015873,0.051279761904761904,0.04571924603174603,0.03979265873015873,0.051279761904761904,831293.2127016986,656573.4877607396,1059226.197603348,0.9258878968253967,0.9050793650793652,0.9571607142857143,0.43358061248206126,0.4071960658284836,0.4662968384704456,130074183.74461827,122158819.74854475,139889051.54113403,0.3552136492946957,0.34082700554164697,0.3697536772106098,10656409.478840845,10224810.166249441,11092610.316318294,0.44667968269460323,0.4231238584426706,0.46971490440999647,33500976.2020953,31734289.383200247,35228617.8307498,0.05289708710024737,0.05123535633178823,0.054564536288133784,0.04571924603174603,0.03979265873015873,0.051279761904761904,0.050224454365079364,0.043985119047619044,0.05610813492063492,0.0002385487588346199,0.00010438108083961822,0.00048719284812250057,21483789.503625456,20753928.97179506,8784448.695931094,8688998.18520893,561997.5142115544,556015.3440624011,9245013.52927133,0.30817798090525,0.0,0.0,0.0,1.7755655028117794e-10,1.6516302835471169e-10,1.872938347934331e-10,177524262.0452401,0.5917475401508003,0.0,0.0,0.0,0.0,2106512.5219184468,1.0001122271825396,0.0013569502853313401,0.051987279165456465,0.1171875,0.12,0.050224454365079364,0.043985119047619044,0.05610813492063492,2.2257656760169193e-07,6.379552232355271e-08,6.713029206051891e-07,29998942.50106639,0.9999647500355463,831293.2127016986,0.0,7533.924915054564,0.05289708710024736,0.1196875,0.12,0.0,0.0,0.0,0.00023832600471046788,0.00010419734269299406,0.00048708301824085617,74997286.80430768,0.9999638240574358,0.0,0.0,0.0,0.0,833895.324002843,0.0,3365982.436777034,0.1498319220151867,0.14982400182478528,0.275,0.535625,24788193,25218797,430605,20260814,20260815
full_multiscale,60000000.0,300000000.0,34980000.0,0.583,32,7200,50400,3200,8,0.0019473878441812309,10.59375,194426796.30226314,180692956.0557187,205160963.36942494,0.6480893210075439,0.6023098535190623,0.6838698778980831,0.10168774801587302,0.09348015873015873,0.11080257936507937,0.10168836805555556,0.09348015873015873,0.11080257936507937,0.10168774801587302,0.09348015873015873,0.11080257936507937,0.10168774801587302,0.09348015873015873,0.11080257936507937,1955568.0381085624,1648171.7758433379,2302427.0506466758,0.895554935515873,0.8688869047619048,0.9369206349206349,0.39126300750056187,0.36416003148801057,0.42415448008960577,117378902.25016847,109248009.4464032,127246344.02687976,0.3401094379292232,0.3272662561765897,0.3538265883243164,11897028.13876503,11447773.641057791,12376854.059585387,0.4437032824757297,0.4195252007552506,0.4668645776811983,33277746.185679737,31464390.05664376,35014843.326089695,0.0573699030804581,0.05570372500455348,0.05911832583829977,0.10170386904761905,0.09348015873015873,0.11080257936507937,0.10954303075396826,0.10104464285714286,0.11856845238095239,0.0002295639721678972,0.00010010754786324733,0.00047200170078754084,26571795.336576164,24894914.445399694,9791413.135180725,9527659.792371923,571265.6467207203,556331.8425974392,10083991.634969361,0.2882877929858625,3.286210317460318e-05,0.0,0.00017063492063492053,1.9452111853797418e-10,1.8073461611009253e-10,2.056555389422602e-10,194426796.30226314,0.6480893210075438,1.6121031746031748e-05,6.820436507936508e-05,6.820436507936508e-05,1.6121031746031748e-05,5806695.017853984,1.0003236607142858,0.0021699227617533357,0.05503769809682113,0.1,0.12,0.10952070932539683,0.10104464285714286,0.11856845238095239,1.0684568471619461e-07,3.0036244833505676e-08,3.3358468260211865e-07,34978906.080369055,0.9999687272832778,1955568.0381085624,0.0,3105.4531944444443,0.05736990308045806,0.10093750000000001,0.12375,0.0,0.0,0.0,0.00022945693196206246,0.0001000207803829339,0.0004719505688790404,74997174.30353627,0.9999623240471502,0.0,0.0,0.0,0.0,2089571.3891672816,0.0,3241344.6361693945,0.1491927059745184,0.149189353735032,0.2725,0.53375,24788193,25218797,430605,20260814,20260815
full_multiscale,60000000.0,300000000.0,40020000.0,0.667,32,7200,50400,3200,8,0.0034411451936475126,13.8125,208311622.17595017,193567598.47983468,219617928.91216052,0.6943720739198338,0.6452253282661156,0.7320597630405351,0.18592447916666666,0.1723561507936508,0.20084325396825395,0.18592695932539682,0.1723561507936508,0.20084325396825395,0.18592447916666666,0.1723561507936508,0.20084325396825395,0.18592447916666666,0.1723561507936508,0.20084325396825395,4262905.217108131,3667614.136542979,4816794.486770245,0.8691077628968253,0.8336835317460317,0.921734126984127,0.3534261786152838,0.326821987666404,0.3861844717178835,106027853.5845848,98046596.29992011,115855341.51536484,0.3132755489349206,0.30254599557782064,0.32555525316187195,12537287.468375355,12107890.74302419,13028721.23153816,0.4378126869688948,0.41314925174754874,0.46107840779341747,32835951.522667117,30986193.881066106,34580880.58450672,0.059332278582297504,0.05777438224821496,0.06102281136173099,0.186007564484127,0.17245337301587302,0.20085416666666664,0.19700272817460318,0.18379563492063491,0.21206349206349207,0.00021283002748015423,9.239859477577772e-05,0.00044216626206196433,32837459.088712115,29231716.854149178,10854111.87874133,10230225.765907276,590266.1396734293,556989.2699622761,10787215.035869554,0.26955279729892123,0.00015190972222222222,0.0,0.0003839285714285714,2.08504935856942e-10,1.9362081884836747e-10,2.214858995906121e-10,208311622.17595017,0.6943720739198339,8.308531746031747e-05,0.0010088045634920636,0.0010088045634920636,8.308531746031747e-05,13696659.956701472,1.00065910218254,0.0023268214031801618,0.05398954945473465,0.1,0.13187500000000002,0.19686817956349206,0.18364781746031747,0.21183234126984127,4.508776270907316e-08,1.3983156654644314e-08,1.3389911561220944e-07,40018931.89001869,0.9999733105951696,4262905.217108131,0.0,1144.4721806795635,0.059332278582297435,0.11,0.14125000000000001,0.0,0.0,0.0,0.0002127847312125093,9.235773246464033e-05,0.00044214320366762344,74997151.17942065,0.9999620157256087,0.0,0.0,0.0,0.0,4667257.631611586,0.0,3006438.53109561,0.14807346193067059,0.14807202980052564,0.266875,0.5284375,24788193,25218797,430605,20260814,20260815
full_multiscale,60000000.0,300000000.0,45000000.0,0.75,32,7200,50400,3200,8,0.003954416128381504,18.625,217273404.41304812,202051895.59621555,228278816.68976426,0.7242446813768271,0.6735063186540519,0.7609293889658808,0.2981231398809524,0.2823988095238095,0.31579761904761905,0.2981535218253969,0.2823988095238095,0.3158392857142857,0.2981231398809524,0.2823988095238095,0.31579761904761905,0.2981231398809524,0.2823988095238095,0.31579761904761905,8615338.953440715,7372115.780010797,10097280.290016728,0.8566703869047618,0.813235119047619,0.919703373015873,0.32366974553366445,0.2978950538999256,0.3560451101470451,97100923.66009942,89368516.16997707,106813533.04411341,0.27379393163794147,0.26568516225916466,0.2820831687905801,12320726.923705034,11955832.301660461,12693742.595573688,0.4300306766280892,0.40565803303698816,0.45303494769915625,32252300.747106735,30424352.4777741,33977621.07743654,0.05957899119512869,0.05745043180999387,0.06324159090509988,0.29844308035714284,0.28257738095238094,0.316047619047619,0.31310639880952384,0.29766666666666663,0.3299375,0.0001877860498944823,8.121666016070651e-05,0.00039811470415877055,41014861.489714965,33739588.00456832,11975376.720698088,10701761.257078843,624396.453222766,557946.4485479067,11259707.70562675,0.25021964295045046,0.0004761904761904762,9.92063492063492e-05,0.001026785714285714,2.1750606690179346e-10,2.0205189559621556e-10,2.3102774951039633e-10,217273404.41304812,0.7242446813768271,0.0003199404761904762,0.005224454365079364,0.005224454365079364,0.0003199404761904762,27722323.938141398,1.0007911706349208,0.0028372853703226564,0.04811619252600651,0.0975,0.13687500000000002,0.3126990327380952,0.2973839285714286,0.3296369047619047,1.426624590079693e-08,6.129913420703322e-09,2.9900654122403136e-08,44999295.71019505,0.9999843491154455,8615338.953440715,5.332341269841269e-05,320.36484375,0.059578991195128606,0.12125,0.1621875,0.0,0.0,0.0,0.0001877715661425146,8.119803974234677e-05,0.00039810523221794057,74997330.57116452,0.999964407615527,0.0,0.0,0.0,0.0,9292305.363121033,0.0,2654646.9469568455,0.14726439511667272,0.1472638291300682,0.260625,0.5246875,24788193,25218797,430605,20260814,20260815
full_multiscale,60000000.0,300000000.0,51333333.33333333,0.8555555555555555,32,7200,50400,3200,8,0.003510928686548447,34.71875,214948816.77487803,200899112.01152155,226259869.3712916,0.7164960559162601,0.6696637067050719,0.754199564570972,0.5242249503968254,0.5079593253968254,0.539234126984127,0.5242677331349206,0.5080357142857143,0.5392430555555555,0.5242249503968254,0.5079593253968254,0.539234126984127,0.5242249503968254,0.5079593253968254,0.539234126984127,20715199.964323014,17942617.435188424,24661548.93020425,0.8921267361111112,0.8608680555555556,0.9434275793650794,0.316136939711228,0.2870563045606468,0.34801430723885085,94841081.91336817,86116891.3681933,104404292.17165639,0.2003099731831436,0.19672937147225847,0.20397219548288725,10282578.623407241,10098774.4022478,10470572.70146143,0.41924574073047355,0.3921367152741984,0.4427526044602426,31443430.55478543,29410253.64556515,33206445.334517963,0.06835572030103645,0.056518158469493276,0.08258721944799712,0.5246763392857143,0.5083452380952381,0.5397420634920636,0.5430611359126984,0.5276924603174603,0.5572936507936508,0.00013933109525251011,5.8838182176778994e-05,0.00031338487626346657,57809553.267195284,40131909.063097656,13519248.271955151,10636755.362356365,714533.2303744608,559470.3797478101,11196225.742104173,0.21813038374754065,0.0005729166666666667,0.00022023809523809523,0.000919642857142857,2.1508877995933014e-10,2.0089911201152154e-10,2.263200583058353e-10,214948816.77487803,0.7164960559162601,0.00045138888888888887,0.018742559523809522,0.018742559523809522,0.00045138888888888887,61655160.00532574,1.000484871031746,0.003649490537627301,0.03343603703611671,0.0740625,0.1221875,0.5425799851190476,0.5272579365079365,0.556670634920635,3.5969957155486374e-09,1.4799475374005506e-09,7.506984186346908e-09,51328134.80520187,0.9998987299714651,20715199.964323014,0.0023642113095238095,70.5216796875,0.0683557203010364,0.1484375,0.23812499999999998,0.0,0.0,0.0,0.0001393272831680146,5.883233959505405e-05,0.00031338224647656704,74997186.28421526,0.9999624837895368,0.0,0.0,0.0,0.0,21493247.46870883,0.0,1974464.3181901043,0.147564174318876,0.14756400052942806,0.25406249999999997,0.5221875,24788193,25218797,430605,20260814,20260815
full_multiscale,60000000.0,300000000.0,53333333.33333333,0.8888888888888888,32,7200,50400,3200,8,0.003098474236777861,40.59375,207172559.59772933,193973864.55521762,219524178.84358704,0.6905751986590978,0.6465795485173921,0.7317472628119568,0.624959697420635,0.6106289682539682,0.6373125000000001,0.6250055803571429,0.6107271825396825,0.6373918650793651,0.624959697420635,0.6106289682539682,0.6373125000000001,0.624959697420635,0.6106289682539682,0.6373125000000001,28544160.753243774,24874711.221351087,33753284.72328734,0.919521949404762,0.8935773809523809,0.9593382936507937,0.33330492957669705,0.2985613255379642,0.36638053306173635,99991478.87300919,89568397.66138954,109914159.91852131,0.16846288431875744,0.16634644621195932,0.17123616588279397,8984687.163670491,8871810.464641076,9132595.513752656,0.4160892986742074,0.38817825027136743,0.43961588130067975,31206697.40056555,29113368.77035245,32971191.097550683,0.07798387651028886,0.059274173248124784,0.08995906324307469,0.6253280009920635,0.6110615079365079,0.6377539682539682,0.6423716517857143,0.6293293650793651,0.6536656746031746,0.00011783983446024017,4.849069482886625e-05,0.0002704497874363108,67039201.99391862,42483613.80332938,14045912.142611887,10269939.266405575,772646.7865757663,560047.1001275755,10829986.36653315,0.20313740456520885,0.00045448908730158727,0.00018948412698412698,0.0007787698412698412,2.0722035487665622e-10,1.939738645552176e-10,2.1952417884358702e-10,207172559.59772933,0.6905751986590978,0.00036830357142857145,0.02517609126984127,0.02517609126984127,0.00036830357142857145,80186082.10382682,1.000164310515873,0.0015219337020495184,0.02707299325283443,0.059375,0.106875,0.6419921875,0.629014880952381,0.6532003968253969,2.0831413032886814e-09,8.427033274189224e-10,4.249019762461213e-09,53313600.169862464,0.9996300031849213,28544160.753243774,0.007726934523809523,39.26723214285714,0.07798387651028885,0.1640625,0.3221875,0.0,0.0,0.0,0.00011783754409858202,4.848709534120775e-05,0.00027044819988515775,74997022.3348899,0.999960297798532,0.0,0.0,0.0,0.0,29351430.754918963,0.0,1673075.6243650794,0.14818282248596243,0.1481827090931861,0.2534375,0.5237499999999999,24788193,25218797,430605,20260814,20260815
