design,window_days,lambda_bal,rho_A,eps_execution,eps_data,eps_state,execution_target,execution_limit,data_target,data_limit,state_target,no_bal_execution_ceiling,regime,execution_fill,execution_fill_ci95,data_fill,state_fill,included_execution,included_data,included_state,execution_floor_bounded_fraction,mean_execution_fee_wei,mean_data_fee_wei,mean_state_fee_wei,data_limit_hit_fraction,any_limit_hit_fraction,rationed_execution,rationed_data,fee_sd_execution,fee_sd_data,fee_sd_state
E200_D45,21,0.0,0.75,0.1170668159071278,0.2017901574997101,0.4784376616162406,200000000.0,400000000.0,45000000.0,90000000.0,75000000.0,304894385.26551247,capacity_constrained,0.9980282302288084,0.0009614965223595797,0.9991241754458555,0.9999750040717859,199605646.04576164,44960587.8950635,74998125.30538394,0.015168030753968251,65.62462797619048,212.9935943700397,3968748.2567020087,0.05968191964285714,0.07937375992063492,4415794.866536966,1983801.859771001,0.06253937073211027,0.08319713659752395,0.1513453675259287
E200_D45,21,0.0,1.0,0.1170668159071278,0.2017901574997101,0.4784376616162406,200000000.0,400000000.0,45000000.0,90000000.0,75000000.0,304894385.26551247,capacity_constrained,0.9966204059024726,0.0014350193587010682,0.9996455001484025,0.9999750212835733,199324081.18049452,44984047.50667811,74998126.596268,0.02226934523809524,64.49216021825397,295.3912710813492,3983385.981816096,0.05438368055555556,0.07365823412698413,3932371.5768816196,1687625.0769741046,0.06342062592076389,0.07111467099920475,0.15122705015306315
E200_D45,21,0.0,1.25,0.1170668159071278,0.2017901574997101,0.4784376616162406,200000000.0,400000000.0,45000000.0,90000000.0,75000000.0,304894385.26551247,capacity_constrained,0.9931885941333103,0.002740132228435399,0.9999112951674382,0.9999748695652231,198637718.82666206,44996008.28253472,74998115.21739173,0.04609002976190476,57.24971850198413,492.9773797123016,4001003.5162524804,0.04942584325396825,0.06714099702380953,3407276.2877608417,1332914.7588189268,0.06607141043768426,0.060067660342629045,0.151051390768111
E200_D45,21,0.5,0.75,0.1170668159071278,0.2017901574997101,0.4784376616162406,200000000.0,400000000.0,45000000.0,90000000.0,75000000.0,304894385.26551247,capacity_constrained,0.9984665207714519,0.0008183220931505356,0.9990316213235931,0.9999749930438546,199693304.15429038,44956422.95956169,74998124.4782891,0.01306671626984127,65.88607700892857,208.1911799355159,3964365.3323406493,0.06077194940476191,0.08056113591269841,4503471.659060832,2025482.4518676992,0.06245701849197816,0.08490436623245441,0.15116661087836308
E200_D45,21,0.5,1.0,0.1170668159071278,0.2017901574997101,0.4784376616162406,200000000.0,400000000.0,45000000.0,90000000.0,75000000.0,304894385.26551247,capacity_constrained,0.9973634079285844,0.0011750837661125926,0.9995272865415284,0.9999749580467123,199472681.58571687,44978727.89436878,74998121.85350342,0.018109499007936507,65.3365513392857,270.8062437996032,3975975.887080853,0.05655691964285714,0.07601686507936507,4117311.9815352894,1788766.6144446284,0.06296494387925088,0.07504050889872474,0.15107427562737874
E200_D45,21,0.5,1.25,0.1170668159071278,0.2017901574997101,0.4784376616162406,200000000.0,400000000.0,45000000.0,90000000.0,75000000.0,304894385.26551247,capacity_constrained,0.9953162754189621,0.0019018766520085537,0.9998425630641388,0.9999748679401728,199063255.0837924,44992915.337886244,74998115.09551296,0.03158110119047619,61.787038690476194,404.8393297371032,3990490.952454737,0.05232018849206349,0.07064608134920636,3669137.931892823,1486554.8370781075,0.06479022872740153,0.06414512681121633,0.15090864958733188
E200_D45,21,1.0,0.75,0.1170668159071278,0.2017901574997101,0.4784376616162406,200000000.0,400000000.0,45000000.0,90000000.0,75000000.0,304894385.26551247,capacity_constrained,0.9989190821577513,0.0006536286666434929,0.9989327685088348,0.9999749619629487,199783816.43155026,44951974.582897566,74998122.14722115,0.010315600198412697,66.12433345734127,203.03247395833336,3959581.999774926,0.06189546130952381,0.08179935515873016,4596461.563814345,2069836.0450729197,0.06235873102802961,0.0861685012574846,0.15094126004534958
E200_D45,21,1.0,1.0,0.1170668159071278,0.2017901574997101,0.4784376616162406,200000000.0,400000000.0,45000000.0,90000000.0,75000000.0,304894385.26551247,capacity_constrained,0.9981407711307155,0.0009177542640420114,0.9993786402706355,0.9999749286295482,199628154.22614312,44972038.8121786,74998119.64721611,0.014841889880952381,65.91988157242064,247.479140625,3968040.4467869545,0.058934771825396824,0.07860739087301588,4312809.118079939,1894766.403768828,0.06253881755518381,0.0790972235081425,0.15086832991677035
E200_D45,21,1.0,1.25,0.1170668159071278,0.2017901574997101,0.4784376616162406,200000000.0,400000000.0,45000000.0,90000000.0,75000000.0,304894385.26551247,capacity_constrained,0.9968469407294802,0.0013522686349264476,0.9997242055259385,0.9999748172700688,199369388.14589608,44987589.24866723,74998111.29525515,0.021647445436507935,64.4480784970238,333.40043030753964,3979172.3138076635,0.05557849702380952,0.0744171626984127,3962433.338009279,1659642.852023994,0.06354511774136126,0.06937281036291781,0.15073575166476502
E200_D45,35,0.0,0.75,0.1211596378167212,0.2294762749968381,0.3348638470580465,200000000.0,400000000.0,45000000.0,90000000.0,75000000.0,328281194.05229217,capacity_constrained,0.9964364872630564,0.0015442407302113659,0.9999466694637198,0.9999635635081148,199287297.45261133,44997600.12586739,74997267.26310861,0.020441468253968254,96.38894841269843,686.4220672123016,3327365.4664614336,0.05954241071428571,0.07901351686507936,4390204.007718584,1973774.8783412608,0.057549528688310925,0.05663899108472986,0.1500390383403309
E200_D45,35,0.0,1.0,0.1211596378167212,0.2294762749968381,0.3348638470580465,200000000.0,400000000.0,45000000.0,90000000.0,75000000.0,328281194.05229217,capacity_constrained,0.9938247045035515,0.0025855445055671215,0.9999502046986487,0.9999635425432623,198764940.90071028,44997759.21143919,74997265.69074467,0.03755704365079365,88.99118489583333,918.6470331101191,3343343.9587258184,0.054249131944444445,0.07337549603174603,3908055.866321873,1675586.366186551,0.06032107014587153,0.05524965660661701,0.14992494489389743
E200_D45,35,0.0,1.25,0.1211596378167212,0.2294762749968381,0.3348638470580465,200000000.0,400000000.0,45000000.0,90000000.0,75000000.0,328281194.05229217,capacity_constrained,0.9847349245473378,0.005429477570745788,0.9999611036283255,0.999963536352131,196946984.90946755,44998249.663274646,74997265.22640982,0.11548363095238096,63.06242683531746,1462.109373139881,3361547.4272805057,0.049570312500000005,0.06716889880952381,3405896.9105750653,1336189.4588576478,0.07089523624051561,0.05497728435300291,0.1497576335664153
E200_D45,35,0.5,0.75,0.1211596378167212,0.2294762749968381,0.3348638470580465,200000000.0,400000000.0,45000000.0,90000000.0,75000000.0,328281194.05229217,capacity_constrained,0.9971419920103038,0.0012807335251722482,0.999946554459991,0.999963472318515,199428398.40206075,44997594.9506996,74997260.42388862,0.016789434523809522,98.10718998015872,673.1375998263889,3323250.811889261,0.06059771825396825,0.08020833333333333,4479447.001863988,2016976.3002274719,0.05708129290166284,0.05714839691259513,0.14987463919108068
E200_D45,35,0.5,1.0,0.1211596378167212,0.2294762749968381,0.3348638470580465,200000000.0,400000000.0,45000000.0,90000000.0,75000000.0,328281194.05229217,capacity_constrained,0.9953573724178932,0.0019542953929956434,0.9999484727019033,0.9999634349224009,199071474.48357868,44997681.27158565,74997257.61918007,0.027395833333333335,93.43660590277779,849.073363095238,3336227.3592416914,0.05634734623015873,0.07571738591269842,4093340.7501489557,1775648.1757236836,0.05880341929217363,0.05594333674465539,0.1497822532586652
E200_D45,35,0.5,1.25,0.1211596378167212,0.2294762749968381,0.3348638470580465,200000000.0,400000000.0,45000000.0,90000000.0,75000000.0,328281194.05229217,capacity_constrained,0.9908138947904309,0.0037152466945510254,0.9999551822901958,0.9999634455653577,198162778.9580862,44997983.20305881,74997258.41740182,0.06099826388888889,78.35152653769842,1222.001826016865,3351976.7538157245,0.05204551091269841,0.07050285218253968,3663715.544312914,1479560.3655427205,0.06411265069615571,0.05535612180690589,0.1496241939798912
E200_D45,35,1.0,0.75,0.1211596378167212,0.2294762749968381,0.3348638470580465,200000000.0,400000000.0,45000000.0,90000000.0,75000000.0,328281194.05229217,capacity_constrained,0.997904127865819,0.0010109987016103212,0.9999465403097267,0.9999634023831139,199580825.5731638,44997594.3139377,74997255.17873354,0.013642113095238096,99.74218625992063,659.0900620039682,3318873.6030195933,0.06175719246031747,0.08150049603174603,4573410.15764262,2061872.6733633114,0.056134681277652,0.057713433229471686,0.14966712828168038
E200_D45,35,1.0,1.0,0.1211596378167212,0.2294762749968381,0.3348638470580465,200000000.0,400000000.0,45000000.0,90000000.0,75000000.0,328281194.05229217,capacity_constrained,0.9966852148642271,0.00145505470632623,0.9999472229356822,0.9999633759083847,199337042.97284544,44997625.0321057,74997253.19312885,0.019803447420634918,97.07012648809524,783.4550657242064,3328559.6203726437,0.05872829861111111,0.07829427083333333,4287557.6581345815,1881435.82763398,0.057441753565303094,0.05659739278965364,0.14959491215491677
E200_D45,35,1.0,1.25,0.1211596378167212,0.2294762749968381,0.3348638470580465,200000000.0,400000000.0,45000000.0,90000000.0,75000000.0,328281194.05229217,capacity_constrained,0.9943439874727309,0.002382243118977074,0.9999506611232034,0.9999633200881477,198868797.49454618,44997779.75054415,74997249.00661108,0.03591517857142857,89.44253100198412,1022.3957012648809,3340930.764879092,0.05523375496031746,0.07418650793650794,3950062.338582889,1646901.3882357879,0.05995913479773193,0.055971304326730364,0.14946874657106426
E200_D45,60,0.0,0.75,0.0816682106235291,0.2046910570850992,0.279675525753271,200000000.0,400000000.0,45000000.0,90000000.0,75000000.0,160896940.00019467,demand_constrained,0.7481006715839074,0.011163306623077157,0.9991085280984975,0.9999553998835723,149620134.3167815,44959883.764432386,74996654.99126792,0.8108643353174603,1.0173170882936506,206.99436941964285,3766156.041998388,0.0626500496031746,0.06371155753968255,2824170.9250595155,2111561.5042625642,0.016267145811173923,0.08248941262101553,0.14985829883272717
E200_D45,60,0.0,1.0,0.0816682106235291,0.2046910570850992,0.279675525753271,200000000.0,400000000.0,45000000.0,90000000.0,75000000.0,160896940.00019467,demand_constrained,0.7312484628264511,0.010513332702920639,0.9994081837321235,0.9999555381207907,146249692.5652902,44973368.26794556,74996665.3590593,0.8276469494047618,1.005313740079365,248.55112413194445,3775603.7710137656,0.05995039682539682,0.060585937500000006,2565206.954753982,1925393.8232806125,0.009909912142900983,0.07625388705693933,0.14977839981311536
E200_D45,60,0.0,1.25,0.0816682106235291,0.2046910570850992,0.279675525753271,200000000.0,400000000.0,45000000.0,90000000.0,75000000.0,160896940.00019467,demand_constrained,0.7071550285119643,0.009605030892218959,0.9996531063951272,0.9999554930606744,141431005.70239288,44984389.787780724,74996661.97955059,0.8486421130952381,1.0013244047619048,319.802734375,3782409.936112351,0.058150421626984125,0.058389136904761905,2324800.887294808,1724400.242446814,0.004378652799414176,0.06960634415369593,0.14965065668042252
E200_D45,60,0.5,0.75,0.0816682106235291,0.2046910570850992,0.279675525753271,200000000.0,400000000.0,45000000.0,90000000.0,75000000.0,160896940.00019467,demand_constrained,0.7546306609730222,0.011340393560632675,0.9991192432052046,0.9999553215848808,150926132.19460446,44960365.94423421,74996649.11886606,0.8038058035714286,1.0232031250000002,209.09122147817462,3764316.9700806052,0.06304563492063492,0.06430989583333334,2873167.232643367,2124730.4833082184,0.017745549667351233,0.08287041751752527,0.14968613472426545
E200_D45,60,0.5,1.0,0.0816682106235291,0.2046910570850992,0.279675525753271,200000000.0,400000000.0,45000000.0,90000000.0,75000000.0,160896940.00019467,demand_constrained,0.7406435034536084,0.010780911735708186,0.9993667663964686,0.9999554870094891,148128700.69072166,44971504.487841085,74996661.52571169,0.8187692212301587,1.0095653521825398,242.51737351190476,3772120.1478255205,0.06084573412698413,0.061679687500000004,2654597.502242104,1972592.5223903274,0.012615468856671426,0.07789255918287386,0.14962195838585549
E200_D45,60,0.5,1.25,0.0816682106235291,0.2046910570850992,0.279675525753271,200000000.0,400000000.0,45000000.0,90000000.0,75000000.0,160896940.00019467,demand_constrained,0.7206597631135896,0.009999731510821827,0.9995852115313123,0.9999553564675006,144131952.62271792,44981334.51890905,74996651.73506254,0.8373790922619048,1.0020969742063492,297.7944196428572,3778881.338340154,0.05901971726190476,0.05945188492063492,2434194.695904047,1797756.9227492427,0.0066443209503587375,0.07198099163561097,0.1495132857202404
E200_D45,60,1.0,0.75,0.0816682106235291,0.2046910570850992,0.279675525753271,200000000.0,400000000.0,45000000.0,90000000.0,75000000.0,160896940.00019467,demand_constrained,0.7622030869483913,0.01154999748702114,0.999129091754286,0.9999552859236002,152440617.38967827,44960809.12894287,74996646.44427001,0.7952703373015872,1.0316480654761904,210.91703373015872,3761713.0341077624,0.06347594246031746,0.06500434027777777,2932927.8105330495,2140501.6284616203,0.019392638657767084,0.08333195106073651,0.14947960716624656
E200_D45,60,1.0,1.0,0.0816682106235291,0.2046910570850992,0.279675525753271,200000000.0,400000000.0,45000000.0,90000000.0,75000000.0,160896940.00019467,demand_constrained,0.7512405758452104,0.011092725253088326,0.9993193465971526,0.9999552397814451,150248115.16904208,44969370.59687187,74996642.98360838,0.8079656498015872,1.0171279761904763,235.9856634424603,3767736.492834822,0.06177021329365079,0.06289620535714285,2759453.3911029575,2024627.0469649704,0.01605576481563303,0.07941836149634199,0.1494301407238301
E200_D45,60,1.0,1.25,0.0816682106235291,0.2046910570850992,0.279675525753271,200000000.0,400000000.0,45000000.0,90000000.0,75000000.0,160896940.00019467,demand_constrained,0.7356624074935455,0.010447939573138516,0.9995053277026528,0.9999552924525406,147132481.4987091,44977739.74661937,74996646.93394054,0.8237282986111112,1.0052424355158731,275.9198369295635,3774242.495071304,0.06034288194444444,0.0610546875,2571904.6725909626,1884387.9035122516,0.009802016855732263,0.07489837155241047,0.14933950917381394
E200_D45,75,0.0,0.75,0.0785108223582338,0.2013910565486362,0.253555905620326,200000000.0,400000000.0,45000000.0,90000000.0,75000000.0,151980206.51826182,demand_constrained,0.7142742353213261,0.010777542737741593,0.9984034757328817,0.9999504895971068,142854847.0642652,44928156.407979675,74996286.71978301,0.8418322172619048,1.0061941964285714,174.91871341765875,4462670.123409598,0.06291480654761904,0.06339533730158729,2697895.5132616633,2126640.9512079433,0.009577673218633969,0.08942735249396952,0.14984436105059631
E200_D45,75,0.0,1.0,0.0785108223582338,0.2013910565486362,0.253555905620326,200000000.0,400000000.0,45000000.0,90000000.0,75000000.0,151980206.51826182,demand_constrained,0.7007273975232842,0.010171971355917415,0.9989200344027691,0.9999504186846722,140145479.50465682,44951401.54812461,74996281.40135041,0.8536805555555556,1.0019053819444443,208.51502356150797,4471293.111918403,0.06056671626984127,0.06084945436507937,2481222.146533897,1953359.9646916736,0.006095355646549467,0.08357304412474761,0.14976715668298057
E200_D45,75,0.0,1.25,0.0785108223582338,0.2013910565486362,0.253555905620326,200000000.0,400000000.0,45000000.0,90000000.0,75000000.0,151980206.51826182,demand_constrained,0.6810693773705185,0.009352814145826973,0.9993678264958096,0.9999503622780438,136213875.4741037,44971552.19231143,74996277.17085329,0.8690749007936508,1.0008122519841272,265.3916827876984,4476481.350383185,0.05878658234126984,0.058877728174603176,2275507.0399049353,1764496.893797487,0.0033434261670956186,0.07610750333232165,0.1496481595042272
E200_D45,75,0.5,0.75,0.0785108223582338,0.2013910565486362,0.253555905620326,200000000.0,400000000.0,45000000.0,90000000.0,75000000.0,151980206.51826182,demand_constrained,0.7196649532494362,0.010960570422041405,0.9984345872501821,0.9999503764568972,143932990.64988723,44929556.42625819,74996278.2342673,0.8368322172619047,1.0083258928571428,177.18463975694445,4461129.683115699,0.06322234623015872,0.06379092261904762,2733751.654565855,2136020.534054847,0.010907382632923745,0.0897184531768216,0.1496711821338324
E200_D45,75,0.5,1.0,0.0785108223582338,0.2013910565486362,0.253555905620326,200000000.0,400000000.0,45000000.0,90000000.0,75000000.0,151980206.51826182,demand_constrained,0.7084811443620745,0.010430909428886009,0.9988519173520756,0.9999503723076753,141696228.87241492,44948336.2808434,74996277.92307565,0.8469934275793651,1.0032074652777778,204.27653769841268,4468360.981321304,0.06129960317460317,0.0616796875,2552205.919311355,1994267.5122968866,0.007230222459014622,0.08513418897325187,0.1496106777723843
E200_D45,75,0.5,1.25,0.0785108223582338,0.2013910565486362,0.253555905620326,200000000.0,400000000.0,45000000.0,90000000.0,75000000.0,151980206.51826182,demand_constrained,0.692337624045569,0.009717694789794128,0.9992540438065901,0.9999501177477912,138467524.80911377,44966431.97129656,74996258.83108434,0.8603769841269842,1.001081969246032,248.55166294642856,4473230.153713417,0.05960007440476191,0.05976748511904762,2367946.829628328,1832717.077300164,0.004165250097015732,0.0786110479238028,0.14951072614631256
E200_D45,75,1.0,0.75,0.0785108223582338,0.2013910565486362,0.253555905620326,200000000.0,400000000.0,45000000.0,90000000.0,75000000.0,151980206.51826182,demand_constrained,0.7259126391044664,0.011184405128436502,0.9984638078766422,0.9999503117026091,145182527.8208933,44930871.3544489,74996273.37769568,0.830889136904762,1.0114893353174603,179.2498511904762,4458309.018975695,0.06358382936507936,0.06429935515873016,2777788.4948642435,2147552.6047100425,0.012274111718809329,0.09013134344877397,0.14946870388733102
E200_D45,75,1.0,1.0,0.0785108223582338,0.2013910565486362,0.253555905620326,200000000.0,400000000.0,45000000.0,90000000.0,75000000.0,151980206.51826182,demand_constrained,0.7171828477670161,0.01073770232815815,0.9987762218761077,0.99995028373637,143436569.55340326,44944929.984424844,74996271.28022775,0.8391858878968255,1.0060106646825397,199.6187574404762,4464084.199348338,0.06212239583333333,0.06264570932539681,2635891.679785489,2040641.3862632946,0.00955412289546095,0.08678623682283898,0.14942068793095029
E200_D45,75,1.0,1.25,0.0785108223582338,0.2013910565486362,0.253555905620326,200000000.0,400000000.0,45000000.0,90000000.0,75000000.0,151980206.51826182,demand_constrained,0.7047267549609817,0.010140218498947697,0.9991127506810602,0.9999501377471284,140945350.99219632,44960073.78064771,74996260.33103463,0.8502808779761906,1.0018594990079364,231.71122395833333,4469475.260763888,0.06084759424603174,0.06116691468253968,2481894.279316227,1911785.4687596436,0.006086714884827784,0.08135743830569579,0.14933944267932314
E225_D45,21,0.0,0.75,0.1170668159071278,0.2017901574997101,0.4784376616162406,225000000.0,450000000.0,45000000.0,90000000.0,75000000.0,304894385.26551247,capacity_constrained,0.9938909738064488,0.0019010319312557787,0.9992316961024225,0.9999749851559341,223625469.10645095,44965426.32460901,74998123.88669506,0.04945374503968254,22.98616195436508,217.8895523313492,3972003.29266307,0.058373015873015875,0.07762648809523809,4790336.394034827,1920929.004906145,0.08763957104950423,0.0807489390923006,0.15133288372607864
E225_D45,21,0.0,1.0,0.1170668159071278,0.2017901574997101,0.4784376616162406,225000000.0,450000000.0,45000000.0,90000000.0,75000000.0,304894385.26551247,capacity_constrained,0.9900066072052621,0.003259415206517347,0.9997252560259478,0.9999750130805035,222751486.621184,44987636.52116765,74998125.98103777,0.07634796626984128,21.011358506944443,310.8719847470238,3989223.463529886,0.052175099206349204,0.07086743551587302,4141558.055924562,1578539.6768617167,0.09049039983481363,0.06763417800429793,0.15120795352069893
E225_D45,21,0.0,1.25,0.1170668159071278,0.2017901574997101,0.4784376616162406,225000000.0,450000000.0,45000000.0,90000000.0,75000000.0,304894385.26551247,capacity_constrained,0.9727935009714345,0.0070070039744067406,0.9999372076557705,0.9999748891904175,218878537.71857274,44997174.344509676,74998116.68928131,0.2329830109126984,12.508846106150795,552.8876450892857,4008394.5107415677,0.04716517857142857,0.06291542658730158,3438520.5092258765,1197543.2374719372,0.09305322573869301,0.05785186958351064,0.15101785476085727
E225_D45,21,0.5,0.75,0.1170668159071278,0.2017901574997101,0.4784376616162406,225000000.0,450000000.0,45000000.0,90000000.0,75000000.0,304894385.26551247,capacity_constrained,0.9948085195777885,0.0016267107036219103,0.9991257941563921,0.9999749471259002,223831916.90500242,44960660.737037644,74998121.03444251,0.0448406498015873,23.33071490575397,212.00850322420635,3966991.4463337054,0.059759424603174606,0.0790829613095238,4918647.583576242,1976151.3075944204,0.08722504770310621,0.08291017526176114,0.15116104362204824
E225_D45,21,0.5,1.0,0.1170668159071278,0.2017901574997101,0.4784376616162406,225000000.0,450000000.0,45000000.0,90000000.0,75000000.0,304894385.26551247,capacity_constrained,0.9921715903698322,0.002494224929520341,0.999607940561024,0.9999749966056661,223238607.83321226,44982357.32524608,74998124.74542496,0.06196366567460317,22.164859871031744,281.62428881448415,3980838.6200508433,0.05469618055555556,0.07370659722222223,4399146.362564899,1698306.9863652997,0.08836489274379064,0.0719241069821635,0.15105870524396395
E225_D45,21,0.5,1.25,0.1170668159071278,0.2017901574997101,0.4784376616162406,225000000.0,450000000.0,45000000.0,90000000.0,75000000.0,304894385.26551247,capacity_constrained,0.9842688226715983,0.00488916202484676,0.9998895105221834,0.999974885524116,221460485.10110962,44995027.973498255,74998116.4143087,0.13300533234126985,17.433296750992064,442.2339967757937,3997745.524254092,0.04973152281746032,0.06717137896825397,3797965.513944149,1355623.34959376,0.09373796146969773,0.06117688019696556,0.15087567368721314
E225_D45,21,1.0,0.75,0.1170668159071278,0.2017901574997101,0.4784376616162406,225000000.0,450000000.0,45000000.0,90000000.0,75000000.0,304894385.26551247,capacity_constrained,0.9957874079684075,0.001348869857275959,0.9990063593634394,0.9999749328704025,224052166.79289168,44955286.17135477,74998119.96528019,0.040004960317460314,23.643907490079364,205.84367621527775,3961482.266381448,0.06117621527777778,0.08066344246031745,5054769.776400911,2032927.264300386,0.08692351764600345,0.0850592398886618,0.1509356956266551
E225_D45,21,1.0,1.0,0.1170668159071278,0.2017901574997101,0.4784376616162406,225000000.0,450000000.0,45000000.0,90000000.0,75000000.0,304894385.26551247,capacity_constrained,0.9940055457049568,0.0018721292594250558,0.9994565552157061,0.9999749563114441,223651247.78361523,44975544.984706774,74998121.7233583,0.0496155753968254,23.030411706349206,254.56993737599208,3971659.2582397074,0.057550843253968254,0.07680431547619049,4669317.2173173465,1826151.4116993137,0.08758449573849612,0.0767655365542271,0.15085503448113707
E225_D45,21,1.0,1.25,0.1170668159071278,0.2017901574997101,0.4784376616162406,225000000.0,450000000.0,45000000.0,90000000.0,75000000.0,304894385.26551247,capacity_constrained,0.9902486023520471,0.003178889278020163,0.9997874924603053,0.9999748409246627,222805935.52921063,44990437.16071374,74998113.0693497,0.07714719742063492,20.82774677579365,354.16451078869045,3985018.06859189,0.05351872519841269,0.07183345734126985,4194420.634124775,1549603.9330676678,0.09076178029189817,0.06624001909779587,0.15070456924859804
E225_D45,35,0.0,0.75,0.1211596378167212,0.2294762749968381,0.3348638470580465,225000000.0,450000000.0,45000000.0,90000000.0,75000000.0,328281194.05229217,capacity_constrained,0.9901886129569837,0.0035017021598173427,0.9999490832879087,0.9999636014961246,222792437.91532132,44997708.74795589,74997270.11220935,0.06417844742063492,31.88485119047619,703.5111396329364,3330690.8197433036,0.0582750496031746,0.07703125000000001,4747058.010601036,1911128.484761265,0.07695887614628802,0.05613078737557733,0.15002759086508433
E225_D45,35,0.0,1.0,0.1211596378167212,0.2294762749968381,0.3348638470580465,225000000.0,450000000.0,45000000.0,90000000.0,75000000.0,328281194.05229217,capacity_constrained,0.979552857634379,0.006286345110972819,0.9999557029275647,0.9999636812711535,220399392.9677353,44998006.63174041,74997276.09533651,0.15472904265873016,23.962557663690475,967.3635825892858,3348981.274027778,0.05205791170634921,0.06998697916666666,4071224.163133328,1573497.290747307,0.08338579148934436,0.05473119989608743,0.1499072648858159
E225_D45,35,0.0,1.25,0.1211596378167212,0.2294762749968381,0.3348638470580465,225000000.0,450000000.0,45000000.0,90000000.0,75000000.0,328281194.05229217,capacity_constrained,0.9320147717751424,0.01005840792815972,0.9999708998548226,0.9999635621899596,209703323.64940703,44998690.49346702,74997267.16424698,0.46553881448412693,6.44184585813492,1578.9837475198415,3365724.604264013,0.04876364087301587,0.0606671626984127,3255587.536004123,1242931.840268469,0.0691622945599073,0.054827093279680064,0.1497261082195213
E225_D45,35,0.5,0.75,0.1211596378167212,0.2294762749968381,0.3348638470580465,225000000.0,450000000.0,45000000.0,90000000.0,75000000.0,328281194.05229217,capacity_constrained,0.9921629463103685,0.0027959687114328686,0.9999481643354903,0.9999635253838461,223236662.91983294,44997667.39509706,74997264.40378846,0.05236607142857143,33.57155691964286,686.5116648065476,3325957.849868552,0.05959573412698413,0.07864025297619048,4881540.859929869,1966196.5317790012,0.07506426566737615,0.05674492288157663,0.14986686146324574
E225_D45,35,0.5,1.0,0.1211596378167212,0.2294762749968381,0.3348638470580465,225000000.0,450000000.0,45000000.0,90000000.0,75000000.0,328281194.05229217,capacity_constrained,0.9859754013874402,0.0047807375638432145,0.9999524457349482,0.9999635489386062,221844465.31217408,44997860.05807267,74997266.17039546,0.10099082341269841,28.19852430555555,885.0656653025794,3340954.6504433285,0.054506448412698416,0.07311135912698413,4351055.794270178,1688592.3927043066,0.08179238782540199,0.05540262245873791,0.1497662628341222
E225_D45,35,0.5,1.25,0.1211596378167212,0.2294762749968381,0.3348638470580465,225000000.0,450000000.0,45000000.0,90000000.0,75000000.0,328281194.05229217,capacity_constrained,0.9612972554212214,0.008538241845842384,0.9999649467015557,0.9999635424138149,216291882.4697748,44998422.60157,74997265.68103611,0.3000018601190476,14.432987351190476,1319.5939366319444,3357639.71593316,0.050274677579365074,0.06589347718253968,3703796.563714251,1372327.3031215926,0.08171363999320808,0.05506667857703339,0.14959030998282175
E225_D45,35,1.0,0.75,0.1211596378167212,0.2294762749968381,0.3348638470580465,225000000.0,450000000.0,45000000.0,90000000.0,75000000.0,328281194.05229217,capacity_constrained,0.9940440205631601,0.002099031802434044,0.9999475915689243,0.9999634030609326,223659904.626711,44997641.620601594,74997255.22956994,0.04055865575396825,35.176515997023806,668.8660404265872,3320961.1678503226,0.06102554563492063,0.08028521825396825,5023920.252554296,2024188.959337567,0.07418340262220338,0.05740992925362423,0.14966184989196835
E225_D45,35,1.0,1.0,0.1211596378167212,0.2294762749968381,0.3348638470580465,225000000.0,450000000.0,45000000.0,90000000.0,75000000.0,328281194.05229217,capacity_constrained,0.990471537983325,0.003414202636764564,0.9999499922509044,0.999963423207529,222856096.0462481,44997749.6512907,74997256.74056467,0.06442894345238095,31.93911892361111,807.8145114087301,3332125.8763169646,0.05730096726190476,0.0763845486111111,4633539.8129771035,1813774.1817718733,0.07716307940052228,0.05624063989751712,0.14958113833107486
E225_D45,35,1.0,1.25,0.1211596378167212,0.2294762749968381,0.3348638470580465,225000000.0,450000000.0,45000000.0,90000000.0,75000000.0,328281194.05229217,capacity_constrained,0.9803364945673002,0.0060523136989076125,0.9999572225569017,0.9999634125497345,220575711.27764255,44998075.015060574,74997255.94123009,0.15523871527777777,23.728563368055553,1086.9048995535713,3346347.726612103,0.053461061507936516,0.07148313492063492,4159863.522027891,1546092.9256202765,0.0837786977716711,0.055584217564405486,0.14943659910507143
E225_D45,60,0.0,0.75,0.0816682106235291,0.2046910570850992,0.279675525753271,225000000.0,450000000.0,45000000.0,90000000.0,75000000.0,160896940.00019467,demand_constrained,0.6652749857606229,0.009981725504950413,0.9991085715679529,0.9999553998833791,149686871.79614013,44959885.720557876,74996654.99125344,0.8808953373015873,1.0009033978174604,207.01758680555554,3766175.0327653773,0.0626500496031746,0.06275793650793651,2794671.5127986083,2110987.165129165,0.004282546136510739,0.08249899030223067,0.14985904202807424
E225_D45,60,0.0,1.0,0.0816682106235291,0.2046910570850992,0.279675525753271,225000000.0,450000000.0,45000000.0,90000000.0,75000000.0,160896940.00019467,demand_constrained,0.6501113662587781,0.009367238223634907,0.9994082135640111,0.9999555379287183,146275057.40822506,44973369.6103805,74996665.34465387,0.8913485863095238,1.000546875,248.56700644841266,3775585.584731523,0.05995845734126984,0.05999379960317461,2549383.441164812,1924863.4679500074,0.0027575590567356866,0.07624310777583224,0.14977863378661374
E225_D45,60,0.0,1.25,0.0816682106235291,0.2046910570850992,0.279675525753271,225000000.0,450000000.0,45000000.0,90000000.0,75000000.0,160896940.00019467,demand_constrained,0.6286130394341949,0.008543895444646451,0.9996530782390977,0.9999554930840604,141437933.87269384,44984388.520759396,74996661.98130453,0.9054575892857143,1.0002281746031745,319.8093545386905,3782366.1400849447,0.058157242063492064,0.05816158234126984,2319951.6788317254,1724137.0912692165,0.0018877141465865768,0.06960042508784578,0.14965077112444872
E225_D45,60,0.5,0.75,0.0816682106235291,0.2046910570850992,0.279675525753271,225000000.0,450000000.0,45000000.0,90000000.0,75000000.0,160896940.00019467,demand_constrained,0.6711852436611552,0.01016555478084851,0.9991191940542845,0.9999553166218952,151016679.8237599,44960363.7324428,74996648.74664214,0.8764775545634921,1.0011396329365079,209.1170275297619,3764333.29702939,0.063046875,0.06319196428571429,2837741.8022328876,2124229.458437572,0.004927167427789385,0.08288695002811886,0.14968642683935265
E225_D45,60,0.5,1.0,0.0816682106235291,0.2046910570850992,0.279675525753271,225000000.0,450000000.0,45000000.0,90000000.0,75000000.0,160896940.00019467,demand_constrained,0.6585300572395194,0.009617704632614688,0.999366790076199,0.9999554869613276,148169262.8788919,44971505.553428955,74996661.52209957,0.8854024057539683,1.0006739831349205,242.54023251488098,3772110.1262965025,0.06084449404761905,0.06091517857142857,2632330.474759349,1971991.6815285305,0.003164075718809575,0.07788380963836743,0.1496219969730964
E225_D45,60,0.5,1.25,0.0816682106235291,0.2046910570850992,0.279675525753271,225000000.0,450000000.0,45000000.0,90000000.0,75000000.0,160896940.00019467,demand_constrained,0.6406462790274401,0.008900758467675072,0.9995852345862442,0.9999553564965887,144145412.78117403,44981335.55638099,74996651.73724416,0.8974913194444445,1.0003577628968254,297.80527219742066,3778846.9221019344,0.059030257936507936,0.059043278769841265,2424537.3786204224,1797299.1209389484,0.0023752296259227325,0.07195671179815114,0.1495135668691043
E225_D45,60,1.0,0.75,0.0816682106235291,0.2046910570850992,0.279675525753271,225000000.0,450000000.0,45000000.0,90000000.0,75000000.0,160896940.00019467,demand_constrained,0.6780796178290388,0.0103974349176018,0.9991288247849276,0.9999552859286459,152567914.01153374,44960797.11532174,74996646.44464844,0.8710255456349206,1.0017150297619049,210.94583705357144,3761734.38093502,0.06346974206349207,0.06367559523809524,2890255.042073575,2139970.589879201,0.005571340336464767,0.08335329767207528,0.1494796171097354
E225_D45,60,1.0,1.0,0.0816682106235291,0.2046910570850992,0.279675525753271,225000000.0,450000000.0,45000000.0,90000000.0,75000000.0,160896940.00019467,demand_constrained,0.668072502858511,0.009921256045210767,0.999319303080595,0.9999552396324591,150316313.143165,44969368.63862678,74996642.97243443,0.8785224454365079,1.000850074404762,236.01697358630952,3767722.22264943,0.06177083333333333,0.061883680555555556,2728483.193431927,2024016.2453985119,0.0038891049197436823,0.07941348881596115,0.1494303021332608
E225_D45,60,1.0,1.25,0.0816682106235291,0.2046910570850992,0.279675525753271,225000000.0,450000000.0,45000000.0,90000000.0,75000000.0,160896940.00019467,demand_constrained,0.6540448012035959,0.009311299599218616,0.9995053360494287,0.9999552924540362,147160080.27080905,44977740.12222429,74996646.93405272,0.8882843501984128,1.0005171130952382,275.9404017857143,3774229.031688988,0.06035218253968254,0.06039868551587302,2553769.0455826903,1883746.238808121,0.002674662118398821,0.07489139388431328,0.14933963472285766
E225_D45,75,0.0,0.75,0.0785108223582338,0.2013910565486362,0.253555905620326,225000000.0,450000000.0,45000000.0,90000000.0,75000000.0,151980206.51826182,demand_constrained,0.6350342482310107,0.009605292269394581,0.9984034824896842,0.9999504895996781,142882705.8519774,44928156.71203579,74996286.71997586,0.9017354910714286,1.0004464285714287,174.92791356646825,4462680.173384177,0.06291790674603175,0.06295882936507936,2684679.4628926767,2126463.047774641,0.0029264779325426545,0.08944191036362961,0.14984451386061548
E225_D45,75,0.0,1.0,0.0785108223582338,0.2013910565486362,0.253555905620326,225000000.0,450000000.0,45000000.0,90000000.0,75000000.0,151980206.51826182,demand_constrained,0.6229193481468314,0.009051472806090857,0.9989199960461097,0.9999504186917129,140156853.33303702,44951399.822074935,74996281.40187846,0.909384300595238,1.0002907986111111,208.52034350198414,4471285.588541667,0.060573536706349206,0.06058469742063492,2474726.0805441746,1953140.5058886246,0.0020501679888377676,0.08358692279899903,0.1497672443455541
E225_D45,75,0.0,1.25,0.0785108223582338,0.2013910565486362,0.253555905620326,225000000.0,450000000.0,45000000.0,90000000.0,75000000.0,151980206.51826182,demand_constrained,0.6054105003649417,0.008316427603669078,0.9993678612029758,0.9999503622727736,136217362.5821119,44971553.75413391,74996277.17045802,0.9200948660714285,1.0001364087301585,265.3941846478175,4476445.382844122,0.058789062499999996,0.058789062499999996,2273738.7624833323,1764372.726278794,0.0013933155984852791,0.07609573850199516,0.14964816292991504
E225_D45,75,0.5,0.75,0.0785108223582338,0.2013910565486362,0.253555905620326,225000000.0,450000000.0,45000000.0,90000000.0,75000000.0,151980206.51826182,demand_constrained,0.6398669250668512,0.009777754261437684,0.9984346719598975,0.9999503767596643,143970058.1400415,44929560.23819539,74996278.25697482,0.8983358134920636,1.0005164930555557,177.19508184523812,4461135.51015191,0.06322544642857142,0.06328311011904762,2717388.78732314,2135730.8353493027,0.0030888297172314673,0.08972614885282448,0.14967113513196967
E225_D45,75,0.5,1.0,0.0785108223582338,0.2013910565486362,0.253555905620326,225000000.0,450000000.0,45000000.0,90000000.0,75000000.0,151980206.51826182,demand_constrained,0.62983730255775,0.009287237936945053,0.9988519231728844,0.9999503722817786,141713393.07549375,44948336.542779796,74996277.9211334,0.9047997271825396,1.0003410218253967,204.28459077380953,4468357.581595361,0.06129650297619048,0.061316344246031745,2542669.576347691,1994038.3530941028,0.002517362768315424,0.08514236865549768,0.1496106884891767
E225_D45,75,0.5,1.25,0.0785108223582338,0.2013910565486362,0.253555905620326,225000000.0,450000000.0,45000000.0,90000000.0,75000000.0,151980206.51826182,demand_constrained,0.6154394413388307,0.008643482549683144,0.9992540622629922,0.9999501177487053,138473874.30123687,44966432.80183465,74996258.8311529,0.9137853422619047,1.0002021329365078,248.5553794642857,4473211.0824014135,0.059603794642857144,0.05960813492063492,2364354.8371384745,1832589.0514758206,0.0017178177373376338,0.07860211332256077,0.1495107874325205
E225_D45,75,1.0,0.75,0.0785108223582338,0.2013910565486362,0.253555905620326,225000000.0,450000000.0,45000000.0,90000000.0,75000000.0,151980206.51826182,demand_constrained,0.6454832082128183,0.00999484037995106,0.9984637940257738,0.9999503166806861,145233721.84788412,44930870.73115982,74996273.75105146,0.8943836805555556,1.0006448412698412,179.2613820684524,4458318.216654886,0.06358568948412699,0.06366195436507938,2757494.6785327177,2147395.467511655,0.0032450250551593627,0.09014317744373561,0.14946862660218063
E225_D45,75,1.0,1.0,0.0785108223582338,0.2013910565486362,0.253555905620326,225000000.0,450000000.0,45000000.0,90000000.0,75000000.0,151980206.51826182,demand_constrained,0.6376220038101295,0.009570778807007255,0.998776218121299,0.9999502837289488,143464950.85727912,44944929.815458454,74996271.27967116,0.8995256696428571,1.0004296875,199.63085503472223,4464125.313000373,0.06212301587301587,0.06216703869047619,2621859.269881512,2040361.4874336766,0.0027850458197814783,0.08680628621287181,0.14942100172384054
E225_D45,75,1.0,1.25,0.0785108223582338,0.2013910565486362,0.253555905620326,225000000.0,450000000.0,45000000.0,90000000.0,75000000.0,151980206.51826182,demand_constrained,0.6264784520773985,0.009024319992910038,0.9991127521939096,0.9999501377352543,140957651.71741468,44960073.84872593,74996260.33014408,0.9067100694444444,1.000281498015873,231.71837487599208,4469466.681448413,0.06085503472222223,0.06086805555555556,2474393.352261548,1911516.4992153356,0.002021611931827718,0.08135476089083701,0.1493394775192305
E250_D60,21,0.0,0.75,0.1170668159071278,0.2017901574997101,0.4784376616162406,250000000.0,500000000.0,60000000.0,90000000.0,75000000.0,304894385.26551247,capacity_constrained,0.985216892843048,0.0031965948430834087,0.9801757862435545,0.999975039044613,246304223.21076202,58810547.17461327,74998127.92834598,0.16670758928571427,6.057954489087301,20.986197296626983,3634988.143472222,0.18483382936507936,0.19510354662698412,19492385.748691685,7551519.384378542,0.12309748702891606,0.14010414162773147,0.15037600895895226
E250_D60,21,0.0,1.0,0.1170668159071278,0.2017901574997101,0.4784376616162406,250000000.0,500000000.0,60000000.0,90000000.0,75000000.0,304894385.26551247,capacity_constrained,0.9820450982179514,0.0038093109841974633,0.990177981385941,0.9999744846839297,245511274.55448782,59410678.88315646,74998086.35129473,0.1857409474206349,5.851064608134921,34.76153149801587,3646680.177103175,0.18650235615079366,0.19495845734126982,18853068.30505439,7038716.971054526,0.12005101014424199,0.1299145323337456,0.14969221929902732
E250_D60,21,0.0,1.25,0.1170668159071278,0.2017901574997101,0.4784376616162406,250000000.0,500000000.0,60000000.0,90000000.0,75000000.0,304894385.26551247,capacity_constrained,0.9713683217053821,0.005826689469494194,0.9974799135026133,0.9999737642523802,242842080.42634553,59848794.8101568,74998032.31892851,0.26331535218253965,4.586207217261904,68.22413442460319,3644147.966895461,0.19304253472222221,0.19802393353174602,18644150.020408813,6483048.090653485,0.1107518526092047,0.10334271747646365,0.14838785909413196
E250_D60,21,0.5,0.75,0.1170668159071278,0.2017901574997101,0.4784376616162406,250000000.0,500000000.0,60000000.0,90000000.0,75000000.0,304894385.26551247,capacity_constrained,0.9858985261416726,0.0030865770231382306,0.97841805186372,0.9999747921414422,246474631.53541815,58705083.1118232,74998109.41060817,0.16400421626984127,6.055455729166667,19.812620287698415,3624085.0681907246,0.18608382936507936,0.19650049603174605,19809280.7833498,7677811.990387067,0.12373255667432376,0.14109370367064664,0.14993757054039908
E250_D60,21,0.5,1.0,0.1170668159071278,0.2017901574997101,0.4784376616162406,250000000.0,500000000.0,60000000.0,90000000.0,75000000.0,304894385.26551247,capacity_constrained,0.9835533277877805,0.0035003964734031303,0.9873593759841728,0.9999744356406305,245888331.94694513,59241562.55905037,74998082.67304729,0.176515376984127,5.934562251984127,30.081622023809523,3631804.840633681,0.1880512152777778,0.19703559027777778,19355415.68491113,7287865.433155531,0.12172162042983456,0.13539730968621402,0.1493614801692472
E250_D60,21,0.5,1.25,0.1170668159071278,0.2017901574997101,0.4784376616162406,250000000.0,500000000.0,60000000.0,90000000.0,75000000.0,304894385.26551247,capacity_constrained,0.9774720378846432,0.004726293008599342,0.995429698343541,0.9999741642357638,244368009.4711608,59725781.90061246,74998062.31768228,0.21964099702380951,5.242138516865079,52.93162264384921,3631092.762737475,0.19316282242063493,0.19926029265873016,19191881.23809515,6826315.594009222,0.11622742190279897,0.11510340890293413,0.14824921278838776
E250_D60,21,1.0,0.75,0.1170668159071278,0.2017901574997101,0.4784376616162406,250000000.0,500000000.0,60000000.0,90000000.0,75000000.0,304894385.26551247,capacity_constrained,0.9866378417266894,0.002975423506809779,0.976527183266459,0.9999745977816756,246659460.43167236,58591630.99598754,74998094.83362567,0.16134424603174602,6.046892981150794,18.63802765376984,3612093.6446980406,0.1873673115079365,0.19798053075396826,20138354.14622608,7805671.898894705,0.12449487479634895,0.14182188123686731,0.14940326003253046
E250_D60,21,1.0,1.0,0.1170668159071278,0.2017901574997101,0.4784376616162406,250000000.0,500000000.0,60000000.0,90000000.0,75000000.0,304894385.26551247,capacity_constrained,0.9849466298368261,0.0032515976575086462,0.9839078851394983,0.9999748103716422,246236657.45920658,59034473.1083699,74998110.77787316,0.16932973710317462,5.984337177579365,25.71393043154762,3616935.8524224954,0.18909164186507935,0.198648933531746,19834186.713432938,7532601.78973994,0.12280580501049146,0.13922214833522356,0.1489607970419352
E250_D60,21,1.0,1.25,0.1170668159071278,0.2017901574997101,0.4784376616162406,250000000.0,500000000.0,60000000.0,90000000.0,75000000.0,304894385.26551247,capacity_constrained,0.9814662132381451,0.00390892794406407,0.9919493914759719,0.9999742190477292,245366553.30953625,59516963.488558315,74998066.42857969,0.19216455853174602,5.6419258432539685,40.4001457093254,3616019.3329811506,0.19351004464285715,0.20091455853174603,19756494.91803408,7203169.522674418,0.11915708311587414,0.12707631022051244,0.1480933507800286
E250_D60,35,0.0,0.75,0.1211596378167212,0.2294762749968381,0.3348638470580465,250000000.0,500000000.0,60000000.0,90000000.0,75000000.0,328281194.05229217,capacity_constrained,0.9864318794930143,0.0032371402350838377,0.9996869084459876,0.9999620930208727,246607969.87325352,59981214.506759256,74997156.97656545,0.1286706349206349,9.031326264880953,94.37121279761905,2953626.7245796127,0.19638950892857143,0.20615203373015872,20816751.62618038,8118827.697410214,0.11092198471308604,0.08146052295609191,0.1492007182721942
E250_D60,35,0.0,1.0,0.1211596378167212,0.2294762749968381,0.3348638470580465,250000000.0,500000000.0,60000000.0,90000000.0,75000000.0,328281194.05229217,capacity_constrained,0.9791178061640191,0.005101842330440655,0.9998666304024899,0.9999619532630376,244779451.54100475,59991997.82414939,74997146.49472782,0.18594742063492065,7.734636656746032,141.3509623015873,2975805.15937438,0.19263640873015875,0.20071304563492062,19416836.466132477,7321837.384679087,0.10504811135403778,0.07260637749559413,0.14857331725294182
E250_D60,35,0.0,1.25,0.1211596378167212,0.2294762749968381,0.3348638470580465,250000000.0,500000000.0,60000000.0,90000000.0,75000000.0,328281194.05229217,capacity_constrained,0.9490002779021873,0.008817309266311158,0.9999628251663402,0.9999621537637313,237250069.47554684,59997769.50998041,74997161.53227985,0.3880791170634921,3.7535106646825396,247.83960131448413,2978107.249481647,0.19580171130952384,0.2001984126984127,18482232.06008874,6657567.847852636,0.08441794506105088,0.06493757942079786,0.14738469213708003
E250_D60,35,0.5,0.75,0.1211596378167212,0.2294762749968381,0.3348638470580465,250000000.0,500000000.0,60000000.0,90000000.0,75000000.0,328281194.05229217,capacity_constrained,0.9879301750999459,0.00282649398915627,0.9996514407997745,0.9999619645907563,246982543.77498645,59979086.44798647,74997147.34430672,0.11812934027777779,9.233546626984126,90.34037450396825,2941495.2712469,0.19866939484126983,0.20858072916666667,21304629.265268285,8298431.594134314,0.11148206840494776,0.08316707149295821,0.14875636364801958
E250_D60,35,0.5,1.0,0.1211596378167212,0.2294762749968381,0.3348638470580465,250000000.0,500000000.0,60000000.0,90000000.0,75000000.0,328281194.05229217,capacity_constrained,0.983227886008782,0.004119555735933732,0.9998232835469969,0.9999618289851888,245806971.50219548,59989397.01281981,74997137.17388916,0.15551339285714283,8.385814732142856,125.6951376488095,2959815.575985863,0.1954656498015873,0.20415240575396826,20172263.85724868,7646795.570690196,0.10783825961518254,0.07545713233469137,0.14824204851284956
E250_D60,35,0.5,1.25,0.1211596378167212,0.2294762749968381,0.3348638470580465,250000000.0,500000000.0,60000000.0,90000000.0,75000000.0,328281194.05229217,capacity_constrained,0.9670924024271594,0.0070960312441518,0.9999366818226589,0.999962043920974,241773100.60678986,59996200.90935954,74997153.29407305,0.27967137896825395,5.685683903769841,200.98332713293652,2965447.4117379715,0.19675285218253968,0.2024894593253968,19355773.862873495,7001754.216448544,0.09679993258387093,0.06749694437299689,0.1472185671092939
E250_D60,35,1.0,0.75,0.1211596378167212,0.2294762749968381,0.3348638470580465,250000000.0,500000000.0,60000000.0,90000000.0,75000000.0,328281194.05229217,capacity_constrained,0.9894147003396794,0.0024721025470243415,0.9996098937863146,0.9999620583371337,247353675.08491984,59976593.62717888,74997154.37528503,0.10880332341269841,9.417591145833335,86.26263206845238,2928593.6430295142,0.20100074404761903,0.2111173115079365,21820343.136021674,8485922.160862166,0.11181754021366286,0.08513228018541164,0.14821289025191953
E250_D60,35,1.0,1.0,0.1211596378167212,0.2294762749968381,0.3348638470580465,250000000.0,500000000.0,60000000.0,90000000.0,75000000.0,328281194.05229217,capacity_constrained,0.9864982278952227,0.003229238510273457,0.9997631638713484,0.9999618559852058,246624556.97380567,59985789.832280904,74997139.19889043,0.13056423611111112,8.917094494047621,110.96085751488096,2942916.8310993304,0.19871465773809527,0.20793402777777778,20967570.031543564,7994586.759309417,0.11075967577704454,0.07898215336742233,0.14782156058125673
E250_D60,35,1.0,1.25,0.1211596378167212,0.2294762749968381,0.3348638470580465,250000000.0,500000000.0,60000000.0,90000000.0,75000000.0,328281194.05229217,capacity_constrained,0.9787584747799858,0.005108048102968798,0.9998896376454377,0.9999617462625007,244689618.69499642,59993378.25872626,74997130.96968755,0.19335379464285712,7.3768030753968254,160.0853528025794,2949934.3328124997,0.19857886904761907,0.20568576388888887,20280298.859609276,7441168.123641488,0.10495822744298883,0.07152411253391572,0.14703604716065255
E250_D60,60,0.0,0.75,0.0816682106235291,0.2046910570850992,0.279675525753271,250000000.0,500000000.0,60000000.0,90000000.0,75000000.0,160896940.00019467,demand_constrained,0.5962010410707741,0.00946107425486882,0.9794470933653424,0.9999561368043478,149050260.26769352,58766825.601920545,74996710.26032609,0.9403633432539682,1.0000967261904763,18.803284970238096,3396893.926695809,0.1907124255952381,0.19072544642857142,11148425.719976952,8143818.890004579,0.0011553033302733203,0.1416299969128948,0.14931321872468034
E250_D60,60,0.0,1.0,0.0816682106235291,0.2046910570850992,0.279675525753271,250000000.0,500000000.0,60000000.0,90000000.0,75000000.0,160896940.00019467,demand_constrained,0.5909446783814911,0.009106446484594697,0.9841957155532074,0.9999557323720499,147736169.59537277,59051742.93319245,74996679.92790374,0.9450880456349207,1.0000638640873016,24.52349454365079,3396541.543953373,0.1926748511904762,0.19268229166666667,11034795.049485061,7924515.512426222,0.0009751115281126206,0.13841149569763728,0.14898295272267859
E250_D60,60,0.0,1.25,0.0816682106235291,0.2046910570850992,0.279675525753271,250000000.0,500000000.0,60000000.0,90000000.0,75000000.0,160896940.00019467,demand_constrained,0.5814743359588918,0.008511067667611826,0.9892517751711697,0.9999550873186132,145368583.98972294,59355106.51027018,74996631.54889598,0.9540593998015874,1.0000111607142856,34.807605406746035,3380672.68438058,0.19698660714285715,0.19698846726190478,11080217.921513889,7738969.033120515,0.00027290105085226184,0.13002750252710443,0.14843900223684542
E250_D60,60,0.5,0.75,0.0816682106235291,0.2046910570850992,0.279675525753271,250000000.0,500000000.0,60000000.0,90000000.0,75000000.0,160896940.00019467,demand_constrained,0.5978953972509258,0.009566666906687856,0.979346489767872,0.9999560301524683,149473849.31273144,58760789.386072315,74996702.26143512,0.9392516121031746,1.0001196676587303,18.808273189484126,3391589.8625930063,0.19145957341269842,0.19147383432539683,11236527.75203476,8184122.47988027,0.0015698783191116132,0.14188686241167398,0.148867469168879
E250_D60,60,0.5,1.0,0.0816682106235291,0.2046910570850992,0.279675525753271,250000000.0,500000000.0,60000000.0,90000000.0,75000000.0,160896940.00019467,demand_constrained,0.593786732652532,0.009271800964552176,0.9832217158764469,0.9999558190328216,148446683.16313303,58993302.952586815,74996686.42746162,0.9429650297619048,1.00007564484127,23.326972966269842,3392249.717540303,0.19312686011904762,0.19313678075396826,11143658.5251181,8008316.2269951645,0.000896853686365359,0.1395522333824538,0.1485914356037134
E250_D60,60,0.5,1.25,0.0816682106235291,0.2046910570850992,0.279675525753271,250000000.0,500000000.0,60000000.0,90000000.0,75000000.0,160896940.00019467,demand_constrained,0.5865187499624367,0.008784349014063293,0.9876009763666854,0.9999551033221592,146629687.49060917,59256058.58200113,74996632.74916194,0.9499888392857143,1.000021701388889,31.24340525793651,3380105.1848226683,0.1965575396825397,0.1965606398809524,11170437.162720751,7849754.825043208,0.0005458021017045237,0.13376673776001202,0.1481341240622447
E250_D60,60,1.0,0.75,0.0816682106235291,0.2046910570850992,0.279675525753271,250000000.0,500000000.0,60000000.0,90000000.0,75000000.0,160896940.00019467,demand_constrained,0.599726618575549,0.009686360006241915,0.9792335296685954,0.9999560071966712,149931654.64388725,58754011.78011572,74996700.53975034,0.9379854910714285,1.0001729910714285,18.785633060515874,3384114.572719494,0.19236793154761905,0.19238405257936508,11334222.192382924,8229102.484774365,0.0020239739419724238,0.14228117358443848,0.14833944942758134
E250_D60,60,1.0,1.0,0.0816682106235291,0.2046910570850992,0.279675525753271,250000000.0,500000000.0,60000000.0,90000000.0,75000000.0,160896940.00019467,demand_constrained,0.5967117852671993,0.009453479240524138,0.9821647181247103,0.9999559368371399,149177946.31679982,58929883.08748262,74996695.2627855,0.9408438740079366,1.000094246031746,22.093942212301585,3386150.3297346234,0.19346106150793652,0.1934734623015873,11266574.133678444,8099688.138592334,0.001249055816915259,0.14083213069052858,0.1481257394325884
E250_D60,60,1.0,1.25,0.0816682106235291,0.2046910570850992,0.279675525753271,250000000.0,500000000.0,60000000.0,90000000.0,75000000.0,160896940.00019467,demand_constrained,0.5915227706140769,0.009081120162379927,0.9856921227450305,0.9999552964773745,147880692.6535192,59141527.36470183,74996647.23580308,0.945874255952381,1.0000502232142858,27.722168278769836,3377251.294203249,0.19611049107142858,0.19611669146825397,11280438.611343805,7976617.119702372,0.0009517003191353663,0.13719797513591048,0.1477675746793808
E250_D60,75,0.0,0.75,0.0785108223582338,0.2013910565486362,0.253555905620326,250000000.0,500000000.0,60000000.0,90000000.0,75000000.0,151980206.51826182,demand_constrained,0.5663247680510306,0.009016117154326934,0.9697278775222162,0.9999509534271462,141581192.01275766,58183672.651332974,74996321.50703597,0.955720486111111,1.000053943452381,15.049916914682541,4067636.4804879716,0.1855140128968254,0.1855183531746032,10290821.178368995,7907138.490331213,0.000895180660910928,0.14143269747571213,0.14937120326971007
E250_D60,75,0.0,1.0,0.0785108223582338,0.2013910565486362,0.253555905620326,250000000.0,500000000.0,60000000.0,90000000.0,75000000.0,151980206.51826182,demand_constrained,0.5621564074705323,0.008724831902955787,0.9760014247494518,0.9999505739813592,140539101.8676331,58560085.48496711,74996293.04860194,0.9594593253968253,1.000021701388889,19.47812003968254,4057862.1475031003,0.18836495535714287,0.18836743551587304,10274309.490942106,7763028.968703648,0.00040935157627839275,0.14000249359352146,0.14905638648282335
E250_D60,75,0.0,1.25,0.0785108223582338,0.2013910565486362,0.253555905620326,250000000.0,500000000.0,60000000.0,90000000.0,75000000.0,151980206.51826182,demand_constrained,0.5547097113549309,0.008236365655348478,0.9827869984967986,0.9999504621715526,138677427.83873272,58967219.90980792,74996284.66286644,0.966235119047619,1.0,27.419081721230157,4040753.6686817957,0.1937593005952381,0.19375992063492065,10407036.76739558,7648650.215942235,0.0,0.13669045256428536,0.14856314312008168
E250_D60,75,0.5,0.75,0.0785108223582338,0.2013910565486362,0.253555905620326,250000000.0,500000000.0,60000000.0,90000000.0,75000000.0,151980206.51826182,demand_constrained,0.5676293125378744,0.009100350924919507,0.9696926218870584,0.9999509248352432,141907328.13446862,58181557.3132235,74996319.36264324,0.9549311755952381,1.0000613839285715,15.11067150297619,4063611.3462909227,0.18615265376984125,0.1861594742063492,10358871.614070572,7938226.781493154,0.0009317424690056622,0.1416878344999211,0.14893547880701113
E250_D60,75,0.5,1.0,0.0785108223582338,0.2013910565486362,0.253555905620326,250000000.0,500000000.0,60000000.0,90000000.0,75000000.0,151980206.51826182,demand_constrained,0.5643658586958795,0.008865082191328375,0.9747788014948711,0.9999505902827327,141091464.6739699,58486728.089692265,74996294.27120495,0.9578893849206349,1.000029761904762,18.613837425595236,4056912.0094326637,0.18862165178571427,0.18862599206349207,10346533.299522944,7825129.782656837,0.0006023217599289619,0.1406312337745943,0.14868072951674646
E250_D60,75,0.5,1.25,0.0785108223582338,0.2013910565486362,0.253555905620326,250000000.0,500000000.0,60000000.0,90000000.0,75000000.0,151980206.51826182,demand_constrained,0.5586692482414599,0.008468261253927719,0.9806221395243749,0.9999506060543444,139667312.06036496,58837328.371462494,74996295.45407583,0.9632341269841269,1.0000099206349207,24.727169518849205,4044216.8194239833,0.19282490079365078,0.1928267609126984,10445497.328800347,7726138.6978125125,0.00019297018365056922,0.1379462623341336,0.1482644152775831
E250_D60,75,1.0,0.75,0.0785108223582338,0.2013910565486362,0.253555905620326,250000000.0,500000000.0,60000000.0,90000000.0,75000000.0,151980206.51826182,demand_constrained,0.5690383248851503,0.009198551947354066,0.9696456129644272,0.9999508474609399,142259581.2212876,58178736.77786563,74996313.55957049,0.9541679067460317,1.0000675843253968,15.152105654761904,4059242.4358562743,0.18697420634920636,0.18698164682539684,10434512.237125415,7973196.066350045,0.000931742469005662,0.14213757697070306,0.14843314764350374
E250_D60,75,1.0,1.0,0.0785108223582338,0.2013910565486362,0.253555905620326,250000000.0,500000000.0,60000000.0,90000000.0,75000000.0,151980206.51826182,demand_constrained,0.5666606980594495,0.009016558428669021,0.9734629101421374,0.9999504025139704,141665174.5148624,58407774.60852824,74996280.18854778,0.9561979166666666,1.0000452628968253,17.71937003968254,4053344.2249962795,0.18872581845238096,0.18873015873015875,10422778.933126274,7887439.758678753,0.000895180660910928,0.14121418770006194,0.14822760761200343
E250_D60,75,1.0,1.25,0.0785108223582338,0.2013910565486362,0.253555905620326,250000000.0,500000000.0,60000000.0,90000000.0,75000000.0,151980206.51826182,demand_constrained,0.5625898661268687,0.008712579772003628,0.9781311920982669,0.9999503981812942,140647466.53171718,58687871.52589601,74996279.86359707,0.9602002728174603,1.0000167410714287,22.0755611359127,4046470.6034833826,0.19195808531746034,0.19196118551587305,10496099.21211568,7815834.365255507,0.00027290105085226184,0.13983461514866274,0.147900652724678
E300_D77,21,0.0,0.75,0.1170668159071278,0.2017901574997101,0.4784376616162406,300000000.0,600000000.0,77000000.0,90000000.0,75000000.0,304894385.26551247,capacity_constrained,0.8752903286165292,0.010935885035221166,0.8710902139313441,0.9999774157989549,262587098.5849588,67073946.47271349,74998306.18492162,0.6248040674603175,1.140087425595238,1.3957514880952382,3146428.2940910216,0.3253732638888889,0.3293216765873016,42816444.81264659,18211953.41007499,0.061579214477726095,0.07059725572505748,0.15081557186205205
E300_D77,21,0.0,1.0,0.1170668159071278,0.2017901574997101,0.4784376616162406,300000000.0,600000000.0,77000000.0,90000000.0,75000000.0,304894385.26551247,capacity_constrained,0.8578143792311446,0.010859251156814942,0.9042559044744295,0.9999767748766112,257344313.76934338,69627704.64453107,74998258.11574584,0.6600341021825398,1.0981231398809523,1.7177529761904762,3043247.707886285,0.3673418898809524,0.3698914930555556,47784336.17913826,19975897.71084912,0.04683348091607793,0.08492442254223614,0.14958991585558956
E300_D77,21,0.0,1.25,0.1170668159071278,0.2017901574997101,0.4784376616162406,300000000.0,600000000.0,77000000.0,90000000.0,75000000.0,304894385.26551247,capacity_constrained,0.8216771373528936,0.010354093152176074,0.9444842969944841,0.9999759906723553,246503141.20586804,72725290.86857527,74998199.30042665,0.7335416666666666,1.0328645833333332,2.8388684275793654,2859821.197278646,0.4342175099206349,0.43510354662698414,56461051.4867159,23296949.16654198,0.024736493979949155,0.10234500569296487,0.14735759562166612
E300_D77,21,0.5,0.75,0.1170668159071278,0.2017901574997101,0.4784376616162406,300000000.0,600000000.0,77000000.0,90000000.0,75000000.0,304894385.26551247,capacity_constrained,0.8769766159079184,0.010939006004435162,0.8659739773528483,0.9999773778511389,263092984.77237552,66679996.25616932,74998303.33883542,0.6210404265873015,1.1443179563492063,1.3643718998015875,3146658.4532310264,0.3213349454365079,0.32547061011904765,42490310.892208844,18099697.801472507,0.06366572822676256,0.0693771057670409,0.15013457407077244
E300_D77,21,0.5,1.0,0.1170668159071278,0.2017901574997101,0.4784376616162406,300000000.0,600000000.0,77000000.0,90000000.0,75000000.0,304894385.26551247,capacity_constrained,0.8634458618111522,0.010891376556506129,0.8932956106904049,0.9999769273952596,259033758.54334572,68783762.02316117,74998269.55464447,0.6490296378968254,1.1093570188492063,1.5831206597222223,3062885.3558643353,0.3548716517857143,0.3578273809523809,46481474.60651931,19512881.844194684,0.05031759776923553,0.07995299922129209,0.14904275464380612
E300_D77,21,0.5,1.25,0.1170668159071278,0.2017901574997101,0.4784376616162406,300000000.0,600000000.0,77000000.0,90000000.0,75000000.0,304894385.26551247,capacity_constrained,0.8354959301498062,0.010577275748605546,0.9294181822505632,0.9999764978166465,250648779.0449418,71565200.03329337,74998237.33624849,0.7040364583333334,1.0553968253968253,2.255853794642857,2909727.7844481645,0.41082031249999995,0.41206473214285716,53784857.29308361,22244100.758683488,0.032294115003481914,0.09672150839981562,0.1470078639490152
E300_D77,21,1.0,0.75,0.1170668159071278,0.2017901574997101,0.4784376616162406,300000000.0,600000000.0,77000000.0,90000000.0,75000000.0,304894385.26551247,capacity_constrained,0.8786357383296612,0.01094232585071408,0.8607184716383289,0.999977348048654,263590721.4988984,66275322.31615133,74998301.10364905,0.6173158482142858,1.1489254712301586,1.3353348214285714,3146667.7318489584,0.31739459325396824,0.32168216765873014,42162685.105059735,17986963.7343063,0.06605930071954473,0.06785856370844037,0.14940463360430623
E300_D77,21,1.0,1.0,0.1170668159071278,0.2017901574997101,0.4784376616162406,300000000.0,600000000.0,77000000.0,90000000.0,75000000.0,304894385.26551247,capacity_constrained,0.8689626864347528,0.010913962092629766,0.8815124440189694,0.9999772082425614,260688805.93042585,67876458.18946065,74998290.6181921,0.6381150793650794,1.1213895089285715,1.4729179067460318,3083694.35046813,0.34188926091269844,0.3452920386904762,45118798.69250043,19034368.748026352,0.05453415065271515,0.07489909511818867,0.14850892411121983
E300_D77,21,1.0,1.25,0.1170668159071278,0.2017901574997101,0.4784376616162406,300000000.0,600000000.0,77000000.0,90000000.0,75000000.0,304894385.26551247,capacity_constrained,0.8490902201850383,0.010731397116914178,0.9112831899218501,0.9999765496795457,254727066.05551147,70168805.62398246,74998241.22596593,0.677173859126984,1.0783717757936508,1.8383401537698412,2966386.0132576884,0.38472098214285716,0.38662636408730156,50718649.08580709,21092852.51613842,0.04067498009936901,0.08854898968847096,0.14680579168289498
E300_D77,35,0.0,0.75,0.1211596378167212,0.2294762749968381,0.3348638470580465,300000000.0,600000000.0,77000000.0,90000000.0,75000000.0,328281194.05229217,capacity_constrained,0.8413882058901869,0.011035987955483592,0.9862931401612821,0.9999644073084663,252416461.76705608,75944571.79241872,74997330.54813497,0.6784716021825397,1.1715364583333332,6.1456578621031746,2105815.4302269346,0.5043036954365079,0.5066604662698413,72737370.03866196,32452734.33728544,0.048556215243131806,0.13363907883954224,0.15035847485993312
E300_D77,35,0.0,1.0,0.1211596378167212,0.2294762749968381,0.3348638470580465,300000000.0,600000000.0,77000000.0,90000000.0,75000000.0,328281194.05229217,capacity_constrained,0.8285927571823564,0.01118479819361671,0.9917916477932489,0.9999632789464543,248577827.1547069,76367956.88008016,74997245.92098407,0.7104799107142857,1.1091462053571428,8.785147569444444,2080639.0540259178,0.5137053571428571,0.5153062996031745,72348031.61057866,31823682.649663404,0.03837037588480842,0.12515551414195109,0.1490689106275775
E300_D77,35,0.0,1.25,0.1211596378167212,0.2294762749968381,0.3348638470580465,300000000.0,600000000.0,77000000.0,90000000.0,75000000.0,328281194.05229217,capacity_constrained,0.7938112140707815,0.01047049383363479,0.9965589318124622,0.9999612233770883,238143364.22123447,76735037.7495596,74997091.75328162,0.7908252728174603,1.017435515873016,15.239671999007935,2001519.7713386656,0.5289112103174604,0.5295374503968254,72365416.85724983,31698491.102743506,0.016340155694699692,0.11127317781481852,0.1469151535749231
E300_D77,35,0.5,0.75,0.1211596378167212,0.2294762749968381,0.3348638470580465,300000000.0,600000000.0,77000000.0,90000000.0,75000000.0,328281194.05229217,capacity_constrained,0.8424296808806389,0.010972950420265174,0.9853522051128509,0.9999639156435541,252728904.26419166,75872119.79368952,74997293.67326656,0.6752920386904762,1.1792305307539683,5.85172371031746,2093090.6802077135,0.5048821924603175,0.5073301091269842,73387508.94816789,32757171.948762283,0.05020658614331504,0.13409918732854556,0.14913739562302994
E300_D77,35,0.5,1.0,0.1211596378167212,0.2294762749968381,0.3348638470580465,300000000.0,600000000.0,77000000.0,90000000.0,75000000.0,328281194.05229217,capacity_constrained,0.833076858414818,0.011123010917946373,0.9901593709141117,0.999964044109584,249923057.5244454,76242271.5603866,74997303.30821879,0.6989546130952382,1.1334083581349206,7.761246279761904,2073288.8713312251,0.5128596230158731,0.5146657986111112,73215928.54280415,32284761.28858631,0.042215177635299944,0.1278035439631481,0.1480356058041987
E300_D77,35,0.5,1.25,0.1211596378167212,0.2294762749968381,0.3348638470580465,300000000.0,600000000.0,77000000.0,90000000.0,75000000.0,328281194.05229217,capacity_constrained,0.8081650658102646,0.010851625601765455,0.9949900145302066,0.9999619483107287,242449519.74307942,76614231.11882591,74997146.12330465,0.7587543402777777,1.0408959573412697,12.236736731150794,2012723.135332341,0.526368427579365,0.5272383432539682,73544133.16183463,32165903.297929645,0.024740481108257523,0.11730976053507489,0.14610689458984133
E300_D77,35,1.0,0.75,0.1211596378167212,0.2294762749968381,0.3348638470580465,300000000.0,600000000.0,77000000.0,90000000.0,75000000.0,328281194.05229217,capacity_constrained,0.8434118607722352,0.010906922313492749,0.9843377170491604,0.9999633103428529,253023558.23167056,75794004.21278535,74997248.27571397,0.6724925595238096,1.1860094246031747,5.570512152777778,2080167.8791400047,0.5054284474206349,0.5079414682539682,74034483.11269914,33068719.22575251,0.05151224661271382,0.13447441423316217,0.147836705545257
E300_D77,35,1.0,1.0,0.1211596378167212,0.2294762749968381,0.3348638470580465,300000000.0,600000000.0,77000000.0,90000000.0,75000000.0,328281194.05229217,capacity_constrained,0.8369669163570281,0.011045780769883827,0.9882270149473,0.9999637522774947,251090074.90710843,76093480.1509421,74997281.4208121,0.6885695684523809,1.1555332341269842,6.843465401785714,2063041.0891331844,0.511555679563492,0.5135999503968254,74047848.17992033,32760281.0185353,0.04605321294937416,0.13116759004709921,0.1469729295330055
E300_D77,35,1.0,1.25,0.1211596378167212,0.2294762749968381,0.3348638470580465,300000000.0,600000000.0,77000000.0,90000000.0,75000000.0,328281194.05229217,capacity_constrained,0.8208087896269591,0.011038140367898512,0.9927362889089786,0.9999620854531308,246242636.88808775,76440694.24599135,74997156.40898481,0.7278769841269842,1.0830741567460318,9.648028273809523,2022988.9168625993,0.5227622767857143,0.5239632936507936,74552434.29983054,32671307.513610583,0.033136161400753344,0.12348385831768195,0.14545275522407528
E300_D77,60,0.0,0.75,0.0816682106235291,0.2046910570850992,0.279675525753271,300000000.0,600000000.0,77000000.0,90000000.0,75000000.0,160896940.00019467,demand_constrained,0.4667798783973802,0.006897346092711593,0.8691586308746907,0.9999601918211138,140033963.5192141,66925214.57735118,74997014.38658354,0.9911532738095238,1.0,1.3956646825396826,2959881.7080505956,0.33080791170634916,0.33080791170634916,22683566.13679769,19314633.07238054,0.0,0.0717456705845326,0.1501816814756236
E300_D77,60,0.0,1.0,0.0816682106235291,0.2046910570850992,0.279675525753271,300000000.0,600000000.0,77000000.0,90000000.0,75000000.0,160896940.00019467,demand_constrained,0.4620173385171966,0.006728411228950778,0.8826215072163469,0.9999599241851527,138605201.55515897,67961856.05565871,74996994.31388645,0.9926302083333334,1.0,1.501068328373016,2911571.1015221975,0.3479414682539682,0.3479414682539682,23839052.428981934,20092904.718583778,0.0,0.07746628998763924,0.14973540223706577
E300_D77,60,0.0,1.25,0.0816682106235291,0.2046910570850992,0.279675525753271,300000000.0,600000000.0,77000000.0,90000000.0,75000000.0,160896940.00019467,demand_constrained,0.45411769725434065,0.006428052730983849,0.8999785515664572,0.9999587568749078,136235309.1763022,69298348.4706172,74996906.76561809,0.9947867063492064,1.0,1.6970331101190474,2830382.6130059524,0.3737586805555556,0.3737586805555556,25743491.325010184,21408777.870221928,0.0,0.08443351544477892,0.14903204909798515
E300_D77,60,0.5,0.75,0.0816682106235291,0.2046910570850992,0.279675525753271,300000000.0,600000000.0,77000000.0,90000000.0,75000000.0,160896940.00019467,demand_constrained,0.46704731262768523,0.006911765994083284,0.8687212883533499,0.9999601229255343,140114193.78830558,66891539.20320795,74997009.21941507,0.9910106646825396,1.0,1.3910038442460317,2953897.6342627727,0.3310931299603175,0.3310931299603175,22729233.279894765,19348395.234993078,0.0,0.0713331096311898,0.1494348434185381
E300_D77,60,0.5,1.0,0.0816682106235291,0.2046910570850992,0.279675525753271,300000000.0,600000000.0,77000000.0,90000000.0,75000000.0,160896940.00019467,demand_constrained,0.4632895529287652,0.00678066914596822,0.8794714037214699,0.9999598671601695,138986865.87862957,67719298.08655319,74996990.03701271,0.9921961805555556,1.0,1.4717460317460318,2915811.295925719,0.34469370039682545,0.34469370039682545,23646657.959137894,19965871.944439776,0.0,0.07625395251566548,0.14903433297355081
E300_D77,60,0.5,1.25,0.0816682106235291,0.2046910570850992,0.279675525753271,300000000.0,600000000.0,77000000.0,90000000.0,75000000.0,160896940.00019467,demand_constrained,0.4570760767705535,0.006541299804962501,0.8936980927772363,0.9999589060116494,137122823.03116602,68814753.1438472,74996917.9508737,0.9940271577380952,1.0,1.6153106398809522,2852204.315643601,0.3653552827380952,0.3653552827380952,25158588.989326082,21001246.38893702,0.0,0.08185935167076458,0.1483906479803765
E300_D77,60,1.0,0.75,0.0816682106235291,0.2046910570850992,0.279675525753271,300000000.0,600000000.0,77000000.0,90000000.0,75000000.0,160896940.00019467,demand_constrained,0.4673023671514221,0.006927617885046474,0.8682563835520315,0.9999599800665084,140190710.14542663,66855741.53350642,74996998.50498813,0.9908699156746031,1.0,1.3863318452380953,2947726.3376494297,0.3314856150793651,0.3314856150793651,22780635.096803237,19387123.31379982,0.0,0.07125125353246899,0.14863124549194484
E300_D77,60,1.0,1.0,0.0816682106235291,0.2046910570850992,0.279675525753271,300000000.0,600000000.0,77000000.0,90000000.0,75000000.0,160896940.00019467,demand_constrained,0.46456083936310455,0.006831634021274946,0.8762031523676902,0.9999598832033945,139368251.80893135,67467642.73231214,74996991.24025458,0.9917460317460317,1.0,1.4433717757936508,2920078.764320437,0.3414583333333333,0.3414583333333333,23454070.725768942,19840588.33927212,0.0,0.07494715549517234,0.1483035688305488
E300_D77,60,1.0,1.25,0.0816682106235291,0.2046910570850992,0.279675525753271,300000000.0,600000000.0,77000000.0,90000000.0,75000000.0,160896940.00019467,demand_constrained,0.46003363720144286,0.006656495970228534,0.8869986462628251,0.99995917371195,138010091.16043288,68298895.76223753,74996938.02839625,0.9931696428571428,1.0,1.540552455357143,2873033.1139781745,0.3566003224206349,0.3566003224206349,24565788.456681892,20597244.276042715,0.0,0.07938527522632294,0.14778017041135094
E300_D77,75,0.0,0.75,0.0785108223582338,0.2013910565486362,0.253555905620326,300000000.0,600000000.0,77000000.0,90000000.0,75000000.0,151980206.51826182,demand_constrained,0.44797842040809543,0.0066463793835202754,0.8444513713772442,0.999955653186927,134393526.12242863,65022755.596047804,74996673.98901953,0.9932614087301587,1.0,1.2675626240079367,3684328.236292783,0.3005921378968254,0.3005921378968254,19368022.680711787,17211847.253436044,0.0,0.06192223600537163,0.15022293433152253
E300_D77,75,0.0,1.0,0.0785108223582338,0.2013910565486362,0.253555905620326,300000000.0,600000000.0,77000000.0,90000000.0,75000000.0,151980206.51826182,demand_constrained,0.4438199062727747,0.00649640392376156,0.8582673220313505,0.9999556181914285,133145971.88183239,66086583.79641399,74996671.36435714,0.9943551587301587,1.0,1.3361842757936508,3630326.867903646,0.3170746527777778,0.3170746527777778,20406155.546394847,17939847.9430307,0.0,0.06645183695122443,0.1498225430248427
E300_D77,75,0.0,1.25,0.0785108223582338,0.2013910565486362,0.253555905620326,300000000.0,600000000.0,77000000.0,90000000.0,75000000.0,151980206.51826182,demand_constrained,0.43693227586041405,0.006220985187711668,0.8762441539636189,0.9999553046628722,131079682.75812422,67470799.85519865,74996647.84971541,0.9959126984126984,1.0,1.4621428571428572,3538975.8524187747,0.34193328373015874,0.34193328373015874,22125217.442914106,19172145.587736957,0.0,0.07303190667298581,0.14918078608684182
E300_D77,75,0.5,0.75,0.0785108223582338,0.2013910565486362,0.253555905620326,300000000.0,600000000.0,77000000.0,90000000.0,75000000.0,151980206.51826182,demand_constrained,0.44818330576750165,0.006660552630983787,0.8442329368924583,0.9999555498159214,134454991.73025048,65005936.14071929,74996666.2361941,0.9931429811507937,1.0,1.2652759176587303,3679052.2409356395,0.30109747023809524,0.30109747023809524,19413059.448329333,17246741.965348378,0.0,0.0621177989602889,0.14955933409324768
E300_D77,75,0.5,1.0,0.0785108223582338,0.2013910565486362,0.253555905620326,300000000.0,600000000.0,77000000.0,90000000.0,75000000.0,151980206.51826182,demand_constrained,0.4449100371175412,0.00654188285592589,0.8552307310289493,0.99995555888858,133473011.13526234,65852766.289229095,74996666.9166435,0.9940271577380952,1.0,1.3180927579365078,3636312.1325520836,0.3140674603174603,0.3140674603174603,20233377.198028766,17820856.027465664,0.0,0.06566080509831344,0.14919878850962062
E300_D77,75,0.5,1.25,0.0785108223582338,0.2013910565486362,0.253555905620326,300000000.0,600000000.0,77000000.0,90000000.0,75000000.0,151980206.51826182,demand_constrained,0.4395091415638855,0.006327775774786026,0.869872147620547,0.9999553601327408,131852742.46916565,66980155.36678212,74996652.00995556,0.9953397817460317,1.0,1.4106969246031746,3564518.076853919,0.3337437996031746,0.3337437996031746,21588769.107285995,18786176.55353392,0.0,0.07015067447220426,0.14861755917264907
E300_D77,75,1.0,0.75,0.0785108223582338,0.2013910565486362,0.253555905620326,300000000.0,600000000.0,77000000.0,90000000.0,75000000.0,151980206.51826182,demand_constrained,0.44837955508495475,0.006674216302143693,0.8439883741019578,0.9999554742477701,134513866.52548647,64987104.80585075,74996660.56858276,0.9930307539682539,1.0,1.2630388144841271,3673429.005285218,0.3015984623015873,0.3015984623015873,19462240.31956449,17286037.79604239,0.0,0.06214085101559926,0.14882442352352168
E300_D77,75,1.0,1.0,0.0785108223582338,0.2013910565486362,0.253555905620326,300000000.0,600000000.0,77000000.0,90000000.0,75000000.0,151980206.51826182,demand_constrained,0.4459978506491885,0.006587328931776762,0.8520944446764152,0.9999554705454476,133799355.19475655,65611272.24008396,74996660.29090858,0.9936917162698413,1.0,1.3007669890873017,3642288.959167907,0.3110621279761905,0.3110621279761905,20061387.17324532,17704425.547503427,0.0,0.0647053208089128,0.1485341244659678
E300_D77,75,1.0,1.25,0.0785108223582338,0.2013910565486362,0.253555905620326,300000000.0,600000000.0,77000000.0,90000000.0,75000000.0,151980206.51826182,demand_constrained,0.442076052563365,0.0064342682504298036,0.8631275947242906,0.9999553982383712,132622815.7690095,66460824.79377037,74996654.86787784,0.9947123015873016,1.0,1.3634071180555556,3590724.160569196,0.3255995783730159,0.3255995783730159,21050937.48940272,18404868.8510449,0.0,0.06780916163051579,0.1480644419717742
E300_D80,21,0.0,0.75,0.1170668159071278,0.2017901574997101,0.4784376616162406,300000000.0,600000000.0,80000000.0,90000000.0,75000000.0,304894385.26551247,capacity_constrained,0.8706648095095058,0.011335318829467856,0.8430493025378464,0.9999769624660119,261199442.85285175,67443944.20302771,74998272.18495089,0.6367491319444445,1.1026178075396826,1.1630425347222222,3098214.730144469,0.33790550595238095,0.34176463293650794,44918861.03952198,19449306.78806652,0.0588742274365595,0.047139137305772946,0.1508840822810775
E300_D80,21,0.0,1.0,0.1170668159071278,0.2017901574997101,0.4784376616162406,300000000.0,600000000.0,80000000.0,90000000.0,75000000.0,304894385.26551247,capacity_constrained,0.850715216186954,0.011184405785078557,0.8771405581624657,0.9999769767271459,255214564.8560862,70171244.65299726,74998273.25453594,0.677249503968254,1.060851314484127,1.2947501240079364,2972853.023801463,0.3857862103174603,0.3882173859126984,50958111.33295583,21808372.541870907,0.04132657590061874,0.05757074602418411,0.1496822324085404
E300_D80,21,0.0,1.25,0.1170668159071278,0.2017901574997101,0.4784376616162406,300000000.0,600000000.0,80000000.0,90000000.0,75000000.0,304894385.26551247,capacity_constrained,0.8095090968940672,0.010273232492337166,0.9206689208254725,0.9999754648450837,242852729.06822017,73653513.6660378,74998159.86338128,0.7592838541666667,1.0157992311507935,1.7534486607142856,2744276.814193328,0.46538132440476193,0.4661693948412698,62099873.656374894,26532659.84417601,0.01884347819296984,0.07571969960953945,0.14751551325849932
E300_D80,21,0.5,0.75,0.1170668159071278,0.2017901574997101,0.4784376616162406,300000000.0,600000000.0,80000000.0,90000000.0,75000000.0,304894385.26551247,capacity_constrained,0.872560074113951,0.011340325992674332,0.8378795619528302,0.9999769211725629,261768022.23418528,67030364.956226416,74998269.08794221,0.6324305555555555,1.1078038194444444,1.1497327628968255,3100840.8772588046,0.33308717757936507,0.33713665674603177,44476418.92285564,19282804.525161393,0.06141747597989181,0.04578195030630412,0.1501738576106955
E300_D80,21,0.5,1.0,0.1170668159071278,0.2017901574997101,0.4784376616162406,300000000.0,600000000.0,80000000.0,90000000.0,75000000.0,304894385.26551247,capacity_constrained,0.8572146117883847,0.011268922443273727,0.8657506997923249,0.9999768044625856,257164383.53651538,69260055.983386,74998260.33469392,0.6643501984126985,1.0716927083333334,1.2394779265873015,3000979.1005301336,0.371022445436508,0.37388516865079363,49237687.24811147,21128287.407328896,0.046566807569231955,0.054078500281032116,0.14910673869123645
E300_D80,21,0.5,1.25,0.1170668159071278,0.2017901574997101,0.4784376616162406,300000000.0,600000000.0,80000000.0,90000000.0,75000000.0,304894385.26551247,capacity_constrained,0.8252914310973934,0.010670467198935206,0.9039886385811023,0.9999760893662037,247587429.32921803,72319091.08648819,74998206.70246528,0.7268284970238095,1.028280009920635,1.5123902529761906,2813711.8356299605,0.4360342261904762,0.4371788194444445,58304189.254163966,24867195.108278815,0.027006982793864154,0.06892179420968035,0.1470986487924853
E300_D80,21,1.0,0.75,0.1170668159071278,0.2017901574997101,0.4784376616162406,300000000.0,600000000.0,80000000.0,90000000.0,75000000.0,304894385.26551247,capacity_constrained,0.8744198305854862,0.011342470980521175,0.832589597941992,0.9999769040856783,262325949.17564586,66607167.835359365,74998267.80642587,0.628110119047619,1.113196304563492,1.1375229414682542,3103132.011951265,0.3284437003968254,0.3326624503968254,44037859.26059626,19119000.71543497,0.06379151388582968,0.04451609967344315,0.14942985909257167
E300_D80,21,1.0,1.0,0.1170668159071278,0.2017901574997101,0.4784376616162406,300000000.0,600000000.0,80000000.0,90000000.0,75000000.0,304894385.26551247,capacity_constrained,0.8635173429431874,0.011330679973088054,0.8536503591363381,0.9999767850139943,259055202.8829562,68292028.73090705,74998258.87604958,0.6517584325396826,1.083983134920635,1.193865947420635,3029547.1505487347,0.3558172123015873,0.35912574404761904,47511202.97371365,20455265.64821551,0.05118606541589468,0.050521934100786606,0.14853746231718018
E300_D80,21,1.0,1.25,0.1170668159071278,0.2017901574997101,0.4784376616162406,300000000.0,600000000.0,80000000.0,90000000.0,75000000.0,304894385.26551247,capacity_constrained,0.8409759274861957,0.01102011481517802,0.8845309959650713,0.9999765432386373,252292778.24585873,70762479.67720571,74998240.7428978,0.6959672619047619,1.0450130208333333,1.3416214037698413,2889573.882594246,0.40452442956349205,0.40630890376984125,54221315.633074135,23158052.487104096,0.03591381537235146,0.059995057642554195,0.14684638842662712
E300_D80,35,0.0,0.75,0.1211596378167212,0.2294762749968381,0.3348638470580465,300000000.0,600000000.0,80000000.0,90000000.0,75000000.0,328281194.05229217,capacity_constrained,0.8081540947001074,0.010858075371279006,0.9755861273279842,0.9999634197240911,242446228.4100322,78046890.18623874,74997256.47930683,0.7436607142857143,1.078998015873016,3.6527697172619047,1919891.7760305062,0.5742156498015873,0.576000744047619,85847950.91109383,40441628.57113122,0.034442285068983225,0.11979387683858272,0.15091406039621177
E300_D80,35,0.0,1.0,0.1211596378167212,0.2294762749968381,0.3348638470580465,300000000.0,600000000.0,80000000.0,90000000.0,75000000.0,328281194.05229217,capacity_constrained,0.7934826566156371,0.010841982114503232,0.9837690712993968,0.9999623158527243,238044796.98469114,78701525.70395175,74997173.68895432,0.7748722718253969,1.0492534722222224,5.006017485119047,1875530.5648139883,0.5918656994047619,0.5929786706349206,87317422.68169165,40787834.351500176,0.027735160178609917,0.12103246476841412,0.14965063467087603
E300_D80,35,0.0,1.25,0.1211596378167212,0.2294762749968381,0.3348638470580465,300000000.0,600000000.0,80000000.0,90000000.0,75000000.0,328281194.05229217,capacity_constrained,0.7608588893690255,0.010169748938653123,0.9917336453141201,0.9999600676897422,228257666.81070763,79338691.62512961,74997005.07673067,0.8448363095238096,1.0071335565476192,8.283643973214286,1768595.733965774,0.6160658482142858,0.6165004960317461,89728682.19040164,41979717.22579731,0.01177025299669518,0.11331908226505963,0.14750961527333112
E300_D80,35,0.5,0.75,0.1211596378167212,0.2294762749968381,0.3348638470580465,300000000.0,600000000.0,80000000.0,90000000.0,75000000.0,328281194.05229217,capacity_constrained,0.8091842886424645,0.010831213709848847,0.974223541565018,0.9999633987888213,242755286.5927393,77937883.32520144,74997254.9091616,0.74109623015873,1.082086433531746,3.5004253472222224,1911030.2194010417,0.5732397073412698,0.5751140873015874,86225179.02359414,40645898.74918981,0.03554336164795015,0.11888066193594715,0.14952015872698687
E300_D80,35,0.5,1.0,0.1211596378167212,0.2294762749968381,0.3348638470580465,300000000.0,600000000.0,80000000.0,90000000.0,75000000.0,328281194.05229217,capacity_constrained,0.7977360757892318,0.010847698651694422,0.9812716879562561,0.9999623149895195,239320822.7367695,78501735.03650048,74997173.62421396,0.7651773313492063,1.0598660714285715,4.47794208829365,1874526.766641865,0.5881727430555557,0.5894735863095238,87595754.71916589,41003625.305228874,0.02989575730977358,0.12102725755398533,0.14843391593129787
E300_D80,35,0.5,1.25,0.1211596378167212,0.2294762749968381,0.3348638470580465,300000000.0,600000000.0,80000000.0,90000000.0,75000000.0,328281194.05229217,capacity_constrained,0.7729920769199138,0.010464108834169,0.9889296512181232,0.9999604437970236,231897623.0759741,79114372.09744985,74997033.28477678,0.8188268849206348,1.01722408234127,6.741385788690476,1791173.2516028027,0.6095343501984127,0.6101209077380952,90003989.09235099,42037880.110308014,0.016189159396189298,0.11835885885869951,0.1465145965915288
E300_D80,35,1.0,0.75,0.1211596378167212,0.2294762749968381,0.3348638470580465,300000000.0,600000000.0,80000000.0,90000000.0,75000000.0,328281194.05229217,capacity_constrained,0.8101580234075327,0.010794312217873983,0.9727719233611861,0.9999635753315226,243047407.02225983,77821753.86889489,74997268.1498642,0.738772941468254,1.084983878968254,3.3542113095238095,1902163.6669804067,0.5722321428571429,0.5741772073412699,86596240.54775363,40853680.323546454,0.03680599208602808,0.11834867814118263,0.14806142948908166
E300_D80,35,1.0,1.0,0.1211596378167212,0.2294762749968381,0.3348638470580465,300000000.0,600000000.0,80000000.0,90000000.0,75000000.0,328281194.05229217,capacity_constrained,0.8018101679615752,0.010819755184655312,0.978395223302595,0.9999622964524237,240543050.38847262,78271617.8642076,74997172.23393178,0.7558953373015873,1.0699373759920636,4.005072544642857,1871440.7098635912,0.5837636408730158,0.5852914186507937,87768383.51031965,41184020.14539841,0.032422340666329076,0.12057412360801813,0.14720739923758303
E300_D80,35,1.0,1.25,0.1211596378167212,0.2294762749968381,0.3348638470580465,300000000.0,600000000.0,80000000.0,90000000.0,75000000.0,328281194.05229217,capacity_constrained,0.7844251488315366,0.010648724468690883,0.9852301733389951,0.9999611207975865,235327544.649461,78818413.86711961,74997084.05981898,0.793108878968254,1.035610119047619,5.422301587301588,1813168.9079061262,0.6015531994047619,0.6023604910714286,89949990.34714212,42041545.92101744,0.023398320038064142,0.12050129753414518,0.14568670419131924
E300_D80,60,0.0,0.75,0.0816682106235291,0.2046910570850992,0.279675525753271,300000000.0,600000000.0,80000000.0,90000000.0,75000000.0,160896940.00019467,demand_constrained,0.46341691721198064,0.006930371436568691,0.8412940370751567,0.9999594929822397,139025075.1635942,67303522.96601254,74996961.97366798,0.9914521329365079,1.0,1.1658196924603175,2918431.9474262153,0.3435057043650794,0.3435057043650794,23785149.80226697,20614518.503130447,0.0,0.047615066990324736,0.15025636202607034
E300_D80,60,0.0,1.0,0.0816682106235291,0.2046910570850992,0.279675525753271,300000000.0,600000000.0,80000000.0,90000000.0,75000000.0,160896940.00019467,demand_constrained,0.4582155291991844,0.006759986129263164,0.8549887429493721,0.999959310869452,137464658.7597553,68399099.43594977,74996948.3152089,0.992913566468254,1.0,1.209131324404762,2864608.362974331,0.36266183035714283,0.36266183035714283,25134912.250002198,21603112.469075177,0.0,0.05246682797364191,0.14982443187540542
E300_D80,60,0.0,1.25,0.0816682106235291,0.2046910570850992,0.279675525753271,300000000.0,600000000.0,80000000.0,90000000.0,75000000.0,160896940.00019467,demand_constrained,0.44963093929331577,0.006451847430031655,0.8728846950242437,0.9999590983489489,134889281.7879947,69830775.6019395,74996932.37617117,0.9950328621031745,1.0,1.2881535218253968,2774300.7710274057,0.39161148313492067,0.39161148313492067,27364430.935446307,23288468.03766723,0.0,0.05743488671883685,0.14913932764824617
E300_D80,60,0.5,0.75,0.0816682106235291,0.2046910570850992,0.279675525753271,300000000.0,600000000.0,80000000.0,90000000.0,75000000.0,160896940.00019467,demand_constrained,0.46363970478006805,0.006947688388195227,0.840860911077265,0.9999594253251656,139091911.4340204,67268872.8861812,74996956.89938742,0.9913070436507936,1.0,1.163862847222222,2913050.753781002,0.3437127976190476,0.3437127976190476,23826151.53898973,20653791.821993977,0.0,0.047725215858934994,0.14948587929934437
E300_D80,60,0.5,1.0,0.0816682106235291,0.2046910570850992,0.279675525753271,300000000.0,600000000.0,80000000.0,90000000.0,75000000.0,160896940.00019467,demand_constrained,0.45953948948618917,0.0068179198913686755,0.8517766905062948,0.9999592658995775,137861846.84585676,68142135.24050358,74996944.94246832,0.9925012400793651,1.0,1.1969177827380952,2870528.3559902036,0.3588175843253968,0.3588175843253968,24892988.900239095,21432789.185860407,0.0,0.05133390708274083,0.14909257967598538
E300_D80,60,0.5,1.25,0.0816682106235291,0.2046910570850992,0.279675525753271,300000000.0,600000000.0,80000000.0,90000000.0,75000000.0,160896940.00019467,demand_constrained,0.4527968325843857,0.006573071132623924,0.8663827800411489,0.9999590287894867,135839049.7753157,69310622.40329191,74996927.1592115,0.9942894345238096,1.0,1.2550248015873016,2799603.8253968256,0.3819401041666667,0.3819401041666667,26649529.109047055,22748075.34727159,0.0,0.05494580137427357,0.14846757176436187
E300_D80,60,1.0,0.75,0.0816682106235291,0.2046910570850992,0.279675525753271,300000000.0,600000000.0,80000000.0,90000000.0,75000000.0,160896940.00019467,demand_constrained,0.46384971372523226,0.00696508703754041,0.8404003826742694,0.9999593184051827,139154914.11756968,67232030.61394155,74996948.8803887,0.9911743551587302,1.0,1.1618768601190474,2907245.729544891,0.3439868551587302,0.3439868551587302,23872220.236190073,20698696.944501124,0.0,0.048027608765770335,0.14867057207242335
E300_D80,60,1.0,1.0,0.0816682106235291,0.2046910570850992,0.279675525753271,300000000.0,600000000.0,80000000.0,90000000.0,75000000.0,160896940.00019467,demand_constrained,0.460858826788601,0.006868810913862758,0.8484591283371627,0.9999591369683232,138257648.03658032,67876730.26697302,74996935.27262424,0.9920554315476191,1.0,1.1852659970238095,2876003.428942832,0.3550142609126984,0.3550142609126984,24652519.559907764,21266588.105770506,0.0,0.0505045371831932,0.14834262437173934
E300_D80,60,1.0,1.25,0.0816682106235291,0.2046910570850992,0.279675525753271,300000000.0,600000000.0,80000000.0,90000000.0,75000000.0,160896940.00019467,demand_constrained,0.4559538877998441,0.0066935478200698005,0.8594891609730659,0.9999589755226062,136786166.33995324,68759132.87784527,74996923.16419546,0.9934468005952382,1.0,1.2247030009920634,2823753.1230512154,0.3719332837301587,0.3719332837301587,25934329.577781044,22216919.113094833,0.0,0.05363454344046456,0.147822257779124
E300_D80,75,0.0,0.75,0.0785108223582338,0.2013910565486362,0.253555905620326,300000000.0,600000000.0,80000000.0,90000000.0,75000000.0,151980206.51826182,demand_constrained,0.44565775286038267,0.006653689018639519,0.8162445644906355,0.9999556231639767,133697325.8581148,65299565.15925084,74996671.73729825,0.9934195188492063,1.0,1.1085819692460317,3651017.83343254,0.3098499503968254,0.3098499503968254,20124733.61288482,18146059.799733866,0.0,0.040769069016613924,0.1502744185082882
E300_D80,75,0.0,1.0,0.0785108223582338,0.2013910565486362,0.253555905620326,300000000.0,600000000.0,80000000.0,90000000.0,75000000.0,151980206.51826182,demand_constrained,0.4411998653991027,0.006506152547164663,0.8300717436310229,0.9999552086930156,132359959.61973083,66405739.49048183,74996640.65197617,0.9945070684523809,1.0,1.1361098710317459,3592473.5605983385,0.3278224206349206,0.3278224206349206,21292838.07736091,19030171.719337467,0.0,0.04346578379244499,0.14988392996933037
E300_D80,75,0.0,1.25,0.0785108223582338,0.2013910565486362,0.253555905620326,300000000.0,600000000.0,80000000.0,90000000.0,75000000.0,151980206.51826182,demand_constrained,0.43384996089921035,0.006241795022730452,0.8482209457953863,0.9999546475147094,130154988.2697631,67857675.6636309,74996598.56360321,0.996030505952381,1.0,1.1860032242063492,3495171.34937748,0.3549733382936508,0.3549733382936508,23226521.861439243,20509772.048143953,0.0,0.04812811553567198,0.14925552540952908
E300_D80,75,0.5,0.75,0.0785108223582338,0.2013910565486362,0.253555905620326,300000000.0,600000000.0,80000000.0,90000000.0,75000000.0,151980206.51826182,demand_constrained,0.4458294190679309,0.006669844867857975,0.8160337619427769,0.9999554494254506,133748825.72037926,65282700.95542215,74996658.70690879,0.9933072916666666,1.0,1.107556423611111,3645685.8504482885,0.3103255208333333,0.3103255208333333,20167957.090392455,18188456.653583013,0.0,0.0408263852860547,0.14959131784733565
E300_D80,75,0.5,1.0,0.0785108223582338,0.2013910565486362,0.253555905620326,300000000.0,600000000.0,80000000.0,90000000.0,75000000.0,151980206.51826182,demand_constrained,0.44231991748025706,0.00655435834371986,0.8270313836481145,0.999955158261516,132695975.24407712,66162510.69184916,74996636.8696137,0.9941846478174603,1.0,1.1288058035714288,3599560.1347371032,0.3244184027777778,0.3244184027777778,21089025.680745002,18884450.40989807,0.0,0.04307721592581867,0.14923878938305937
E300_D80,75,0.5,1.25,0.0785108223582338,0.2013910565486362,0.253555905620326,300000000.0,600000000.0,80000000.0,90000000.0,75000000.0,151980206.51826182,demand_constrained,0.43655550591845593,0.006347617457653292,0.841767850759102,0.9999546849229697,130966651.77553678,67341428.06072816,74996601.36922273,0.9954699900793651,1.0,1.1652790178571428,3522792.772519841,0.345851314484127,0.345851314484127,22608212.63426189,20040100.28712389,0.0,0.04676616051460108,0.14867197265973553
E300_D80,75,1.0,0.75,0.0785108223582338,0.2013910565486362,0.253555905620326,300000000.0,600000000.0,80000000.0,90000000.0,75000000.0,151980206.51826182,demand_constrained,0.44598843669445637,0.00668483212038778,0.815797609578689,0.9999553994814261,133796531.0083369,65263808.76629512,74996654.96110696,0.9932025049603175,1.0,1.1065333581349206,3639953.36140625,0.3107527281746032,0.3107527281746032,20216020.403328516,18236162.735008538,0.0,0.041152379758153376,0.14884447967147335
E300_D80,75,1.0,1.0,0.0785108223582338,0.2013910565486362,0.253555905620326,300000000.0,600000000.0,80000000.0,90000000.0,75000000.0,151980206.51826182,demand_constrained,0.4434307897614139,0.006600876859666154,0.823898791161794,0.9999550987286421,133029236.92842418,65911903.292943515,74996632.40464815,0.9938504464285713,1.0,1.1217218501984125,3606485.5627393355,0.32105406746031745,0.32105406746031745,20888474.676982526,18742832.838857114,0.0,0.043060840250190885,0.14855548191942097
E300_D80,75,1.0,1.25,0.0785108223582338,0.2013910565486362,0.253555905620326,300000000.0,600000000.0,80000000.0,90000000.0,75000000.0,151980206.51826182,demand_constrained,0.43925234767626337,0.006450550736654315,0.8349723532316664,0.9999547319136024,131775704.302879,66797788.258533314,74996604.89352018,0.9948580109126983,1.0,1.146600322420635,3551136.6901004463,0.33685515873015875,0.33685515873015875,21991082.09010185,19577195.728195496,0.0,0.044824151538819454,0.1480998656141525
E300_D85,21,0.0,0.75,0.1170668159071278,0.2017901574997101,0.4784376616162406,300000000.0,600000000.0,85000000.0,90000000.0,75000000.0,304894385.26551247,capacity_constrained,0.8660787058230426,0.01179945097255147,0.7961062530312623,0.99997813508912,259823611.74691278,67669031.50765729,74998360.131684,0.6489434523809523,1.074038318452381,1.0142770337301585,3049847.420404886,0.34733754960317464,0.3511737351190476,46927201.08924178,20588448.594285592,0.05722044058289937,0.015237584033734278,0.15089615219105626
E300_D85,21,0.0,1.0,0.1170668159071278,0.2017901574997101,0.4784376616162406,300000000.0,600000000.0,85000000.0,90000000.0,75000000.0,304894385.26551247,capacity_constrained,0.8435530971491888,0.011737220715755881,0.8294619047263421,0.999977872229872,253065929.14475662,70504261.90173908,74998340.4172404,0.6943210565476191,1.033275669642857,1.026476314484127,2902904.1763771083,0.3999553571428571,0.4023294890873016,53963979.970776655,23565795.61219245,0.038007155649182875,0.016978861629620083,0.1497099810397529
E300_D85,21,0.0,1.25,0.1170668159071278,0.2017901574997101,0.4784376616162406,300000000.0,600000000.0,85000000.0,90000000.0,75000000.0,304894385.26551247,capacity_constrained,0.796207103879015,0.010930474477781678,0.8735370463403757,0.999977208351266,238862131.1637045,74250648.93893193,74998290.62634495,0.7853856646825397,1.0036538938492066,1.0646236359126984,2624788.4713374255,0.4901302083333333,0.4908810763888889,67703871.64398828,29968376.645189226,0.013456619302083058,0.023262690292689025,0.14762466955065676
E300_D85,21,0.5,0.75,0.1170668159071278,0.2017901574997101,0.4784376616162406,300000000.0,600000000.0,85000000.0,90000000.0,75000000.0,304894385.26551247,capacity_constrained,0.8681990607185501,0.011800902095206218,0.7910953337233221,0.9999780936592543,260459718.21556503,67243103.36648238,74998357.02444407,0.6440228174603175,1.0800576636904762,1.013056175595238,3055021.5543979416,0.3419785466269841,0.3460050843253968,46373882.20174953,20365367.991248474,0.05980507985268037,0.014665733611116956,0.1501757222502606
E300_D85,21,0.5,1.0,0.1170668159071278,0.2017901574997101,0.4784376616162406,300000000.0,600000000.0,85000000.0,90000000.0,75000000.0,304894385.26551247,capacity_constrained,0.8509709397479378,0.011805588421500325,0.8182535890018179,0.9999779007823747,255291281.92438135,69551555.06515452,74998342.5586781,0.6796620783730158,1.0438653273809524,1.0213392857142858,2939432.8929569693,0.38332589285714286,0.3861421130952381,51855729.58422448,22662702.660228282,0.043638531111381676,0.0158025828303131,0.1491017031785539
E300_D85,21,0.5,1.25,0.1170668159071278,0.2017901574997101,0.4784376616162406,300000000.0,600000000.0,85000000.0,90000000.0,75000000.0,304894385.26551247,capacity_constrained,0.8146928126355931,0.011322028229929422,0.8563454132203551,0.99997740216657,244407843.79067793,72789360.12373018,74998305.16249275,0.7491883680555556,1.0094376240079366,1.0446075148809524,2717879.979160466,0.45566096230158726,0.4567664930555556,62641679.0792629,27518646.741881214,0.02092429121075344,0.020554383722218628,0.1471290268816545
E300_D85,21,1.0,0.75,0.1170668159071278,0.2017901574997101,0.4784376616162406,300000000.0,600000000.0,85000000.0,90000000.0,75000000.0,304894385.26551247,capacity_constrained,0.8702675670382922,0.011799991595339258,0.7859804316129773,0.999978055369131,261080270.1114877,66808336.68710307,74998354.15268482,0.6391660466269841,1.086352306547619,1.0118594990079364,3059778.1036991565,0.33679315476190474,0.34098648313492064,45830949.48421654,20148514.255304888,0.06204612317403714,0.014761052321477876,0.1494163165396159
E300_D85,21,1.0,1.0,0.1170668159071278,0.2017901574997101,0.4784376616162406,300000000.0,600000000.0,85000000.0,90000000.0,75000000.0,304894385.26551247,capacity_constrained,0.8581113290057574,0.011846194482610203,0.8064262049731911,0.9999780928650364,257433398.7017272,68546227.42272124,74998356.96487772,0.6653968253968253,1.0565073164682541,1.017016369047619,2975687.2552876985,0.3664422123015873,0.36971664186507935,49782279.75471489,21789758.417869363,0.04864538900682175,0.015574841462750896,0.14852218118137683
E300_D85,21,1.0,1.25,0.1170668159071278,0.2017901574997101,0.4784376616162406,300000000.0,600000000.0,85000000.0,90000000.0,75000000.0,304894385.26551247,capacity_constrained,0.8327909718675408,0.01161600403067219,0.8367865384373517,0.999977624088145,249837291.5602622,71126855.7671749,74998321.80661087,0.7144041418650793,1.0215389384920635,1.0300837053571428,2813884.479832589,0.4197123015873016,0.42146453373015874,57535188.42531055,25165947.806761842,0.03172576376433057,0.017377545058304744,0.14683289634720859
E300_D85,35,0.0,0.75,0.1211596378167212,0.2294762749968381,0.3348638470580465,300000000.0,600000000.0,85000000.0,90000000.0,75000000.0,328281194.05229217,capacity_constrained,0.7511523849183079,0.011930776563539866,0.9423181593314424,0.9999629336446622,225345715.4754924,80097043.5431726,74997220.02334966,0.835828373015873,1.0071168154761905,1.3958475942460318,1671099.2091821677,0.6573908730158731,0.6587096974206349,106157055.94907883,54769256.65973626,0.015191749457605978,0.05623529587247439,0.1517766302548552
E300_D85,35,0.0,1.0,0.1211596378167212,0.2294762749968381,0.3348638470580465,300000000.0,600000000.0,85000000.0,90000000.0,75000000.0,328281194.05229217,capacity_constrained,0.7262143323064272,0.011054608263645016,0.9548713736385562,0.9999613894647534,217864299.69192815,81164066.75927728,74997104.20985651,0.873812003968254,1.0029036458333334,1.5859753224206348,1565067.4606826636,0.6921707589285714,0.6928776041666667,112520102.01507142,58542071.92454034,0.009598922119902643,0.06431562593841453,0.15080573185169924
E300_D85,35,0.0,1.25,0.1211596378167212,0.2294762749968381,0.3348638470580465,300000000.0,600000000.0,85000000.0,90000000.0,75000000.0,328281194.05229217,capacity_constrained,0.6835138001528749,0.009538390171687125,0.9692878412735542,0.9999576112811229,205054140.04586247,82389466.5082521,74996820.84608422,0.9315631200396826,1.0001432291666668,2.032866443452381,1381733.2438175844,0.7389105902777777,0.739148685515873,122763700.56016874,65471702.31786542,0.002276909509850494,0.07241099722165717,0.1491701120514718
E300_D85,35,0.5,0.75,0.1211596378167212,0.2294762749968381,0.3348638470580465,300000000.0,600000000.0,85000000.0,90000000.0,75000000.0,328281194.05229217,capacity_constrained,0.7530827805685774,0.012033750730513293,0.9404022470415234,0.9999628571080447,225924834.17057323,79934190.9985295,74997214.28310335,0.8323480902777778,1.0076822916666668,1.3746298363095237,1670678.761186136,0.6537748015873016,0.655172371031746,105896737.47527346,54637591.30057295,0.01656082367453665,0.05545594688528069,0.15014480345065612
E300_D85,35,0.5,1.0,0.1211596378167212,0.2294762749968381,0.3348638470580465,300000000.0,600000000.0,85000000.0,90000000.0,75000000.0,328281194.05229217,capacity_constrained,0.7331916993113357,0.01137133266090562,0.9508600255572877,0.9999617353241026,219957509.7934007,80823102.17236945,74997130.1493077,0.8630264136904762,1.003914310515873,1.5119481646825397,1585474.1550210812,0.6820975942460318,0.6829662698412698,111045348.2619075,57663268.78029253,0.010187269138282821,0.06132586939200666,0.14921516674366336
E300_D85,35,0.5,1.25,0.1211596378167212,0.2294762749968381,0.3348638470580465,300000000.0,600000000.0,85000000.0,90000000.0,75000000.0,328281194.05229217,capacity_constrained,0.6982669053644057,0.010103242064856669,0.963832154093208,0.9999584823409414,209480071.6093217,81925733.09792268,74996886.1755706,0.912428695436508,1.000580357142857,1.819716021825397,1434486.7594308036,0.7227089533730159,0.7230282738095237,119696691.71892631,63302395.609419264,0.004144374333673565,0.06989876539005824,0.14764593469885745
E300_D85,35,1.0,0.75,0.1211596378167212,0.2294762749968381,0.3348638470580465,300000000.0,600000000.0,85000000.0,90000000.0,75000000.0,328281194.05229217,capacity_constrained,0.7549991592291712,0.012151054903628234,0.9384019305269544,0.9999629493409954,226499747.76875132,79764164.09479113,74997221.20057465,0.8289651537698413,1.0082762896825397,1.3538653273809522,1668947.9186749754,0.6501444692460318,0.6516207837301587,105636123.52095515,54510397.431005806,0.017072983517067368,0.054771276946247005,0.14841909319895133
E300_D85,35,1.0,1.0,0.1211596378167212,0.2294762749968381,0.3348638470580465,300000000.0,600000000.0,85000000.0,90000000.0,75000000.0,328281194.05229217,capacity_constrained,0.7403181576340885,0.011677287346929298,0.9464723627577393,0.9999618995253299,222095447.29022655,80450150.83440784,74997142.46439974,0.8516933283730159,1.005157490079365,1.4458568948412698,1605955.2304774304,0.6715314980158731,0.672601066468254,109488769.84033054,56761362.82186793,0.012596738800868902,0.05875015909635821,0.14763894677718492
E300_D85,35,1.0,1.25,0.1211596378167212,0.2294762749968381,0.3348638470580465,300000000.0,600000000.0,85000000.0,90000000.0,75000000.0,328281194.05229217,capacity_constrained,0.7139147967009103,0.01071697646504915,0.9572993817864397,0.999960218905672,214174439.0102731,81370447.45184737,74997016.4179254,0.8904867311507936,1.0016195436507935,1.638227306547619,1492491.5500458828,0.7038696676587302,0.7043799603174603,116224619.94504252,61004558.199951306,0.006934777307405449,0.06580525535243645,0.1463074869208364
E300_D85,60,0.0,0.75,0.0816682106235291,0.2046910570850992,0.279675525753271,300000000.0,600000000.0,85000000.0,90000000.0,75000000.0,160896940.00019467,demand_constrained,0.4601043929253362,0.007027004013296345,0.7945626675036442,0.9999615915046363,138031317.87760085,67537826.73780976,74997119.36284772,0.9916003224206349,1.0,1.0150837053571427,2878678.9859784227,0.35320498511904763,0.35320498511904763,24844676.9542043,21838443.822530866,0.0,0.015292658942001758,0.15027639735349074
E300_D85,60,0.0,1.0,0.0816682106235291,0.2046910570850992,0.279675525753271,300000000.0,600000000.0,85000000.0,90000000.0,75000000.0,160896940.00019467,demand_constrained,0.4544571867387458,0.006884399663108492,0.8078910346113931,0.9999614607559943,136337156.02162373,68670737.94196841,74997109.55669957,0.9930493551587302,1.0,1.0190990823412698,2819943.8195120287,0.37393601190476194,0.37393601190476194,26376057.24679313,23050191.880367987,0.0,0.016191669069280584,0.14985075923938698
E300_D85,60,0.0,1.25,0.0816682106235291,0.2046910570850992,0.279675525753271,300000000.0,600000000.0,85000000.0,90000000.0,75000000.0,160896940.00019467,demand_constrained,0.44518303263298176,0.006623016901449723,0.8254205350014631,0.9999609185809633,133554909.78989452,70160745.47512436,74997068.89357224,0.9951512896825396,1.0,1.0258587549603175,2722320.7333283727,0.40526599702380955,0.40526599702380955,28906577.0839762,25106306.460240137,0.0,0.017227571293351646,0.14917879810797596
E300_D85,60,0.5,0.75,0.0816682106235291,0.2046910570850992,0.279675525753271,300000000.0,600000000.0,85000000.0,90000000.0,75000000.0,160896940.00019467,demand_constrained,0.4602989243643968,0.007052912776744232,0.7941513034184463,0.9999615507354546,138089677.30931902,67502860.79056793,74997116.30515909,0.991461433531746,1.0,1.0149993799603174,2873653.32500558,0.3533655753968254,0.3533655753968254,24880749.0216465,21883749.055386662,0.0,0.015153918285029,0.14949387812185233
E300_D85,60,0.5,1.0,0.0816682106235291,0.2046910570850992,0.279675525753271,300000000.0,600000000.0,85000000.0,90000000.0,75000000.0,160896940.00019467,demand_constrained,0.45584452294401356,0.006940700491893092,0.8047698694429278,0.9999614617603845,136753356.8832041,68405438.90264887,74997109.63202883,0.9926351686507937,1.0,1.0179935515873015,2827400.7606839035,0.36970920138888885,0.36970920138888885,26089014.824329086,22839557.860897154,0.0,0.015692009935499768,0.1491034195424293
E300_D85,60,0.5,1.25,0.0816682106235291,0.2046910570850992,0.279675525753271,300000000.0,600000000.0,85000000.0,90000000.0,75000000.0,160896940.00019467,demand_constrained,0.44855737153715913,0.006735898763706,0.819039371856768,0.9999609541160405,134567211.46114773,69618346.60782528,74997071.55870304,0.9944115823412698,1.0,1.0230127728174603,2750641.3430691967,0.3946409970238095,0.3946409970238095,28075868.908649318,24439489.759425014,0.0,0.01696350616351974,0.14847573978594303
E300_D85,60,1.0,0.75,0.0816682106235291,0.2046910570850992,0.279675525753271,300000000.0,600000000.0,85000000.0,90000000.0,75000000.0,160896940.00019467,demand_constrained,0.4604824943742741,0.007078576499044424,0.793714394082153,0.9999614673378265,138144748.3122822,67465723.496983,74997110.05033699,0.9913287450396826,1.0,1.0149373759920635,2868170.503957093,0.353601810515873,0.353601810515873,24921015.72411607,21933349.450754523,0.0,0.015058031078100626,0.14865816449040983
E300_D85,60,1.0,1.0,0.0816682106235291,0.2046910570850992,0.279675525753271,300000000.0,600000000.0,85000000.0,90000000.0,75000000.0,160896940.00019467,demand_constrained,0.4572274712749278,0.006997166315417388,0.8015470768495018,0.999961399496787,137168241.38247836,68131501.53220765,74997104.96225902,0.992203621031746,1.0,1.017015128968254,2834147.9081795635,0.3655127728174603,0.3655127728174603,25804328.760829233,22631577.62655722,0.0,0.015871697454586393,0.14833415771390618
E300_D85,60,1.0,1.25,0.0816682106235291,0.2046910570850992,0.279675525753271,300000000.0,600000000.0,85000000.0,90000000.0,75000000.0,160896940.00019467,demand_constrained,0.45193548749123047,0.006849146487916663,0.8123017555336621,0.9999609922464238,135580646.24736917,69045649.22036128,74997074.41848178,0.9935714285714285,1.0,1.0205524553571428,2778013.4179513888,0.3836991567460318,0.3836991567460318,27245670.540078755,23782318.883320436,0.0,0.016160355657059366,0.14781317191174154
E300_D85,75,0.0,0.75,0.0785108223582338,0.2013910565486362,0.253555905620326,300000000.0,600000000.0,85000000.0,90000000.0,75000000.0,151980206.51826182,demand_constrained,0.4434464081427483,0.006673319210418141,0.7701794357221237,0.9999571832803993,133033922.44282448,65465252.036380515,74996788.74602994,0.9934883432539683,1.0,1.0086452132936508,3619527.7328143595,0.31678261408730163,0.31678261408730163,20829098.147257082,18974472.810592167,0.0,0.013562580516866821,0.1502821150349097
E300_D85,75,0.0,1.0,0.0785108223582338,0.2013910565486362,0.253555905620326,300000000.0,600000000.0,85000000.0,90000000.0,75000000.0,151980206.51826182,demand_constrained,0.43869078870746236,0.006539655380996744,0.7834957910809989,0.999957126263415,131607236.61223869,66597142.2418849,74996784.46975613,0.994569072420635,1.0,1.011081349206349,3557731.576916543,0.3357874503968254,0.3357874503968254,22115724.593728706,20003895.17750659,0.0,0.014539239317357466,0.149895058180605
E300_D85,75,0.0,1.25,0.0785108223582338,0.2013910565486362,0.253555905620326,300000000.0,600000000.0,85000000.0,90000000.0,75000000.0,151980206.51826182,demand_constrained,0.43089155174402305,0.006304501506543624,0.8010629920263793,0.9999569033083805,129267465.52320692,68090354.32224225,74996767.74812853,0.9960875496031746,1.0,1.015067584325397,3455746.0657725697,0.36461557539682543,0.36461557539682543,24241714.39888988,21738555.077960107,0.0,0.015179939648231826,0.14928251217406246
E300_D85,75,0.5,0.75,0.0785108223582338,0.2013910565486362,0.253555905620326,300000000.0,600000000.0,85000000.0,90000000.0,75000000.0,151980206.51826182,demand_constrained,0.4435948808329545,0.0066948767769618505,0.7699821366706785,0.9999570921190342,133078464.24988635,65448481.61700767,74996781.90892756,0.9933798363095239,1.0,1.0086166914682542,3614645.4891902283,0.3172451636904762,0.3172451636904762,20870931.5188885,19023100.692295484,0.0,0.013510768373562028,0.1495954549596048
E300_D85,75,0.5,1.0,0.0785108223582338,0.2013910565486362,0.253555905620326,300000000.0,600000000.0,85000000.0,90000000.0,75000000.0,151980206.51826182,demand_constrained,0.43985101466098786,0.006589324304827318,0.7805717482807943,0.9999570784195244,131955304.39829636,66348598.603867516,74996780.88146433,0.9942472718253967,1.0,1.010535714285714,3565759.7428608635,0.3321496775793651,0.3321496775793651,21883742.652393557,19832882.856802262,0.0,0.014185548695312305,0.14924255411236678
E300_D85,75,0.5,1.25,0.0785108223582338,0.2013910565486362,0.253555905620326,300000000.0,600000000.0,85000000.0,90000000.0,75000000.0,151980206.51826182,demand_constrained,0.43373489742274196,0.006405694501178743,0.7948083466589654,0.9999569423359234,130120469.2268226,67558709.46601206,74996770.67519425,0.9955338541666666,1.0,1.0134728422619048,3485687.316422371,0.3548375496031746,0.3548375496031746,23548952.376552537,21181930.857655883,0.0,0.014633015370953411,0.14867975657660448
E300_D85,75,1.0,0.75,0.0785108223582338,0.2013910565486362,0.253555905620326,300000000.0,600000000.0,85000000.0,90000000.0,75000000.0,151980206.51826182,demand_constrained,0.4437340260666174,0.006716587765758117,0.7697609015018074,0.9999570567879492,133120207.81998521,65429676.62765363,74996779.25909619,0.9932775297619048,1.0,1.0086067708333333,3609177.6414229907,0.3176178075396825,0.3176178075396825,20916397.483617812,19075848.275309872,0.0,0.013754976998673278,0.14884099567605857
E300_D85,75,1.0,1.0,0.0785108223582338,0.2013910565486362,0.253555905620326,300000000.0,600000000.0,85000000.0,90000000.0,75000000.0,151980206.51826182,demand_constrained,0.4410029657204634,0.006640631258569659,0.7775594816588713,0.9999570372543735,132300889.71613902,66092555.94100407,74996777.794078,0.9939192708333333,1.0,1.0099627976190475,3573679.988816344,0.32852120535714285,0.32852120535714285,21655341.911424115,19666379.08433553,0.0,0.013815020861726073,0.14855346307963813
E300_D85,75,1.0,1.25,0.0785108223582338,0.2013910565486362,0.253555905620326,300000000.0,600000000.0,85000000.0,90000000.0,75000000.0,151980206.51826182,demand_constrained,0.43656693868295104,0.006506793859141824,0.7882375760299011,0.9999569502950668,130970081.60488531,67000193.962541595,74996771.27213001,0.9949243551587301,1.0,1.0120461309523807,3515907.110507193,0.34516431051587304,0.34516431051587304,22861422.929787084,20636809.565180518,0.0,0.014758579922678525,0.14808795125066798
